{
"type": "FeatureCollection",
"name": "chhattisgarh",
"crs": { "type": "name", "properties": { "name": "urn:ogc:def:crs:OGC:1.3:CRS84" } },
"features": [
{ "type": "Feature", "properties": { "dt_code": "411", "district": "Mahasamund", "st_code": "22", "year": "2011_c", "st_nm": "Chhattisgarh" }, "geometry": { "type": "MultiPolygon", "coordinates": [ [ [ [ 83.269207282985661, 21.377890063781116 ], [ 83.272323861926708, 21.370348319726663 ], [ 83.257433540319454, 21.320507228584205 ], [ 83.258126113417461, 21.319523522837969 ], [ 83.257779826868457, 21.31853981709174 ], [ 83.278557019808815, 21.289356546620166 ], [ 83.270938715730679, 21.272305647018797 ], [ 83.250854095888343, 21.282142704481124 ], [ 83.222112312320846, 21.266075510625988 ], [ 83.214840294791728, 21.194592893066407 ], [ 83.192331669106338, 21.139177469361961 ], [ 83.167052751028905, 21.138849567446552 ], [ 83.131385236481293, 21.105731473990048 ], [ 83.07805710793437, 21.111961610382856 ], [ 83.016071815662315, 21.146063409585594 ], [ 82.990446611035878, 21.139833273192785 ], [ 82.985944885898789, 21.150981938316754 ], [ 83.003259213349097, 21.168360739833535 ], [ 82.980750587663707, 21.170000249410588 ], [ 82.988022605192825, 21.182788424111614 ], [ 82.965513979507449, 21.175246680057164 ], [ 82.965167692958431, 21.193281285404765 ], [ 82.94404421346907, 21.17786989538045 ], [ 82.947853365508138, 21.161802701525318 ], [ 82.937811055586963, 21.16967234749518 ], [ 82.902143541039351, 21.16704913217189 ], [ 82.882405207746018, 21.148358722993468 ], [ 82.876518336412914, 21.163442211102371 ], [ 82.852970851080514, 21.15950738811744 ], [ 82.850893131786478, 21.168688641748947 ], [ 82.800335295631612, 21.155900467047921 ], [ 82.793755851200501, 21.142784390431483 ], [ 82.756010617358854, 21.16704913217189 ], [ 82.640350909990858, 21.154260957470864 ], [ 82.640004623441854, 21.154260957470864 ], [ 82.637234331049811, 21.144751801923949 ], [ 82.652817225755072, 21.129340411899634 ], [ 82.640350909990858, 21.118191746775665 ], [ 82.641389769637883, 21.117208041029432 ], [ 82.650046933363029, 21.106387277820872 ], [ 82.635849184853782, 21.090647985881144 ], [ 82.637234331049811, 21.089336378219503 ], [ 82.637926904147818, 21.088680574388679 ], [ 82.6306548866187, 21.07753190926471 ], [ 82.611955412972378, 21.073597086279776 ], [ 82.629269740422671, 21.038511581330809 ], [ 82.560012430621484, 20.946699045015748 ], [ 82.487984828428253, 20.908662422828083 ], [ 82.487638541879235, 20.860460841262679 ], [ 82.465476202742863, 20.833244982283571 ], [ 82.460974477605788, 20.827998551636995 ], [ 82.459935617958763, 20.826359042059941 ], [ 82.420805237921087, 20.830293865044872 ], [ 82.406261202862851, 20.868986291063361 ], [ 82.365399390080142, 20.869314192978774 ], [ 82.364706816982135, 20.887348798326371 ], [ 82.350855355021892, 20.889644111734249 ], [ 82.339427898904702, 20.874560623625346 ], [ 82.336657606512645, 20.87521642745617 ], [ 82.312763834631241, 20.880790760018154 ], [ 82.297527226474983, 20.901448580689042 ], [ 82.27467231424059, 20.910957736235961 ], [ 82.265668863966425, 20.945387437354107 ], [ 82.249393396163157, 20.939813104792123 ], [ 82.223768191536706, 20.951945475662324 ], [ 82.219612752948635, 20.934566674145547 ], [ 82.198489273459273, 20.939157300961298 ], [ 82.186369244244077, 20.967028963771227 ], [ 82.171825209185826, 20.974570707825677 ], [ 82.162129185813654, 21.016214251082864 ], [ 82.092871876012467, 21.025723406629783 ], [ 82.061013513503923, 21.061464715409574 ], [ 82.025345998956311, 21.056874088593819 ], [ 81.988293338212671, 21.083434143742107 ], [ 82.006646525309989, 21.15196564406299 ], [ 82.015996262133143, 21.186395345181136 ], [ 82.026731145152326, 21.226399378861267 ], [ 82.028462577897358, 21.232301613338663 ], [ 82.032964303034433, 21.236892240154418 ], [ 82.043352899504612, 21.247385101447566 ], [ 82.058935794209887, 21.263452295302702 ], [ 82.089409010522402, 21.276240470003728 ], [ 82.145853718010372, 21.311325974952698 ], [ 82.193294975224191, 21.379201671442758 ], [ 82.233117928359874, 21.433961291316383 ], [ 82.2521636885552, 21.432321781739329 ], [ 82.245584244124089, 21.418877803207479 ], [ 82.273287168044561, 21.402154805521523 ], [ 82.275018600789593, 21.40117109977529 ], [ 82.275018600789593, 21.397564178705771 ], [ 82.275018600789593, 21.39100614039755 ], [ 82.275018600789593, 21.385431807835566 ], [ 82.267054010162454, 21.384448102089333 ], [ 82.24316023828105, 21.364773987164678 ], [ 82.255972840594268, 21.353297420125294 ], [ 82.2521636885552, 21.317884013260915 ], [ 82.242813951732032, 21.315588699853038 ], [ 82.277442606632633, 21.301161015574959 ], [ 82.276750033534626, 21.272633548934209 ], [ 82.297527226474983, 21.269026627864687 ], [ 82.298912372670998, 21.281158998734892 ], [ 82.324883863846452, 21.292635565774276 ], [ 82.348085062629849, 21.28411011597359 ], [ 82.344968483688788, 21.263780197218114 ], [ 82.361936524590078, 21.27656837191914 ], [ 82.389639448510565, 21.26246858955647 ], [ 82.395526319843654, 21.295914584928383 ], [ 82.41768865898004, 21.310342269206465 ], [ 82.418727518627051, 21.310014367291053 ], [ 82.429808688195251, 21.307719053883176 ], [ 82.445045296351509, 21.304112132813657 ], [ 82.444699009802505, 21.303456328982836 ], [ 82.43708070572437, 21.290340252366398 ], [ 82.436388132626362, 21.289028644704754 ], [ 82.436734419175366, 21.289028644704754 ], [ 82.451278454233616, 21.281158998734892 ], [ 82.455780179370691, 21.294275075351329 ], [ 82.455780179370691, 21.294275075351329 ], [ 82.455780179370691, 21.294602977266742 ], [ 82.475518512664038, 21.297226192590028 ], [ 82.459935617958763, 21.307719053883176 ], [ 82.47170936062497, 21.328048972638655 ], [ 82.513263746505686, 21.316572405599274 ], [ 82.529885500857972, 21.331655893708174 ], [ 82.54269810317119, 21.31853981709174 ], [ 82.563821582660552, 21.31591660176845 ], [ 82.597065091365124, 21.339853441593448 ], [ 82.628577167324664, 21.335262814777696 ], [ 82.651778366108061, 21.346083577986256 ], [ 82.65108579301004, 21.331000089877353 ], [ 82.695756757831816, 21.33001638413112 ], [ 82.702682488811931, 21.373299436965361 ], [ 82.690908746145723, 21.485113990120489 ], [ 82.737311143712532, 21.494951047582816 ], [ 82.771939798613118, 21.524134318054386 ], [ 82.789946699161433, 21.510362437607128 ], [ 82.825267927160041, 21.504460203129732 ], [ 82.820766202022952, 21.531348160193428 ], [ 82.875825763314907, 21.555612901933834 ], [ 82.877210909510922, 21.556268705764658 ], [ 82.920496728136669, 21.491672028428706 ], [ 82.934348190096912, 21.495606851413637 ], [ 82.934001903547909, 21.496918459075282 ], [ 82.953047663743234, 21.49724636099069 ], [ 82.965860266056453, 21.471670011588639 ], [ 82.977634008722646, 21.477900147981448 ], [ 82.998757488212021, 21.459865542633846 ], [ 83.014686669466286, 21.471997913504051 ], [ 83.015725529113311, 21.490360420767061 ], [ 83.04654503197483, 21.482490774797199 ], [ 83.059357634288048, 21.435928702808848 ], [ 83.122728072756146, 21.42281262619241 ], [ 83.114417195580003, 21.411663961068442 ], [ 83.130000090285264, 21.398219982536592 ], [ 83.142812692598483, 21.362806575672213 ], [ 83.179519066793119, 21.402482707436935 ], [ 83.188176230518266, 21.381496984850635 ], [ 83.201335119380488, 21.399531590198237 ], [ 83.217956873732774, 21.395268865297894 ], [ 83.221766025771842, 21.383136494427688 ], [ 83.269207282985661, 21.377890063781116 ] ] ], [ [ [ 83.271977575377704, 21.377562161865704 ], [ 83.27405529467174, 21.377234259950292 ], [ 83.27405529467174, 21.376906358034883 ], [ 83.271977575377704, 21.377562161865704 ] ] ] ] } },
{ "type": "Feature", "properties": { "dt_code": "413", "district": "Uttar Bastar Kanker", "st_code": "22", "year": "2011_c", "st_nm": "Chhattisgarh" }, "geometry": { "type": "Polygon", "coordinates": [ [ [ 80.671365592343065, 19.702311276031296 ], [ 80.671365592343065, 19.702311276031296 ], [ 80.669287873049029, 19.703294981777528 ], [ 80.612150592463053, 19.733789859910743 ], [ 80.563670475602208, 19.759694111228207 ], [ 80.547741294347944, 19.772482285929232 ], [ 80.543932142308876, 19.778056618491217 ], [ 80.546356148151915, 19.818060652171351 ], [ 80.546356148151915, 19.818388554086763 ], [ 80.546356148151915, 19.818388554086763 ], [ 80.520038370427471, 19.831832532618609 ], [ 80.480561703840792, 19.827569807718266 ], [ 80.469134247723588, 19.810518908116901 ], [ 80.468787961174584, 19.810191006201489 ], [ 80.485063428977867, 19.802321360231627 ], [ 80.489218867565938, 19.770186972521355 ], [ 80.464286236037509, 19.79576332192341 ], [ 80.402300943765439, 19.796091223838818 ], [ 80.401954657216436, 19.816749044509706 ], [ 80.440738750705108, 19.810191006201489 ], [ 80.469134247723588, 19.826914003887445 ], [ 80.486448575173895, 19.863311116498057 ], [ 80.505840621918225, 19.870524958637098 ], [ 80.491296586859974, 19.902003542516546 ], [ 80.468787961174584, 19.907577875078534 ], [ 80.449742200979259, 19.896429209954562 ], [ 80.413728399882643, 19.907249973163122 ], [ 80.411304394039604, 19.938072753211749 ], [ 80.452166206822298, 19.957418966220992 ], [ 80.480215417291788, 19.941679674281268 ], [ 80.488872581016935, 19.930531009157299 ], [ 80.496837171644074, 19.932170518734353 ], [ 80.516575504937407, 19.936433243634696 ], [ 80.530080680348632, 19.939384360873394 ], [ 80.533543545838697, 19.948237712589489 ], [ 80.540815563367829, 19.965288612190854 ], [ 80.549472727092976, 19.985946432861745 ], [ 80.546009861602911, 19.998734607562771 ], [ 80.556744744622094, 20.071856734699406 ], [ 80.544278428857879, 20.096449378355224 ], [ 80.545317288504904, 20.099400495593922 ], [ 80.565055621798237, 20.138420823527824 ], [ 80.565401908347241, 20.146618371413098 ], [ 80.568864773837305, 20.15448801738296 ], [ 80.567133341092273, 20.189245620416518 ], [ 80.584101381993563, 20.177441151461721 ], [ 80.614574598306092, 20.185310797431583 ], [ 80.654397551441775, 20.226626438773362 ], [ 80.687987346695351, 20.191213031908983 ], [ 80.714305124419795, 20.190229326162751 ], [ 80.714651410968813, 20.191213031908983 ], [ 80.736467463556181, 20.239414613474388 ], [ 80.727464013282031, 20.268597883945958 ], [ 80.74685606002636, 20.275483824169591 ], [ 80.750318925516424, 20.291551018024723 ], [ 80.775944130142861, 20.294174233348013 ], [ 80.789449305554086, 20.28236976439322 ], [ 80.829964831787791, 20.30827401571068 ], [ 80.826501966297727, 20.341392109167185 ], [ 80.81230421778848, 20.354836087699034 ], [ 80.847625445787088, 20.348278049390814 ], [ 80.860091761551303, 20.387954181155536 ], [ 80.886755825824764, 20.386970475409303 ], [ 80.931080504097523, 20.437139468467173 ], [ 80.966401732096131, 20.436811566551764 ], [ 80.989602930879528, 20.4528787604069 ], [ 80.988910357781521, 20.456813583391831 ], [ 80.992026936722567, 20.459436798715117 ], [ 80.992026936722567, 20.459436798715117 ], [ 81.033581322603283, 20.427302411004845 ], [ 81.077213427778034, 20.418776961204163 ], [ 81.149241029971265, 20.377133417946975 ], [ 81.173134801852683, 20.406316688418549 ], [ 81.221961205262517, 20.418776961204163 ], [ 81.234773807575735, 20.443697506775393 ], [ 81.254165854320064, 20.447304427844912 ], [ 81.248971556084982, 20.456157779561007 ], [ 81.263861877692236, 20.480750423216826 ], [ 81.253126994673053, 20.498785028564427 ], [ 81.291218515063704, 20.516491731996616 ], [ 81.324462023768277, 20.562725902069559 ], [ 81.324462023768277, 20.562725902069559 ], [ 81.357359245923845, 20.555184158015109 ], [ 81.386447316040332, 20.533542631597985 ], [ 81.410341087921751, 20.554528354184285 ], [ 81.410341087921751, 20.554528354184285 ], [ 81.410687374470754, 20.525672985628123 ], [ 81.456743485488545, 20.51386851667333 ], [ 81.459167491331584, 20.51386851667333 ], [ 81.502799596506335, 20.520098653066139 ], [ 81.514573339172543, 20.497145518987374 ], [ 81.519767637407625, 20.494194401748675 ], [ 81.538467111053947, 20.500752440056893 ], [ 81.54123740344599, 20.515180124334975 ], [ 81.59768211093396, 20.518787045404494 ], [ 81.602876409169056, 20.516819633912029 ], [ 81.640967929559707, 20.501736145803125 ], [ 81.653087958774918, 20.496817617071962 ], [ 81.69221833881258, 20.48140622704765 ], [ 81.735157870889324, 20.48206203087847 ], [ 81.736196730536335, 20.419104863119575 ], [ 81.769093952691904, 20.382379848593551 ], [ 81.7632070813588, 20.354508185783622 ], [ 81.781560268456118, 20.3568034991915 ], [ 81.795065443867358, 20.326308621058281 ], [ 81.768401379593897, 20.310569329118557 ], [ 81.761129362064764, 20.300076467825409 ], [ 81.760436788966757, 20.283025568224041 ], [ 81.774288250927, 20.27909074523911 ], [ 81.787793426338226, 20.286960391208972 ], [ 81.788832285985251, 20.287944096955204 ], [ 81.789178572534254, 20.287616195039792 ], [ 81.799913455553437, 20.264990962876439 ], [ 81.80025974210244, 20.264990962876439 ], [ 81.80025974210244, 20.264990962876439 ], [ 81.79922088245543, 20.255809709244936 ], [ 81.784330560848161, 20.261056139891508 ], [ 81.774980824025008, 20.232200771335346 ], [ 81.785369420495186, 20.209247637256581 ], [ 81.800952315200448, 20.214166165987749 ], [ 81.814111204062684, 20.167604093999394 ], [ 81.814111204062684, 20.167604093999394 ], [ 81.814111204062684, 20.167604093999394 ], [ 81.775327110574011, 20.156783330790834 ], [ 81.746585327006514, 20.163669271014463 ], [ 81.729617286105224, 20.157767036537066 ], [ 81.718882403086042, 20.139732431189465 ], [ 81.680098309597383, 20.129895373727138 ], [ 81.61222614599221, 20.158094938452479 ], [ 81.584869508620741, 20.195475756809323 ], [ 81.450856614155441, 20.146618371413098 ], [ 81.419344538195901, 20.157111232706246 ], [ 81.4013376376476, 20.116779297110703 ], [ 81.405146789686654, 20.081037988330912 ], [ 81.388178748785364, 20.048575698705228 ], [ 81.359090678668863, 20.047591992958999 ], [ 81.355627813178813, 20.035787524004203 ], [ 81.291564801612708, 20.021359839726124 ], [ 81.301953398082887, 19.976109375399417 ], [ 81.330695181650384, 19.964960710275445 ], [ 81.326539743062312, 19.939056458957982 ], [ 81.344200357061609, 19.930858911072708 ], [ 81.348702082198685, 19.913152207640518 ], [ 81.374673573374139, 19.907905776993942 ], [ 81.405839362784675, 19.880689918014838 ], [ 81.402376497294611, 19.8675738413984 ], [ 81.377443865766182, 19.853801960951142 ], [ 81.396143339412504, 19.836095257518952 ], [ 81.370864421335071, 19.798714439162104 ], [ 81.371556994433078, 19.792156400853887 ], [ 81.37328842717811, 19.77904032423745 ], [ 81.317190006239144, 19.777728716575808 ], [ 81.288794509220665, 19.788549479784368 ], [ 81.271480181770372, 19.767563757198069 ], [ 81.251049275379017, 19.766580051451836 ], [ 81.21676690702742, 19.798058635331284 ], [ 81.183177111773844, 19.809535202370668 ], [ 81.157898193696411, 19.754775582497043 ], [ 81.204993164361227, 19.716738960309375 ], [ 81.186639977263908, 19.703622883692937 ], [ 81.085178018405173, 19.706246099016226 ], [ 81.058513954131712, 19.750840759512112 ], [ 81.02527044542714, 19.76461263995937 ], [ 81.008994977623857, 19.812814221524775 ], [ 80.972288603429234, 19.812814221524775 ], [ 80.949433691194841, 19.830520924956964 ], [ 80.937659948528633, 19.874131879706617 ], [ 80.906494159118097, 19.922333461272025 ], [ 80.888487258569796, 19.93872855704257 ], [ 80.842777434101009, 19.947254006843256 ], [ 80.819576235317612, 19.912168501894286 ], [ 80.81784480257258, 19.911840599978873 ], [ 80.765555533672682, 19.890854877392577 ], [ 80.748587492771392, 19.853146157120321 ], [ 80.721923428497931, 19.847243922642924 ], [ 80.727117726733027, 19.820355965579228 ], [ 80.747548633124367, 19.816093240678885 ], [ 80.777329276338889, 19.848227628389157 ], [ 80.781138428377943, 19.834127846026487 ], [ 80.809187638847433, 19.826586101972033 ], [ 80.811957931239476, 19.812486319609366 ], [ 80.779753282181929, 19.789861087446013 ], [ 80.7783681359859, 19.790188989361422 ], [ 80.757590943045543, 19.791172695107655 ], [ 80.765901820221686, 19.811174711947722 ], [ 80.722269715046934, 19.790188989361422 ], [ 80.711188545478748, 19.781335637645327 ], [ 80.705994247243652, 19.771826482098412 ], [ 80.713266264772784, 19.727887625433347 ], [ 80.716036557164827, 19.717722666055607 ], [ 80.71534398406682, 19.716083156478554 ], [ 80.712573691674777, 19.71050882391657 ], [ 80.710495972380741, 19.706574000931635 ], [ 80.671365592343065, 19.702311276031296 ] ] ] } },
{ "type": "Feature", "properties": { "dt_code": "415", "district": "Narayanpur", "st_code": "22", "year": "2011_c", "st_nm": "Chhattisgarh" }, "geometry": { "type": "Polygon", "coordinates": [ [ [ 80.671365592343065, 19.702311276031296 ], [ 80.710495972380741, 19.706574000931635 ], [ 80.712573691674777, 19.71050882391657 ], [ 80.71534398406682, 19.716083156478554 ], [ 80.716036557164827, 19.717722666055607 ], [ 80.713266264772784, 19.727887625433347 ], [ 80.705994247243652, 19.771826482098412 ], [ 80.711188545478748, 19.781335637645327 ], [ 80.722269715046934, 19.790188989361422 ], [ 80.765901820221686, 19.811174711947722 ], [ 80.757590943045543, 19.791172695107655 ], [ 80.7783681359859, 19.790188989361422 ], [ 80.779753282181929, 19.789861087446013 ], [ 80.811957931239476, 19.812486319609366 ], [ 80.809187638847433, 19.826586101972033 ], [ 80.781138428377943, 19.834127846026487 ], [ 80.777329276338889, 19.848227628389157 ], [ 80.747548633124367, 19.816093240678885 ], [ 80.727117726733027, 19.820355965579228 ], [ 80.721923428497931, 19.847243922642924 ], [ 80.748587492771392, 19.853146157120321 ], [ 80.765555533672682, 19.890854877392577 ], [ 80.81784480257258, 19.911840599978873 ], [ 80.819576235317612, 19.912168501894286 ], [ 80.842777434101009, 19.947254006843256 ], [ 80.888487258569796, 19.93872855704257 ], [ 80.906494159118097, 19.922333461272025 ], [ 80.937659948528633, 19.874131879706617 ], [ 80.949433691194841, 19.830520924956964 ], [ 80.972288603429234, 19.812814221524775 ], [ 81.008994977623857, 19.812814221524775 ], [ 81.02527044542714, 19.76461263995937 ], [ 81.058513954131712, 19.750840759512112 ], [ 81.085178018405173, 19.706246099016226 ], [ 81.186639977263908, 19.703622883692937 ], [ 81.204993164361227, 19.716738960309375 ], [ 81.157898193696411, 19.754775582497043 ], [ 81.183177111773844, 19.809535202370668 ], [ 81.21676690702742, 19.798058635331284 ], [ 81.251049275379017, 19.766580051451836 ], [ 81.271480181770372, 19.767563757198069 ], [ 81.288794509220665, 19.788549479784368 ], [ 81.317190006239144, 19.777728716575808 ], [ 81.37328842717811, 19.77904032423745 ], [ 81.381945590903257, 19.754775582497043 ], [ 81.370864421335071, 19.742643211626838 ], [ 81.373634713727114, 19.730182938841224 ], [ 81.373634713727114, 19.729855036925812 ], [ 81.428694275019069, 19.719362175632664 ], [ 81.485138982507038, 19.688211493668625 ], [ 81.476828105330895, 19.664274653843627 ], [ 81.516651058466579, 19.662963046181982 ], [ 81.509032754388443, 19.651486479142601 ], [ 81.455012052743513, 19.637058794864522 ], [ 81.464361789566681, 19.616073072278223 ], [ 81.46124521062562, 19.569183098374459 ], [ 81.439775444587255, 19.535737103002546 ], [ 81.449125181410409, 19.516062988077891 ], [ 81.421422257489937, 19.493765657829947 ], [ 81.426616555725033, 19.4803216792981 ], [ 81.476135532232874, 19.472124131412826 ], [ 81.464708076115684, 19.436054920717623 ], [ 81.470594947448788, 19.377032575943659 ], [ 81.405146789686654, 19.366867616565919 ], [ 81.388525035334368, 19.382606908505643 ], [ 81.388178748785364, 19.383262712336467 ], [ 81.391295327726425, 19.409166963653927 ], [ 81.391641614275429, 19.41015066940016 ], [ 81.386101029491329, 19.412118080892625 ], [ 81.380214158158225, 19.414085492385091 ], [ 81.379867871609221, 19.414413394300503 ], [ 81.372595854080103, 19.409494865569339 ], [ 81.377443865766182, 19.387197535321398 ], [ 81.365323836550971, 19.374409360620369 ], [ 81.3902564680794, 19.364244401242633 ], [ 81.398567345255543, 19.334077425024827 ], [ 81.363938690354956, 19.332765817363182 ], [ 81.343161497414599, 19.318993936915923 ], [ 81.342815210865595, 19.318993936915923 ], [ 81.342815210865595, 19.318993936915923 ], [ 81.297451672945812, 19.336372738432704 ], [ 81.271480181770372, 19.323584563731679 ], [ 81.241006965457842, 19.323912465647087 ], [ 81.23131094208567, 19.32063344649298 ], [ 81.223346351458545, 19.28882696069812 ], [ 81.194604567891048, 19.288499058782708 ], [ 81.190449129302976, 19.277022491743327 ], [ 81.170364509460626, 19.271120257265931 ], [ 81.161014772637472, 19.295384999006338 ], [ 81.141276439344125, 19.29899192007586 ], [ 81.146124451030218, 19.259643690226547 ], [ 81.129502696677932, 19.256692572987848 ], [ 81.129502696677932, 19.25636467107244 ], [ 81.129156410128928, 19.256692572987848 ], [ 81.109418076835581, 19.275382982166271 ], [ 81.075481995033002, 19.274071374504629 ], [ 81.073404275738966, 19.273743472589217 ], [ 81.07375056228797, 19.27144815918134 ], [ 81.078944860523066, 19.236362654232373 ], [ 81.06232310617078, 19.227837204431687 ], [ 81.035659041897318, 19.228493008262511 ], [ 81.024577872329132, 19.239313771471071 ], [ 80.955320562527945, 19.236362654232373 ], [ 80.952203983586884, 19.310468487115241 ], [ 80.852819744022185, 19.364572303158042 ], [ 80.852473457473167, 19.364244401242633 ], [ 80.827887112493755, 19.379983693182357 ], [ 80.811957931239476, 19.407199552161462 ], [ 80.813343077435505, 19.433759607309749 ], [ 80.842084861002988, 19.446875683926184 ], [ 80.874635796609553, 19.44523617434913 ], [ 80.898529568490957, 19.481961188875154 ], [ 80.895412989549911, 19.51966990914741 ], [ 80.856628896061238, 19.522948928301521 ], [ 80.835851703120881, 19.566231981135761 ], [ 80.835505416571877, 19.566231981135761 ], [ 80.775597843593857, 19.56229715815083 ], [ 80.769710972260754, 19.586561899891237 ], [ 80.740969188693256, 19.606236014815895 ], [ 80.714651410968813, 19.616728876109043 ], [ 80.668595299951022, 19.612138249293292 ], [ 80.665825007558965, 19.616728876109043 ], [ 80.668249013402004, 19.634435579541233 ], [ 80.676213604029144, 19.697392747300132 ], [ 80.676559890578147, 19.699360158792597 ], [ 80.671365592343065, 19.702311276031296 ], [ 80.671365592343065, 19.702311276031296 ] ] ] } },
{ "type": "Feature", "properties": { "dt_code": "416", "district": "Dakshin Bastar Dantewada", "st_code": "22", "year": "2011_c", "st_nm": "Chhattisgarh" }, "geometry": { "type": "Polygon", "coordinates": [ [ [ 81.129502696677932, 19.256692572987848 ], [ 81.146124451030218, 19.259643690226547 ], [ 81.141276439344125, 19.29899192007586 ], [ 81.161014772637472, 19.295384999006338 ], [ 81.170364509460626, 19.271120257265931 ], [ 81.190449129302976, 19.277022491743327 ], [ 81.194604567891048, 19.288499058782708 ], [ 81.223346351458545, 19.28882696069812 ], [ 81.23131094208567, 19.32063344649298 ], [ 81.241006965457842, 19.323912465647087 ], [ 81.271480181770372, 19.323584563731679 ], [ 81.297451672945812, 19.336372738432704 ], [ 81.342815210865595, 19.318993936915923 ], [ 81.342815210865595, 19.318993936915923 ], [ 81.343161497414599, 19.318993936915923 ], [ 81.358051819021853, 19.323256661816266 ], [ 81.374673573374139, 19.305877860299489 ], [ 81.376405006119171, 19.301615135399146 ], [ 81.356666672825824, 19.292761783683051 ], [ 81.357012959374828, 19.292433881767639 ], [ 81.356666672825824, 19.292433881767639 ], [ 81.366708982746999, 19.255053063410795 ], [ 81.343854070512606, 19.231444125501209 ], [ 81.393026760471457, 19.20783518759162 ], [ 81.4013376376476, 19.191767993736487 ], [ 81.401683924196604, 19.191440091821075 ], [ 81.450510327606437, 19.189144778413198 ], [ 81.476828105330895, 19.21373742206902 ], [ 81.502107023408328, 19.203900364606689 ], [ 81.492411000036157, 19.158977802195395 ], [ 81.502107023408328, 19.134385158539576 ], [ 81.485485269056042, 19.11569474936115 ], [ 81.490333280742121, 19.085199871227935 ], [ 81.516651058466579, 19.066837363964925 ], [ 81.499336731016271, 19.058639816079651 ], [ 81.502799596506335, 19.044540033716981 ], [ 81.529463660779797, 19.037326191577939 ], [ 81.516651058466579, 19.013389351752945 ], [ 81.471287520546795, 19.001912784713561 ], [ 81.468170941605734, 19.000929078967328 ], [ 81.470594947448788, 18.996994255982397 ], [ 81.484100122860013, 18.973713219988223 ], [ 81.457089772037548, 18.96617147593377 ], [ 81.464015503017663, 18.949448478247813 ], [ 81.465054362664688, 18.946169459093703 ], [ 81.505569888898378, 18.930758069069391 ], [ 81.51526591227055, 18.914035071383434 ], [ 81.51526591227055, 18.914035071383434 ], [ 81.524615649093704, 18.92354422693035 ], [ 81.555781438504241, 18.912067659890969 ], [ 81.548163134426119, 18.88419599708104 ], [ 81.573442052503552, 18.867800901310495 ], [ 81.582099216228698, 18.84484776723173 ], [ 81.602183836071035, 18.854356922778646 ], [ 81.619498163521342, 18.841240846162208 ], [ 81.611187286345199, 18.83140378869988 ], [ 81.627116467599464, 18.813697085267691 ], [ 81.642353075755736, 18.822222535068377 ], [ 81.667978280382172, 18.803532125889951 ], [ 81.712302958654931, 18.837961827008101 ], [ 81.754549917633653, 18.810745968028993 ], [ 81.766669946848864, 18.784841716711529 ], [ 81.760090502417754, 18.772709345841324 ], [ 81.777404829868047, 18.773037247756736 ], [ 81.772903104730972, 18.74614929069304 ], [ 81.756973923476693, 18.73860754663859 ], [ 81.748316759751546, 18.712703295321127 ], [ 81.729270999556221, 18.698603512958456 ], [ 81.758012783123718, 18.688766455496129 ], [ 81.773249391279975, 18.670403948233119 ], [ 81.757320210025711, 18.661878498432433 ], [ 81.718536116537038, 18.687454847834484 ], [ 81.676289157558315, 18.662206400347845 ], [ 81.675942871009312, 18.6608947926862 ], [ 81.673172578617255, 18.652369342885518 ], [ 81.657589683911993, 18.659583185024559 ], [ 81.65724339736299, 18.659911086939967 ], [ 81.662091409049069, 18.688438553580717 ], [ 81.663822841794101, 18.697291905296815 ], [ 81.663822841794101, 18.697291905296815 ], [ 81.623653602109414, 18.708768472336196 ], [ 81.628501613795493, 18.734672723653659 ], [ 81.628501613795493, 18.734672723653659 ], [ 81.627809040697485, 18.73532852748448 ], [ 81.615689011482274, 18.74877250601633 ], [ 81.613957578737242, 18.750739917508795 ], [ 81.59768211093396, 18.734344821738247 ], [ 81.568940327366477, 18.739919154300232 ], [ 81.568940327366477, 18.739591252384823 ], [ 81.569632900464484, 18.713031197236539 ], [ 81.545739128583079, 18.694996591888938 ], [ 81.545392842034062, 18.693684984227293 ], [ 81.542276263093015, 18.674010869302638 ], [ 81.556127725053244, 18.657943675447502 ], [ 81.542276263093015, 18.632695227960863 ], [ 81.542276263093015, 18.632695227960863 ], [ 81.543315122740026, 18.628760404975932 ], [ 81.546431701681087, 18.615316426444082 ], [ 81.547124274779094, 18.614988524528673 ], [ 81.575519771797588, 18.602200349827644 ], [ 81.579675210385659, 18.600232938335179 ], [ 81.579328923836655, 18.599577134504358 ], [ 81.559936877092312, 18.56547533530162 ], [ 81.555435151955237, 18.560228904655048 ], [ 81.540198543798979, 18.567770648709498 ], [ 81.55231857301419, 18.583509940649222 ], [ 81.543661409289044, 18.606463074727987 ], [ 81.521845356701661, 18.604495663235522 ], [ 81.488255561448085, 18.623841876244768 ], [ 81.487562988350078, 18.623513974329356 ], [ 81.464708076115684, 18.614004818782441 ], [ 81.44670117556737, 18.606790976643399 ], [ 81.44670117556737, 18.606135172812575 ], [ 81.446008602469362, 18.580886725325936 ], [ 81.434234859803155, 18.592691194280729 ], [ 81.420729684391929, 18.579903019579703 ], [ 81.41830567854889, 18.577279804256417 ], [ 81.418651965097894, 18.576296098510184 ], [ 81.421075970940933, 18.566786942963265 ], [ 81.423846263332976, 18.555310375923884 ], [ 81.430425707764087, 18.55465457209306 ], [ 81.441506877332287, 18.540554789730393 ], [ 81.414496526509822, 18.51465053841293 ], [ 81.414150239960819, 18.514322636497518 ], [ 81.443238310077319, 18.498255442642382 ], [ 81.423499976783972, 18.479892935379372 ], [ 81.394065620118468, 18.49366481582663 ], [ 81.377097579217178, 18.488746287095466 ], [ 81.382984450550282, 18.466448956847522 ], [ 81.36982556168806, 18.432019255729376 ], [ 81.393373047020461, 18.420870590605404 ], [ 81.429386848117076, 18.421198492520816 ], [ 81.428001701921048, 18.402180181426981 ], [ 81.409648514823743, 18.392671025880066 ], [ 81.370171848237064, 18.417263669535885 ], [ 81.333465474042427, 18.417919473366705 ], [ 81.327578602709323, 18.438905195953005 ], [ 81.305416263572951, 18.43693778446054 ], [ 81.299875678788851, 18.456611899385194 ], [ 81.258321292908136, 18.479237131548548 ], [ 81.255551000516093, 18.523831792044433 ], [ 81.222653778360524, 18.527766615029364 ], [ 81.218498339772452, 18.514978440328338 ], [ 81.182830825224841, 18.541210593561214 ], [ 81.195643427538059, 18.550391847192721 ], [ 81.195643427538059, 18.551047651023541 ], [ 81.193565708244023, 18.594330703857782 ], [ 81.193565708244023, 18.595970213434839 ], [ 81.171403369107651, 18.592035390449908 ], [ 81.146470737579222, 18.568754354455731 ], [ 81.148894743422261, 18.59990503641977 ], [ 81.162746205382504, 18.61072579962833 ], [ 81.162399918833486, 18.631383620299218 ], [ 81.178675386636769, 18.652041440970105 ], [ 81.163092491931508, 18.666141223332776 ], [ 81.160668486088468, 18.690733866988595 ], [ 81.198067433381098, 18.748116702185506 ], [ 81.188025123459937, 18.816648202506389 ], [ 81.203954304714202, 18.836322317431044 ], [ 81.214342901184381, 18.898295779443711 ], [ 81.225077784203563, 18.910100248398503 ], [ 81.220922345615492, 18.921904717353296 ], [ 81.186293690714905, 18.914035071383434 ], [ 81.170364509460626, 18.919937305860831 ], [ 81.170364509460626, 18.929118559492338 ], [ 81.200491439224152, 18.938627715039253 ], [ 81.218844626321456, 18.931741774815624 ], [ 81.217113193576438, 18.952727497401924 ], [ 81.236505240320767, 18.967810985510827 ], [ 81.203261731616195, 18.994698942574523 ], [ 81.223000064909527, 19.015028861329998 ], [ 81.211572608792338, 19.019291586230342 ], [ 81.211226322243334, 19.031096055185134 ], [ 81.225770357301585, 19.050770170109789 ], [ 81.208802316400295, 19.091757909536156 ], [ 81.209494889498302, 19.183570445851213 ], [ 81.209494889498302, 19.183570445851213 ], [ 81.145085591383193, 19.182258838189568 ], [ 81.128463837030907, 19.208490991422444 ], [ 81.129502696677932, 19.230132517839564 ], [ 81.114612375070678, 19.236034752316961 ], [ 81.132272989069975, 19.245871809779288 ], [ 81.129502696677932, 19.256692572987848 ] ] ] } },
{ "type": "Feature", "properties": { "dt_code": "414", "district": "Bastar", "st_code": "22", "year": "2011_c", "st_nm": "Chhattisgarh" }, "geometry": { "type": "Polygon", "coordinates": [ [ [ 81.673172578617255, 18.652369342885518 ], [ 81.675942871009312, 18.6608947926862 ], [ 81.676289157558315, 18.662206400347845 ], [ 81.718536116537038, 18.687454847834484 ], [ 81.757320210025711, 18.661878498432433 ], [ 81.773249391279975, 18.670403948233119 ], [ 81.758012783123718, 18.688766455496129 ], [ 81.729270999556221, 18.698603512958456 ], [ 81.748316759751546, 18.712703295321127 ], [ 81.756973923476693, 18.73860754663859 ], [ 81.772903104730972, 18.74614929069304 ], [ 81.777404829868047, 18.773037247756736 ], [ 81.760090502417754, 18.772709345841324 ], [ 81.766669946848864, 18.784841716711529 ], [ 81.754549917633653, 18.810745968028993 ], [ 81.712302958654931, 18.837961827008101 ], [ 81.667978280382172, 18.803532125889951 ], [ 81.642353075755736, 18.822222535068377 ], [ 81.627116467599464, 18.813697085267691 ], [ 81.611187286345199, 18.83140378869988 ], [ 81.619498163521342, 18.841240846162208 ], [ 81.602183836071035, 18.854356922778646 ], [ 81.582099216228698, 18.84484776723173 ], [ 81.573442052503552, 18.867800901310495 ], [ 81.548163134426119, 18.88419599708104 ], [ 81.555781438504241, 18.912067659890969 ], [ 81.524615649093704, 18.92354422693035 ], [ 81.51526591227055, 18.914035071383434 ], [ 81.51526591227055, 18.914035071383434 ], [ 81.505569888898378, 18.930758069069391 ], [ 81.465054362664688, 18.946169459093703 ], [ 81.464015503017663, 18.949448478247813 ], [ 81.457089772037548, 18.96617147593377 ], [ 81.484100122860013, 18.973713219988223 ], [ 81.470594947448788, 18.996994255982397 ], [ 81.468170941605734, 19.000929078967328 ], [ 81.471287520546795, 19.001912784713561 ], [ 81.516651058466579, 19.013389351752945 ], [ 81.529463660779797, 19.037326191577939 ], [ 81.502799596506335, 19.044540033716981 ], [ 81.499336731016271, 19.058639816079651 ], [ 81.516651058466579, 19.066837363964925 ], [ 81.490333280742121, 19.085199871227935 ], [ 81.485485269056042, 19.11569474936115 ], [ 81.502107023408328, 19.134385158539576 ], [ 81.492411000036157, 19.158977802195395 ], [ 81.502107023408328, 19.203900364606689 ], [ 81.476828105330895, 19.21373742206902 ], [ 81.450510327606437, 19.189144778413198 ], [ 81.401683924196604, 19.191440091821075 ], [ 81.4013376376476, 19.191767993736487 ], [ 81.393026760471457, 19.20783518759162 ], [ 81.343854070512606, 19.231444125501209 ], [ 81.366708982746999, 19.255053063410795 ], [ 81.356666672825824, 19.292433881767639 ], [ 81.357012959374828, 19.292433881767639 ], [ 81.356666672825824, 19.292761783683051 ], [ 81.376405006119171, 19.301615135399146 ], [ 81.374673573374139, 19.305877860299489 ], [ 81.372595854080103, 19.312435898607706 ], [ 81.383677023648289, 19.32063344649298 ], [ 81.428347988470051, 19.296696606667982 ], [ 81.475096672585863, 19.258004180649493 ], [ 81.477174391879899, 19.246855515525521 ], [ 81.482714976663985, 19.241281182963537 ], [ 81.499336731016271, 19.232427831247442 ], [ 81.536389391759911, 19.222918675700523 ], [ 81.536735678308915, 19.222590773785114 ], [ 81.542276263093015, 19.257676278734081 ], [ 81.568940327366477, 19.283252628136133 ], [ 81.608416993953142, 19.273087668758397 ], [ 81.62019073661935, 19.227837204431687 ], [ 81.67421143826428, 19.249478730848807 ], [ 81.675596584460308, 19.264890120873122 ], [ 81.648932520186847, 19.267841238111821 ], [ 81.628155327246489, 19.289154862613529 ], [ 81.628155327246489, 19.289810666444353 ], [ 81.633695912030589, 19.342930776740921 ], [ 81.663822841794101, 19.353095736118661 ], [ 81.666593134186144, 19.365883910819687 ], [ 81.70329950838078, 19.358342166765237 ], [ 81.728578426458213, 19.377360477859071 ], [ 81.754896204182657, 19.355718951441947 ], [ 81.794372870769337, 19.352767834203249 ], [ 81.810648338572619, 19.407527454076874 ], [ 81.797489449710397, 19.412118080892625 ], [ 81.791602578377294, 19.453433722234404 ], [ 81.80822433272958, 19.469173014174128 ], [ 81.824153513983845, 19.510488655515903 ], [ 81.857050736139414, 19.47376364098988 ], [ 81.857397022688417, 19.512783968923781 ], [ 81.845969566571227, 19.5373766125796 ], [ 81.845623280022224, 19.538360318325832 ], [ 81.849086145512274, 19.54065563173371 ], [ 81.863630180570524, 19.552132198773091 ], [ 81.898258835471125, 19.549836885365217 ], [ 81.906915999196272, 19.528195358948093 ], [ 81.952279537116056, 19.541311435564531 ], [ 81.952972110214063, 19.541311435564531 ], [ 81.956781262253131, 19.54065563173371 ], [ 81.987254478565646, 19.535081299171722 ], [ 81.99071734405571, 19.534425495340901 ], [ 81.99868193468285, 19.529506966609738 ], [ 81.99972079432986, 19.493437755914535 ], [ 82.008377958055007, 19.495405167407 ], [ 82.028462577897358, 19.507537538277205 ], [ 82.029155150995365, 19.507865440192617 ], [ 82.029155150995365, 19.507865440192617 ], [ 82.065515238640998, 19.510816557431315 ], [ 82.075903835111177, 19.523604732132341 ], [ 82.100143893541585, 19.516718791908712 ], [ 82.098066174247549, 19.499012088476523 ], [ 82.108108484168724, 19.494421461660767 ], [ 82.102914185933642, 19.46622189693543 ], [ 82.126115384717039, 19.429168980493994 ], [ 82.171478922636808, 19.437366528379268 ], [ 82.189485823185123, 19.427529470916941 ], [ 82.178750940165941, 19.378999987436124 ], [ 82.153125735539504, 19.377032575943659 ], [ 82.1472388642064, 19.365228106988866 ], [ 82.148624010402415, 19.352767834203249 ], [ 82.178750940165941, 19.343258678656333 ], [ 82.193987548322198, 19.325879877139553 ], [ 82.18117494600898, 19.323256661816266 ], [ 82.158320033774586, 19.265218022788535 ], [ 82.157973747225583, 19.227509302516278 ], [ 82.168708630244765, 19.213081618238196 ], [ 82.161782899264651, 19.202260855029635 ], [ 82.180482372910973, 19.191112189905663 ], [ 82.175980647773898, 19.172093878811832 ], [ 82.186022957695059, 19.166519546249845 ], [ 82.178058367067933, 19.156026684956696 ], [ 82.16974748989179, 19.16094521368786 ], [ 82.180828659459976, 19.150780254310121 ], [ 82.173902928479862, 19.143566412171079 ], [ 82.17563436122488, 19.138647883439916 ], [ 82.16663091095073, 19.133073550877931 ], [ 82.168016057146758, 19.129138727893 ], [ 82.172517782283833, 19.121269081923138 ], [ 82.181521232557984, 19.129794531723821 ], [ 82.182560092205009, 19.131434041300878 ], [ 82.182906378754012, 19.131106139385466 ], [ 82.184984098048048, 19.130450335554645 ], [ 82.205761290988406, 19.124220199161837 ], [ 82.205761290988406, 19.120941180007726 ], [ 82.204722431341381, 19.097004340182728 ], [ 82.217535033654599, 19.095692732521087 ], [ 82.202298425498341, 19.066509462049513 ], [ 82.232771641810871, 19.017979978568697 ], [ 82.245930530673093, 18.91928150203001 ], [ 82.21822760675262, 18.922560521184117 ], [ 82.180482372910973, 18.904853817751928 ], [ 82.175980647773898, 18.90255850434405 ], [ 82.176673220871905, 18.887147114319738 ], [ 82.160744039617626, 18.879277468349876 ], [ 82.160397753068622, 18.878949566434464 ], [ 82.169054916793769, 18.835994415515636 ], [ 82.159012606872594, 18.78812073586564 ], [ 82.133387402246157, 18.78057899181119 ], [ 82.133387402246157, 18.765495503702287 ], [ 82.090794156718431, 18.760576974971123 ], [ 82.088716437424395, 18.760249073055711 ], [ 82.089755297071406, 18.752379427085849 ], [ 82.091486729816438, 18.73860754663859 ], [ 82.091833016365442, 18.738279644723178 ], [ 82.084907285385327, 18.718605529798523 ], [ 82.030886583740397, 18.723851960445099 ], [ 81.969940151115352, 18.698275611043044 ], [ 81.960590414292199, 18.688766455496129 ], [ 81.969247578017345, 18.673355065471817 ], [ 81.948816671625991, 18.643843893084831 ], [ 81.921806320803526, 18.642860187338599 ], [ 81.901029127863168, 18.661550596517024 ], [ 81.899297695118136, 18.660566890770792 ], [ 81.899297695118136, 18.6608947926862 ], [ 81.874018777040703, 18.656632067785857 ], [ 81.872633630844689, 18.647450814154354 ], [ 81.838697549042095, 18.626465091568054 ], [ 81.786754566691215, 18.602528251743056 ], [ 81.768401379593897, 18.594330703857782 ], [ 81.767016233397868, 18.593674900026961 ], [ 81.765284800652836, 18.594330703857782 ], [ 81.706762373870831, 18.614004818782441 ], [ 81.660013689755033, 18.60744678047422 ], [ 81.652049099127893, 18.613349014951616 ], [ 81.655165678068954, 18.654336754377983 ], [ 81.655165678068954, 18.654336754377983 ], [ 81.656204537715965, 18.654336754377983 ], [ 81.672826292068251, 18.652369342885518 ], [ 81.673172578617255, 18.652369342885518 ] ] ] } },
{ "type": "Feature", "properties": { "dt_code": "722", "district": "Kondagaon", "st_code": "22", "year": "update2014", "st_nm": "Chhattisgarh" }, "geometry": { "type": "Polygon", "coordinates": [ [ [ 81.37328842717811, 19.77904032423745 ], [ 81.371556994433078, 19.792156400853887 ], [ 81.370864421335071, 19.798714439162104 ], [ 81.396143339412504, 19.836095257518952 ], [ 81.377443865766182, 19.853801960951142 ], [ 81.402376497294611, 19.8675738413984 ], [ 81.405839362784675, 19.880689918014838 ], [ 81.374673573374139, 19.907905776993942 ], [ 81.348702082198685, 19.913152207640518 ], [ 81.344200357061609, 19.930858911072708 ], [ 81.326539743062312, 19.939056458957982 ], [ 81.330695181650384, 19.964960710275445 ], [ 81.301953398082887, 19.976109375399417 ], [ 81.291564801612708, 20.021359839726124 ], [ 81.355627813178813, 20.035787524004203 ], [ 81.359090678668863, 20.047591992958999 ], [ 81.388178748785364, 20.048575698705228 ], [ 81.405146789686654, 20.081037988330912 ], [ 81.4013376376476, 20.116779297110703 ], [ 81.419344538195901, 20.157111232706246 ], [ 81.450856614155441, 20.146618371413098 ], [ 81.584869508620741, 20.195475756809323 ], [ 81.61222614599221, 20.158094938452479 ], [ 81.680098309597383, 20.129895373727138 ], [ 81.718882403086042, 20.139732431189465 ], [ 81.729617286105224, 20.157767036537066 ], [ 81.746585327006514, 20.163669271014463 ], [ 81.775327110574011, 20.156783330790834 ], [ 81.814111204062684, 20.167604093999394 ], [ 81.821036935042798, 20.169243603576451 ], [ 81.846315853120231, 20.164325074845287 ], [ 81.84527699347322, 20.112844474125772 ], [ 81.867785619158596, 20.088579732385362 ], [ 81.876096496334739, 20.052182619774751 ], [ 81.875403923236732, 20.049887306366873 ], [ 81.875403923236732, 20.049887306366873 ], [ 81.847008426218238, 19.957746868136404 ], [ 81.844930706924202, 19.951844633659007 ], [ 81.85670444959041, 19.947581908758664 ], [ 81.852202724453335, 19.921677657441201 ], [ 81.853241584100346, 19.92036604977956 ], [ 81.858089595786439, 19.915119619132984 ], [ 81.869517051903628, 19.90265934634737 ], [ 81.889947958294982, 19.893805994631276 ], [ 81.96820871837032, 19.86003209734395 ], [ 81.965438425978277, 19.837078963265185 ], [ 81.985869332369631, 19.801009752569982 ], [ 82.065515238640998, 19.790516891276834 ], [ 82.04473804570064, 19.708869314339513 ], [ 82.045084332249644, 19.706901902847047 ], [ 82.058935794209887, 19.628205443148424 ], [ 82.039890034014562, 19.597710565015209 ], [ 82.048893484288712, 19.556722825588846 ], [ 82.04820091119069, 19.544262552803229 ], [ 82.029847724093386, 19.509504949769671 ], [ 82.029155150995365, 19.507865440192617 ], [ 82.028462577897358, 19.507537538277205 ], [ 82.008377958055007, 19.495405167407 ], [ 81.99972079432986, 19.493437755914535 ], [ 81.99868193468285, 19.529506966609738 ], [ 81.99071734405571, 19.534425495340901 ], [ 81.987254478565646, 19.535081299171722 ], [ 81.956781262253131, 19.54065563173371 ], [ 81.952972110214063, 19.541311435564531 ], [ 81.952279537116056, 19.541311435564531 ], [ 81.906915999196272, 19.528195358948093 ], [ 81.898258835471125, 19.549836885365217 ], [ 81.863630180570524, 19.552132198773091 ], [ 81.849086145512274, 19.54065563173371 ], [ 81.845623280022224, 19.538360318325832 ], [ 81.845969566571227, 19.5373766125796 ], [ 81.857397022688417, 19.512783968923781 ], [ 81.857050736139414, 19.47376364098988 ], [ 81.824153513983845, 19.510488655515903 ], [ 81.80822433272958, 19.469173014174128 ], [ 81.791602578377294, 19.453433722234404 ], [ 81.797489449710397, 19.412118080892625 ], [ 81.810648338572619, 19.407527454076874 ], [ 81.794372870769337, 19.352767834203249 ], [ 81.754896204182657, 19.355718951441947 ], [ 81.728578426458213, 19.377360477859071 ], [ 81.70329950838078, 19.358342166765237 ], [ 81.666593134186144, 19.365883910819687 ], [ 81.663822841794101, 19.353095736118661 ], [ 81.633695912030589, 19.342930776740921 ], [ 81.628155327246489, 19.289810666444353 ], [ 81.628155327246489, 19.289154862613529 ], [ 81.648932520186847, 19.267841238111821 ], [ 81.675596584460308, 19.264890120873122 ], [ 81.67421143826428, 19.249478730848807 ], [ 81.62019073661935, 19.227837204431687 ], [ 81.608416993953142, 19.273087668758397 ], [ 81.568940327366477, 19.283252628136133 ], [ 81.542276263093015, 19.257676278734081 ], [ 81.536735678308915, 19.222590773785114 ], [ 81.536389391759911, 19.222918675700523 ], [ 81.499336731016271, 19.232427831247442 ], [ 81.482714976663985, 19.241281182963537 ], [ 81.477174391879899, 19.246855515525521 ], [ 81.475096672585863, 19.258004180649493 ], [ 81.428347988470051, 19.296696606667982 ], [ 81.383677023648289, 19.32063344649298 ], [ 81.372595854080103, 19.312435898607706 ], [ 81.374673573374139, 19.305877860299489 ], [ 81.358051819021853, 19.323256661816266 ], [ 81.343161497414599, 19.318993936915923 ], [ 81.363938690354956, 19.332765817363182 ], [ 81.398567345255543, 19.334077425024827 ], [ 81.3902564680794, 19.364244401242633 ], [ 81.365323836550971, 19.374409360620369 ], [ 81.377443865766182, 19.387197535321398 ], [ 81.372595854080103, 19.409494865569339 ], [ 81.379867871609221, 19.414413394300503 ], [ 81.380214158158225, 19.414085492385091 ], [ 81.386101029491329, 19.412118080892625 ], [ 81.391641614275429, 19.41015066940016 ], [ 81.391295327726425, 19.409166963653927 ], [ 81.388178748785364, 19.383262712336467 ], [ 81.388525035334368, 19.382606908505643 ], [ 81.405146789686654, 19.366867616565919 ], [ 81.470594947448788, 19.377032575943659 ], [ 81.464708076115684, 19.436054920717623 ], [ 81.476135532232874, 19.472124131412826 ], [ 81.426616555725033, 19.4803216792981 ], [ 81.421422257489937, 19.493765657829947 ], [ 81.449125181410409, 19.516062988077891 ], [ 81.439775444587255, 19.535737103002546 ], [ 81.46124521062562, 19.569183098374459 ], [ 81.464361789566681, 19.616073072278223 ], [ 81.455012052743513, 19.637058794864522 ], [ 81.509032754388443, 19.651486479142601 ], [ 81.516651058466579, 19.662963046181982 ], [ 81.476828105330895, 19.664274653843627 ], [ 81.485138982507038, 19.688211493668625 ], [ 81.428694275019069, 19.719362175632664 ], [ 81.373634713727114, 19.729855036925812 ], [ 81.373634713727114, 19.730182938841224 ], [ 81.370864421335071, 19.742643211626838 ], [ 81.381945590903257, 19.754775582497043 ], [ 81.37328842717811, 19.77904032423745 ] ] ] } },
{ "type": "Feature", "properties": { "dt_code": "720", "district": "Gariaband", "st_code": "22", "year": "update2014", "st_nm": "Chhattisgarh" }, "geometry": { "type": "Polygon", "coordinates": [ [ [ 81.988293338212671, 21.083434143742107 ], [ 82.025345998956311, 21.056874088593819 ], [ 82.061013513503923, 21.061464715409574 ], [ 82.092871876012467, 21.025723406629783 ], [ 82.162129185813654, 21.016214251082864 ], [ 82.171825209185826, 20.974570707825677 ], [ 82.186369244244077, 20.967028963771227 ], [ 82.198489273459273, 20.939157300961298 ], [ 82.219612752948635, 20.934566674145547 ], [ 82.223768191536706, 20.951945475662324 ], [ 82.249393396163157, 20.939813104792123 ], [ 82.265668863966425, 20.945387437354107 ], [ 82.27467231424059, 20.910957736235961 ], [ 82.297527226474983, 20.901448580689042 ], [ 82.312763834631241, 20.880790760018154 ], [ 82.336657606512645, 20.87521642745617 ], [ 82.339427898904702, 20.874560623625346 ], [ 82.346007343335813, 20.872921114048292 ], [ 82.345314770237792, 20.869314192978774 ], [ 82.340466758551713, 20.833900786114391 ], [ 82.342544477845749, 20.804717515642821 ], [ 82.353625647413935, 20.735858113406525 ], [ 82.347738776080845, 20.732906996167827 ], [ 82.348777635727856, 20.718479311889748 ], [ 82.353279360864931, 20.700772608457559 ], [ 82.374056553805289, 20.667326613085642 ], [ 82.368515969021189, 20.649619909653453 ], [ 82.376480559648328, 20.632569010052084 ], [ 82.347046202982824, 20.602402033834281 ], [ 82.350855355021892, 20.581416311247981 ], [ 82.33215588137557, 20.562070098238735 ], [ 82.358473659100028, 20.527968299036001 ], [ 82.389639448510565, 20.516819633912029 ], [ 82.396911466039683, 20.458125191053472 ], [ 82.418727518627051, 20.480422521301417 ], [ 82.42565324960718, 20.445337016352447 ], [ 82.438119565371395, 20.434188351228478 ], [ 82.416649799333015, 20.40762829608019 ], [ 82.421151524470105, 20.392872709886699 ], [ 82.400374331529747, 20.340736305336364 ], [ 82.431540120940284, 20.312864642526435 ], [ 82.437773278822391, 20.293518429517189 ], [ 82.411455501097933, 20.264335159045618 ], [ 82.422190384117116, 20.247612161359662 ], [ 82.410762927999926, 20.242365730713086 ], [ 82.421844097568112, 20.204329108525418 ], [ 82.386869156118507, 20.144978861836041 ], [ 82.398642898784715, 20.122353629672688 ], [ 82.399335471882722, 20.056773246590502 ], [ 82.47967395125211, 20.036443327835027 ], [ 82.510147167564625, 20.01644131099496 ], [ 82.551008980347333, 20.016113409079548 ], [ 82.602951962698214, 19.990209157762084 ], [ 82.609877693678342, 19.990209157762084 ], [ 82.642428629284893, 20.005292645870988 ], [ 82.717572810419185, 19.988897550100443 ], [ 82.720343102811242, 19.948237712589489 ], [ 82.707530500498009, 19.902003542516546 ], [ 82.714109944929135, 19.87773880077614 ], [ 82.724498541399299, 19.875443487368262 ], [ 82.711339652537077, 19.840030080503883 ], [ 82.696795617478827, 19.830520924956964 ], [ 82.652124652657065, 19.832160434534021 ], [ 82.626845734579632, 19.793468008515532 ], [ 82.597411377914128, 19.779368226152862 ], [ 82.595333658620092, 19.778384520406629 ], [ 82.595679945169096, 19.777072912744984 ], [ 82.594641085522071, 19.775433403167931 ], [ 82.581828483208852, 19.783303049137793 ], [ 82.575941611875763, 19.833472042195666 ], [ 82.601566816502199, 19.864622724159702 ], [ 82.603298249247231, 19.866918037567579 ], [ 82.600181670306171, 19.8675738413984 ], [ 82.548238687955276, 19.875771389283674 ], [ 82.534733512544051, 19.886920054407646 ], [ 82.530924360504983, 19.87839460460696 ], [ 82.497334565251407, 19.904298855924424 ], [ 82.464091056546835, 19.901019836770313 ], [ 82.446084155998534, 19.91020109040182 ], [ 82.394833746745647, 19.887903760153876 ], [ 82.374056553805289, 19.860359999259359 ], [ 82.360897664943067, 19.862655312667236 ], [ 82.345314770237792, 19.83576735560354 ], [ 82.304106670906094, 19.88921536781552 ], [ 82.26913172945649, 19.975125669653185 ], [ 82.237619653496949, 20.003653136293934 ], [ 82.209916729576477, 19.986274334777153 ], [ 82.184291524950027, 19.984306923284688 ], [ 82.171132636087805, 20.0056205477864 ], [ 82.126807957815046, 20.014801801417903 ], [ 82.070363250327077, 20.057101148505915 ], [ 82.032618016485429, 20.015785507164139 ], [ 82.021536846917243, 20.023655153134001 ], [ 82.017727694878175, 20.04890360062064 ], [ 82.017727694878175, 20.049231502536053 ], [ 82.035388308877472, 20.099400495593922 ], [ 82.100143893541585, 20.105630631986731 ], [ 82.107415911070717, 20.110221258802483 ], [ 82.114341642050832, 20.134813902458305 ], [ 82.137196554285225, 20.148913684820972 ], [ 82.133387402246157, 20.183015484023709 ], [ 82.147931437304408, 20.218100988972679 ], [ 82.148277723853411, 20.219084694718909 ], [ 82.180136086361969, 20.257121316906577 ], [ 82.160397753068622, 20.265318864791851 ], [ 82.145161144912365, 20.287288293124384 ], [ 82.108454770717728, 20.290895214193903 ], [ 82.085599858483334, 20.329915542127804 ], [ 82.085253571934331, 20.410579413318889 ], [ 82.061359800052927, 20.437467370382585 ], [ 82.047854624641687, 20.500752440056893 ], [ 82.020844273819222, 20.52731249520518 ], [ 82.017727694878175, 20.576169880601405 ], [ 81.994526496094778, 20.635192225375373 ], [ 82.012533396643079, 20.673228847563038 ], [ 81.983099039977574, 20.701756314203791 ], [ 81.981367607232556, 20.724053644451732 ], [ 81.922845180450551, 20.751597405346249 ], [ 81.909340005039311, 20.78668291029522 ], [ 81.924230326646565, 20.813242965443504 ], [ 81.904145706804229, 20.834884491860624 ], [ 81.893410823785047, 20.863739860416786 ], [ 81.891333104491011, 20.869642094894182 ], [ 81.88821652554995, 20.877511740864044 ], [ 81.892371964138022, 20.898169561534935 ], [ 81.87678906943276, 20.919155284121231 ], [ 81.876442782883743, 20.919811087952056 ], [ 81.876442782883743, 20.924073812852395 ], [ 81.873326203942696, 20.96473365036335 ], [ 81.866054186413578, 20.962110435040064 ], [ 81.877827929079771, 20.975554413571913 ], [ 81.877827929079771, 20.976866021233555 ], [ 81.881290794569836, 20.979489236556844 ], [ 81.95366468331207, 21.036544169838344 ], [ 81.988293338212671, 21.083434143742107 ] ] ] } },
{ "type": "Feature", "properties": { "dt_code": "410", "district": "Raipur", "st_code": "22", "year": "2011_c", "st_nm": "Chhattisgarh" }, "geometry": { "type": "Polygon", "coordinates": [ [ [ 82.193294975224191, 21.379201671442758 ], [ 82.145853718010372, 21.311325974952698 ], [ 82.089409010522402, 21.276240470003728 ], [ 82.058935794209887, 21.263452295302702 ], [ 82.043352899504612, 21.247385101447566 ], [ 82.032964303034433, 21.236892240154418 ], [ 82.028462577897358, 21.232301613338663 ], [ 82.026731145152326, 21.226399378861267 ], [ 82.015996262133143, 21.186395345181136 ], [ 82.006646525309989, 21.15196564406299 ], [ 81.988293338212671, 21.083434143742107 ], [ 81.95366468331207, 21.036544169838344 ], [ 81.881290794569836, 20.979489236556844 ], [ 81.877827929079771, 20.976866021233555 ], [ 81.877827929079771, 20.975554413571913 ], [ 81.866054186413578, 20.962110435040064 ], [ 81.859128455433449, 20.959487219716777 ], [ 81.85670444959041, 20.951617573746915 ], [ 81.848393572414267, 20.942108418199997 ], [ 81.842852987630167, 20.941452614369176 ], [ 81.815150063709694, 20.946043241184928 ], [ 81.814803777160691, 20.94637114310034 ], [ 81.814803777160691, 20.94637114310034 ], [ 81.810648338572619, 20.963094140786296 ], [ 81.810648338572619, 20.963422042701708 ], [ 81.779482549162083, 20.969324277179105 ], [ 81.748316759751546, 21.011623624267113 ], [ 81.707454946968852, 21.01818166257533 ], [ 81.682176028891419, 20.995884332327389 ], [ 81.681483455793398, 20.996212234242801 ], [ 81.626077607952453, 21.019165368321566 ], [ 81.614303865286246, 21.024083897052726 ], [ 81.61222614599221, 21.022444387475673 ], [ 81.611187286345199, 21.026051308545192 ], [ 81.594911818541917, 21.038839483246221 ], [ 81.586600941365774, 21.044413815808205 ], [ 81.587639801012799, 21.045069619639026 ], [ 81.585562081718763, 21.046381227300671 ], [ 81.606339274659106, 21.059825205832517 ], [ 81.585562081718763, 21.069990165210257 ], [ 81.577943777640627, 21.073597086279776 ], [ 81.57725120454262, 21.073924988195188 ], [ 81.577597491091623, 21.076220301603065 ], [ 81.58071407003267, 21.119831256352718 ], [ 81.58071407003267, 21.121470765929772 ], [ 81.581060356581673, 21.121798667845184 ], [ 81.605300415012096, 21.148358722993468 ], [ 81.60322269571806, 21.158523682371207 ], [ 81.60322269571806, 21.158851584286619 ], [ 81.625385034854446, 21.161474799609906 ], [ 81.602183836071035, 21.206725263936612 ], [ 81.542968836191022, 21.247057199532158 ], [ 81.542968836191022, 21.247713003362978 ], [ 81.546085415132083, 21.269682431695511 ], [ 81.534311672465876, 21.295914584928383 ], [ 81.535350532112901, 21.296570388759207 ], [ 81.549894567171151, 21.30509583855989 ], [ 81.553703719210205, 21.331983795623586 ], [ 81.554050005759223, 21.333295403285231 ], [ 81.58071407003267, 21.331983795623586 ], [ 81.595950678188942, 21.342804558832146 ], [ 81.592141526149874, 21.356904341194817 ], [ 81.610840999796196, 21.365429790995499 ], [ 81.610148426698174, 21.387399219328032 ], [ 81.624346175207421, 21.388055023158852 ], [ 81.630579333089528, 21.394613061467073 ], [ 81.637851350618661, 21.40379431509858 ], [ 81.622614742462389, 21.465767777111243 ], [ 81.630925619638532, 21.474621128827337 ], [ 81.628155327246489, 21.50806712419925 ], [ 81.644430795049772, 21.5215111027311 ], [ 81.643391935402747, 21.546103746386919 ], [ 81.667285707284165, 21.549382765541029 ], [ 81.666593134186144, 21.568073174719451 ], [ 81.681137169244394, 21.575287016858489 ], [ 81.682868601989426, 21.578893937928012 ], [ 81.694296058106616, 21.600863366260544 ], [ 81.694988631204637, 21.592337916459858 ], [ 81.695334917753641, 21.592010014544449 ], [ 81.69775892359668, 21.591026308798217 ], [ 81.702606935282759, 21.589058897305751 ], [ 81.751433338692607, 21.583156662828355 ], [ 81.741737315320435, 21.601191268175953 ], [ 81.747970473202543, 21.613323639046158 ], [ 81.770132812338929, 21.608733012230406 ], [ 81.785369420495186, 21.625783911831775 ], [ 81.79368029767133, 21.596600641360201 ], [ 81.844584420375199, 21.595616935613968 ], [ 81.858089595786439, 21.609388816061227 ], [ 81.861898747825506, 21.593977426036915 ], [ 81.888909098647957, 21.575287016858489 ], [ 81.900682841314165, 21.599879660514311 ], [ 81.920767461156515, 21.594633229867735 ], [ 81.936350355861777, 21.571352193873558 ], [ 81.924230326646565, 21.553973392356781 ], [ 81.934965209665748, 21.525445925716031 ], [ 81.930117197979669, 21.492327832259527 ], [ 81.952279537116056, 21.488720911190008 ], [ 81.954010969861088, 21.47232581541946 ], [ 81.990024770957703, 21.473965324996517 ], [ 81.994180209545775, 21.459865542633846 ], [ 82.019805414172211, 21.448388975594462 ], [ 82.034003162681458, 21.455602817733503 ], [ 82.054434069072798, 21.436584506639669 ], [ 82.07867412750322, 21.435600800893436 ], [ 82.1181507940899, 21.412647666814674 ], [ 82.117458220991892, 21.383464396343101 ], [ 82.117458220991892, 21.382480690596868 ], [ 82.118497080638903, 21.381496984850635 ], [ 82.143083425618329, 21.359855458433515 ], [ 82.14412228526534, 21.359199654602691 ], [ 82.144468571814343, 21.359527556518103 ], [ 82.170093776440794, 21.381824886766047 ], [ 82.193294975224191, 21.379201671442758 ] ] ] } },
{ "type": "Feature", "properties": { "dt_code": "409", "district": "Durg", "st_code": "22", "year": "2011_c", "st_nm": "Chhattisgarh" }, "geometry": { "type": "Polygon", "coordinates": [ [ [ 81.553703719210205, 21.331983795623586 ], [ 81.549894567171151, 21.30509583855989 ], [ 81.535350532112901, 21.296570388759207 ], [ 81.534311672465876, 21.295914584928383 ], [ 81.546085415132083, 21.269682431695511 ], [ 81.542968836191022, 21.247713003362978 ], [ 81.542968836191022, 21.247057199532158 ], [ 81.602183836071035, 21.206725263936612 ], [ 81.625385034854446, 21.161474799609906 ], [ 81.60322269571806, 21.158851584286619 ], [ 81.60322269571806, 21.158523682371207 ], [ 81.605300415012096, 21.148358722993468 ], [ 81.581060356581673, 21.121798667845184 ], [ 81.58071407003267, 21.121470765929772 ], [ 81.58071407003267, 21.119831256352718 ], [ 81.577597491091623, 21.076220301603065 ], [ 81.57725120454262, 21.073924988195188 ], [ 81.577943777640627, 21.073597086279776 ], [ 81.585562081718763, 21.069990165210257 ], [ 81.606339274659106, 21.059825205832517 ], [ 81.585562081718763, 21.046381227300671 ], [ 81.587639801012799, 21.045069619639026 ], [ 81.586600941365774, 21.044413815808205 ], [ 81.594911818541917, 21.038839483246221 ], [ 81.611187286345199, 21.026051308545192 ], [ 81.61222614599221, 21.022444387475673 ], [ 81.607031847757128, 21.01818166257533 ], [ 81.621229596266375, 20.991293705511637 ], [ 81.613957578737242, 20.984407765288005 ], [ 81.609455853600167, 20.981128746133898 ], [ 81.609455853600167, 20.980472942303074 ], [ 81.609455853600167, 20.979817138472253 ], [ 81.607378134306131, 20.961782533124651 ], [ 81.590410093404842, 20.951617573746915 ], [ 81.588678660659809, 20.940796810538352 ], [ 81.580021496934663, 20.938829399045886 ], [ 81.540891116896987, 20.930303949245204 ], [ 81.540544830347983, 20.929976047329792 ], [ 81.523576789446693, 20.89685795387329 ], [ 81.49829787136926, 20.894234738550004 ], [ 81.49829787136926, 20.894234738550004 ], [ 81.49829787136926, 20.894234738550004 ], [ 81.485138982507038, 20.870625800640415 ], [ 81.471980093644802, 20.870625800640415 ], [ 81.459860064429606, 20.868986291063361 ], [ 81.466439508860717, 20.85423070486987 ], [ 81.451549187253462, 20.848984274223294 ], [ 81.416574245803858, 20.849312176138707 ], [ 81.388178748785364, 20.868658389147949 ], [ 81.391295327726425, 20.880790760018154 ], [ 81.399606204902568, 20.876855937033223 ], [ 81.413111380313794, 20.889972013649661 ], [ 81.40480050313765, 20.940141006707531 ], [ 81.428001701921048, 20.963422042701708 ], [ 81.403415356941636, 20.982768255710951 ], [ 81.420729684391929, 20.987686784442115 ], [ 81.420037111293908, 21.006377193620537 ], [ 81.394065620118468, 21.015886349167456 ], [ 81.3902564680794, 21.055890382847586 ], [ 81.389217608432389, 21.055890382847586 ], [ 81.371556994433078, 21.054578775185945 ], [ 81.365670123099989, 21.038183679415397 ], [ 81.328963748905352, 21.036544169838344 ], [ 81.304377403925926, 21.040478992823274 ], [ 81.30126082498488, 21.062120519240395 ], [ 81.272172754868379, 21.049332344539369 ], [ 81.27078760867235, 21.037199973669164 ], [ 81.224385211105556, 21.047037031131492 ], [ 81.219537199419477, 21.028346621953069 ], [ 81.208802316400295, 21.028346621953069 ], [ 81.191834275499005, 21.039495287077042 ], [ 81.191487988949987, 21.07162967478731 ], [ 81.158590766794433, 21.069662263294845 ], [ 81.15928333989244, 21.078187713095531 ], [ 81.155820474402375, 21.076548203518477 ], [ 81.154089041657343, 21.082450437995874 ], [ 81.152703895461329, 21.090320083965736 ], [ 81.166209070872554, 21.103108258666762 ], [ 81.19079541585198, 21.092287495458201 ], [ 81.191834275499005, 21.091959593542789 ], [ 81.195989714087062, 21.094910710781487 ], [ 81.204646877812223, 21.101140847174296 ], [ 81.207070883655263, 21.103108258666762 ], [ 81.195643427538059, 21.121142864014363 ], [ 81.208456029851277, 21.125077686999294 ], [ 81.21676690702742, 21.168360739833535 ], [ 81.195989714087062, 21.196560304558872 ], [ 81.19876000647912, 21.222136653960927 ], [ 81.148548456873257, 21.211971694583188 ], [ 81.15027988961829, 21.227055182692091 ], [ 81.164131351578519, 21.235580632492773 ], [ 81.148548456873257, 21.238859651646884 ], [ 81.163092491931508, 21.250664120601677 ], [ 81.162399918833486, 21.293947173435917 ], [ 81.174173661499694, 21.296242486843795 ], [ 81.186293690714905, 21.333951207116051 ], [ 81.19633600063608, 21.335918618608517 ], [ 81.188025123459937, 21.343788264578379 ], [ 81.192526848597012, 21.387727121243444 ], [ 81.175558807695722, 21.399859492113649 ], [ 81.184562257969873, 21.407729138083511 ], [ 81.171057082558647, 21.433961291316383 ], [ 81.18179196557783, 21.482490774797199 ], [ 81.15928333989244, 21.486097695866718 ], [ 81.157898193696411, 21.502164889721854 ], [ 81.187678836910933, 21.496262655244458 ], [ 81.201530298871162, 21.520527396984868 ], [ 81.204646877812223, 21.517904181661578 ], [ 81.209841176047306, 21.507083418453018 ], [ 81.219537199419477, 21.507083418453018 ], [ 81.221268632164509, 21.507083418453018 ], [ 81.22230749181152, 21.507083418453018 ], [ 81.219537199419477, 21.533315571685893 ], [ 81.24827898298696, 21.533643473601302 ], [ 81.268709889378314, 21.533971375516714 ], [ 81.271480181770372, 21.533315571685893 ], [ 81.274250474162415, 21.513641456761238 ], [ 81.30126082498488, 21.512657751015006 ], [ 81.313727140749094, 21.537578296586233 ], [ 81.328271175807345, 21.532659767855073 ], [ 81.330695181650384, 21.541185217655755 ], [ 81.355974099727817, 21.544136334894453 ], [ 81.359090678668863, 21.541513119571167 ], [ 81.376058719570153, 21.515936770169112 ], [ 81.389217608432389, 21.523478514223566 ], [ 81.396489625961507, 21.522166906561921 ], [ 81.464015503017663, 21.508722928030075 ], [ 81.464361789566681, 21.495606851413637 ], [ 81.44670117556737, 21.499541674398568 ], [ 81.441853163881291, 21.487081401612954 ], [ 81.441853163881291, 21.487081401612954 ], [ 81.469556087801763, 21.471670011588639 ], [ 81.44981775450843, 21.451340092833163 ], [ 81.451895473802466, 21.427403253008166 ], [ 81.438390298391226, 21.407729138083511 ], [ 81.468517228154752, 21.40871284382974 ], [ 81.468517228154752, 21.421173116615357 ], [ 81.468863514703756, 21.421173116615357 ], [ 81.489640707644114, 21.417566195545838 ], [ 81.497605298271253, 21.413303470645495 ], [ 81.499683017565289, 21.40871284382974 ], [ 81.493796146232185, 21.401826903606114 ], [ 81.483407549762006, 21.398219982536592 ], [ 81.478559538075913, 21.384120200173921 ], [ 81.499336731016271, 21.37198782930372 ], [ 81.495873865526221, 21.353953223956118 ], [ 81.496220152075225, 21.353953223956118 ], [ 81.535350532112901, 21.34772308756331 ], [ 81.550933426818162, 21.331983795623586 ], [ 81.553703719210205, 21.331983795623586 ] ] ] } },
{ "type": "Feature", "properties": { "dt_code": "412", "district": "Dhamtari", "st_code": "22", "year": "2011_c", "st_nm": "Chhattisgarh" }, "geometry": { "type": "MultiPolygon", "coordinates": [ [ [ [ 81.444623456273334, 20.58830225147161 ], [ 81.458128631684573, 20.623387756420581 ], [ 81.459167491331584, 20.625683069828455 ], [ 81.459513777880588, 20.621420344928115 ], [ 81.459860064429606, 20.612894895127429 ], [ 81.460206350978609, 20.612239091296608 ], [ 81.444623456273334, 20.58830225147161 ] ] ], [ [ [ 81.814111204062684, 20.167604093999394 ], [ 81.814111204062684, 20.167604093999394 ], [ 81.814111204062684, 20.167604093999394 ], [ 81.800952315200448, 20.214166165987749 ], [ 81.785369420495186, 20.209247637256581 ], [ 81.774980824025008, 20.232200771335346 ], [ 81.784330560848161, 20.261056139891508 ], [ 81.79922088245543, 20.255809709244936 ], [ 81.80025974210244, 20.264990962876439 ], [ 81.80025974210244, 20.264990962876439 ], [ 81.799913455553437, 20.264990962876439 ], [ 81.789178572534254, 20.287616195039792 ], [ 81.788832285985251, 20.287944096955204 ], [ 81.787793426338226, 20.286960391208972 ], [ 81.774288250927, 20.27909074523911 ], [ 81.760436788966757, 20.283025568224041 ], [ 81.761129362064764, 20.300076467825409 ], [ 81.768401379593897, 20.310569329118557 ], [ 81.795065443867358, 20.326308621058281 ], [ 81.781560268456118, 20.3568034991915 ], [ 81.7632070813588, 20.354508185783622 ], [ 81.769093952691904, 20.382379848593551 ], [ 81.736196730536335, 20.419104863119575 ], [ 81.735157870889324, 20.48206203087847 ], [ 81.69221833881258, 20.48140622704765 ], [ 81.653087958774918, 20.496817617071962 ], [ 81.640967929559707, 20.501736145803125 ], [ 81.602876409169056, 20.516819633912029 ], [ 81.59768211093396, 20.518787045404494 ], [ 81.54123740344599, 20.515180124334975 ], [ 81.538467111053947, 20.500752440056893 ], [ 81.519767637407625, 20.494194401748675 ], [ 81.514573339172543, 20.497145518987374 ], [ 81.502799596506335, 20.520098653066139 ], [ 81.459167491331584, 20.51386851667333 ], [ 81.456743485488545, 20.51386851667333 ], [ 81.410687374470754, 20.525672985628123 ], [ 81.410341087921751, 20.554528354184285 ], [ 81.410341087921751, 20.554528354184285 ], [ 81.410341087921751, 20.554528354184285 ], [ 81.455012052743513, 20.566988626969902 ], [ 81.447393748665391, 20.585351134232912 ], [ 81.44981775450843, 20.585351134232912 ], [ 81.515612198819554, 20.589613859133255 ], [ 81.471287520546795, 20.59518819169524 ], [ 81.512841906427511, 20.613550698958253 ], [ 81.510764187133475, 20.623715658335989 ], [ 81.497259011722235, 20.610599581719555 ], [ 81.488601847997089, 20.626994677490099 ], [ 81.500375590663296, 20.636503833037018 ], [ 81.494488719330192, 20.66208018243907 ], [ 81.510417900584471, 20.663391790100711 ], [ 81.515958485368557, 20.713888685073993 ], [ 81.491025853840128, 20.714216586989405 ], [ 81.47821325152691, 20.727332663605843 ], [ 81.487909274899081, 20.758811247485291 ], [ 81.478559538075913, 20.776190049002068 ], [ 81.510764187133475, 20.7981594773346 ], [ 81.516997345015582, 20.827670649721586 ], [ 81.493449859683182, 20.833572884198983 ], [ 81.49829787136926, 20.847016862730829 ], [ 81.475442959134867, 20.856198116362336 ], [ 81.472326380193806, 20.869642094894182 ], [ 81.471980093644802, 20.870625800640415 ], [ 81.485138982507038, 20.870625800640415 ], [ 81.49829787136926, 20.894234738550004 ], [ 81.49829787136926, 20.894234738550004 ], [ 81.49829787136926, 20.894234738550004 ], [ 81.523576789446693, 20.89685795387329 ], [ 81.540544830347983, 20.929976047329792 ], [ 81.540891116896987, 20.930303949245204 ], [ 81.580021496934663, 20.938829399045886 ], [ 81.588678660659809, 20.940796810538352 ], [ 81.590410093404842, 20.951617573746915 ], [ 81.607378134306131, 20.961782533124651 ], [ 81.609455853600167, 20.979817138472253 ], [ 81.609455853600167, 20.980472942303074 ], [ 81.609455853600167, 20.981128746133898 ], [ 81.613957578737242, 20.984407765288005 ], [ 81.621229596266375, 20.991293705511637 ], [ 81.607031847757128, 21.01818166257533 ], [ 81.61222614599221, 21.022444387475673 ], [ 81.614303865286246, 21.024083897052726 ], [ 81.626077607952453, 21.019165368321566 ], [ 81.681483455793398, 20.996212234242801 ], [ 81.682176028891419, 20.995884332327389 ], [ 81.707454946968852, 21.01818166257533 ], [ 81.748316759751546, 21.011623624267113 ], [ 81.779482549162083, 20.969324277179105 ], [ 81.810648338572619, 20.963422042701708 ], [ 81.810648338572619, 20.963094140786296 ], [ 81.814803777160691, 20.94637114310034 ], [ 81.814803777160691, 20.94637114310034 ], [ 81.815150063709694, 20.946043241184928 ], [ 81.842852987630167, 20.941452614369176 ], [ 81.848393572414267, 20.942108418199997 ], [ 81.85670444959041, 20.951617573746915 ], [ 81.859128455433449, 20.959487219716777 ], [ 81.866054186413578, 20.962110435040064 ], [ 81.873326203942696, 20.96473365036335 ], [ 81.876442782883743, 20.924073812852395 ], [ 81.876442782883743, 20.919811087952056 ], [ 81.87678906943276, 20.919155284121231 ], [ 81.892371964138022, 20.898169561534935 ], [ 81.88821652554995, 20.877511740864044 ], [ 81.891333104491011, 20.869642094894182 ], [ 81.893410823785047, 20.863739860416786 ], [ 81.904145706804229, 20.834884491860624 ], [ 81.924230326646565, 20.813242965443504 ], [ 81.909340005039311, 20.78668291029522 ], [ 81.922845180450551, 20.751597405346249 ], [ 81.981367607232556, 20.724053644451732 ], [ 81.983099039977574, 20.701756314203791 ], [ 82.012533396643079, 20.673228847563038 ], [ 81.994526496094778, 20.635192225375373 ], [ 82.017727694878175, 20.576169880601405 ], [ 82.020844273819222, 20.52731249520518 ], [ 82.047854624641687, 20.500752440056893 ], [ 82.061359800052927, 20.437467370382585 ], [ 82.085253571934331, 20.410579413318889 ], [ 82.085599858483334, 20.329915542127804 ], [ 82.108454770717728, 20.290895214193903 ], [ 82.145161144912365, 20.287288293124384 ], [ 82.160397753068622, 20.265318864791851 ], [ 82.180136086361969, 20.257121316906577 ], [ 82.148277723853411, 20.219084694718909 ], [ 82.147931437304408, 20.218100988972679 ], [ 82.133387402246157, 20.183015484023709 ], [ 82.137196554285225, 20.148913684820972 ], [ 82.114341642050832, 20.134813902458305 ], [ 82.107415911070717, 20.110221258802483 ], [ 82.100143893541585, 20.105630631986731 ], [ 82.035388308877472, 20.099400495593922 ], [ 82.017727694878175, 20.049231502536053 ], [ 82.017727694878175, 20.04890360062064 ], [ 81.995219069192785, 20.053494227436396 ], [ 81.946392665782952, 20.105302730071319 ], [ 81.946046379233948, 20.104646926240498 ], [ 81.895142256530065, 20.04824779678982 ], [ 81.876096496334739, 20.052182619774751 ], [ 81.867785619158596, 20.088579732385362 ], [ 81.84527699347322, 20.112844474125772 ], [ 81.846315853120231, 20.164325074845287 ], [ 81.821036935042798, 20.169243603576451 ], [ 81.814111204062684, 20.167604093999394 ] ] ] ] } },
{ "type": "Feature", "properties": { "dt_code": "719", "district": "Balod", "st_code": "22", "year": "update2014", "st_nm": "Chhattisgarh" }, "geometry": { "type": "Polygon", "coordinates": [ [ [ 81.410341087921751, 20.554528354184285 ], [ 81.386447316040332, 20.533542631597985 ], [ 81.357359245923845, 20.555184158015109 ], [ 81.324462023768277, 20.562725902069559 ], [ 81.324462023768277, 20.562725902069559 ], [ 81.291218515063704, 20.516491731996616 ], [ 81.253126994673053, 20.498785028564427 ], [ 81.263861877692236, 20.480750423216826 ], [ 81.248971556084982, 20.456157779561007 ], [ 81.254165854320064, 20.447304427844912 ], [ 81.234773807575735, 20.443697506775393 ], [ 81.221961205262517, 20.418776961204163 ], [ 81.173134801852683, 20.406316688418549 ], [ 81.149241029971265, 20.377133417946975 ], [ 81.077213427778034, 20.418776961204163 ], [ 81.033581322603283, 20.427302411004845 ], [ 80.992026936722567, 20.459436798715117 ], [ 80.992026936722567, 20.459436798715117 ], [ 80.98336977299742, 20.500752440056893 ], [ 80.960861147312031, 20.507310478365113 ], [ 80.95428170288092, 20.540756473737027 ], [ 80.989602930879528, 20.544035492891137 ], [ 80.985101205742453, 20.558463177169216 ], [ 81.006570971780818, 20.573874567193531 ], [ 81.006570971780818, 20.59846721084935 ], [ 80.958437141468991, 20.63027369664421 ], [ 80.952896556684891, 20.643061871345235 ], [ 80.961900006959056, 20.664047593931535 ], [ 80.927617638607458, 20.667654515001054 ], [ 80.918614188333308, 20.648308301991811 ], [ 80.909610738059158, 20.665687103508589 ], [ 80.881907814138671, 20.655850046046261 ], [ 80.85489746331622, 20.670933534155164 ], [ 80.859052901904292, 20.689296041418174 ], [ 80.816459656376551, 20.688640237587354 ], [ 80.80330076751433, 20.722414134874679 ], [ 80.819576235317612, 20.745039367038032 ], [ 80.818191089121584, 20.760778658977756 ], [ 80.861476907747331, 20.780124871987002 ], [ 80.883639246883703, 20.803733809896588 ], [ 80.90026100123599, 20.807996534796928 ], [ 80.900607287784993, 20.786355008379807 ], [ 80.921384480725351, 20.782420185394876 ], [ 80.925193632764419, 20.771927324101728 ], [ 80.956705708723959, 20.823407924821243 ], [ 80.978521761311342, 20.81094765203563 ], [ 80.975058895821277, 20.828982257383228 ], [ 80.969172024488174, 20.824719532482888 ], [ 80.949433691194841, 20.843082039745898 ], [ 80.995143515663628, 20.883413975341441 ], [ 80.965709158998123, 20.907678717081851 ], [ 80.962938866606066, 20.94965016225445 ], [ 80.941815387116705, 20.946699045015748 ], [ 80.953242843233909, 20.969652179094513 ], [ 80.939045094724662, 20.977193923148967 ], [ 80.956013135625952, 20.983096157626363 ], [ 80.953589129782912, 21.00309817446643 ], [ 80.987525211585492, 21.007688801282182 ], [ 81.024577872329132, 20.992605313173279 ], [ 81.060937959974751, 20.992605313173279 ], [ 81.120499246403767, 21.004409782128072 ], [ 81.1513187492653, 21.056874088593819 ], [ 81.144393018285186, 21.070318067125669 ], [ 81.1513187492653, 21.0742528901106 ], [ 81.155820474402375, 21.076548203518477 ], [ 81.15928333989244, 21.078187713095531 ], [ 81.158590766794433, 21.069662263294845 ], [ 81.191487988949987, 21.07162967478731 ], [ 81.191834275499005, 21.039495287077042 ], [ 81.208802316400295, 21.028346621953069 ], [ 81.219537199419477, 21.028346621953069 ], [ 81.224385211105556, 21.047037031131492 ], [ 81.27078760867235, 21.037199973669164 ], [ 81.272172754868379, 21.049332344539369 ], [ 81.30126082498488, 21.062120519240395 ], [ 81.304377403925926, 21.040478992823274 ], [ 81.328963748905352, 21.036544169838344 ], [ 81.365670123099989, 21.038183679415397 ], [ 81.371556994433078, 21.054578775185945 ], [ 81.389217608432389, 21.055890382847586 ], [ 81.3902564680794, 21.055890382847586 ], [ 81.394065620118468, 21.015886349167456 ], [ 81.420037111293908, 21.006377193620537 ], [ 81.420729684391929, 20.987686784442115 ], [ 81.403415356941636, 20.982768255710951 ], [ 81.428001701921048, 20.963422042701708 ], [ 81.40480050313765, 20.940141006707531 ], [ 81.413111380313794, 20.889972013649661 ], [ 81.399606204902568, 20.876855937033223 ], [ 81.391295327726425, 20.880790760018154 ], [ 81.388178748785364, 20.868658389147949 ], [ 81.416574245803858, 20.849312176138707 ], [ 81.451549187253462, 20.848984274223294 ], [ 81.466439508860717, 20.85423070486987 ], [ 81.459860064429606, 20.868986291063361 ], [ 81.471980093644802, 20.870625800640415 ], [ 81.472326380193806, 20.869642094894182 ], [ 81.475442959134867, 20.856198116362336 ], [ 81.49829787136926, 20.847016862730829 ], [ 81.493449859683182, 20.833572884198983 ], [ 81.516997345015582, 20.827670649721586 ], [ 81.510764187133475, 20.7981594773346 ], [ 81.478559538075913, 20.776190049002068 ], [ 81.487909274899081, 20.758811247485291 ], [ 81.47821325152691, 20.727332663605843 ], [ 81.491025853840128, 20.714216586989405 ], [ 81.515958485368557, 20.713888685073993 ], [ 81.510417900584471, 20.663391790100711 ], [ 81.494488719330192, 20.66208018243907 ], [ 81.500375590663296, 20.636503833037018 ], [ 81.488601847997089, 20.626994677490099 ], [ 81.497259011722235, 20.610599581719555 ], [ 81.510764187133475, 20.623715658335989 ], [ 81.512841906427511, 20.613550698958253 ], [ 81.471287520546795, 20.59518819169524 ], [ 81.515612198819554, 20.589613859133255 ], [ 81.44981775450843, 20.585351134232912 ], [ 81.447393748665391, 20.585351134232912 ], [ 81.455012052743513, 20.566988626969902 ], [ 81.410341087921751, 20.554528354184285 ], [ 81.410341087921751, 20.554528354184285 ] ], [ [ 81.444623456273334, 20.58830225147161 ], [ 81.460206350978609, 20.612239091296608 ], [ 81.459860064429606, 20.612894895127429 ], [ 81.459513777880588, 20.621420344928115 ], [ 81.459167491331584, 20.625683069828455 ], [ 81.458128631684573, 20.623387756420581 ], [ 81.444623456273334, 20.58830225147161 ] ] ] } },
{ "type": "Feature", "properties": { "dt_code": "407", "district": "Kabeerdham", "st_code": "22", "year": "2011_c", "st_nm": "Chhattisgarh" }, "geometry": { "type": "Polygon", "coordinates": [ [ [ 81.475442959134867, 22.489149655108736 ], [ 81.469902374350767, 22.483903224462161 ], [ 81.47578924568387, 22.45570365973682 ], [ 81.491372140389146, 22.447834013766958 ], [ 81.488255561448085, 22.422913468195731 ], [ 81.501760736859325, 22.399960334116965 ], [ 81.516304771917561, 22.394713903470389 ], [ 81.516304771917561, 22.394386001554977 ], [ 81.512149333329489, 22.381269924938543 ], [ 81.555435151955237, 22.343889106581695 ], [ 81.554396292308226, 22.341593793173821 ], [ 81.540891116896987, 22.315033738025534 ], [ 81.523923075995697, 22.307819895886496 ], [ 81.538813397602951, 22.285194663723139 ], [ 81.531541380073833, 22.274373900514579 ], [ 81.551625999916169, 22.266832156460129 ], [ 81.55231857301419, 22.240927905142666 ], [ 81.533272812818865, 22.212728340417328 ], [ 81.528771087681775, 22.161903543528634 ], [ 81.515612198819554, 22.154033897558772 ], [ 81.52080649705465, 22.084190789576244 ], [ 81.506608748545403, 22.038284521418717 ], [ 81.511803046780486, 22.019266210324883 ], [ 81.501068163761303, 22.003526918385155 ], [ 81.502453309957332, 22.013036073932074 ], [ 81.502453309957332, 22.013036073932074 ], [ 81.47578924568387, 22.01500348542454 ], [ 81.472672666742824, 22.013691877762895 ], [ 81.47475038603686, 22.007461741370086 ], [ 81.485831555605046, 21.99664097816153 ], [ 81.467478368507727, 21.978934274729337 ], [ 81.477520678428903, 21.964178688535846 ], [ 81.451202900704445, 21.950406808088587 ], [ 81.450164041057434, 21.936962829556741 ], [ 81.462630356821649, 21.931716398910165 ], [ 81.451895473802466, 21.926797870179001 ], [ 81.454665766194509, 21.914009695477976 ], [ 81.43873658494023, 21.907779559085167 ], [ 81.44981775450843, 21.902533128438591 ], [ 81.425577696078008, 21.899254109284485 ], [ 81.415881672705851, 21.915649205055029 ], [ 81.407570795529708, 21.888105444160512 ], [ 81.391641614275429, 21.881547405852295 ], [ 81.396489625961507, 21.849740920057435 ], [ 81.399259918353565, 21.83105051087901 ], [ 81.399259918353565, 21.830722608963601 ], [ 81.363938690354956, 21.831706314709834 ], [ 81.332426614395416, 21.849085116226611 ], [ 81.319960298631202, 21.831378412794422 ], [ 81.343161497414599, 21.768093343120114 ], [ 81.343161497414599, 21.768093343120114 ], [ 81.31026427525903, 21.757928383742374 ], [ 81.294681380553769, 21.769404950781759 ], [ 81.254858427418085, 21.746451816702994 ], [ 81.223000064909527, 21.755960972249909 ], [ 81.229925795889656, 21.721859173047175 ], [ 81.233388661379706, 21.718252251977653 ], [ 81.230964655536667, 21.716284840485187 ], [ 81.223692638007549, 21.710054704092382 ], [ 81.217805766674445, 21.704808273445806 ], [ 81.197374860283091, 21.707431488769092 ], [ 81.172095942205658, 21.705136175361218 ], [ 81.171403369107651, 21.707431488769092 ], [ 81.130541556324943, 21.716284840485187 ], [ 81.126386117736871, 21.704480371530394 ], [ 81.102492345855467, 21.734319445832789 ], [ 81.059899100327726, 21.723826584539641 ], [ 81.027348164721175, 21.74153328797183 ], [ 80.999298954251699, 21.727761407524572 ], [ 80.971942316880217, 21.75989579523484 ], [ 80.952896556684891, 21.767437539289293 ], [ 80.95428170288092, 21.786455850383128 ], [ 80.930041644450498, 21.824492472570793 ], [ 80.877406089001596, 21.823836668739972 ], [ 80.846240299591059, 21.835641137694765 ], [ 80.845894013042056, 21.83432953003312 ], [ 80.842777434101009, 21.835313235779353 ], [ 80.839314568610945, 21.848101410480378 ], [ 80.839314568610945, 21.848101410480378 ], [ 80.852473457473167, 21.854331546873187 ], [ 80.842431147552006, 21.864824408166335 ], [ 80.843123720650013, 21.865480211997159 ], [ 80.852473457473167, 21.873021956051609 ], [ 80.852819744022185, 21.873349857967021 ], [ 80.834120270375863, 21.889089149906745 ], [ 80.833081410728838, 21.896630893961195 ], [ 80.839314568610945, 21.918928224209139 ], [ 80.844162580297024, 21.935979123810508 ], [ 80.845894013042056, 21.942537162118725 ], [ 80.825463106650716, 21.958276454058449 ], [ 80.847625445787088, 21.955653238735163 ], [ 80.856628896061238, 21.96483449236667 ], [ 80.882600387236693, 22.058942342089605 ], [ 80.896798135745939, 22.064516674651589 ], [ 80.907879305314125, 22.109439237062887 ], [ 80.922077053823372, 22.119932098356035 ], [ 80.957051995272963, 22.110422942809119 ], [ 80.971942316880217, 22.085174495322477 ], [ 80.969864597586181, 22.057302832512548 ], [ 80.984408632644431, 22.048777382711865 ], [ 80.988910357781521, 22.051072696119739 ], [ 81.002069246643742, 22.057958636343372 ], [ 81.003108106290753, 22.058614440174193 ], [ 81.003800679388775, 22.059926047835837 ], [ 81.005185825584789, 22.062549263159124 ], [ 81.008994977623857, 22.071074712959806 ], [ 81.001376673545735, 22.083534985745423 ], [ 81.011418983466896, 22.095667356615628 ], [ 80.990295503977535, 22.11370196196323 ], [ 80.980945767154381, 22.110095040893707 ], [ 80.97782918821332, 22.122555313679321 ], [ 80.994450942565607, 22.135671390295759 ], [ 81.021807579937075, 22.13272027305706 ], [ 81.026655591623168, 22.166494170344386 ], [ 81.016613281701993, 22.18551248143822 ], [ 81.03081103021124, 22.187479892930686 ], [ 81.031503603309247, 22.199612263800891 ], [ 81.019383574094036, 22.221253790218011 ], [ 81.045008778720472, 22.240600003227257 ], [ 81.072711702640959, 22.248469649197119 ], [ 81.079637433621073, 22.239288395565612 ], [ 81.118767813658749, 22.291424800115948 ], [ 81.113573515423653, 22.32421499165704 ], [ 81.121191819501789, 22.342577498920051 ], [ 81.103877492051481, 22.383237336431009 ], [ 81.104570065149503, 22.390123276654634 ], [ 81.11080322303161, 22.436029544812165 ], [ 81.155127901304368, 22.455047855905999 ], [ 81.172788515303665, 22.487838047447092 ], [ 81.174173661499694, 22.488165949362504 ], [ 81.193565708244023, 22.49144496851661 ], [ 81.193911994793041, 22.490461262770381 ], [ 81.196682287185084, 22.48324742063134 ], [ 81.206032024008238, 22.460950090383395 ], [ 81.20776345675327, 22.456687365483056 ], [ 81.217113193576438, 22.457015267398464 ], [ 81.241353252006846, 22.458326875060109 ], [ 81.24827898298696, 22.458654776975521 ], [ 81.2617841583982, 22.472098755507368 ], [ 81.262130444947204, 22.493412380009076 ], [ 81.281176205142529, 22.502921535555995 ], [ 81.307147696317983, 22.481935812969695 ], [ 81.312688281102069, 22.483575322546749 ], [ 81.317190006239144, 22.484886930208393 ], [ 81.320999158278212, 22.486198537870038 ], [ 81.320652871729209, 22.487182243616271 ], [ 81.317536292788162, 22.514398102595376 ], [ 81.328271175807345, 22.525546767719348 ], [ 81.329656322003359, 22.525218865803936 ], [ 81.381945590903257, 22.509807475779624 ], [ 81.389910181530396, 22.452424640582713 ], [ 81.394411906667472, 22.449145621428602 ], [ 81.404107930039643, 22.442587583120385 ], [ 81.406531935882683, 22.440948073543328 ], [ 81.413111380313794, 22.445538700359084 ], [ 81.424538836430997, 22.454064150159766 ], [ 81.428694275019069, 22.457015267398464 ], [ 81.427655415372044, 22.47996840147723 ], [ 81.439082871489248, 22.482263714885107 ], [ 81.447393748665391, 22.465868619114559 ], [ 81.458821204782581, 22.469475540184078 ], [ 81.44670117556737, 22.46980344209949 ], [ 81.451202900704445, 22.486526439785447 ], [ 81.442545736979298, 22.494396085755312 ], [ 81.475442959134867, 22.489149655108736 ] ] ] } },
{ "type": "Feature", "properties": { "dt_code": "405", "district": "Janjgir Champa", "st_code": "22", "year": "2011_c", "st_nm": "Chhattisgarh" }, "geometry": { "type": "Polygon", "coordinates": [ [ [ 82.937118482488955, 22.122883215594733 ], [ 83.015379242564293, 22.076321143606382 ], [ 83.015379242564293, 22.054679617189262 ], [ 83.032347283465597, 22.055663322935494 ], [ 83.005683219192136, 22.028775365871798 ], [ 83.016764388760322, 22.024840542886867 ], [ 83.01260895017225, 22.011068662439609 ], [ 83.021612400446401, 22.001887408808102 ], [ 83.01157009052524, 21.98647601878379 ], [ 82.995294622721957, 21.988771332191668 ], [ 83.003259213349097, 21.965162394282078 ], [ 83.003259213349097, 21.965162394282078 ], [ 83.090869710247588, 21.975327353659818 ], [ 83.117187487972046, 21.931060595079344 ], [ 83.13450181542234, 21.930732693163932 ], [ 83.148353277382583, 21.915321303139621 ], [ 83.186791084322238, 21.927453674009822 ], [ 83.213801435144703, 21.907451657169759 ], [ 83.214494008242724, 21.883842719260169 ], [ 83.178480207146094, 21.850724625803668 ], [ 83.220727166124817, 21.836952745356406 ], [ 83.206183131066581, 21.812032199785179 ], [ 83.2370026339281, 21.790390673368059 ], [ 83.245659797653246, 21.751042443518745 ], [ 83.266436990593604, 21.740877484141009 ], [ 83.264012984750565, 21.715629036654367 ], [ 83.308683949572327, 21.705464077276627 ], [ 83.315955967101459, 21.682838845113274 ], [ 83.170861903067973, 21.718252251977653 ], [ 83.081173686875431, 21.715629036654367 ], [ 83.033039856563605, 21.743172797548883 ], [ 82.948892225155163, 21.724154486455049 ], [ 82.948545938606145, 21.724154486455049 ], [ 82.927768745665801, 21.715956938569779 ], [ 82.871324038177832, 21.693331706406425 ], [ 82.790292985710437, 21.723826584539641 ], [ 82.695410471282813, 21.727761407524572 ], [ 82.661820676029237, 21.709398900261558 ], [ 82.6251143018346, 21.728417211355392 ], [ 82.624421728736593, 21.729073015186213 ], [ 82.619920003599518, 21.726777701778339 ], [ 82.58806164109096, 21.716284840485187 ], [ 82.543044389720194, 21.736942661156078 ], [ 82.541312956975162, 21.736614759240666 ], [ 82.471363074075967, 21.727105603693747 ], [ 82.44816187529257, 21.744484405210528 ], [ 82.447469302194548, 21.745140209041349 ], [ 82.446430442547538, 21.74481230712594 ], [ 82.430154974744255, 21.746451816702994 ], [ 82.411109214548929, 21.764158520135183 ], [ 82.384098863726464, 21.761207402896485 ], [ 82.383060004079439, 21.760879500981073 ], [ 82.351201641570896, 21.853019939211542 ], [ 82.31518784047428, 21.872366152220788 ], [ 82.308262109494166, 21.89794250162284 ], [ 82.315534127023284, 21.903516834184828 ], [ 82.304452957455098, 21.908107461000579 ], [ 82.330078162081534, 21.963522884705025 ], [ 82.32072842525838, 22.001887408808102 ], [ 82.332502167924574, 22.019266210324883 ], [ 82.326269010042466, 22.05008899037351 ], [ 82.336657606512645, 22.074681634029329 ], [ 82.334233600669606, 22.106160217908776 ], [ 82.358127372551024, 22.136327194126579 ], [ 82.393794887098636, 22.128129646241309 ], [ 82.422190384117116, 22.137638801788224 ], [ 82.422190384117116, 22.137966703703636 ], [ 82.43708070572437, 22.164854660767332 ], [ 82.470324214428942, 22.188463598676918 ], [ 82.472748220271981, 22.190431010169384 ], [ 82.456819039017716, 22.198300656139246 ], [ 82.457857898664727, 22.210760928924863 ], [ 82.458204185213731, 22.214367849994382 ], [ 82.459935617958763, 22.213384144248149 ], [ 82.490755120820296, 22.246174335789242 ], [ 82.51707289854474, 22.251092864520405 ], [ 82.521574623681829, 22.249453354943348 ], [ 82.546160968661241, 22.208137713601573 ], [ 82.582521056306874, 22.230435043849518 ], [ 82.59360222587506, 22.262897333475198 ], [ 82.596026231718099, 22.262241529644378 ], [ 82.644852635127933, 22.238632591734792 ], [ 82.642428629284893, 22.212072536586504 ], [ 82.665283541519287, 22.187807794846098 ], [ 82.638273190696822, 22.13206446922624 ], [ 82.63965833689285, 22.114685667709459 ], [ 82.669785266656362, 22.081239672337546 ], [ 82.698527050223859, 22.089109318307408 ], [ 82.72207453555626, 22.039596129080358 ], [ 82.740427722653578, 22.03992403099577 ], [ 82.731424272379428, 22.085502397237889 ], [ 82.757049477005864, 22.098290571938914 ], [ 82.758434623201893, 22.117636784948161 ], [ 82.799296435984587, 22.130424959649183 ], [ 82.796526143592544, 22.141245722857747 ], [ 82.822497634767984, 22.154033897558772 ], [ 82.85262456453151, 22.158624524374524 ], [ 82.861281728256657, 22.17141269907555 ], [ 82.89210123111819, 22.162559347359455 ], [ 82.901797254490347, 22.138294605619045 ], [ 82.936772195939952, 22.122227411763912 ], [ 82.937118482488955, 22.122883215594733 ] ] ] } },
{ "type": "Feature", "properties": { "dt_code": "718", "district": "Bametara", "st_code": "22", "year": "update2014", "st_nm": "Chhattisgarh" }, "geometry": { "type": "Polygon", "coordinates": [ [ [ 81.694296058106616, 21.600863366260544 ], [ 81.682868601989426, 21.578893937928012 ], [ 81.681137169244394, 21.575287016858489 ], [ 81.666593134186144, 21.568073174719451 ], [ 81.667285707284165, 21.549382765541029 ], [ 81.643391935402747, 21.546103746386919 ], [ 81.644430795049772, 21.5215111027311 ], [ 81.628155327246489, 21.50806712419925 ], [ 81.630925619638532, 21.474621128827337 ], [ 81.622614742462389, 21.465767777111243 ], [ 81.637851350618661, 21.40379431509858 ], [ 81.630579333089528, 21.394613061467073 ], [ 81.624346175207421, 21.388055023158852 ], [ 81.610148426698174, 21.387399219328032 ], [ 81.610840999796196, 21.365429790995499 ], [ 81.592141526149874, 21.356904341194817 ], [ 81.595950678188942, 21.342804558832146 ], [ 81.58071407003267, 21.331983795623586 ], [ 81.554050005759223, 21.333295403285231 ], [ 81.553703719210205, 21.331983795623586 ], [ 81.550933426818162, 21.331983795623586 ], [ 81.535350532112901, 21.34772308756331 ], [ 81.496220152075225, 21.353953223956118 ], [ 81.495873865526221, 21.353953223956118 ], [ 81.499336731016271, 21.37198782930372 ], [ 81.478559538075913, 21.384120200173921 ], [ 81.483407549762006, 21.398219982536592 ], [ 81.493796146232185, 21.401826903606114 ], [ 81.499683017565289, 21.40871284382974 ], [ 81.497605298271253, 21.413303470645495 ], [ 81.489640707644114, 21.417566195545838 ], [ 81.468863514703756, 21.421173116615357 ], [ 81.468517228154752, 21.421173116615357 ], [ 81.468517228154752, 21.40871284382974 ], [ 81.438390298391226, 21.407729138083511 ], [ 81.451895473802466, 21.427403253008166 ], [ 81.44981775450843, 21.451340092833163 ], [ 81.469556087801763, 21.471670011588639 ], [ 81.441853163881291, 21.487081401612954 ], [ 81.441853163881291, 21.487081401612954 ], [ 81.44670117556737, 21.499541674398568 ], [ 81.464361789566681, 21.495606851413637 ], [ 81.464015503017663, 21.508722928030075 ], [ 81.396489625961507, 21.522166906561921 ], [ 81.389217608432389, 21.523478514223566 ], [ 81.376058719570153, 21.515936770169112 ], [ 81.359090678668863, 21.541513119571167 ], [ 81.355974099727817, 21.544136334894453 ], [ 81.330695181650384, 21.541185217655755 ], [ 81.328271175807345, 21.532659767855073 ], [ 81.313727140749094, 21.537578296586233 ], [ 81.30126082498488, 21.512657751015006 ], [ 81.274250474162415, 21.513641456761238 ], [ 81.271480181770372, 21.533315571685893 ], [ 81.268709889378314, 21.533971375516714 ], [ 81.24827898298696, 21.533643473601302 ], [ 81.219537199419477, 21.533315571685893 ], [ 81.22230749181152, 21.507083418453018 ], [ 81.221268632164509, 21.507083418453018 ], [ 81.219537199419477, 21.507083418453018 ], [ 81.209841176047306, 21.507083418453018 ], [ 81.204646877812223, 21.517904181661578 ], [ 81.203954304714202, 21.520199495069456 ], [ 81.163438778480511, 21.526429631462264 ], [ 81.157551907147408, 21.546431648302331 ], [ 81.138852433501086, 21.554301294272193 ], [ 81.157551907147408, 21.590042603051984 ], [ 81.176943953891737, 21.597256445191022 ], [ 81.175212521146719, 21.623160696508485 ], [ 81.194258281342044, 21.634637263547869 ], [ 81.177982813538762, 21.645130124841018 ], [ 81.182484538675837, 21.667427455088962 ], [ 81.172095942205658, 21.705136175361218 ], [ 81.197374860283091, 21.707431488769092 ], [ 81.217805766674445, 21.704808273445806 ], [ 81.223692638007549, 21.710054704092382 ], [ 81.230964655536667, 21.716284840485187 ], [ 81.233388661379706, 21.718252251977653 ], [ 81.229925795889656, 21.721859173047175 ], [ 81.223000064909527, 21.755960972249909 ], [ 81.254858427418085, 21.746451816702994 ], [ 81.294681380553769, 21.769404950781759 ], [ 81.31026427525903, 21.757928383742374 ], [ 81.343161497414599, 21.768093343120114 ], [ 81.343161497414599, 21.768093343120114 ], [ 81.319960298631202, 21.831378412794422 ], [ 81.332426614395416, 21.849085116226611 ], [ 81.363938690354956, 21.831706314709834 ], [ 81.399259918353565, 21.830722608963601 ], [ 81.399259918353565, 21.83105051087901 ], [ 81.396489625961507, 21.849740920057435 ], [ 81.391641614275429, 21.881547405852295 ], [ 81.407570795529708, 21.888105444160512 ], [ 81.415881672705851, 21.915649205055029 ], [ 81.425577696078008, 21.899254109284485 ], [ 81.44981775450843, 21.902533128438591 ], [ 81.43873658494023, 21.907779559085167 ], [ 81.454665766194509, 21.914009695477976 ], [ 81.451895473802466, 21.926797870179001 ], [ 81.462630356821649, 21.931716398910165 ], [ 81.450164041057434, 21.936962829556741 ], [ 81.451202900704445, 21.950406808088587 ], [ 81.477520678428903, 21.964178688535846 ], [ 81.467478368507727, 21.978934274729337 ], [ 81.485831555605046, 21.99664097816153 ], [ 81.47475038603686, 22.007461741370086 ], [ 81.472672666742824, 22.013691877762895 ], [ 81.47578924568387, 22.01500348542454 ], [ 81.502453309957332, 22.013036073932074 ], [ 81.502453309957332, 22.013036073932074 ], [ 81.501068163761303, 22.003526918385155 ], [ 81.547470561328097, 22.005166427962212 ], [ 81.572056906307523, 21.99664097816153 ], [ 81.579675210385659, 21.982213293883447 ], [ 81.591448953051852, 21.993361959007419 ], [ 81.591102666502849, 22.010740760524197 ], [ 81.573442052503552, 22.016642995001593 ], [ 81.581406643130691, 22.024512640971459 ], [ 81.583484362424727, 22.023528935225222 ], [ 81.611187286345199, 22.013363975847486 ], [ 81.615689011482274, 21.988443430276256 ], [ 81.647893660539822, 21.992378253261187 ], [ 81.663130268696094, 21.984508607291325 ], [ 81.657935970460997, 21.968769315351601 ], [ 81.667631993833169, 21.962539178958792 ], [ 81.70572351422382, 21.959588061720094 ], [ 81.727539566811188, 21.943520867864958 ], [ 81.752818484888621, 21.959915963635503 ], [ 81.7632070813588, 21.947455690849889 ], [ 81.772903104730972, 21.954013729158106 ], [ 81.80025974210244, 21.947455690849889 ], [ 81.795758016965365, 21.929093183586879 ], [ 81.824499800532863, 21.913353891647155 ], [ 81.816535209905723, 21.883842719260169 ], [ 81.835927256650052, 21.878268386698185 ], [ 81.838004975944088, 21.892696070976264 ], [ 81.852895297551342, 21.897614599707431 ], [ 81.869517051903628, 21.882203209683116 ], [ 81.885792519706911, 21.893023972891676 ], [ 81.900682841314165, 21.883514817344761 ], [ 81.894449683432057, 21.840231764510516 ], [ 81.921460034254522, 21.833345824286887 ], [ 81.937042928959784, 21.813999611277644 ], [ 81.896873689275097, 21.780553615905731 ], [ 81.868478192256617, 21.768093343120114 ], [ 81.847354712767256, 21.759239991404019 ], [ 81.815150063709694, 21.760551599065664 ], [ 81.804761467239516, 21.772356068020457 ], [ 81.783984274299158, 21.762846912473538 ], [ 81.77117167198594, 21.769077048866347 ], [ 81.744161321163475, 21.748747130110871 ], [ 81.734811584340321, 21.765142225881416 ], [ 81.734465297791317, 21.765142225881416 ], [ 81.728578426458213, 21.764486422050595 ], [ 81.700529215988723, 21.761207402896485 ], [ 81.70018292943972, 21.760223697150252 ], [ 81.69775892359668, 21.748419228195459 ], [ 81.726500707164178, 21.707759390684505 ], [ 81.72580813406617, 21.704152469614982 ], [ 81.721998982027102, 21.687101570013617 ], [ 81.681483455793398, 21.674641297228 ], [ 81.66867085348018, 21.66382053401944 ], [ 81.660013689755033, 21.656606691880398 ], [ 81.657589683911993, 21.654639280387933 ], [ 81.672133718970244, 21.642506909517731 ], [ 81.693949771557612, 21.616930560115676 ], [ 81.694296058106616, 21.60348658158383 ], [ 81.694296058106616, 21.600863366260544 ] ] ] } },
{ "type": "Feature", "properties": { "dt_code": "408", "district": "Rajnandgaon", "st_code": "22", "year": "2011_c", "st_nm": "Chhattisgarh" }, "geometry": { "type": "Polygon", "coordinates": [ [ [ 80.992026936722567, 20.459436798715117 ], [ 80.988910357781521, 20.456813583391831 ], [ 80.989602930879528, 20.4528787604069 ], [ 80.966401732096131, 20.436811566551764 ], [ 80.931080504097523, 20.437139468467173 ], [ 80.886755825824764, 20.386970475409303 ], [ 80.860091761551303, 20.387954181155536 ], [ 80.847625445787088, 20.348278049390814 ], [ 80.81230421778848, 20.354836087699034 ], [ 80.826501966297727, 20.341392109167185 ], [ 80.829964831787791, 20.30827401571068 ], [ 80.789449305554086, 20.28236976439322 ], [ 80.775944130142861, 20.294174233348013 ], [ 80.750318925516424, 20.291551018024723 ], [ 80.74685606002636, 20.275483824169591 ], [ 80.727464013282031, 20.268597883945958 ], [ 80.736467463556181, 20.239414613474388 ], [ 80.714651410968813, 20.191213031908983 ], [ 80.714305124419795, 20.190229326162751 ], [ 80.687987346695351, 20.191213031908983 ], [ 80.654397551441775, 20.226626438773362 ], [ 80.614574598306092, 20.185310797431583 ], [ 80.584101381993563, 20.177441151461721 ], [ 80.567133341092273, 20.189245620416518 ], [ 80.568864773837305, 20.15448801738296 ], [ 80.565401908347241, 20.146618371413098 ], [ 80.565055621798237, 20.138420823527824 ], [ 80.545317288504904, 20.099400495593922 ], [ 80.552243019485019, 20.118090904772345 ], [ 80.505494335369221, 20.14432305800522 ], [ 80.464632522586513, 20.150225292482617 ], [ 80.460130797449438, 20.150881096313437 ], [ 80.455282785763359, 20.138092921612412 ], [ 80.43138901388194, 20.136125510119946 ], [ 80.402300943765439, 20.147274175243918 ], [ 80.397106645530357, 20.153504311636727 ], [ 80.388795768354214, 20.164980878676108 ], [ 80.389142054903218, 20.165636682506928 ], [ 80.411650680588608, 20.193180443401449 ], [ 80.421692990509783, 20.20531281427165 ], [ 80.422039277058786, 20.205968618102474 ], [ 80.404724949608493, 20.2187567928035 ], [ 80.395721499334329, 20.244988946036372 ], [ 80.480907990389795, 20.274828020338767 ], [ 80.518999510780446, 20.265974668622672 ], [ 80.549472727092976, 20.308929819541504 ], [ 80.61041915971802, 20.318438975088419 ], [ 80.625655767874278, 20.331882953620269 ], [ 80.626348340972285, 20.33253875745109 ], [ 80.610765446267024, 20.37516600645451 ], [ 80.591373399522695, 20.392872709886699 ], [ 80.613535738659067, 20.434844155059299 ], [ 80.602108282541877, 20.449927643168202 ], [ 80.619768896541174, 20.504687263041824 ], [ 80.615267171404099, 20.549937727368533 ], [ 80.626694627521303, 20.563709607815792 ], [ 80.617344890698135, 20.585679036148324 ], [ 80.631888925756385, 20.59846721084935 ], [ 80.631888925756385, 20.59846721084935 ], [ 80.580638516503512, 20.608304268311677 ], [ 80.521077230074482, 20.580432605501748 ], [ 80.504455475722196, 20.583383722740447 ], [ 80.480907990389795, 20.618469227689417 ], [ 80.520038370427471, 20.656505849877082 ], [ 80.580292229954495, 20.67290094564763 ], [ 80.587564247483627, 20.684049610771602 ], [ 80.587564247483627, 20.684377512687011 ], [ 80.565055621798237, 20.710609665919886 ], [ 80.562631615955198, 20.74733468044591 ], [ 80.551550446387012, 20.764057678131866 ], [ 80.549126440543972, 20.795864163926726 ], [ 80.561592756308187, 20.822752120990422 ], [ 80.561592756308187, 20.822752120990422 ], [ 80.561246469759169, 20.823080022905831 ], [ 80.561592756308187, 20.823407924821243 ], [ 80.546009861602911, 20.934894576060955 ], [ 80.463593662939502, 20.928992341583559 ], [ 80.443855329646155, 20.993916920834923 ], [ 80.424116996352822, 21.008344605113003 ], [ 80.452512493371302, 21.038839483246221 ], [ 80.439007317960076, 21.096550220358541 ], [ 80.458053078155402, 21.114912727621554 ], [ 80.44489418929318, 21.121798667845184 ], [ 80.464286236037509, 21.174918778141752 ], [ 80.514844072192375, 21.182788424111614 ], [ 80.529734393799629, 21.205085754359558 ], [ 80.559515037014151, 21.20213463712086 ], [ 80.587564247483627, 21.222136653960927 ], [ 80.613882025208071, 21.226399378861267 ], [ 80.644008954971596, 21.251319924432497 ], [ 80.66132328242189, 21.290996056197219 ], [ 80.679676469519208, 21.298865702167081 ], [ 80.681754188813244, 21.313621288360572 ], [ 80.660630709323883, 21.333623305200639 ], [ 80.659938136225861, 21.333951207116051 ], [ 80.660284422774879, 21.334279109031463 ], [ 80.671019305794061, 21.338213932016394 ], [ 80.67586731748014, 21.347395185647898 ], [ 80.684178194656283, 21.363134477587622 ], [ 80.699068516263537, 21.39100614039755 ], [ 80.700453662459566, 21.398219982536592 ], [ 80.705994247243652, 21.428059056838986 ], [ 80.706686820341673, 21.431993879823917 ], [ 80.73785260975221, 21.473309521165692 ], [ 80.727464013282031, 21.496262655244458 ], [ 80.740622902144253, 21.53921780616329 ], [ 80.719845709203895, 21.554957098103014 ], [ 80.728849159478045, 21.572663801535203 ], [ 80.71534398406682, 21.58512407432082 ], [ 80.730926878772081, 21.617258462031089 ], [ 80.714305124419795, 21.661525220611566 ], [ 80.734043457713142, 21.694643314068067 ], [ 80.726078867086002, 21.713661625161901 ], [ 80.756205796849514, 21.762191108642718 ], [ 80.778021849436897, 21.754649364588268 ], [ 80.785293866966015, 21.740221680310185 ], [ 80.819576235317612, 21.748091326280047 ], [ 80.816805942925555, 21.761863206727305 ], [ 80.844855153395045, 21.829083099386544 ], [ 80.844162580297024, 21.830722608963601 ], [ 80.845894013042056, 21.83432953003312 ], [ 80.846240299591059, 21.835641137694765 ], [ 80.877406089001596, 21.823836668739972 ], [ 80.930041644450498, 21.824492472570793 ], [ 80.95428170288092, 21.786455850383128 ], [ 80.952896556684891, 21.767437539289293 ], [ 80.971942316880217, 21.75989579523484 ], [ 80.999298954251699, 21.727761407524572 ], [ 81.027348164721175, 21.74153328797183 ], [ 81.059899100327726, 21.723826584539641 ], [ 81.102492345855467, 21.734319445832789 ], [ 81.126386117736871, 21.704480371530394 ], [ 81.130541556324943, 21.716284840485187 ], [ 81.171403369107651, 21.707431488769092 ], [ 81.172095942205658, 21.705136175361218 ], [ 81.182484538675837, 21.667427455088962 ], [ 81.177982813538762, 21.645130124841018 ], [ 81.194258281342044, 21.634637263547869 ], [ 81.175212521146719, 21.623160696508485 ], [ 81.176943953891737, 21.597256445191022 ], [ 81.157551907147408, 21.590042603051984 ], [ 81.138852433501086, 21.554301294272193 ], [ 81.157551907147408, 21.546431648302331 ], [ 81.163438778480511, 21.526429631462264 ], [ 81.203954304714202, 21.520199495069456 ], [ 81.204646877812223, 21.517904181661578 ], [ 81.201530298871162, 21.520527396984868 ], [ 81.187678836910933, 21.496262655244458 ], [ 81.157898193696411, 21.502164889721854 ], [ 81.15928333989244, 21.486097695866718 ], [ 81.18179196557783, 21.482490774797199 ], [ 81.171057082558647, 21.433961291316383 ], [ 81.184562257969873, 21.407729138083511 ], [ 81.175558807695722, 21.399859492113649 ], [ 81.192526848597012, 21.387727121243444 ], [ 81.188025123459937, 21.343788264578379 ], [ 81.19633600063608, 21.335918618608517 ], [ 81.186293690714905, 21.333951207116051 ], [ 81.174173661499694, 21.296242486843795 ], [ 81.162399918833486, 21.293947173435917 ], [ 81.163092491931508, 21.250664120601677 ], [ 81.148548456873257, 21.238859651646884 ], [ 81.164131351578519, 21.235580632492773 ], [ 81.15027988961829, 21.227055182692091 ], [ 81.148548456873257, 21.211971694583188 ], [ 81.19876000647912, 21.222136653960927 ], [ 81.195989714087062, 21.196560304558872 ], [ 81.21676690702742, 21.168360739833535 ], [ 81.208456029851277, 21.125077686999294 ], [ 81.195643427538059, 21.121142864014363 ], [ 81.207070883655263, 21.103108258666762 ], [ 81.204646877812223, 21.101140847174296 ], [ 81.195989714087062, 21.094910710781487 ], [ 81.191834275499005, 21.091959593542789 ], [ 81.19079541585198, 21.092287495458201 ], [ 81.166209070872554, 21.103108258666762 ], [ 81.152703895461329, 21.090320083965736 ], [ 81.154089041657343, 21.082450437995874 ], [ 81.155820474402375, 21.076548203518477 ], [ 81.1513187492653, 21.0742528901106 ], [ 81.144393018285186, 21.070318067125669 ], [ 81.1513187492653, 21.056874088593819 ], [ 81.120499246403767, 21.004409782128072 ], [ 81.060937959974751, 20.992605313173279 ], [ 81.024577872329132, 20.992605313173279 ], [ 80.987525211585492, 21.007688801282182 ], [ 80.953589129782912, 21.00309817446643 ], [ 80.956013135625952, 20.983096157626363 ], [ 80.939045094724662, 20.977193923148967 ], [ 80.953242843233909, 20.969652179094513 ], [ 80.941815387116705, 20.946699045015748 ], [ 80.962938866606066, 20.94965016225445 ], [ 80.965709158998123, 20.907678717081851 ], [ 80.995143515663628, 20.883413975341441 ], [ 80.949433691194841, 20.843082039745898 ], [ 80.969172024488174, 20.824719532482888 ], [ 80.975058895821277, 20.828982257383228 ], [ 80.978521761311342, 20.81094765203563 ], [ 80.956705708723959, 20.823407924821243 ], [ 80.925193632764419, 20.771927324101728 ], [ 80.921384480725351, 20.782420185394876 ], [ 80.900607287784993, 20.786355008379807 ], [ 80.90026100123599, 20.807996534796928 ], [ 80.883639246883703, 20.803733809896588 ], [ 80.861476907747331, 20.780124871987002 ], [ 80.818191089121584, 20.760778658977756 ], [ 80.819576235317612, 20.745039367038032 ], [ 80.80330076751433, 20.722414134874679 ], [ 80.816459656376551, 20.688640237587354 ], [ 80.859052901904292, 20.689296041418174 ], [ 80.85489746331622, 20.670933534155164 ], [ 80.881907814138671, 20.655850046046261 ], [ 80.909610738059158, 20.665687103508589 ], [ 80.918614188333308, 20.648308301991811 ], [ 80.927617638607458, 20.667654515001054 ], [ 80.961900006959056, 20.664047593931535 ], [ 80.952896556684891, 20.643061871345235 ], [ 80.958437141468991, 20.63027369664421 ], [ 81.006570971780818, 20.59846721084935 ], [ 81.006570971780818, 20.573874567193531 ], [ 80.985101205742453, 20.558463177169216 ], [ 80.989602930879528, 20.544035492891137 ], [ 80.95428170288092, 20.540756473737027 ], [ 80.960861147312031, 20.507310478365113 ], [ 80.98336977299742, 20.500752440056893 ], [ 80.992026936722567, 20.459436798715117 ] ] ] } },
{ "type": "Feature", "properties": { "dt_code": "721", "district": "Baloda Bazar", "st_code": "22", "year": "update2014", "st_nm": "Chhattisgarh" }, "geometry": { "type": "Polygon", "coordinates": [ [ [ 82.934001903547909, 21.496918459075282 ], [ 82.934348190096912, 21.495606851413637 ], [ 82.920496728136669, 21.491672028428706 ], [ 82.877210909510922, 21.556268705764658 ], [ 82.875825763314907, 21.555612901933834 ], [ 82.820766202022952, 21.531348160193428 ], [ 82.825267927160041, 21.504460203129732 ], [ 82.789946699161433, 21.510362437607128 ], [ 82.771939798613118, 21.524134318054386 ], [ 82.737311143712532, 21.494951047582816 ], [ 82.690908746145723, 21.485113990120489 ], [ 82.702682488811931, 21.373299436965361 ], [ 82.695756757831816, 21.33001638413112 ], [ 82.65108579301004, 21.331000089877353 ], [ 82.651778366108061, 21.346083577986256 ], [ 82.628577167324664, 21.335262814777696 ], [ 82.597065091365124, 21.339853441593448 ], [ 82.563821582660552, 21.31591660176845 ], [ 82.54269810317119, 21.31853981709174 ], [ 82.529885500857972, 21.331655893708174 ], [ 82.513263746505686, 21.316572405599274 ], [ 82.47170936062497, 21.328048972638655 ], [ 82.459935617958763, 21.307719053883176 ], [ 82.475518512664038, 21.297226192590028 ], [ 82.455780179370691, 21.294602977266742 ], [ 82.455780179370691, 21.294275075351329 ], [ 82.455780179370691, 21.294275075351329 ], [ 82.451278454233616, 21.281158998734892 ], [ 82.436734419175366, 21.289028644704754 ], [ 82.436388132626362, 21.289028644704754 ], [ 82.43708070572437, 21.290340252366398 ], [ 82.444699009802505, 21.303456328982836 ], [ 82.445045296351509, 21.304112132813657 ], [ 82.429808688195251, 21.307719053883176 ], [ 82.418727518627051, 21.310014367291053 ], [ 82.41768865898004, 21.310342269206465 ], [ 82.395526319843654, 21.295914584928383 ], [ 82.389639448510565, 21.26246858955647 ], [ 82.361936524590078, 21.27656837191914 ], [ 82.344968483688788, 21.263780197218114 ], [ 82.348085062629849, 21.28411011597359 ], [ 82.324883863846452, 21.292635565774276 ], [ 82.298912372670998, 21.281158998734892 ], [ 82.297527226474983, 21.269026627864687 ], [ 82.276750033534626, 21.272633548934209 ], [ 82.277442606632633, 21.301161015574959 ], [ 82.242813951732032, 21.315588699853038 ], [ 82.2521636885552, 21.317884013260915 ], [ 82.255972840594268, 21.353297420125294 ], [ 82.24316023828105, 21.364773987164678 ], [ 82.267054010162454, 21.384448102089333 ], [ 82.275018600789593, 21.385431807835566 ], [ 82.275018600789593, 21.39100614039755 ], [ 82.275018600789593, 21.397564178705771 ], [ 82.275018600789593, 21.40117109977529 ], [ 82.273287168044561, 21.402154805521523 ], [ 82.245584244124089, 21.418877803207479 ], [ 82.2521636885552, 21.432321781739329 ], [ 82.233117928359874, 21.433961291316383 ], [ 82.193294975224191, 21.379201671442758 ], [ 82.170093776440794, 21.381824886766047 ], [ 82.144468571814343, 21.359527556518103 ], [ 82.14412228526534, 21.359199654602691 ], [ 82.143083425618329, 21.359855458433515 ], [ 82.118497080638903, 21.381496984850635 ], [ 82.117458220991892, 21.382480690596868 ], [ 82.117458220991892, 21.383464396343101 ], [ 82.1181507940899, 21.412647666814674 ], [ 82.07867412750322, 21.435600800893436 ], [ 82.054434069072798, 21.436584506639669 ], [ 82.034003162681458, 21.455602817733503 ], [ 82.019805414172211, 21.448388975594462 ], [ 81.994180209545775, 21.459865542633846 ], [ 81.990024770957703, 21.473965324996517 ], [ 81.954010969861088, 21.47232581541946 ], [ 81.952279537116056, 21.488720911190008 ], [ 81.930117197979669, 21.492327832259527 ], [ 81.934965209665748, 21.525445925716031 ], [ 81.924230326646565, 21.553973392356781 ], [ 81.936350355861777, 21.571352193873558 ], [ 81.920767461156515, 21.594633229867735 ], [ 81.900682841314165, 21.599879660514311 ], [ 81.888909098647957, 21.575287016858489 ], [ 81.861898747825506, 21.593977426036915 ], [ 81.858089595786439, 21.609388816061227 ], [ 81.844584420375199, 21.595616935613968 ], [ 81.79368029767133, 21.596600641360201 ], [ 81.785369420495186, 21.625783911831775 ], [ 81.770132812338929, 21.608733012230406 ], [ 81.747970473202543, 21.613323639046158 ], [ 81.741737315320435, 21.601191268175953 ], [ 81.751433338692607, 21.583156662828355 ], [ 81.702606935282759, 21.589058897305751 ], [ 81.69775892359668, 21.591026308798217 ], [ 81.695334917753641, 21.592010014544449 ], [ 81.694988631204637, 21.592337916459858 ], [ 81.694296058106616, 21.600863366260544 ], [ 81.694296058106616, 21.60348658158383 ], [ 81.693949771557612, 21.616930560115676 ], [ 81.672133718970244, 21.642506909517731 ], [ 81.657589683911993, 21.654639280387933 ], [ 81.660013689755033, 21.656606691880398 ], [ 81.66867085348018, 21.66382053401944 ], [ 81.681483455793398, 21.674641297228 ], [ 81.721998982027102, 21.687101570013617 ], [ 81.72580813406617, 21.704152469614982 ], [ 81.726500707164178, 21.707759390684505 ], [ 81.69775892359668, 21.748419228195459 ], [ 81.70018292943972, 21.760223697150252 ], [ 81.700529215988723, 21.761207402896485 ], [ 81.728578426458213, 21.764486422050595 ], [ 81.734465297791317, 21.765142225881416 ], [ 81.734811584340321, 21.765142225881416 ], [ 81.744161321163475, 21.748747130110871 ], [ 81.77117167198594, 21.769077048866347 ], [ 81.783984274299158, 21.762846912473538 ], [ 81.804761467239516, 21.772356068020457 ], [ 81.815150063709694, 21.760551599065664 ], [ 81.847354712767256, 21.759239991404019 ], [ 81.868478192256617, 21.768093343120114 ], [ 81.896873689275097, 21.780553615905731 ], [ 81.937042928959784, 21.813999611277644 ], [ 81.952972110214063, 21.844166587495447 ], [ 82.021883133466247, 21.857938467942709 ], [ 82.031925443387422, 21.88023579819065 ], [ 82.03573459542649, 21.881219503936883 ], [ 82.037119741622504, 21.883186915429349 ], [ 82.039543747465544, 21.882203209683116 ], [ 82.097373601149542, 21.856298958365652 ], [ 82.099451320443578, 21.85531525261942 ], [ 82.122998805775978, 21.831706314709834 ], [ 82.15866632032359, 21.847117704734146 ], [ 82.179097226714944, 21.842854979833803 ], [ 82.180482372910973, 21.835969039610177 ], [ 82.182560092205009, 21.79432549635299 ], [ 82.19260240212617, 21.775962989089976 ], [ 82.198489273459273, 21.764814323966004 ], [ 82.200566992753309, 21.761207402896485 ], [ 82.288870062749822, 21.752681953095802 ], [ 82.311032401886209, 21.72054756538553 ], [ 82.313456407729248, 21.716612742400599 ], [ 82.318650705964345, 21.716612742400599 ], [ 82.392063454353604, 21.712350017500256 ], [ 82.446430442547538, 21.74481230712594 ], [ 82.447469302194548, 21.745140209041349 ], [ 82.44816187529257, 21.744484405210528 ], [ 82.471363074075967, 21.727105603693747 ], [ 82.541312956975162, 21.736614759240666 ], [ 82.543044389720194, 21.736942661156078 ], [ 82.58806164109096, 21.716284840485187 ], [ 82.619920003599518, 21.726777701778339 ], [ 82.624421728736593, 21.729073015186213 ], [ 82.6251143018346, 21.728417211355392 ], [ 82.661820676029237, 21.709398900261558 ], [ 82.695410471282813, 21.727761407524572 ], [ 82.790292985710437, 21.723826584539641 ], [ 82.871324038177832, 21.693331706406425 ], [ 82.927768745665801, 21.715956938569779 ], [ 82.948545938606145, 21.724154486455049 ], [ 82.948892225155163, 21.724154486455049 ], [ 82.948892225155163, 21.724154486455049 ], [ 82.950277371351177, 21.692020098744781 ], [ 82.970015704644524, 21.692348000660189 ], [ 82.985944885898789, 21.648409143995128 ], [ 82.934348190096912, 21.566105763226986 ], [ 82.926383599469773, 21.553645490441369 ], [ 82.922920733979709, 21.548399059794797 ], [ 82.933309330449887, 21.49659055715987 ], [ 82.934001903547909, 21.496918459075282 ] ] ] } },
{ "type": "Feature", "properties": { "dt_code": "717", "district": "Mungeli", "st_code": "22", "year": "update2014", "st_nm": "Chhattisgarh" }, "geometry": { "type": "Polygon", "coordinates": [ [ [ 81.501068163761303, 22.003526918385155 ], [ 81.511803046780486, 22.019266210324883 ], [ 81.506608748545403, 22.038284521418717 ], [ 81.52080649705465, 22.084190789576244 ], [ 81.515612198819554, 22.154033897558772 ], [ 81.528771087681775, 22.161903543528634 ], [ 81.533272812818865, 22.212728340417328 ], [ 81.55231857301419, 22.240927905142666 ], [ 81.551625999916169, 22.266832156460129 ], [ 81.531541380073833, 22.274373900514579 ], [ 81.538813397602951, 22.285194663723139 ], [ 81.523923075995697, 22.307819895886496 ], [ 81.540891116896987, 22.315033738025534 ], [ 81.554396292308226, 22.341593793173821 ], [ 81.555435151955237, 22.343889106581695 ], [ 81.512149333329489, 22.381269924938543 ], [ 81.516304771917561, 22.394386001554977 ], [ 81.516304771917561, 22.394713903470389 ], [ 81.501760736859325, 22.399960334116965 ], [ 81.488255561448085, 22.422913468195731 ], [ 81.491372140389146, 22.447834013766958 ], [ 81.47578924568387, 22.45570365973682 ], [ 81.469902374350767, 22.483903224462161 ], [ 81.475442959134867, 22.489149655108736 ], [ 81.481676117016974, 22.488165949362504 ], [ 81.484792695958021, 22.487838047447092 ], [ 81.485485269056042, 22.489805458939557 ], [ 81.496566438624228, 22.519644533241951 ], [ 81.496912725173232, 22.519644533241951 ], [ 81.518382491211597, 22.519972435157364 ], [ 81.522191643250665, 22.538990746251194 ], [ 81.546085415132083, 22.527514179211813 ], [ 81.569979187013487, 22.532432707942977 ], [ 81.562707169484369, 22.542269765405305 ], [ 81.569632900464484, 22.550795215205987 ], [ 81.600106116776999, 22.535383825181675 ], [ 81.621922169364382, 22.538007040504965 ], [ 81.628847900344496, 22.563255487991604 ], [ 81.660013689755033, 22.569485624384413 ], [ 81.657935970460997, 22.584569112493313 ], [ 81.645469654696782, 22.584569112493313 ], [ 81.648932520186847, 22.615063990626531 ], [ 81.684600034734459, 22.647854182167624 ], [ 81.714034391399963, 22.648837887913857 ], [ 81.728578426458213, 22.670151512415565 ], [ 81.736889303634356, 22.655723828137486 ], [ 81.72823213990921, 22.634410203635774 ], [ 81.741044742222428, 22.607194344656669 ], [ 81.750740765594585, 22.606866442741257 ], [ 81.746931613555532, 22.591455052716945 ], [ 81.788485999436233, 22.59702938527893 ], [ 81.783291701201151, 22.588503935478244 ], [ 81.798874595906412, 22.562927586076192 ], [ 81.825884946728877, 22.577683172269687 ], [ 81.836966116297077, 22.570469330130646 ], [ 81.832118104610984, 22.533744315604622 ], [ 81.840775268336131, 22.508167966202571 ], [ 81.902067987510193, 22.481607911054283 ], [ 81.911071437784344, 22.461605894214216 ], [ 81.897912548922122, 22.455375757821411 ], [ 81.90172170096119, 22.442587583120385 ], [ 81.924922899744587, 22.412420606902579 ], [ 81.947431525429963, 22.404550960932717 ], [ 81.976519595546463, 22.359956300436831 ], [ 81.956088689155123, 22.340937989342997 ], [ 81.92526918629359, 22.359628398521419 ], [ 81.935311496214766, 22.338970577850532 ], [ 81.929770911430666, 22.315361639940946 ], [ 81.938774361704816, 22.309459405463549 ], [ 81.925961759391598, 22.294048015439238 ], [ 81.915226876372415, 22.293064309693001 ], [ 81.913841730176387, 22.311754718871427 ], [ 81.8972199758241, 22.304540876732386 ], [ 81.873326203942696, 22.321919678249166 ], [ 81.852895297551342, 22.306180386309439 ], [ 81.851856437904331, 22.295687525016291 ], [ 81.862591320923514, 22.291096898200536 ], [ 81.834888397003041, 22.286834173300196 ], [ 81.82276836778783, 22.27011117561424 ], [ 81.812379771317651, 22.277652919668689 ], [ 81.824153513983845, 22.293064309693001 ], [ 81.785369420495186, 22.287489977131017 ], [ 81.774634537476004, 22.307164092055672 ], [ 81.763899654456822, 22.290441094369715 ], [ 81.743815034614471, 22.31273842461766 ], [ 81.742083601869439, 22.267815862206362 ], [ 81.733772724693296, 22.269455371783415 ], [ 81.733080151595288, 22.264208941136843 ], [ 81.731348718850256, 22.253388177928279 ], [ 81.731002432301253, 22.250109158774173 ], [ 81.73169500539926, 22.250109158774173 ], [ 81.765977373750857, 22.242239512804311 ], [ 81.794026584220333, 22.208793517432397 ], [ 81.797143163161394, 22.204858694447466 ], [ 81.80268374794548, 22.222237495964244 ], [ 81.822422081238827, 22.173708012483427 ], [ 81.853934157198367, 22.150099074573841 ], [ 81.868478192256617, 22.12124370601768 ], [ 81.878520502177778, 22.126162234748843 ], [ 81.890294244843986, 22.100913787262201 ], [ 81.903453133706208, 22.107143923655009 ], [ 81.907608572294279, 22.079600162760492 ], [ 81.936350355861777, 22.05828653825878 ], [ 81.941198367547855, 22.04746577505022 ], [ 81.948470385076988, 22.049105284627274 ], [ 81.949855531273016, 22.047793676965632 ], [ 81.95020181782202, 22.018610406494059 ], [ 81.964053279782249, 22.010740760524197 ], [ 81.954703542959095, 22.003526918385155 ], [ 81.988293338212671, 21.995001468584473 ], [ 82.004915092564957, 21.983524901545092 ], [ 82.010801963898061, 21.969097217267009 ], [ 82.011494536996068, 21.966146100028311 ], [ 81.991063630604714, 21.968769315351601 ], [ 81.986561905467639, 21.944832475526603 ], [ 82.002837373270921, 21.916632910801262 ], [ 82.021883133466247, 21.913025989731743 ], [ 82.037119741622504, 21.883186915429349 ], [ 82.03573459542649, 21.881219503936883 ], [ 82.031925443387422, 21.88023579819065 ], [ 82.021883133466247, 21.857938467942709 ], [ 81.952972110214063, 21.844166587495447 ], [ 81.937042928959784, 21.813999611277644 ], [ 81.921460034254522, 21.833345824286887 ], [ 81.894449683432057, 21.840231764510516 ], [ 81.900682841314165, 21.883514817344761 ], [ 81.885792519706911, 21.893023972891676 ], [ 81.869517051903628, 21.882203209683116 ], [ 81.852895297551342, 21.897614599707431 ], [ 81.838004975944088, 21.892696070976264 ], [ 81.835927256650052, 21.878268386698185 ], [ 81.816535209905723, 21.883842719260169 ], [ 81.824499800532863, 21.913353891647155 ], [ 81.795758016965365, 21.929093183586879 ], [ 81.80025974210244, 21.947455690849889 ], [ 81.772903104730972, 21.954013729158106 ], [ 81.7632070813588, 21.947455690849889 ], [ 81.752818484888621, 21.959915963635503 ], [ 81.727539566811188, 21.943520867864958 ], [ 81.70572351422382, 21.959588061720094 ], [ 81.667631993833169, 21.962539178958792 ], [ 81.657935970460997, 21.968769315351601 ], [ 81.663130268696094, 21.984508607291325 ], [ 81.647893660539822, 21.992378253261187 ], [ 81.615689011482274, 21.988443430276256 ], [ 81.611187286345199, 22.013363975847486 ], [ 81.583484362424727, 22.023528935225222 ], [ 81.581406643130691, 22.024512640971459 ], [ 81.573442052503552, 22.016642995001593 ], [ 81.591102666502849, 22.010740760524197 ], [ 81.591448953051852, 21.993361959007419 ], [ 81.579675210385659, 21.982213293883447 ], [ 81.572056906307523, 21.99664097816153 ], [ 81.547470561328097, 22.005166427962212 ], [ 81.501068163761303, 22.003526918385155 ] ] ] } },
{ "type": "Feature", "properties": { "dt_code": "417", "district": "Bijapur", "st_code": "22", "year": "2011_c", "st_nm": "Chhattisgarh" }, "geometry": { "type": "Polygon", "coordinates": [ [ [ 80.852473457473167, 19.364244401242633 ], [ 80.852819744022185, 19.364572303158042 ], [ 80.952203983586884, 19.310468487115241 ], [ 80.955320562527945, 19.236362654232373 ], [ 81.024577872329132, 19.239313771471071 ], [ 81.035659041897318, 19.228493008262511 ], [ 81.06232310617078, 19.227837204431687 ], [ 81.078944860523066, 19.236362654232373 ], [ 81.07375056228797, 19.27144815918134 ], [ 81.073404275738966, 19.273743472589217 ], [ 81.075481995033002, 19.274071374504629 ], [ 81.109418076835581, 19.275382982166271 ], [ 81.129156410128928, 19.256692572987848 ], [ 81.129502696677932, 19.25636467107244 ], [ 81.129502696677932, 19.256692572987848 ], [ 81.132272989069975, 19.245871809779288 ], [ 81.114612375070678, 19.236034752316961 ], [ 81.129502696677932, 19.230132517839564 ], [ 81.128463837030907, 19.208490991422444 ], [ 81.145085591383193, 19.182258838189568 ], [ 81.209494889498302, 19.183570445851213 ], [ 81.209494889498302, 19.183570445851213 ], [ 81.208802316400295, 19.091757909536156 ], [ 81.225770357301585, 19.050770170109789 ], [ 81.211226322243334, 19.031096055185134 ], [ 81.211572608792338, 19.019291586230342 ], [ 81.223000064909527, 19.015028861329998 ], [ 81.203261731616195, 18.994698942574523 ], [ 81.236505240320767, 18.967810985510827 ], [ 81.217113193576438, 18.952727497401924 ], [ 81.218844626321456, 18.931741774815624 ], [ 81.200491439224152, 18.938627715039253 ], [ 81.170364509460626, 18.929118559492338 ], [ 81.170364509460626, 18.919937305860831 ], [ 81.186293690714905, 18.914035071383434 ], [ 81.220922345615492, 18.921904717353296 ], [ 81.225077784203563, 18.910100248398503 ], [ 81.214342901184381, 18.898295779443711 ], [ 81.203954304714202, 18.836322317431044 ], [ 81.188025123459937, 18.816648202506389 ], [ 81.198067433381098, 18.748116702185506 ], [ 81.160668486088468, 18.690733866988595 ], [ 81.163092491931508, 18.666141223332776 ], [ 81.178675386636769, 18.652041440970105 ], [ 81.162399918833486, 18.631383620299218 ], [ 81.162746205382504, 18.61072579962833 ], [ 81.148894743422261, 18.59990503641977 ], [ 81.146470737579222, 18.568754354455731 ], [ 81.171403369107651, 18.592035390449908 ], [ 81.193565708244023, 18.595970213434839 ], [ 81.193565708244023, 18.594330703857782 ], [ 81.195643427538059, 18.551047651023541 ], [ 81.195643427538059, 18.550391847192721 ], [ 81.182830825224841, 18.541210593561214 ], [ 81.165516497774547, 18.552687160600595 ], [ 81.170710796009629, 18.542194299307447 ], [ 81.157551907147408, 18.531373536098886 ], [ 81.087255737699209, 18.548752337615664 ], [ 81.033581322603283, 18.534324653337585 ], [ 81.022153866486079, 18.466121054932113 ], [ 80.977136615115313, 18.41923108102835 ], [ 80.915497609392261, 18.381850262671506 ], [ 80.913419890098226, 18.37988285117904 ], [ 80.915843895941265, 18.377915439686575 ], [ 80.926232492411444, 18.376931733940342 ], [ 80.935928515783601, 18.361848245831439 ], [ 80.958437141468991, 18.368734186055068 ], [ 80.980599480605377, 18.347748463468768 ], [ 81.040507053583397, 18.341846228991372 ], [ 81.059206527229719, 18.313646664266031 ], [ 81.064054538915798, 18.299874783818773 ], [ 81.064747112013819, 18.296923666580074 ], [ 81.065093398562823, 18.295939960833842 ], [ 81.044662492171469, 18.255280123322887 ], [ 81.07375056228797, 18.231671185413301 ], [ 81.07375056228797, 18.231671185413301 ], [ 81.07375056228797, 18.231671185413301 ], [ 81.074096848836973, 18.196257778548922 ], [ 81.076174568131009, 18.192322955563991 ], [ 81.074096848836973, 18.190683445986938 ], [ 81.033581322603283, 18.156253744868788 ], [ 81.00830240452585, 18.161500175515364 ], [ 81.008994977623857, 18.169697723400638 ], [ 80.978868047860345, 18.165434998500295 ], [ 80.978868047860345, 18.165434998500295 ], [ 80.978868047860345, 18.178878977032142 ], [ 80.957744568370984, 18.176911565539676 ], [ 80.914112463196233, 18.144449275913995 ], [ 80.866671205982414, 18.140186551013652 ], [ 80.852819744022185, 18.205439032180429 ], [ 80.872558077315517, 18.213964481981112 ], [ 80.865978632884406, 18.233638596905767 ], [ 80.843470007199016, 18.235933910313644 ], [ 80.823731673905684, 18.239540831383163 ], [ 80.824077960454687, 18.194290367056457 ], [ 80.799145328926258, 18.171665134893104 ], [ 80.75585951030051, 18.170681429146871 ], [ 80.744778340732324, 18.170353527231459 ], [ 80.736813750105185, 18.177239467455088 ], [ 80.737160036654188, 18.222162029866386 ], [ 80.793604744142158, 18.259870750138642 ], [ 80.748933779320396, 18.308400233619459 ], [ 80.719499422654891, 18.391031516303009 ], [ 80.734736030811149, 18.413000944635542 ], [ 80.718460563007866, 18.409721925481435 ], [ 80.699068516263537, 18.421526394436228 ], [ 80.699068516263537, 18.422182198267048 ], [ 80.705301674145645, 18.439560999783826 ], [ 80.655436411088786, 18.475958112394441 ], [ 80.637083223991482, 18.504813480950602 ], [ 80.637775797089489, 18.522520184382792 ], [ 80.534582405485722, 18.588428469380386 ], [ 80.514844072192375, 18.619251249429013 ], [ 80.487141148271903, 18.632039424130038 ], [ 80.454590212665337, 18.630399914552985 ], [ 80.388103195256207, 18.595642311519427 ], [ 80.37390544674696, 18.611381603459151 ], [ 80.372520300550931, 18.61072579962833 ], [ 80.344817376630459, 18.596298115350248 ], [ 80.299107552161672, 18.693029180396472 ], [ 80.28594866329945, 18.708112668505375 ], [ 80.275906353378275, 18.719917137460168 ], [ 80.272097201339207, 18.72450776427592 ], [ 80.246471996712771, 18.763528092209821 ], [ 80.247164569810778, 18.765495503702287 ], [ 80.274867493731264, 18.765495503702287 ], [ 80.275213780280268, 18.766151307533107 ], [ 80.299800125259679, 18.794350872258448 ], [ 80.338930505297355, 18.811073869944405 ], [ 80.35139682106157, 18.816320300590977 ], [ 80.35139682106157, 18.820255123575912 ], [ 80.350704247963563, 18.829764279122827 ], [ 80.349665388316538, 18.848126786385837 ], [ 80.338584218748352, 18.860587059171454 ], [ 80.335467639807305, 18.868784607056725 ], [ 80.271058341692196, 18.942234636108772 ], [ 80.272789774437229, 18.984861885112192 ], [ 80.273828634084239, 18.993387334912878 ], [ 80.303262990749744, 19.021914801553628 ], [ 80.302570417651737, 19.024210114961505 ], [ 80.298761265612669, 19.041916818393695 ], [ 80.29737611941664, 19.048146954786503 ], [ 80.329580768474202, 19.069788481203624 ], [ 80.327849335729169, 19.095036928690263 ], [ 80.339623078395363, 19.099955457421427 ], [ 80.327503049180166, 19.135040962370397 ], [ 80.33338992051327, 19.145205921748136 ], [ 80.392951206942286, 19.187177366920732 ], [ 80.393990066589296, 19.187505268836144 ], [ 80.386025475962171, 19.209802599084089 ], [ 80.384294043217139, 19.215376931646073 ], [ 80.384640329766142, 19.217672245053951 ], [ 80.391912347295261, 19.238985869555659 ], [ 80.434851879372005, 19.259971592141959 ], [ 80.446971908587216, 19.265873826619355 ], [ 80.44835705478323, 19.266529630450176 ], [ 80.481946850036806, 19.337028542263525 ], [ 80.520384656976475, 19.347521403556676 ], [ 80.55535959842608, 19.390148652560097 ], [ 80.569557346935312, 19.398346200445367 ], [ 80.577868224111455, 19.398018298529959 ], [ 80.58791053403263, 19.372441949127904 ], [ 80.603493428737906, 19.332765817363182 ], [ 80.61284316556106, 19.309484781369008 ], [ 80.621500329286206, 19.308173173707363 ], [ 80.628079773717317, 19.307517369876543 ], [ 80.631542639207382, 19.306861566045722 ], [ 80.654051264892772, 19.317682329254282 ], [ 80.68140790226424, 19.328503092462842 ], [ 80.693527931479451, 19.314731212015584 ], [ 80.689718779440383, 19.286859549205655 ], [ 80.742008048340281, 19.286859549205655 ], [ 80.751011498614432, 19.286859549205655 ], [ 80.752742931359464, 19.28882696069812 ], [ 80.775251557044854, 19.314403310100172 ], [ 80.852819744022185, 19.363916499327221 ], [ 80.852473457473167, 19.364244401242633 ] ] ] } },
{ "type": "Feature", "properties": { "dt_code": "403", "district": "Raigarh", "st_code": "22", "year": "2011_c", "st_nm": "Chhattisgarh" }, "geometry": { "type": "Polygon", "coordinates": [ [ [ 83.269207282985661, 21.377890063781116 ], [ 83.221766025771842, 21.383136494427688 ], [ 83.217956873732774, 21.395268865297894 ], [ 83.201335119380488, 21.399531590198237 ], [ 83.188176230518266, 21.381496984850635 ], [ 83.179519066793119, 21.402482707436935 ], [ 83.142812692598483, 21.362806575672213 ], [ 83.130000090285264, 21.398219982536592 ], [ 83.114417195580003, 21.411663961068442 ], [ 83.122728072756146, 21.42281262619241 ], [ 83.059357634288048, 21.435928702808848 ], [ 83.04654503197483, 21.482490774797199 ], [ 83.015725529113311, 21.490360420767061 ], [ 83.014686669466286, 21.471997913504051 ], [ 82.998757488212021, 21.459865542633846 ], [ 82.977634008722646, 21.477900147981448 ], [ 82.965860266056453, 21.471670011588639 ], [ 82.953047663743234, 21.49724636099069 ], [ 82.934001903547909, 21.496918459075282 ], [ 82.933309330449887, 21.49659055715987 ], [ 82.922920733979709, 21.548399059794797 ], [ 82.926383599469773, 21.553645490441369 ], [ 82.934348190096912, 21.566105763226986 ], [ 82.985944885898789, 21.648409143995128 ], [ 82.970015704644524, 21.692348000660189 ], [ 82.950277371351177, 21.692020098744781 ], [ 82.948892225155163, 21.724154486455049 ], [ 82.948892225155163, 21.724154486455049 ], [ 83.033039856563605, 21.743172797548883 ], [ 83.081173686875431, 21.715629036654367 ], [ 83.170861903067973, 21.718252251977653 ], [ 83.315955967101459, 21.682838845113274 ], [ 83.308683949572327, 21.705464077276627 ], [ 83.264012984750565, 21.715629036654367 ], [ 83.266436990593604, 21.740877484141009 ], [ 83.245659797653246, 21.751042443518745 ], [ 83.2370026339281, 21.790390673368059 ], [ 83.206183131066581, 21.812032199785179 ], [ 83.220727166124817, 21.836952745356406 ], [ 83.178480207146094, 21.850724625803668 ], [ 83.214494008242724, 21.883842719260169 ], [ 83.213801435144703, 21.907451657169759 ], [ 83.186791084322238, 21.927453674009822 ], [ 83.148353277382583, 21.915321303139621 ], [ 83.13450181542234, 21.930732693163932 ], [ 83.117187487972046, 21.931060595079344 ], [ 83.090869710247588, 21.975327353659818 ], [ 83.003259213349097, 21.965162394282078 ], [ 83.003259213349097, 21.965162394282078 ], [ 82.995294622721957, 21.988771332191668 ], [ 83.01157009052524, 21.98647601878379 ], [ 83.021612400446401, 22.001887408808102 ], [ 83.01260895017225, 22.011068662439609 ], [ 83.016764388760322, 22.024840542886867 ], [ 83.005683219192136, 22.028775365871798 ], [ 83.032347283465597, 22.055663322935494 ], [ 83.015379242564293, 22.054679617189262 ], [ 83.015379242564293, 22.076321143606382 ], [ 82.937118482488955, 22.122883215594733 ], [ 82.936772195939952, 22.123211117510145 ], [ 82.943697926920066, 22.147475859250552 ], [ 82.960665967821356, 22.143868938181033 ], [ 82.967245412252467, 22.1638709550211 ], [ 82.970015704644524, 22.164198856936508 ], [ 83.030269564171562, 22.168789483752263 ], [ 83.050700470562902, 22.194037931238903 ], [ 83.047930178170859, 22.216991065317668 ], [ 83.035810148955647, 22.234697768749861 ], [ 83.029923277622544, 22.2389604936502 ], [ 83.03200099691658, 22.240600003227257 ], [ 83.06108906703308, 22.261913627728966 ], [ 83.049315324366887, 22.280604036907388 ], [ 83.080481113777424, 22.31011520929437 ], [ 83.086367985110513, 22.348479733397447 ], [ 83.109222897344907, 22.36618643682964 ], [ 83.100219447070756, 22.382253630684772 ], [ 83.113378335932978, 22.421601860534086 ], [ 83.094678862286656, 22.42717619309607 ], [ 83.09502514883566, 22.460622188467987 ], [ 83.086367985110513, 22.46980344209949 ], [ 83.08602169856151, 22.46980344209949 ], [ 83.107491464599875, 22.518660827495719 ], [ 83.092601142992621, 22.575715760777221 ], [ 83.094678862286656, 22.633754399804953 ], [ 83.120996640011114, 22.653100612814196 ], [ 83.118918920717078, 22.660642356868649 ], [ 83.111300616638943, 22.670151512415565 ], [ 83.110261756991932, 22.671135218161798 ], [ 83.101604593266785, 22.682611785201182 ], [ 83.124805792050182, 22.70326960587207 ], [ 83.11510976867801, 22.725566936120011 ], [ 83.152162429421651, 22.735403993582338 ], [ 83.159088160401765, 22.773440615770006 ], [ 83.218303160281778, 22.787868300048089 ], [ 83.220380879575814, 22.78852410387891 ], [ 83.218303160281778, 22.780654457909048 ], [ 83.233193481889032, 22.783277673232334 ], [ 83.245659797653246, 22.759340833407336 ], [ 83.286521610435955, 22.769505792785075 ], [ 83.315609680552456, 22.758357127661103 ], [ 83.319765119140527, 22.766226773630965 ], [ 83.351969768198074, 22.729501759104942 ], [ 83.372400674589429, 22.741634129975147 ], [ 83.393870440627794, 22.734748189751517 ], [ 83.392139007882761, 22.696055763733028 ], [ 83.38798356929469, 22.687858215847754 ], [ 83.382789271059607, 22.68982562734022 ], [ 83.377248686275507, 22.685890804355289 ], [ 83.377941259373529, 22.679332766047072 ], [ 83.383481844157615, 22.657035435799127 ], [ 83.38452070380464, 22.653428514729608 ], [ 83.387290996196683, 22.651461103237143 ], [ 83.409107048784051, 22.64031243811317 ], [ 83.413262487372123, 22.638017124705293 ], [ 83.405644183294001, 22.626540557665912 ], [ 83.403566463999965, 22.623589440427214 ], [ 83.379672692118547, 22.61867091169605 ], [ 83.427113949332366, 22.606866442741257 ], [ 83.405297896744997, 22.585880720154957 ], [ 83.400449885058904, 22.55440213627551 ], [ 83.489791814702443, 22.492100772347435 ], [ 83.512646726936836, 22.511119083441265 ], [ 83.543119943249351, 22.516365514087841 ], [ 83.567706288228777, 22.541941863489896 ], [ 83.587444621522124, 22.539646550082018 ], [ 83.595755498698267, 22.532432707942977 ], [ 83.575670878855917, 22.459638482721751 ], [ 83.63246187289289, 22.420618154787853 ], [ 83.648737340696172, 22.391434884316279 ], [ 83.690291726576888, 22.376023494291967 ], [ 83.737732983790693, 22.377335101953612 ], [ 83.759202749829072, 22.325854501234097 ], [ 83.795562837474691, 22.309131503548137 ], [ 83.80352742810183, 22.294375917354646 ], [ 83.803181141552827, 22.293720113523825 ], [ 83.796947983670719, 22.286178369469376 ], [ 83.794870264376684, 22.285850467553963 ], [ 83.765782194260183, 22.249781256858761 ], [ 83.75747131708404, 22.240272101311845 ], [ 83.704143188537117, 22.246502237704654 ], [ 83.697217457557002, 22.243551120465952 ], [ 83.675401404969634, 22.234369866834449 ], [ 83.649776200343183, 22.223221201710476 ], [ 83.633847019088918, 22.209449321263218 ], [ 83.63003786704985, 22.205842400193696 ], [ 83.627267574657807, 22.20387498870123 ], [ 83.607875527913464, 22.154033897558772 ], [ 83.606144095168446, 22.151738584150895 ], [ 83.562858276542698, 22.102881198754666 ], [ 83.564243422738727, 22.101569591093025 ], [ 83.60649038171745, 22.066811988059467 ], [ 83.60649038171745, 22.066484086144055 ], [ 83.60649038171745, 22.066484086144055 ], [ 83.589868627365163, 22.051072696119739 ], [ 83.586752048424103, 22.049105284627274 ], [ 83.547967954935444, 22.059270244005013 ], [ 83.547967954935444, 22.058942342089605 ], [ 83.547967954935444, 22.058942342089605 ], [ 83.542773656700348, 22.052384303781384 ], [ 83.537233071916262, 22.044842559726934 ], [ 83.537233071916262, 22.044514657811522 ], [ 83.537233071916262, 22.042547246319057 ], [ 83.539310791210298, 22.023201033309814 ], [ 83.539657077759301, 22.020905719901936 ], [ 83.555586259013566, 22.007133839454678 ], [ 83.543466229798369, 21.994345664753652 ], [ 83.539310791210298, 21.965818198112899 ], [ 83.561819416895673, 21.94811149468071 ], [ 83.556971405209595, 21.935323319979684 ], [ 83.590561200463171, 21.9297489874177 ], [ 83.605451522070425, 21.913681793562564 ], [ 83.577748598149952, 21.889417051822157 ], [ 83.574285732659888, 21.874989367544075 ], [ 83.590907487012174, 21.851052527719077 ], [ 83.579480030894985, 21.830394707048189 ], [ 83.591253773561178, 21.824820374486205 ], [ 83.545543949092405, 21.837936451102642 ], [ 83.537233071916262, 21.834001628117711 ], [ 83.532731346779173, 21.829738903217368 ], [ 83.533770206426198, 21.825804080232437 ], [ 83.541734797053337, 21.798588221253329 ], [ 83.541734797053337, 21.798260319337921 ], [ 83.491869533996478, 21.816950728516343 ], [ 83.484943803016364, 21.793341790606753 ], [ 83.469014621762085, 21.787439556129357 ], [ 83.481827224075303, 21.765798029712236 ], [ 83.476286639291217, 21.751698247349569 ], [ 83.490830674349468, 21.744484405210528 ], [ 83.460703744585942, 21.697594431306765 ], [ 83.432308247567462, 21.699889744714643 ], [ 83.418110499058216, 21.679887727874576 ], [ 83.486675235761396, 21.643162713348552 ], [ 83.489099241604436, 21.630374538647526 ], [ 83.488752955055418, 21.630702440562938 ], [ 83.47351634689916, 21.632341950139992 ], [ 83.465898042821038, 21.609388816061227 ], [ 83.456202019448867, 21.610044619892051 ], [ 83.444081990233656, 21.623816500339309 ], [ 83.45100772121377, 21.650704457403002 ], [ 83.443043130586645, 21.655622986134169 ], [ 83.382789271059607, 21.620209579269787 ], [ 83.369630382197386, 21.60020756242972 ], [ 83.372746961138432, 21.557908215341712 ], [ 83.338118306237845, 21.501181183975621 ], [ 83.35404748749211, 21.448061073679053 ], [ 83.373093247687436, 21.442814643032477 ], [ 83.398718452313886, 21.405105922760221 ], [ 83.396640733019851, 21.367069300572552 ], [ 83.40806818913704, 21.35854385077187 ], [ 83.404605323646976, 21.35526483161776 ], [ 83.399411025411894, 21.350018400971187 ], [ 83.391792721333758, 21.342476656916734 ], [ 83.383135557608611, 21.345755676070844 ], [ 83.37898011902054, 21.344444068409199 ], [ 83.27405529467174, 21.376906358034883 ], [ 83.27405529467174, 21.377234259950292 ], [ 83.271977575377704, 21.377562161865704 ], [ 83.268860996436644, 21.378545867611937 ], [ 83.269207282985661, 21.377890063781116 ] ] ] } },
{ "type": "Feature", "properties": { "dt_code": "406", "district": "Bilaspur", "st_code": "22", "year": "2011_c", "st_nm": "Chhattisgarh" }, "geometry": { "type": "Polygon", "coordinates": [ [ [ 82.458204185213731, 22.214367849994382 ], [ 82.457857898664727, 22.210760928924863 ], [ 82.456819039017716, 22.198300656139246 ], [ 82.472748220271981, 22.190431010169384 ], [ 82.470324214428942, 22.188463598676918 ], [ 82.43708070572437, 22.164854660767332 ], [ 82.422190384117116, 22.137966703703636 ], [ 82.422190384117116, 22.137638801788224 ], [ 82.393794887098636, 22.128129646241309 ], [ 82.358127372551024, 22.136327194126579 ], [ 82.334233600669606, 22.106160217908776 ], [ 82.336657606512645, 22.074681634029329 ], [ 82.326269010042466, 22.05008899037351 ], [ 82.332502167924574, 22.019266210324883 ], [ 82.32072842525838, 22.001887408808102 ], [ 82.330078162081534, 21.963522884705025 ], [ 82.304452957455098, 21.908107461000579 ], [ 82.315534127023284, 21.903516834184828 ], [ 82.308262109494166, 21.89794250162284 ], [ 82.31518784047428, 21.872366152220788 ], [ 82.351201641570896, 21.853019939211542 ], [ 82.383060004079439, 21.760879500981073 ], [ 82.384098863726464, 21.761207402896485 ], [ 82.411109214548929, 21.764158520135183 ], [ 82.430154974744255, 21.746451816702994 ], [ 82.446430442547538, 21.74481230712594 ], [ 82.392063454353604, 21.712350017500256 ], [ 82.318650705964345, 21.716612742400599 ], [ 82.313456407729248, 21.716612742400599 ], [ 82.311032401886209, 21.72054756538553 ], [ 82.288870062749822, 21.752681953095802 ], [ 82.200566992753309, 21.761207402896485 ], [ 82.198489273459273, 21.764814323966004 ], [ 82.19260240212617, 21.775962989089976 ], [ 82.182560092205009, 21.79432549635299 ], [ 82.180482372910973, 21.835969039610177 ], [ 82.179097226714944, 21.842854979833803 ], [ 82.15866632032359, 21.847117704734146 ], [ 82.122998805775978, 21.831706314709834 ], [ 82.099451320443578, 21.85531525261942 ], [ 82.097373601149542, 21.856298958365652 ], [ 82.039543747465544, 21.882203209683116 ], [ 82.037119741622504, 21.883186915429349 ], [ 82.021883133466247, 21.913025989731743 ], [ 82.002837373270921, 21.916632910801262 ], [ 81.986561905467639, 21.944832475526603 ], [ 81.991063630604714, 21.968769315351601 ], [ 82.011494536996068, 21.966146100028311 ], [ 82.010801963898061, 21.969097217267009 ], [ 82.004915092564957, 21.983524901545092 ], [ 81.988293338212671, 21.995001468584473 ], [ 81.954703542959095, 22.003526918385155 ], [ 81.964053279782249, 22.010740760524197 ], [ 81.95020181782202, 22.018610406494059 ], [ 81.949855531273016, 22.047793676965632 ], [ 81.948470385076988, 22.049105284627274 ], [ 81.941198367547855, 22.04746577505022 ], [ 81.936350355861777, 22.05828653825878 ], [ 81.907608572294279, 22.079600162760492 ], [ 81.903453133706208, 22.107143923655009 ], [ 81.890294244843986, 22.100913787262201 ], [ 81.878520502177778, 22.126162234748843 ], [ 81.868478192256617, 22.12124370601768 ], [ 81.853934157198367, 22.150099074573841 ], [ 81.822422081238827, 22.173708012483427 ], [ 81.80268374794548, 22.222237495964244 ], [ 81.797143163161394, 22.204858694447466 ], [ 81.794026584220333, 22.208793517432397 ], [ 81.765977373750857, 22.242239512804311 ], [ 81.73169500539926, 22.250109158774173 ], [ 81.731002432301253, 22.250109158774173 ], [ 81.731348718850256, 22.253388177928279 ], [ 81.733080151595288, 22.264208941136843 ], [ 81.733772724693296, 22.269455371783415 ], [ 81.742083601869439, 22.267815862206362 ], [ 81.743815034614471, 22.31273842461766 ], [ 81.763899654456822, 22.290441094369715 ], [ 81.774634537476004, 22.307164092055672 ], [ 81.785369420495186, 22.287489977131017 ], [ 81.824153513983845, 22.293064309693001 ], [ 81.812379771317651, 22.277652919668689 ], [ 81.82276836778783, 22.27011117561424 ], [ 81.834888397003041, 22.286834173300196 ], [ 81.862591320923514, 22.291096898200536 ], [ 81.851856437904331, 22.295687525016291 ], [ 81.852895297551342, 22.306180386309439 ], [ 81.873326203942696, 22.321919678249166 ], [ 81.8972199758241, 22.304540876732386 ], [ 81.913841730176387, 22.311754718871427 ], [ 81.915226876372415, 22.293064309693001 ], [ 81.925961759391598, 22.294048015439238 ], [ 81.938774361704816, 22.309459405463549 ], [ 81.929770911430666, 22.315361639940946 ], [ 81.935311496214766, 22.338970577850532 ], [ 81.92526918629359, 22.359628398521419 ], [ 81.956088689155123, 22.340937989342997 ], [ 81.976519595546463, 22.359956300436831 ], [ 81.947431525429963, 22.404550960932717 ], [ 81.924922899744587, 22.412420606902579 ], [ 81.90172170096119, 22.442587583120385 ], [ 81.897912548922122, 22.455375757821411 ], [ 81.911071437784344, 22.461605894214216 ], [ 81.902067987510193, 22.481607911054283 ], [ 81.840775268336131, 22.508167966202571 ], [ 81.832118104610984, 22.533744315604622 ], [ 81.836966116297077, 22.570469330130646 ], [ 81.825884946728877, 22.577683172269687 ], [ 81.798874595906412, 22.562927586076192 ], [ 81.783291701201151, 22.588503935478244 ], [ 81.788485999436233, 22.59702938527893 ], [ 81.746931613555532, 22.591455052716945 ], [ 81.750740765594585, 22.606866442741257 ], [ 81.741044742222428, 22.607194344656669 ], [ 81.72823213990921, 22.634410203635774 ], [ 81.736889303634356, 22.655723828137486 ], [ 81.728578426458213, 22.670151512415565 ], [ 81.728924713007217, 22.670479414330977 ], [ 81.731348718850256, 22.674086335400496 ], [ 81.732387578497281, 22.675725844977549 ], [ 81.741737315320435, 22.674086335400496 ], [ 81.752125911790614, 22.654412220475841 ], [ 81.74623904045751, 22.648837887913857 ], [ 81.754549917633653, 22.646542574505979 ], [ 81.769440239240907, 22.672774727738854 ], [ 81.752125911790614, 22.726878543781655 ], [ 81.794372870769337, 22.766554675546377 ], [ 81.783637987750154, 22.779342850247403 ], [ 81.781906555005122, 22.810821434126851 ], [ 81.761475648613782, 22.830167647136097 ], [ 81.776365970221036, 22.851809173553217 ], [ 81.775673397123015, 22.87443440571657 ], [ 81.861552461276489, 22.889189991910062 ], [ 81.869517051903628, 22.894436422556637 ], [ 81.866054186413578, 22.915750047058346 ], [ 81.878174215628775, 22.909847812580949 ], [ 81.919036028411483, 22.946572827106973 ], [ 81.946392665782952, 22.956737786484712 ], [ 81.950548104371023, 22.982969939717584 ], [ 81.921460034254522, 23.04100857874532 ], [ 81.929424624881662, 23.061666399416207 ], [ 81.946738952331955, 23.069208143470661 ], [ 81.94223722719488, 23.079045200932988 ], [ 81.991063630604714, 23.086586944987438 ], [ 82.034695735779465, 23.08035680859463 ], [ 82.07313354271912, 23.116753921205245 ], [ 82.122998805775978, 23.103637844588807 ], [ 82.123345092324982, 23.103309942673395 ], [ 82.123345092324982, 23.103309942673395 ], [ 82.173902928479862, 23.042648088322373 ], [ 82.180136086361969, 23.034122638521691 ], [ 82.177019507420908, 22.970181765016562 ], [ 82.199874419655302, 22.951163453922728 ], [ 82.209916729576477, 22.94886814051485 ], [ 82.215803600909581, 22.944933317529919 ], [ 82.208185296831445, 22.925915006436085 ], [ 82.134079975344179, 22.853448683130271 ], [ 82.15520345483354, 22.83869309693678 ], [ 82.159012606872594, 22.787540398132677 ], [ 82.148970296951433, 22.741634129975147 ], [ 82.166284624401726, 22.724583230373778 ], [ 82.173556641930844, 22.670479414330977 ], [ 82.197104127263259, 22.67474213923132 ], [ 82.201952138949338, 22.660642356868649 ], [ 82.239697372790985, 22.653100612814196 ], [ 82.233464214908878, 22.591127150801533 ], [ 82.208185296831445, 22.596373581448105 ], [ 82.156242314480551, 22.54423717689777 ], [ 82.164899478205697, 22.524563061973115 ], [ 82.137889127383232, 22.454392052075178 ], [ 82.168016057146758, 22.441931779289561 ], [ 82.182213805656005, 22.410125293494701 ], [ 82.164899478205697, 22.399632432201553 ], [ 82.166977197499733, 22.383565238346417 ], [ 82.149316583500436, 22.384221042177238 ], [ 82.153472022088508, 22.352414556382382 ], [ 82.142390852520307, 22.334052049119368 ], [ 82.142044565971304, 22.333068343373135 ], [ 82.147585150755404, 22.332084637626902 ], [ 82.203337285145366, 22.311754718871427 ], [ 82.215803600909581, 22.339626381681356 ], [ 82.233464214908878, 22.328477716557384 ], [ 82.268092869809479, 22.334707852950189 ], [ 82.272248308397536, 22.317984855264232 ], [ 82.262205998476375, 22.298310740339577 ], [ 82.288177489651815, 22.286834173300196 ], [ 82.311032401886209, 22.298966544170398 ], [ 82.325576436944459, 22.32355918782622 ], [ 82.351547928119899, 22.327494010811151 ], [ 82.378904565491368, 22.300606053747455 ], [ 82.400028044980743, 22.305196680563206 ], [ 82.414918366587997, 22.2809319388228 ], [ 82.396565179490679, 22.260274118151912 ], [ 82.42911611509723, 22.246502237704654 ], [ 82.436388132626362, 22.227156024695407 ], [ 82.458204185213731, 22.214367849994382 ] ] ] } },
{ "type": "Feature", "properties": { "dt_code": "723", "district": "Sukma", "st_code": "22", "year": "update2014", "st_nm": "Chhattisgarh" }, "geometry": { "type": "Polygon", "coordinates": [ [ [ 81.182830825224841, 18.541210593561214 ], [ 81.218498339772452, 18.514978440328338 ], [ 81.222653778360524, 18.527766615029364 ], [ 81.255551000516093, 18.523831792044433 ], [ 81.258321292908136, 18.479237131548548 ], [ 81.299875678788851, 18.456611899385194 ], [ 81.305416263572951, 18.43693778446054 ], [ 81.327578602709323, 18.438905195953005 ], [ 81.333465474042427, 18.417919473366705 ], [ 81.370171848237064, 18.417263669535885 ], [ 81.409648514823743, 18.392671025880066 ], [ 81.428001701921048, 18.402180181426981 ], [ 81.429386848117076, 18.421198492520816 ], [ 81.393373047020461, 18.420870590605404 ], [ 81.36982556168806, 18.432019255729376 ], [ 81.382984450550282, 18.466448956847522 ], [ 81.377097579217178, 18.488746287095466 ], [ 81.394065620118468, 18.49366481582663 ], [ 81.423499976783972, 18.479892935379372 ], [ 81.443238310077319, 18.498255442642382 ], [ 81.414150239960819, 18.514322636497518 ], [ 81.414496526509822, 18.51465053841293 ], [ 81.441506877332287, 18.540554789730393 ], [ 81.430425707764087, 18.55465457209306 ], [ 81.423846263332976, 18.555310375923884 ], [ 81.421075970940933, 18.566786942963265 ], [ 81.418651965097894, 18.576296098510184 ], [ 81.41830567854889, 18.577279804256417 ], [ 81.420729684391929, 18.579903019579703 ], [ 81.434234859803155, 18.592691194280729 ], [ 81.446008602469362, 18.580886725325936 ], [ 81.44670117556737, 18.606135172812575 ], [ 81.44670117556737, 18.606790976643399 ], [ 81.464708076115684, 18.614004818782441 ], [ 81.487562988350078, 18.623513974329356 ], [ 81.488255561448085, 18.623841876244768 ], [ 81.521845356701661, 18.604495663235522 ], [ 81.543661409289044, 18.606463074727987 ], [ 81.55231857301419, 18.583509940649222 ], [ 81.540198543798979, 18.567770648709498 ], [ 81.555435151955237, 18.560228904655048 ], [ 81.559936877092312, 18.56547533530162 ], [ 81.579328923836655, 18.599577134504358 ], [ 81.579675210385659, 18.600232938335179 ], [ 81.575519771797588, 18.602200349827644 ], [ 81.547124274779094, 18.614988524528673 ], [ 81.546431701681087, 18.615316426444082 ], [ 81.543315122740026, 18.628760404975932 ], [ 81.542276263093015, 18.632695227960863 ], [ 81.542276263093015, 18.632695227960863 ], [ 81.556127725053244, 18.657943675447502 ], [ 81.542276263093015, 18.674010869302638 ], [ 81.545392842034062, 18.693684984227293 ], [ 81.545739128583079, 18.694996591888938 ], [ 81.569632900464484, 18.713031197236539 ], [ 81.568940327366477, 18.739591252384823 ], [ 81.568940327366477, 18.739919154300232 ], [ 81.59768211093396, 18.734344821738247 ], [ 81.613957578737242, 18.750739917508795 ], [ 81.615689011482274, 18.74877250601633 ], [ 81.627809040697485, 18.73532852748448 ], [ 81.628501613795493, 18.734672723653659 ], [ 81.628501613795493, 18.734672723653659 ], [ 81.623653602109414, 18.708768472336196 ], [ 81.663822841794101, 18.697291905296815 ], [ 81.663822841794101, 18.697291905296815 ], [ 81.662091409049069, 18.688438553580717 ], [ 81.65724339736299, 18.659911086939967 ], [ 81.657589683911993, 18.659583185024559 ], [ 81.673172578617255, 18.652369342885518 ], [ 81.672826292068251, 18.652369342885518 ], [ 81.656204537715965, 18.654336754377983 ], [ 81.655165678068954, 18.654336754377983 ], [ 81.655165678068954, 18.654336754377983 ], [ 81.652049099127893, 18.613349014951616 ], [ 81.660013689755033, 18.60744678047422 ], [ 81.706762373870831, 18.614004818782441 ], [ 81.765284800652836, 18.594330703857782 ], [ 81.767016233397868, 18.593674900026961 ], [ 81.768401379593897, 18.594330703857782 ], [ 81.786754566691215, 18.602528251743056 ], [ 81.838697549042095, 18.626465091568054 ], [ 81.872633630844689, 18.647450814154354 ], [ 81.874018777040703, 18.656632067785857 ], [ 81.899297695118136, 18.6608947926862 ], [ 81.899297695118136, 18.660566890770792 ], [ 81.89375711033405, 18.657615773532093 ], [ 81.894795969981061, 18.62908830689134 ], [ 81.92769319213663, 18.619907053259837 ], [ 81.963706993233245, 18.590395880872851 ], [ 81.950548104371023, 18.570065962117376 ], [ 81.91072515123534, 18.570721765948196 ], [ 81.901375414412172, 18.548752337615664 ], [ 81.909340005039311, 18.537931574407104 ], [ 81.8681319057076, 18.524815497790666 ], [ 81.854626730296374, 18.49038579667252 ], [ 81.769440239240907, 18.418903179112938 ], [ 81.750394479045582, 18.353650697946165 ], [ 81.658974830108022, 18.346436855807124 ], [ 81.649625093284854, 18.336927700260208 ], [ 81.662091409049069, 18.321188408320484 ], [ 81.59768211093396, 18.309056037450279 ], [ 81.564438602229387, 18.275282140162954 ], [ 81.525308222191725, 18.258231240561585 ], [ 81.530502520426808, 18.240196635213987 ], [ 81.506955035094407, 18.186092819171183 ], [ 81.525654508740729, 18.15330262763009 ], [ 81.513188192976514, 18.139530747182832 ], [ 81.513188192976514, 18.100182517333522 ], [ 81.480637257369949, 18.051325131937293 ], [ 81.483061263213003, 17.976891397139013 ], [ 81.449125181410409, 17.931968834727716 ], [ 81.444623456273334, 17.885734664654777 ], [ 81.400298778000575, 17.893604310624639 ], [ 81.399606204902568, 17.891964801047585 ], [ 81.394411906667472, 17.869339568884232 ], [ 81.40376164349064, 17.852944473113684 ], [ 81.389217608432389, 17.829991339034919 ], [ 81.389217608432389, 17.829007633288686 ], [ 81.391641614275429, 17.81556365475684 ], [ 81.397182199059529, 17.818514771995538 ], [ 81.393373047020461, 17.795233736001361 ], [ 81.393026760471457, 17.794905834085952 ], [ 81.354588953531788, 17.813268341348962 ], [ 81.265247023888264, 17.810973027941088 ], [ 81.166209070872554, 17.857535099929439 ], [ 81.09383518213032, 17.809333518364031 ], [ 81.085524304954177, 17.798184853240059 ], [ 81.059899100327726, 17.787691991946911 ], [ 81.026655591623168, 17.790643109185609 ], [ 81.016266995152989, 17.794905834085952 ], [ 80.996528661859642, 17.849009650128753 ], [ 80.998260094604674, 17.916885346618816 ], [ 80.979560620958353, 18.006730471441408 ], [ 80.965709158998123, 18.043127584052019 ], [ 80.969518311037177, 18.047718210867775 ], [ 80.949087404645837, 18.086082734970852 ], [ 80.955666849076948, 18.13231690504379 ], [ 80.978868047860345, 18.154286333376323 ], [ 80.978868047860345, 18.165434998500295 ], [ 80.978868047860345, 18.165434998500295 ], [ 80.978868047860345, 18.165434998500295 ], [ 81.008994977623857, 18.169697723400638 ], [ 81.00830240452585, 18.161500175515364 ], [ 81.033581322603283, 18.156253744868788 ], [ 81.074096848836973, 18.190683445986938 ], [ 81.076174568131009, 18.192322955563991 ], [ 81.074096848836973, 18.196257778548922 ], [ 81.07375056228797, 18.231671185413301 ], [ 81.07375056228797, 18.231671185413301 ], [ 81.07375056228797, 18.231671185413301 ], [ 81.044662492171469, 18.255280123322887 ], [ 81.065093398562823, 18.295939960833842 ], [ 81.064747112013819, 18.296923666580074 ], [ 81.064054538915798, 18.299874783818773 ], [ 81.059206527229719, 18.313646664266031 ], [ 81.040507053583397, 18.341846228991372 ], [ 80.980599480605377, 18.347748463468768 ], [ 80.958437141468991, 18.368734186055068 ], [ 80.935928515783601, 18.361848245831439 ], [ 80.926232492411444, 18.376931733940342 ], [ 80.915843895941265, 18.377915439686575 ], [ 80.913419890098226, 18.37988285117904 ], [ 80.915497609392261, 18.381850262671506 ], [ 80.977136615115313, 18.41923108102835 ], [ 81.022153866486079, 18.466121054932113 ], [ 81.033581322603283, 18.534324653337585 ], [ 81.087255737699209, 18.548752337615664 ], [ 81.157551907147408, 18.531373536098886 ], [ 81.170710796009629, 18.542194299307447 ], [ 81.165516497774547, 18.552687160600595 ], [ 81.182830825224841, 18.541210593561214 ] ] ] } },
{ "type": "Feature", "properties": { "dt_code": "400", "district": "Koriya", "st_code": "22", "year": "2011_c", "st_nm": "Chhattisgarh" }, "geometry": { "type": "Polygon", "coordinates": [ [ [ 82.215803600909581, 22.944933317529919 ], [ 82.209916729576477, 22.94886814051485 ], [ 82.199874419655302, 22.951163453922728 ], [ 82.177019507420908, 22.970181765016562 ], [ 82.180136086361969, 23.034122638521691 ], [ 82.173902928479862, 23.042648088322373 ], [ 82.123345092324982, 23.103309942673395 ], [ 82.123345092324982, 23.103309942673395 ], [ 82.124730238521011, 23.104293648419628 ], [ 82.137196554285225, 23.111835392474077 ], [ 82.139620560128265, 23.132165311229556 ], [ 82.161436612715647, 23.143313976353529 ], [ 82.160397753068622, 23.161676483616539 ], [ 82.14412228526534, 23.165283404686061 ], [ 82.153818308637511, 23.209222261351123 ], [ 82.144814858363361, 23.227256866698724 ], [ 82.167323484048737, 23.246275177792558 ], [ 82.174249215028865, 23.268900409955911 ], [ 82.192948688675187, 23.277753761672006 ], [ 82.199181846557295, 23.313822972367209 ], [ 82.191909829028162, 23.326939048983647 ], [ 82.163860618558687, 23.334808694953509 ], [ 82.145853718010372, 23.361368750101793 ], [ 82.117111934442875, 23.355466515624396 ], [ 82.103260472482646, 23.398421666543229 ], [ 82.064130092444969, 23.392847333981241 ], [ 82.055819215268826, 23.376780140126105 ], [ 82.023268279662275, 23.386945099503844 ], [ 82.021883133466247, 23.387273001419256 ], [ 82.023960852760283, 23.408586625920965 ], [ 82.032618016485429, 23.409898233582609 ], [ 82.025345998956311, 23.424981721691513 ], [ 82.009416817702032, 23.411865645075075 ], [ 81.99972079432986, 23.421702702537402 ], [ 81.985869332369631, 23.414160958482952 ], [ 81.985869332369631, 23.414160958482952 ], [ 81.985523045820628, 23.414488860398361 ], [ 81.98517675927161, 23.414488860398361 ], [ 81.976865882095467, 23.423670114029868 ], [ 81.980328747585531, 23.446951150024042 ], [ 81.955049829508098, 23.467281068779521 ], [ 81.957820121900141, 23.500399162236025 ], [ 81.926654332489605, 23.52761502121513 ], [ 81.920767461156515, 23.533189353777118 ], [ 81.916265736019426, 23.533845157607939 ], [ 81.875750209785735, 23.512859435021639 ], [ 81.836273543199056, 23.510892023529173 ], [ 81.820690648493795, 23.515154748429516 ], [ 81.809263192376591, 23.549256547632254 ], [ 81.758359069672721, 23.549912351463075 ], [ 81.746931613555532, 23.569586466387729 ], [ 81.699490356341713, 23.522040688653146 ], [ 81.658974830108022, 23.528926628876775 ], [ 81.662437695598072, 23.513843140767872 ], [ 81.644084508500754, 23.482036654973012 ], [ 81.627116467599464, 23.482036654973012 ], [ 81.611533572894203, 23.512531533106227 ], [ 81.610148426698174, 23.55515878210965 ], [ 81.584176935522734, 23.553519272532593 ], [ 81.576558631444598, 23.585325758327453 ], [ 81.589717520306834, 23.596146521536014 ], [ 81.611879859443206, 23.595162815789781 ], [ 81.614650151835249, 23.663038512279844 ], [ 81.655165678068954, 23.663038512279844 ], [ 81.655511964617958, 23.682056823373678 ], [ 81.683907461636451, 23.690910175089769 ], [ 81.696027490851648, 23.721405053222988 ], [ 81.678366876852351, 23.739439658570589 ], [ 81.681829742342416, 23.753211539017848 ], [ 81.644777081598775, 23.770262438619213 ], [ 81.651010239480883, 23.799773611006199 ], [ 81.645815941245786, 23.8119059818764 ], [ 81.635427344775607, 23.834531214039757 ], [ 81.611187286345199, 23.837154429363043 ], [ 81.603915268816067, 23.859779661526396 ], [ 81.621575882815378, 23.870928326650368 ], [ 81.603568982267063, 23.884700207097627 ], [ 81.603915268816067, 23.885028109013039 ], [ 81.609802140149171, 23.904046420106873 ], [ 81.667978280382172, 23.925360044608581 ], [ 81.687370327126501, 23.906669635430159 ], [ 81.690486906067562, 23.884700207097627 ], [ 81.707454946968852, 23.882404893689749 ], [ 81.707454946968852, 23.861091269188041 ], [ 81.732041291948264, 23.856828544287698 ], [ 81.725461847517153, 23.839777644686329 ], [ 81.810302052023616, 23.808299060806881 ], [ 81.819305502297766, 23.807971158891469 ], [ 81.832118104610984, 23.813217589538045 ], [ 81.867785619158596, 23.834203312124345 ], [ 81.885792519706911, 23.835514919785989 ], [ 81.889255385196975, 23.836826527447631 ], [ 81.921460034254522, 23.870928326650368 ], [ 81.957820121900141, 23.852237917471946 ], [ 82.007685384957, 23.861747073018861 ], [ 82.044045472602633, 23.841745056178794 ], [ 82.03919746091654, 23.826333666154483 ], [ 82.081790706444281, 23.816496608692155 ], [ 82.171478922636808, 23.818136118269209 ], [ 82.180828659459976, 23.83617072361681 ], [ 82.209570443027474, 23.852893721302767 ], [ 82.211648162321509, 23.848630996402427 ], [ 82.215457314360563, 23.841089252347974 ], [ 82.206800150635416, 23.828301077646948 ], [ 82.225499624281738, 23.820103529761674 ], [ 82.231386495614842, 23.806659551229828 ], [ 82.260474565731343, 23.821415137423319 ], [ 82.334579887218609, 23.802724728244897 ], [ 82.374056553805289, 23.8119059818764 ], [ 82.393448600549618, 23.800101512921607 ], [ 82.465822489291867, 23.8119059818764 ], [ 82.497334565251407, 23.785018024812707 ], [ 82.498027138349414, 23.785018024812707 ], [ 82.498027138349414, 23.782394809489418 ], [ 82.501836290388482, 23.76501600797264 ], [ 82.510839740662632, 23.759113773495244 ], [ 82.529539214308954, 23.756490558171954 ], [ 82.547892401406273, 23.75419524476408 ], [ 82.548931261053298, 23.753867342848668 ], [ 82.55412555928838, 23.745997696878806 ], [ 82.59914281065916, 23.678777804219568 ], [ 82.601566816502199, 23.675498785065457 ], [ 82.603298249247231, 23.661726904618199 ], [ 82.574556465679734, 23.62631349775382 ], [ 82.581828483208852, 23.544993822731911 ], [ 82.591524506581024, 23.535484667184992 ], [ 82.641736056186886, 23.500727064151434 ], [ 82.653856085402097, 23.458427717063426 ], [ 82.650046933363029, 23.384977688011379 ], [ 82.675672137989466, 23.370222101817888 ], [ 82.748392313280718, 23.354810711793576 ], [ 82.756703190456861, 23.302674307243237 ], [ 82.746660880535686, 23.295460465104199 ], [ 82.744236874692646, 23.268572508040499 ], [ 82.772286085162122, 23.258407548662763 ], [ 82.696449330929823, 23.244635668215505 ], [ 82.664244681872276, 23.206599046027836 ], [ 82.63654175795179, 23.141018662945651 ], [ 82.609531407129339, 23.144625584015174 ], [ 82.57663418497377, 23.127902586329213 ], [ 82.586676494894945, 23.098719315857643 ], [ 82.583559915953884, 23.083963729664152 ], [ 82.569015880895634, 23.075438279863466 ], [ 82.586330208345942, 23.062322203247028 ], [ 82.577673044620781, 23.051501440038471 ], [ 82.595333658620092, 23.036090050014156 ], [ 82.594987372071088, 23.031499423198404 ], [ 82.602259389600206, 23.023629777228543 ], [ 82.606068541639274, 23.023957679143951 ], [ 82.604683395443246, 23.020678659989841 ], [ 82.600527956855174, 23.007890485288819 ], [ 82.598103951012135, 23.000676643149777 ], [ 82.597065091365124, 23.000348741234365 ], [ 82.581482196659849, 22.996413918249434 ], [ 82.586676494894945, 22.981986233971355 ], [ 82.573171319483706, 22.961328413300464 ], [ 82.56866959434663, 22.970509666931971 ], [ 82.563821582660552, 22.974772391832314 ], [ 82.455433892821688, 22.966902745862452 ], [ 82.415957226235008, 22.974444489916902 ], [ 82.410762927999926, 22.989200076110393 ], [ 82.384445150275468, 23.000020839318957 ], [ 82.344968483688788, 22.991823291433683 ], [ 82.326269010042466, 22.966902745862452 ], [ 82.283329477965736, 22.960016805638823 ], [ 82.258743132986311, 22.93804737730629 ], [ 82.215803600909581, 22.944933317529919 ] ] ] } },
{ "type": "Feature", "properties": { "dt_code": "402", "district": "Jashpur", "st_code": "22", "year": "2011_c", "st_nm": "Chhattisgarh" }, "geometry": { "type": "Polygon", "coordinates": [ [ [ 83.803181141552827, 22.293720113523825 ], [ 83.80352742810183, 22.294375917354646 ], [ 83.795562837474691, 22.309131503548137 ], [ 83.759202749829072, 22.325854501234097 ], [ 83.737732983790693, 22.377335101953612 ], [ 83.690291726576888, 22.376023494291967 ], [ 83.648737340696172, 22.391434884316279 ], [ 83.63246187289289, 22.420618154787853 ], [ 83.575670878855917, 22.459638482721751 ], [ 83.595755498698267, 22.532432707942977 ], [ 83.587444621522124, 22.539646550082018 ], [ 83.567706288228777, 22.541941863489896 ], [ 83.543119943249351, 22.516365514087841 ], [ 83.512646726936836, 22.511119083441265 ], [ 83.489791814702443, 22.492100772347435 ], [ 83.400449885058904, 22.55440213627551 ], [ 83.405297896744997, 22.585880720154957 ], [ 83.427113949332366, 22.606866442741257 ], [ 83.379672692118547, 22.61867091169605 ], [ 83.403566463999965, 22.623589440427214 ], [ 83.405644183294001, 22.626540557665912 ], [ 83.413262487372123, 22.638017124705293 ], [ 83.409107048784051, 22.64031243811317 ], [ 83.416725352862187, 22.64293565343646 ], [ 83.416725352862187, 22.643263555351869 ], [ 83.409453335333069, 22.65801914154536 ], [ 83.428845382077398, 22.661953964530291 ], [ 83.434385966861498, 22.67474213923132 ], [ 83.434732253410502, 22.67474213923132 ], [ 83.506067282505725, 22.659002847291596 ], [ 83.505720995956722, 22.67146312007721 ], [ 83.550738247327487, 22.696055763733028 ], [ 83.638348744225993, 22.659658651122417 ], [ 83.642504182814065, 22.65801914154536 ], [ 83.651161346539212, 22.645886770675155 ], [ 83.670207106734537, 22.625884753835091 ], [ 83.676440264616645, 22.631786988312488 ], [ 83.690638013125891, 22.668184100923099 ], [ 83.690291726576888, 22.668512002838511 ], [ 83.628999007402825, 22.712122957588164 ], [ 83.630384153598854, 22.727862249527888 ], [ 83.656701931323312, 22.748520070198776 ], [ 83.647352194500144, 22.760324539153569 ], [ 83.658433364068344, 22.776719634924117 ], [ 83.645967048304129, 22.826560726066575 ], [ 83.628652720853822, 22.825904922235754 ], [ 83.623458422618739, 22.84197211609089 ], [ 83.595062925600246, 22.848858056314519 ], [ 83.595409212149249, 22.869187975069995 ], [ 83.57844117124796, 22.870171680816227 ], [ 83.569437720973809, 22.890501599571706 ], [ 83.533423919877194, 22.914438439396704 ], [ 83.50398956321169, 22.951819257753549 ], [ 83.50398956321169, 22.952147159668961 ], [ 83.511954153838829, 22.984609449294641 ], [ 83.548660528033452, 23.031499423198404 ], [ 83.524766756152047, 23.059043184092921 ], [ 83.499834124623618, 23.064617516654906 ], [ 83.499834124623618, 23.064617516654906 ], [ 83.500180411172622, 23.064945418570318 ], [ 83.525805615799058, 23.10527735416586 ], [ 83.53550163917123, 23.120360842274764 ], [ 83.545197662543387, 23.122656155682641 ], [ 83.55904912450363, 23.134788526552846 ], [ 83.56147313034667, 23.143641878268937 ], [ 83.558356551405623, 23.156102151054554 ], [ 83.551777106974512, 23.168562423840172 ], [ 83.554893685915559, 23.169546129586401 ], [ 83.569437720973809, 23.174792560232977 ], [ 83.575324592306913, 23.194138773242223 ], [ 83.575324592306913, 23.194466675157631 ], [ 83.601988656580374, 23.191187656003521 ], [ 83.602681229678382, 23.191187656003521 ], [ 83.624843568814754, 23.219387220728862 ], [ 83.640080176971026, 23.224633651375438 ], [ 83.660164796813362, 23.228896376275777 ], [ 83.700680323047067, 23.224961553290846 ], [ 83.698602603753031, 23.212501280505233 ], [ 83.711068919517245, 23.210533869012767 ], [ 83.712800352262278, 23.210205967097359 ], [ 83.723188948732442, 23.21414079008229 ], [ 83.726305527673503, 23.233814905006945 ], [ 83.748121580260872, 23.243651962469272 ], [ 83.779633656220412, 23.225289455206259 ], [ 83.790714825788612, 23.251193706523722 ], [ 83.826728626885227, 23.24332406055386 ], [ 83.878325322687118, 23.212173378589824 ], [ 83.885251053667233, 23.188236538764826 ], [ 83.926459152998945, 23.167906620009347 ], [ 83.926112866449927, 23.15052781849257 ], [ 83.944119766998242, 23.154134739562089 ], [ 83.944119766998242, 23.160036974039485 ], [ 83.967320965781639, 23.172497246825102 ], [ 83.967667252330642, 23.1905318521727 ], [ 83.994677603153107, 23.189220244511056 ], [ 83.999179328290182, 23.185941225356949 ], [ 84.011645644054397, 23.188564440680235 ], [ 84.020302807779544, 23.187908636849414 ], [ 84.038309708327859, 23.171185639163458 ], [ 84.038309708327859, 23.167578718093935 ], [ 84.037617135229851, 23.149544112746334 ], [ 84.063242339856288, 23.113474902051134 ], [ 84.093369269619799, 23.112491196304902 ], [ 84.133538509304486, 23.083307925833331 ], [ 84.125227632128343, 23.037073755760389 ], [ 84.149467690558765, 22.965591138200807 ], [ 84.178209474126263, 22.979690920563478 ], [ 84.175439181734205, 23.009857896781284 ], [ 84.185827778204384, 23.027236698298061 ], [ 84.201756959458663, 23.021006561905253 ], [ 84.200371813262635, 23.006250975711762 ], [ 84.219071286908957, 22.978707214817245 ], [ 84.242618772241372, 22.983297841632996 ], [ 84.253353655260554, 22.972149176509028 ], [ 84.277247427141958, 22.993134899095324 ], [ 84.283826871573069, 22.964935334369986 ], [ 84.328151549845828, 22.981986233971355 ], [ 84.374553947412636, 22.979035116732653 ], [ 84.376285380157654, 22.974444489916902 ], [ 84.39637, 22.92722661409773 ], [ 84.376977953255675, 22.90624089151143 ], [ 84.383211111137783, 22.893452716810405 ], [ 84.379401959098715, 22.883615659348077 ], [ 84.373168801216607, 22.866892661662121 ], [ 84.3724762281186, 22.865253152085064 ], [ 84.371783655020579, 22.865253152085064 ], [ 84.336116140472967, 22.862302034846365 ], [ 84.324342397806774, 22.851153369722397 ], [ 84.314992660983606, 22.800656474749111 ], [ 84.298024620082316, 22.794426338356306 ], [ 84.291445175651205, 22.773440615770006 ], [ 84.293869181494244, 22.772784811939182 ], [ 84.290060029455177, 22.768522087038843 ], [ 84.289367456357169, 22.766226773630965 ], [ 84.287982310161141, 22.766226773630965 ], [ 84.259933099691665, 22.76753838129261 ], [ 84.232230175771193, 22.739994620398093 ], [ 84.238117047104282, 22.691793038832685 ], [ 84.220110146555982, 22.667200395176867 ], [ 84.200025526713631, 22.666544591346046 ], [ 84.152584269499826, 22.636705517043652 ], [ 84.084019532796646, 22.638017124705293 ], [ 84.052853743386109, 22.595717777617285 ], [ 84.024458246367615, 22.591782954632354 ], [ 84.009567924760361, 22.573092545453932 ], [ 84.008875351662354, 22.533744315604622 ], [ 84.011991930603401, 22.527514179211813 ], [ 84.008875351662354, 22.528497884958046 ], [ 83.997101608996147, 22.531121100281332 ], [ 83.975978129506785, 22.514726004510788 ], [ 83.976670702604807, 22.513414396849143 ], [ 83.977709562251817, 22.510135377695036 ], [ 83.980133568094857, 22.502265731725174 ], [ 84.047313158602009, 22.469147638268669 ], [ 84.047313158602009, 22.438324858220042 ], [ 84.013377076799429, 22.397337118793676 ], [ 84.010606784407386, 22.371432867476216 ], [ 83.923342574057884, 22.358316790859778 ], [ 83.890445351902315, 22.336347362527246 ], [ 83.864127574177871, 22.343233302750875 ], [ 83.838156083002417, 22.324542893572453 ], [ 83.821880615199149, 22.313066326533068 ], [ 83.821534328650131, 22.31273842461766 ], [ 83.821534328650131, 22.31273842461766 ], [ 83.823265761395163, 22.30683619014026 ], [ 83.826382340336224, 22.293392211608413 ], [ 83.811838305277973, 22.289457388623482 ], [ 83.809414299434934, 22.28912948670807 ], [ 83.803181141552827, 22.293720113523825 ] ] ] } },
{ "type": "Feature", "properties": { "dt_code": "404", "district": "Korba", "st_code": "22", "year": "2011_c", "st_nm": "Chhattisgarh" }, "geometry": { "type": "Polygon", "coordinates": [ [ [ 82.937118482488955, 22.122883215594733 ], [ 82.936772195939952, 22.122227411763912 ], [ 82.901797254490347, 22.138294605619045 ], [ 82.89210123111819, 22.162559347359455 ], [ 82.861281728256657, 22.17141269907555 ], [ 82.85262456453151, 22.158624524374524 ], [ 82.822497634767984, 22.154033897558772 ], [ 82.796526143592544, 22.141245722857747 ], [ 82.799296435984587, 22.130424959649183 ], [ 82.758434623201893, 22.117636784948161 ], [ 82.757049477005864, 22.098290571938914 ], [ 82.731424272379428, 22.085502397237889 ], [ 82.740427722653578, 22.03992403099577 ], [ 82.72207453555626, 22.039596129080358 ], [ 82.698527050223859, 22.089109318307408 ], [ 82.669785266656362, 22.081239672337546 ], [ 82.63965833689285, 22.114685667709459 ], [ 82.638273190696822, 22.13206446922624 ], [ 82.665283541519287, 22.187807794846098 ], [ 82.642428629284893, 22.212072536586504 ], [ 82.644852635127933, 22.238632591734792 ], [ 82.596026231718099, 22.262241529644378 ], [ 82.59360222587506, 22.262897333475198 ], [ 82.582521056306874, 22.230435043849518 ], [ 82.546160968661241, 22.208137713601573 ], [ 82.521574623681829, 22.249453354943348 ], [ 82.51707289854474, 22.251092864520405 ], [ 82.490755120820296, 22.246174335789242 ], [ 82.459935617958763, 22.213384144248149 ], [ 82.458204185213731, 22.214367849994382 ], [ 82.436388132626362, 22.227156024695407 ], [ 82.42911611509723, 22.246502237704654 ], [ 82.396565179490679, 22.260274118151912 ], [ 82.414918366587997, 22.2809319388228 ], [ 82.400028044980743, 22.305196680563206 ], [ 82.378904565491368, 22.300606053747455 ], [ 82.351547928119899, 22.327494010811151 ], [ 82.325576436944459, 22.32355918782622 ], [ 82.311032401886209, 22.298966544170398 ], [ 82.288177489651815, 22.286834173300196 ], [ 82.262205998476375, 22.298310740339577 ], [ 82.272248308397536, 22.317984855264232 ], [ 82.268092869809479, 22.334707852950189 ], [ 82.233464214908878, 22.328477716557384 ], [ 82.215803600909581, 22.339626381681356 ], [ 82.203337285145366, 22.311754718871427 ], [ 82.147585150755404, 22.332084637626902 ], [ 82.142044565971304, 22.333068343373135 ], [ 82.142390852520307, 22.334052049119368 ], [ 82.153472022088508, 22.352414556382382 ], [ 82.149316583500436, 22.384221042177238 ], [ 82.166977197499733, 22.383565238346417 ], [ 82.164899478205697, 22.399632432201553 ], [ 82.182213805656005, 22.410125293494701 ], [ 82.168016057146758, 22.441931779289561 ], [ 82.137889127383232, 22.454392052075178 ], [ 82.164899478205697, 22.524563061973115 ], [ 82.156242314480551, 22.54423717689777 ], [ 82.208185296831445, 22.596373581448105 ], [ 82.233464214908878, 22.591127150801533 ], [ 82.239697372790985, 22.653100612814196 ], [ 82.201952138949338, 22.660642356868649 ], [ 82.197104127263259, 22.67474213923132 ], [ 82.173556641930844, 22.670479414330977 ], [ 82.166284624401726, 22.724583230373778 ], [ 82.148970296951433, 22.741634129975147 ], [ 82.159012606872594, 22.787540398132677 ], [ 82.15520345483354, 22.83869309693678 ], [ 82.134079975344179, 22.853448683130271 ], [ 82.208185296831445, 22.925915006436085 ], [ 82.215803600909581, 22.944933317529919 ], [ 82.258743132986311, 22.93804737730629 ], [ 82.283329477965736, 22.960016805638823 ], [ 82.326269010042466, 22.966902745862452 ], [ 82.344968483688788, 22.991823291433683 ], [ 82.384445150275468, 23.000020839318957 ], [ 82.410762927999926, 22.989200076110393 ], [ 82.415957226235008, 22.974444489916902 ], [ 82.455433892821688, 22.966902745862452 ], [ 82.563821582660552, 22.974772391832314 ], [ 82.56866959434663, 22.970509666931971 ], [ 82.573171319483706, 22.961328413300464 ], [ 82.560012430621484, 22.957393590315533 ], [ 82.572825032934702, 22.94886814051485 ], [ 82.572825032934702, 22.914766341312117 ], [ 82.592909652777053, 22.898043343626156 ], [ 82.574556465679734, 22.897059637879924 ], [ 82.567977021248623, 22.867220563577529 ], [ 82.562436436464523, 22.864925250169655 ], [ 82.559319857523477, 22.856071898453557 ], [ 82.57109360018967, 22.829839745220685 ], [ 82.598450237561138, 22.832462960543971 ], [ 82.65108579301004, 22.809181924549797 ], [ 82.712724798733106, 22.833774568205616 ], [ 82.757742050103872, 22.797705357510416 ], [ 82.768130646574051, 22.789507809625142 ], [ 82.767784360025047, 22.789507809625142 ], [ 82.764667781084, 22.780982359824456 ], [ 82.765360354182008, 22.780326555993636 ], [ 82.766052927280015, 22.779670752162815 ], [ 82.831501085042149, 22.744257345298436 ], [ 82.831847371591152, 22.744257345298436 ], [ 82.874786903667882, 22.74655265870631 ], [ 82.940927634528023, 22.678349060300839 ], [ 82.99010032448686, 22.665560885599813 ], [ 83.013647809819275, 22.638672928536117 ], [ 83.064898219072148, 22.669167806669332 ], [ 83.110261756991932, 22.671135218161798 ], [ 83.111300616638943, 22.670151512415565 ], [ 83.118918920717078, 22.660642356868649 ], [ 83.120996640011114, 22.653100612814196 ], [ 83.094678862286656, 22.633754399804953 ], [ 83.092601142992621, 22.575715760777221 ], [ 83.107491464599875, 22.518660827495719 ], [ 83.08602169856151, 22.46980344209949 ], [ 83.086367985110513, 22.46980344209949 ], [ 83.09502514883566, 22.460622188467987 ], [ 83.094678862286656, 22.42717619309607 ], [ 83.113378335932978, 22.421601860534086 ], [ 83.100219447070756, 22.382253630684772 ], [ 83.109222897344907, 22.36618643682964 ], [ 83.086367985110513, 22.348479733397447 ], [ 83.080481113777424, 22.31011520929437 ], [ 83.049315324366887, 22.280604036907388 ], [ 83.06108906703308, 22.261913627728966 ], [ 83.03200099691658, 22.240600003227257 ], [ 83.029923277622544, 22.2389604936502 ], [ 83.035810148955647, 22.234697768749861 ], [ 83.047930178170859, 22.216991065317668 ], [ 83.050700470562902, 22.194037931238903 ], [ 83.030269564171562, 22.168789483752263 ], [ 82.970015704644524, 22.164198856936508 ], [ 82.967245412252467, 22.1638709550211 ], [ 82.960665967821356, 22.143868938181033 ], [ 82.943697926920066, 22.147475859250552 ], [ 82.936772195939952, 22.123211117510145 ], [ 82.937118482488955, 22.122883215594733 ] ] ] } },
{ "type": "Feature", "properties": { "dt_code": "715", "district": "Surajpur", "st_code": "22", "year": "update2014", "st_nm": "Chhattisgarh" }, "geometry": { "type": "Polygon", "coordinates": [ [ [ 82.573171319483706, 22.961328413300464 ], [ 82.586676494894945, 22.981986233971355 ], [ 82.581482196659849, 22.996413918249434 ], [ 82.597065091365124, 23.000348741234365 ], [ 82.598103951012135, 23.000676643149777 ], [ 82.600527956855174, 23.007890485288819 ], [ 82.604683395443246, 23.020678659989841 ], [ 82.606068541639274, 23.023957679143951 ], [ 82.602259389600206, 23.023629777228543 ], [ 82.594987372071088, 23.031499423198404 ], [ 82.595333658620092, 23.036090050014156 ], [ 82.577673044620781, 23.051501440038471 ], [ 82.586330208345942, 23.062322203247028 ], [ 82.569015880895634, 23.075438279863466 ], [ 82.583559915953884, 23.083963729664152 ], [ 82.586676494894945, 23.098719315857643 ], [ 82.57663418497377, 23.127902586329213 ], [ 82.609531407129339, 23.144625584015174 ], [ 82.63654175795179, 23.141018662945651 ], [ 82.664244681872276, 23.206599046027836 ], [ 82.696449330929823, 23.244635668215505 ], [ 82.772286085162122, 23.258407548662763 ], [ 82.744236874692646, 23.268572508040499 ], [ 82.746660880535686, 23.295460465104199 ], [ 82.756703190456861, 23.302674307243237 ], [ 82.748392313280718, 23.354810711793576 ], [ 82.675672137989466, 23.370222101817888 ], [ 82.650046933363029, 23.384977688011379 ], [ 82.653856085402097, 23.458427717063426 ], [ 82.641736056186886, 23.500727064151434 ], [ 82.591524506581024, 23.535484667184992 ], [ 82.581828483208852, 23.544993822731911 ], [ 82.574556465679734, 23.62631349775382 ], [ 82.603298249247231, 23.661726904618199 ], [ 82.601566816502199, 23.675498785065457 ], [ 82.59914281065916, 23.678777804219568 ], [ 82.55412555928838, 23.745997696878806 ], [ 82.548931261053298, 23.753867342848668 ], [ 82.547892401406273, 23.75419524476408 ], [ 82.529539214308954, 23.756490558171954 ], [ 82.510839740662632, 23.759113773495244 ], [ 82.501836290388482, 23.76501600797264 ], [ 82.498027138349414, 23.782394809489418 ], [ 82.498027138349414, 23.785018024812707 ], [ 82.524344916073872, 23.783706417151063 ], [ 82.530924360504983, 23.788624945882226 ], [ 82.551355266896337, 23.790592357374692 ], [ 82.533002079799019, 23.82207094125414 ], [ 82.588754214188981, 23.821415137423319 ], [ 82.635156611755775, 23.837810233193863 ], [ 82.646930354421968, 23.859123857695575 ], [ 82.660435529833208, 23.855189034710644 ], [ 82.668400120460348, 23.871912032396601 ], [ 82.652124652657065, 23.891586147321256 ], [ 82.661474389480219, 23.907653341176392 ], [ 82.684329301714612, 23.910276556499678 ], [ 82.692986465439759, 23.919129908215773 ], [ 82.695410471282813, 23.913555575653788 ], [ 82.692640178890755, 23.905030125853102 ], [ 82.704760208105967, 23.890930343490435 ], [ 82.734540851320475, 23.891914049236668 ], [ 82.743198015045621, 23.881093286028108 ], [ 82.771247225515111, 23.877158463043177 ], [ 82.781982108534294, 23.817808216353797 ], [ 82.817303336532902, 23.815840804861331 ], [ 82.845006260453374, 23.767311321380518 ], [ 82.863013161001689, 23.798134101429142 ], [ 82.915995002999594, 23.801413120583252 ], [ 82.918419008842633, 23.793871376528802 ], [ 82.902489827588369, 23.785018024812707 ], [ 82.908722985470462, 23.773869359688735 ], [ 82.994255763074932, 23.767639223295927 ], [ 82.999103774761025, 23.791903965036337 ], [ 83.012955236721254, 23.803380532075717 ], [ 83.026806698681497, 23.799117807175374 ], [ 83.035463862406644, 23.778787888419899 ], [ 83.073555382797295, 23.782394809489418 ], [ 83.064551932523145, 23.769934536703804 ], [ 83.068361084562213, 23.754851048594901 ], [ 83.081519973424435, 23.750588323694558 ], [ 83.092947429541624, 23.72927469919285 ], [ 83.132424096128304, 23.709600584268195 ], [ 83.16358988553884, 23.702714644044562 ], [ 83.206183131066581, 23.722716660884629 ], [ 83.210338569654652, 23.699435624890455 ], [ 83.197872253890438, 23.685335842527785 ], [ 83.209645996556631, 23.654185160563749 ], [ 83.202027692478509, 23.61221371539115 ], [ 83.211723715850667, 23.609262598152451 ], [ 83.200296259733477, 23.595162815789781 ], [ 83.210684856203656, 23.586637365989098 ], [ 83.200988832831484, 23.556798291686704 ], [ 83.228691756751957, 23.561716820417868 ], [ 83.227306610555942, 23.578111916188412 ], [ 83.279249592906822, 23.577456112357591 ], [ 83.269207282985661, 23.550896057209307 ], [ 83.2370026339281, 23.541714803577801 ], [ 83.238734066673132, 23.515482650344929 ], [ 83.303489651337244, 23.511547827359998 ], [ 83.332924008002749, 23.523680198230199 ], [ 83.342273744825917, 23.515154748429516 ], [ 83.333962867649774, 23.500727064151434 ], [ 83.304874797533273, 23.504006083305544 ], [ 83.302450791690234, 23.487283085619588 ], [ 83.310761668866377, 23.468264774525753 ], [ 83.348853189257028, 23.46990428410281 ], [ 83.367206376354332, 23.420391094875761 ], [ 83.364436083962289, 23.409242429751789 ], [ 83.350238335453042, 23.41055403741343 ], [ 83.341927458276899, 23.42399801594528 ], [ 83.304528510984269, 23.429572348507264 ], [ 83.306259943729287, 23.401700685697335 ], [ 83.33153886180672, 23.397437960796992 ], [ 83.326690850120642, 23.374156924802818 ], [ 83.306606230278305, 23.389240412911722 ], [ 83.301411932043209, 23.377108042041517 ], [ 83.236310060830093, 23.401700685697335 ], [ 83.231808335693017, 23.403340195274389 ], [ 83.20860713690962, 23.378747551618574 ], [ 83.207568277262595, 23.377435943956929 ], [ 83.206875704164588, 23.377108042041517 ], [ 83.203412838674524, 23.32202052025248 ], [ 83.214494008242724, 23.300051091919951 ], [ 83.209992283105635, 23.26758880229427 ], [ 83.197872253890438, 23.269884115702144 ], [ 83.20860713690962, 23.245619373961738 ], [ 83.246006084202264, 23.231519591599067 ], [ 83.246698657300271, 23.231191689683655 ], [ 83.242889505261203, 23.220043024559686 ], [ 83.215186581340731, 23.22233833796756 ], [ 83.192331669106338, 23.204959536450783 ], [ 83.176748774401062, 23.217747711151809 ], [ 83.178133920597091, 23.231519591599067 ], [ 83.163936172087844, 23.215124495828519 ], [ 83.137964680912404, 23.21414079008229 ], [ 83.133116669226325, 23.177087873640854 ], [ 83.159434446950769, 23.165939208516882 ], [ 83.14904585048059, 23.158397464462432 ], [ 83.16012702004879, 23.149872014661746 ], [ 83.151816142872647, 23.108884275235383 ], [ 83.128268657540232, 23.108556373319971 ], [ 83.116148628325035, 23.137739643791541 ], [ 83.100912020168764, 23.12888629207545 ], [ 83.027499271779504, 23.126590978667572 ], [ 83.031654710367576, 23.100030923519284 ], [ 83.012262663623247, 23.093800787126479 ], [ 82.998757488212021, 23.071175554963126 ], [ 82.973824856683592, 23.067568633893604 ], [ 82.956510529233285, 23.095768198618945 ], [ 82.941273921077027, 23.088554356479904 ], [ 82.922920733979709, 23.1154423135436 ], [ 82.863705734099696, 23.109212177150791 ], [ 82.851931991433489, 23.066912830062783 ], [ 82.894525236961229, 23.068224437724425 ], [ 82.919804155038662, 23.081340514340866 ], [ 82.924652166724741, 23.047238715138128 ], [ 82.898680675549301, 23.036745853844977 ], [ 82.899026962098304, 23.025597188721008 ], [ 82.883444067393029, 23.030515717452172 ], [ 82.830808511944127, 23.015432229343268 ], [ 82.833578804336184, 23.003299858473063 ], [ 82.852278277982506, 23.001988250811422 ], [ 82.852278277982506, 22.98821637036416 ], [ 82.852278277982506, 22.98756056653334 ], [ 82.821805061669977, 22.940670592629576 ], [ 82.79860386288658, 22.941982200291221 ], [ 82.792716991553476, 22.932800946659714 ], [ 82.795487283945519, 22.886238874671363 ], [ 82.788561552965405, 22.87049958273164 ], [ 82.76709178692704, 22.874762307631983 ], [ 82.772286085162122, 22.863285740592598 ], [ 82.755664330809836, 22.843611625667943 ], [ 82.764667781084, 22.832462960543971 ], [ 82.757742050103872, 22.797705357510416 ], [ 82.712724798733106, 22.833774568205616 ], [ 82.65108579301004, 22.809181924549797 ], [ 82.598450237561138, 22.832462960543971 ], [ 82.57109360018967, 22.829839745220685 ], [ 82.559319857523477, 22.856071898453557 ], [ 82.562436436464523, 22.864925250169655 ], [ 82.567977021248623, 22.867220563577529 ], [ 82.574556465679734, 22.897059637879924 ], [ 82.592909652777053, 22.898043343626156 ], [ 82.572825032934702, 22.914766341312117 ], [ 82.572825032934702, 22.94886814051485 ], [ 82.560012430621484, 22.957393590315533 ], [ 82.573171319483706, 22.961328413300464 ] ] ] } },
{ "type": "Feature", "properties": { "dt_code": "401", "district": "Surguja", "st_code": "22", "year": "2011_c", "st_nm": "Chhattisgarh" }, "geometry": { "type": "Polygon", "coordinates": [ [ [ 83.409107048784051, 22.64031243811317 ], [ 83.387290996196683, 22.651461103237143 ], [ 83.38452070380464, 22.653428514729608 ], [ 83.383481844157615, 22.657035435799127 ], [ 83.377941259373529, 22.679332766047072 ], [ 83.377248686275507, 22.685890804355289 ], [ 83.382789271059607, 22.68982562734022 ], [ 83.38798356929469, 22.687858215847754 ], [ 83.392139007882761, 22.696055763733028 ], [ 83.393870440627794, 22.734748189751517 ], [ 83.372400674589429, 22.741634129975147 ], [ 83.351969768198074, 22.729501759104942 ], [ 83.319765119140527, 22.766226773630965 ], [ 83.315609680552456, 22.758357127661103 ], [ 83.286521610435955, 22.769505792785075 ], [ 83.245659797653246, 22.759340833407336 ], [ 83.233193481889032, 22.783277673232334 ], [ 83.218303160281778, 22.780654457909048 ], [ 83.220380879575814, 22.78852410387891 ], [ 83.218303160281778, 22.787868300048089 ], [ 83.159088160401765, 22.773440615770006 ], [ 83.152162429421651, 22.735403993582338 ], [ 83.11510976867801, 22.725566936120011 ], [ 83.124805792050182, 22.70326960587207 ], [ 83.101604593266785, 22.682611785201182 ], [ 83.110261756991932, 22.671135218161798 ], [ 83.064898219072148, 22.669167806669332 ], [ 83.013647809819275, 22.638672928536117 ], [ 82.99010032448686, 22.665560885599813 ], [ 82.940927634528023, 22.678349060300839 ], [ 82.874786903667882, 22.74655265870631 ], [ 82.831847371591152, 22.744257345298436 ], [ 82.831501085042149, 22.744257345298436 ], [ 82.766052927280015, 22.779670752162815 ], [ 82.765360354182008, 22.780326555993636 ], [ 82.764667781084, 22.780982359824456 ], [ 82.767784360025047, 22.789507809625142 ], [ 82.768130646574051, 22.789507809625142 ], [ 82.757742050103872, 22.797705357510416 ], [ 82.764667781084, 22.832462960543971 ], [ 82.755664330809836, 22.843611625667943 ], [ 82.772286085162122, 22.863285740592598 ], [ 82.76709178692704, 22.874762307631983 ], [ 82.788561552965405, 22.87049958273164 ], [ 82.795487283945519, 22.886238874671363 ], [ 82.792716991553476, 22.932800946659714 ], [ 82.79860386288658, 22.941982200291221 ], [ 82.821805061669977, 22.940670592629576 ], [ 82.852278277982506, 22.98756056653334 ], [ 82.852278277982506, 22.98821637036416 ], [ 82.852278277982506, 23.001988250811422 ], [ 82.833578804336184, 23.003299858473063 ], [ 82.830808511944127, 23.015432229343268 ], [ 82.883444067393029, 23.030515717452172 ], [ 82.899026962098304, 23.025597188721008 ], [ 82.898680675549301, 23.036745853844977 ], [ 82.924652166724741, 23.047238715138128 ], [ 82.919804155038662, 23.081340514340866 ], [ 82.894525236961229, 23.068224437724425 ], [ 82.851931991433489, 23.066912830062783 ], [ 82.863705734099696, 23.109212177150791 ], [ 82.922920733979709, 23.1154423135436 ], [ 82.941273921077027, 23.088554356479904 ], [ 82.956510529233285, 23.095768198618945 ], [ 82.973824856683592, 23.067568633893604 ], [ 82.998757488212021, 23.071175554963126 ], [ 83.012262663623247, 23.093800787126479 ], [ 83.031654710367576, 23.100030923519284 ], [ 83.027499271779504, 23.126590978667572 ], [ 83.100912020168764, 23.12888629207545 ], [ 83.116148628325035, 23.137739643791541 ], [ 83.128268657540232, 23.108556373319971 ], [ 83.151816142872647, 23.108884275235383 ], [ 83.16012702004879, 23.149872014661746 ], [ 83.14904585048059, 23.158397464462432 ], [ 83.159434446950769, 23.165939208516882 ], [ 83.133116669226325, 23.177087873640854 ], [ 83.137964680912404, 23.21414079008229 ], [ 83.163936172087844, 23.215124495828519 ], [ 83.178133920597091, 23.231519591599067 ], [ 83.176748774401062, 23.217747711151809 ], [ 83.192331669106338, 23.204959536450783 ], [ 83.215186581340731, 23.22233833796756 ], [ 83.242889505261203, 23.220043024559686 ], [ 83.246698657300271, 23.231191689683655 ], [ 83.246006084202264, 23.231519591599067 ], [ 83.247044943849275, 23.236110218414819 ], [ 83.264012984750565, 23.233487003091533 ], [ 83.329807429061702, 23.179383187048728 ], [ 83.35404748749211, 23.172825148740511 ], [ 83.368245236001357, 23.215452397743931 ], [ 83.353008627845099, 23.220370926475095 ], [ 83.385213276902647, 23.248242589285024 ], [ 83.364782370511293, 23.261686567816874 ], [ 83.392831580980783, 23.269884115702144 ], [ 83.426075089685355, 23.254472725677832 ], [ 83.476979212389224, 23.258407548662763 ], [ 83.479749504781267, 23.248570491200436 ], [ 83.520611317563976, 23.244635668215505 ], [ 83.516455878975904, 23.234798610753174 ], [ 83.534116492975201, 23.22168253413674 ], [ 83.531346200583158, 23.201352615381261 ], [ 83.545543949092405, 23.204959536450783 ], [ 83.554893685915559, 23.169546129586401 ], [ 83.551777106974512, 23.168562423840172 ], [ 83.558356551405623, 23.156102151054554 ], [ 83.56147313034667, 23.143641878268937 ], [ 83.55904912450363, 23.134788526552846 ], [ 83.545197662543387, 23.122656155682641 ], [ 83.53550163917123, 23.120360842274764 ], [ 83.525805615799058, 23.10527735416586 ], [ 83.500180411172622, 23.064945418570318 ], [ 83.499834124623618, 23.064617516654906 ], [ 83.499834124623618, 23.064617516654906 ], [ 83.524766756152047, 23.059043184092921 ], [ 83.548660528033452, 23.031499423198404 ], [ 83.511954153838829, 22.984609449294641 ], [ 83.50398956321169, 22.952147159668961 ], [ 83.50398956321169, 22.951819257753549 ], [ 83.533423919877194, 22.914438439396704 ], [ 83.569437720973809, 22.890501599571706 ], [ 83.57844117124796, 22.870171680816227 ], [ 83.595409212149249, 22.869187975069995 ], [ 83.595062925600246, 22.848858056314519 ], [ 83.623458422618739, 22.84197211609089 ], [ 83.628652720853822, 22.825904922235754 ], [ 83.645967048304129, 22.826560726066575 ], [ 83.658433364068344, 22.776719634924117 ], [ 83.647352194500144, 22.760324539153569 ], [ 83.656701931323312, 22.748520070198776 ], [ 83.630384153598854, 22.727862249527888 ], [ 83.628999007402825, 22.712122957588164 ], [ 83.690291726576888, 22.668512002838511 ], [ 83.690638013125891, 22.668184100923099 ], [ 83.676440264616645, 22.631786988312488 ], [ 83.670207106734537, 22.625884753835091 ], [ 83.651161346539212, 22.645886770675155 ], [ 83.642504182814065, 22.65801914154536 ], [ 83.638348744225993, 22.659658651122417 ], [ 83.550738247327487, 22.696055763733028 ], [ 83.505720995956722, 22.67146312007721 ], [ 83.506067282505725, 22.659002847291596 ], [ 83.434732253410502, 22.67474213923132 ], [ 83.434385966861498, 22.67474213923132 ], [ 83.428845382077398, 22.661953964530291 ], [ 83.409453335333069, 22.65801914154536 ], [ 83.416725352862187, 22.643263555351869 ], [ 83.416725352862187, 22.64293565343646 ], [ 83.409107048784051, 22.64031243811317 ] ] ] } },
{ "type": "Feature", "properties": { "dt_code": "716", "district": "Balrampur", "st_code": "22", "year": "2011_c", "st_nm": "Chhattisgarh" }, "geometry": { "type": "Polygon", "coordinates": [ [ [ 84.038309708327859, 23.171185639163458 ], [ 84.020302807779544, 23.187908636849414 ], [ 84.011645644054397, 23.188564440680235 ], [ 83.999179328290182, 23.185941225356949 ], [ 83.994677603153107, 23.189220244511056 ], [ 83.967667252330642, 23.1905318521727 ], [ 83.967320965781639, 23.172497246825102 ], [ 83.944119766998242, 23.160036974039485 ], [ 83.944119766998242, 23.154134739562089 ], [ 83.926112866449927, 23.15052781849257 ], [ 83.926459152998945, 23.167906620009347 ], [ 83.885251053667233, 23.188236538764826 ], [ 83.878325322687118, 23.212173378589824 ], [ 83.826728626885227, 23.24332406055386 ], [ 83.790714825788612, 23.251193706523722 ], [ 83.779633656220412, 23.225289455206259 ], [ 83.748121580260872, 23.243651962469272 ], [ 83.726305527673503, 23.233814905006945 ], [ 83.723188948732442, 23.21414079008229 ], [ 83.712800352262278, 23.210205967097359 ], [ 83.711068919517245, 23.210533869012767 ], [ 83.698602603753031, 23.212501280505233 ], [ 83.700680323047067, 23.224961553290846 ], [ 83.660164796813362, 23.228896376275777 ], [ 83.640080176971026, 23.224633651375438 ], [ 83.624843568814754, 23.219387220728862 ], [ 83.602681229678382, 23.191187656003521 ], [ 83.601988656580374, 23.191187656003521 ], [ 83.575324592306913, 23.194466675157631 ], [ 83.575324592306913, 23.194138773242223 ], [ 83.569437720973809, 23.174792560232977 ], [ 83.554893685915559, 23.169546129586401 ], [ 83.545543949092405, 23.204959536450783 ], [ 83.531346200583158, 23.201352615381261 ], [ 83.534116492975201, 23.22168253413674 ], [ 83.516455878975904, 23.234798610753174 ], [ 83.520611317563976, 23.244635668215505 ], [ 83.479749504781267, 23.248570491200436 ], [ 83.476979212389224, 23.258407548662763 ], [ 83.426075089685355, 23.254472725677832 ], [ 83.392831580980783, 23.269884115702144 ], [ 83.364782370511293, 23.261686567816874 ], [ 83.385213276902647, 23.248242589285024 ], [ 83.353008627845099, 23.220370926475095 ], [ 83.368245236001357, 23.215452397743931 ], [ 83.35404748749211, 23.172825148740511 ], [ 83.329807429061702, 23.179383187048728 ], [ 83.264012984750565, 23.233487003091533 ], [ 83.247044943849275, 23.236110218414819 ], [ 83.246006084202264, 23.231519591599067 ], [ 83.20860713690962, 23.245619373961738 ], [ 83.197872253890438, 23.269884115702144 ], [ 83.209992283105635, 23.26758880229427 ], [ 83.214494008242724, 23.300051091919951 ], [ 83.203412838674524, 23.32202052025248 ], [ 83.206875704164588, 23.377108042041517 ], [ 83.207568277262595, 23.377435943956929 ], [ 83.20860713690962, 23.378747551618574 ], [ 83.231808335693017, 23.403340195274389 ], [ 83.236310060830093, 23.401700685697335 ], [ 83.301411932043209, 23.377108042041517 ], [ 83.306606230278305, 23.389240412911722 ], [ 83.326690850120642, 23.374156924802818 ], [ 83.33153886180672, 23.397437960796992 ], [ 83.306259943729287, 23.401700685697335 ], [ 83.304528510984269, 23.429572348507264 ], [ 83.341927458276899, 23.42399801594528 ], [ 83.350238335453042, 23.41055403741343 ], [ 83.364436083962289, 23.409242429751789 ], [ 83.367206376354332, 23.420391094875761 ], [ 83.348853189257028, 23.46990428410281 ], [ 83.310761668866377, 23.468264774525753 ], [ 83.302450791690234, 23.487283085619588 ], [ 83.304874797533273, 23.504006083305544 ], [ 83.333962867649774, 23.500727064151434 ], [ 83.342273744825917, 23.515154748429516 ], [ 83.332924008002749, 23.523680198230199 ], [ 83.303489651337244, 23.511547827359998 ], [ 83.238734066673132, 23.515482650344929 ], [ 83.2370026339281, 23.541714803577801 ], [ 83.269207282985661, 23.550896057209307 ], [ 83.279249592906822, 23.577456112357591 ], [ 83.227306610555942, 23.578111916188412 ], [ 83.228691756751957, 23.561716820417868 ], [ 83.200988832831484, 23.556798291686704 ], [ 83.210684856203656, 23.586637365989098 ], [ 83.200296259733477, 23.595162815789781 ], [ 83.211723715850667, 23.609262598152451 ], [ 83.202027692478509, 23.61221371539115 ], [ 83.209645996556631, 23.654185160563749 ], [ 83.197872253890438, 23.685335842527785 ], [ 83.210338569654652, 23.699435624890455 ], [ 83.206183131066581, 23.722716660884629 ], [ 83.16358988553884, 23.702714644044562 ], [ 83.132424096128304, 23.709600584268195 ], [ 83.092947429541624, 23.72927469919285 ], [ 83.081519973424435, 23.750588323694558 ], [ 83.068361084562213, 23.754851048594901 ], [ 83.064551932523145, 23.769934536703804 ], [ 83.073555382797295, 23.782394809489418 ], [ 83.035463862406644, 23.778787888419899 ], [ 83.026806698681497, 23.799117807175374 ], [ 83.012955236721254, 23.803380532075717 ], [ 82.999103774761025, 23.791903965036337 ], [ 82.994255763074932, 23.767639223295927 ], [ 82.908722985470462, 23.773869359688735 ], [ 82.902489827588369, 23.785018024812707 ], [ 82.918419008842633, 23.793871376528802 ], [ 82.915995002999594, 23.801413120583252 ], [ 82.863013161001689, 23.798134101429142 ], [ 82.845006260453374, 23.767311321380518 ], [ 82.817303336532902, 23.815840804861331 ], [ 82.781982108534294, 23.817808216353797 ], [ 82.771247225515111, 23.877158463043177 ], [ 82.743198015045621, 23.881093286028108 ], [ 82.734540851320475, 23.891914049236668 ], [ 82.704760208105967, 23.890930343490435 ], [ 82.692640178890755, 23.905030125853102 ], [ 82.695410471282813, 23.913555575653788 ], [ 82.692986465439759, 23.919129908215773 ], [ 82.698873336772863, 23.925032142693169 ], [ 82.752201465319786, 23.919785712046597 ], [ 82.754279184613821, 23.934213396324676 ], [ 82.783367254730322, 23.940443532717484 ], [ 82.788907839514408, 23.944706257617824 ], [ 82.801720441827626, 23.961757157219193 ], [ 82.809685032454766, 23.961757157219193 ], [ 82.812109038297805, 23.962085059134605 ], [ 82.812455324846809, 23.959789745726727 ], [ 82.831847371591152, 23.957494432318853 ], [ 82.884829213589057, 23.908964948838033 ], [ 82.92707617256778, 23.89224195115208 ], [ 82.947853365508138, 23.871584130481189 ], [ 83.041697020288751, 23.87879797262023 ], [ 83.066975938366184, 23.875191051550711 ], [ 83.088099417855545, 23.871912032396601 ], [ 83.091215996796606, 23.871584130481189 ], [ 83.141427546402468, 23.885028109013039 ], [ 83.159434446950769, 23.90732543926098 ], [ 83.207914563811599, 23.92142522162365 ], [ 83.223497458516874, 23.986677702790423 ], [ 83.2425432187122, 23.997170564083575 ], [ 83.2425432187122, 24.011598248361654 ], [ 83.279249592906822, 24.018156286669871 ], [ 83.28201988529888, 24.049634870549323 ], [ 83.321496551885559, 24.106034 ], [ 83.327037136669645, 24.102427078930482 ], [ 83.330153715610706, 24.10209917701507 ], [ 83.387637282745686, 24.100131765522605 ], [ 83.406683042941012, 24.08045765059795 ], [ 83.431615674469441, 24.086031983159934 ], [ 83.451354007762788, 24.042748930325693 ], [ 83.515763305877883, 24.027337540301378 ], [ 83.523727896505022, 24.011270346446242 ], [ 83.515417019328879, 23.980775468313027 ], [ 83.547275381837423, 23.937492415478786 ], [ 83.55350853971953, 23.898144185629477 ], [ 83.585713188777092, 23.886339716674684 ], [ 83.571169153718841, 23.862074974934274 ], [ 83.659472223715355, 23.849286800233248 ], [ 83.664320235401433, 23.827645273816124 ], [ 83.705182048184142, 23.820759333592498 ], [ 83.721457515987424, 23.771574046280858 ], [ 83.737732983790693, 23.760425381156885 ], [ 83.746043860966836, 23.719437641730522 ], [ 83.722842662183439, 23.685991646358609 ], [ 83.76093418257409, 23.651561945240459 ], [ 83.75193073229994, 23.638773770539434 ], [ 83.775131931083337, 23.622050772853477 ], [ 83.775131931083337, 23.609918401983272 ], [ 83.800757135709787, 23.60204875601341 ], [ 83.807336580140898, 23.587621071735331 ], [ 83.815301170768024, 23.596146521536014 ], [ 83.937540322567131, 23.568930662556909 ], [ 83.93199973778303, 23.620411263276424 ], [ 84.01649365574049, 23.634511045639094 ], [ 84.015108509544461, 23.632543634146629 ], [ 84.009914211309365, 23.625657693922996 ], [ 84.029998831151715, 23.600081344520945 ], [ 84.02792111185768, 23.545649626562732 ], [ 84.014762222995458, 23.503678181390132 ], [ 83.971130117820707, 23.466953166864108 ], [ 83.981518714290885, 23.422358506368226 ], [ 83.96247295409556, 23.385305589926791 ], [ 83.973207837114742, 23.365631475002132 ], [ 84.006797632368318, 23.355138613708984 ], [ 84.023073100171601, 23.378091747787749 ], [ 84.048698304798037, 23.374812728633639 ], [ 84.051122310641077, 23.374484826718231 ], [ 84.05389260303312, 23.352515398385698 ], [ 84.074323509424474, 23.333497087291864 ], [ 84.074669795973477, 23.333169185376452 ], [ 84.07397722287547, 23.332185479630219 ], [ 84.066012632248331, 23.297755778512073 ], [ 84.067397778444359, 23.294148857442554 ], [ 84.053546316484116, 23.247258883538791 ], [ 84.063242339856288, 23.205943242197016 ], [ 84.038309708327859, 23.171185639163458 ] ] ] } }
]
}
