{
"type": "FeatureCollection",
"name": "gujarat",
"crs": { "type": "name", "properties": { "name": "urn:ogc:def:crs:OGC:1.3:CRS84" } },
"features": [
{ "type": "Feature", "properties": { "dt_code": "491", "district": "Valsad", "st_nm": "Gujarat", "st_code": "24", "year": "2011_c" }, "geometry": { "type": "Polygon", "coordinates": [ [ [ 72.854680057471938, 20.749780503718679 ], [ 72.880179270259148, 20.733533350566827 ], [ 72.928927765293537, 20.734196499675068 ], [ 72.958176862314161, 20.718944070185572 ], [ 72.972051433977782, 20.745138459961009 ], [ 72.996800669918315, 20.734859648783306 ], [ 72.993800762531592, 20.726570284930322 ], [ 73.016300067932065, 20.729886030471516 ], [ 73.01854999847211, 20.710986280886708 ], [ 73.047424107069403, 20.699049596938409 ], [ 73.028674685902331, 20.676502527258286 ], [ 73.032799558559091, 20.664897417864104 ], [ 73.072923319856613, 20.652629159361688 ], [ 73.06579853981313, 20.626766344140371 ], [ 73.072923319856613, 20.599908805256696 ], [ 73.115297011694182, 20.593940463282546 ], [ 73.152420865604981, 20.605545572676728 ], [ 73.186919800552388, 20.591619441403711 ], [ 73.218793816536405, 20.602229827135535 ], [ 73.258917577833927, 20.579682757455412 ], [ 73.407038005053764, 20.624445322261536 ], [ 73.418662646177353, 20.628092642356847 ], [ 73.431037264147619, 20.594272037836667 ], [ 73.474160932831879, 20.582998502996606 ], [ 73.475285898101902, 20.543541131056394 ], [ 73.492910353998937, 20.535583341757526 ], [ 73.469661071751773, 20.519667763159795 ], [ 73.467786129635073, 20.496457544371435 ], [ 73.431037264147619, 20.454347575998266 ], [ 73.419787611447376, 20.41290075673334 ], [ 73.379288861726508, 20.390022112499096 ], [ 73.384913688076622, 20.371122362914289 ], [ 73.405538051360409, 20.385380068741426 ], [ 73.412662831403892, 20.360843551736586 ], [ 73.42766236833755, 20.279939360531447 ], [ 73.413037819827224, 20.270986847570221 ], [ 73.416787704060638, 20.198372020218066 ], [ 73.388663572310037, 20.192735252798037 ], [ 73.383038745959922, 20.211635002382845 ], [ 73.365414290062873, 20.195387849230993 ], [ 73.353039672092606, 20.201356191205143 ], [ 73.356789556326021, 20.212961300599321 ], [ 73.343289973085732, 20.199366743880425 ], [ 73.299416327554795, 20.209313980504007 ], [ 73.283291825351114, 20.198040445663946 ], [ 73.279166952694368, 20.149962135316631 ], [ 73.254042728330489, 20.137693876814211 ], [ 73.249167878827052, 20.122773021878835 ], [ 73.224793631309865, 20.123436170987077 ], [ 73.225543608156542, 20.140014898693046 ], [ 73.210544071222898, 20.120452 ], [ 73.188044765822411, 20.128409789298868 ], [ 73.189919707939126, 20.164219841143765 ], [ 73.206044210142792, 20.162561968373168 ], [ 73.218043839689727, 20.185772187161529 ], [ 73.191794650055826, 20.197377296555707 ], [ 73.178295066815537, 20.192403678243917 ], [ 73.168545367808662, 20.207987682287531 ], [ 73.157295715108418, 20.198372020218066 ], [ 73.133296456014577, 20.205666660408696 ], [ 73.14229617817476, 20.177151248754424 ], [ 73.119421884350942, 20.168198735793197 ], [ 73.116046988540873, 20.151951582641345 ], [ 73.079673111476751, 20.173172354104988 ], [ 73.073673296703291, 20.15559890273666 ], [ 73.064673574543107, 20.158583073723733 ], [ 73.05979872503967, 20.193729976460393 ], [ 73.048924060762772, 20.200029892988663 ], [ 73.060173713463001, 20.223240111777024 ], [ 73.070673389316568, 20.231861050184129 ], [ 73.098047544220492, 20.227550580980576 ], [ 73.098047544220492, 20.239155690374755 ], [ 73.142671166598106, 20.273971018557297 ], [ 73.145671073984843, 20.286570851613835 ], [ 73.15804569195511, 20.280270935085564 ], [ 73.167045414115293, 20.288560298938553 ], [ 73.166295437268616, 20.309449495848074 ], [ 73.151295900334958, 20.317075710592821 ], [ 73.101422440030561, 20.302818004765687 ], [ 73.111922115884113, 20.336970183839988 ], [ 73.096547590527123, 20.360511977182469 ], [ 73.077423180936705, 20.323044052566974 ], [ 73.042549257565966, 20.325033499891688 ], [ 73.034674500675791, 20.291212895371508 ], [ 73.016300067932065, 20.293533917250343 ], [ 73.017050044778756, 20.308786346739836 ], [ 73.007675334195213, 20.312433666835151 ], [ 73.010300253158604, 20.291212895371508 ], [ 72.981426144561325, 20.289886597155029 ], [ 72.971676445554451, 20.270323698461983 ], [ 72.931552684256914, 20.294860215466819 ], [ 72.912053286243165, 20.274302593111415 ], [ 72.926302846330145, 20.251092374323058 ], [ 72.958176862314161, 20.233850497508847 ], [ 72.963051711817599, 20.208650831395769 ], [ 72.899303679849567, 20.227550580980576 ], [ 72.889553980842692, 20.21992436623583 ], [ 72.858804930128699, 20.2245664099935 ], [ 72.861054860668744, 20.207324533179293 ], [ 72.838930543691603, 20.208982405949889 ], [ 72.831055786801429, 20.196382572893349 ], [ 72.837055601574889, 20.188093209040364 ], [ 72.816056249867785, 20.184114314390932 ], [ 72.824305995181291, 20.141672771463643 ], [ 72.805931562437564, 20.154272604520184 ], [ 72.785307199153792, 20.144988517004837 ], [ 72.793931932890644, 20.123104596432956 ], [ 72.774807523300225, 20.132057109394179 ], [ 72.73768366938944, 20.127746640190626 ], [ 72.749683298936361, 20.205666660408696 ], [ 72.739933599929486, 20.24313458502419 ], [ 72.752683206323084, 20.26137118550076 ], [ 72.756808078979844, 20.29519179002094 ], [ 72.772932581183525, 20.303149579319808 ], [ 72.777432442263617, 20.336970183839988 ], [ 72.835930636304866, 20.373111810239006 ], [ 72.890678946112715, 20.372448661130768 ], [ 72.896678760886175, 20.379743301321394 ], [ 72.88280418922254, 20.397648327243843 ], [ 72.903053564082981, 20.406600840205069 ], [ 72.896303772462829, 20.421190120586324 ], [ 72.85730497643533, 20.418869098707489 ], [ 72.87492943233238, 20.445395063037044 ], [ 72.895553795616152, 20.444068764820564 ], [ 72.886554073455954, 20.462305365297134 ], [ 72.85543003431863, 20.467610558163045 ], [ 72.884304142915909, 20.502425886345584 ], [ 72.883179177645886, 20.531272872553973 ], [ 72.903803540929658, 20.576035437360098 ], [ 72.854305069048593, 20.714633600982019 ], [ 72.854680057471938, 20.749780503718679 ] ], [ [ 72.971301457131105, 20.297181237345658 ], [ 72.98292609825468, 20.323044052566974 ], [ 72.96155175812423, 20.332328140082318 ], [ 72.952552035964032, 20.314423114159869 ], [ 72.971301457131105, 20.297181237345658 ] ] ] } },
{ "type": "Feature", "properties": { "dt_code": "480", "district": "Amreli", "st_nm": "Gujarat", "st_code": "24", "year": "2011_c" }, "geometry": { "type": "MultiPolygon", "coordinates": [ [ [ [ 71.530220946230244, 20.903962671384214 ], [ 71.53247087677029, 20.902967947721859 ], [ 71.525721085150138, 20.903631096830097 ], [ 71.530220946230244, 20.903962671384214 ] ] ], [ [ [ 71.517846328259978, 20.912252035237202 ], [ 71.524596119880115, 20.904625820492456 ], [ 71.509971571369803, 20.903631096830097 ], [ 71.517846328259978, 20.912252035237202 ] ] ], [ [ [ 71.653967125932894, 21.097933785544082 ], [ 71.638967588999236, 21.088318123474618 ], [ 71.634467727919144, 21.094618040002889 ], [ 71.643842438502674, 21.098265360098203 ], [ 71.634467727919144, 21.103570552964111 ], [ 71.648342299582765, 21.116170386020652 ], [ 71.653217149086203, 21.110202044046503 ], [ 71.653967125932894, 21.097933785544082 ] ] ], [ [ [ 70.86799139060939, 21.389387818615063 ], [ 70.846242062055595, 21.408619142753988 ], [ 70.878866054886288, 21.419892677594049 ], [ 70.878866054886288, 21.411934888295185 ], [ 70.878866054886288, 21.410277015524585 ], [ 70.86799139060939, 21.389387818615063 ] ] ], [ [ [ 70.777619180584125, 21.662273676655353 ], [ 70.770119412117296, 21.643373927070545 ], [ 70.743120245636717, 21.640721330637589 ], [ 70.743120245636717, 21.641384479745831 ], [ 70.73637045401658, 21.665920996750668 ], [ 70.756619828877007, 21.67619980792837 ], [ 70.777619180584125, 21.662273676655353 ] ] ], [ [ [ 70.800868462831289, 21.774014301393603 ], [ 70.765994539460536, 21.749809358942883 ], [ 70.765994539460536, 21.78064579247599 ], [ 70.774244284774056, 21.799877116614919 ], [ 70.776119226890756, 21.800871840277278 ], [ 70.78136906481754, 21.794903498303128 ], [ 70.800868462831289, 21.774014301393603 ] ] ], [ [ [ 71.330727105012642, 22.031316155390282 ], [ 71.344226688252931, 21.982243121380606 ], [ 71.381725530587062, 21.988874612462993 ], [ 71.392600194863959, 21.980585248610009 ], [ 71.391100241170591, 21.971964310202903 ], [ 71.395225113827351, 21.963674946349919 ], [ 71.404224835987549, 21.95074353873926 ], [ 71.448098481518485, 21.951406687847498 ], [ 71.466847902685558, 21.928196469059138 ], [ 71.466847902685558, 21.928196469059138 ], [ 71.460473099488752, 21.896365311863672 ], [ 71.424849199271321, 21.911286166799048 ], [ 71.416224465534469, 21.882770755144776 ], [ 71.4537233078686, 21.870834071196477 ], [ 71.44772349309514, 21.851602747057548 ], [ 71.459348134218729, 21.845634405083398 ], [ 71.455598249985314, 21.826071506390353 ], [ 71.470222798495627, 21.799877116614919 ], [ 71.499471895516251, 21.803192862156113 ], [ 71.516346374566609, 21.779651068813632 ], [ 71.539970645237119, 21.774345875947724 ], [ 71.554595193747431, 21.747156762509928 ], [ 71.597343874008345, 21.729583311141599 ], [ 71.601843735088437, 21.727593863816882 ], [ 71.598093850855022, 21.721293947288611 ], [ 71.589844105541516, 21.706373092353239 ], [ 71.589844105541516, 21.687804917322552 ], [ 71.589844105541516, 21.658957931114159 ], [ 71.621343133102187, 21.647684396274098 ], [ 71.622843086795555, 21.632431966784605 ], [ 71.557220112710823, 21.627789923026935 ], [ 71.558345077980846, 21.583358932774928 ], [ 71.545970460010579, 21.558822415770091 ], [ 71.501721826056297, 21.544896284497074 ], [ 71.478097555385787, 21.481233970106146 ], [ 71.491972127049422, 21.461339496858979 ], [ 71.524596119880115, 21.462002645967218 ], [ 71.533220853616967, 21.44310289638241 ], [ 71.614593341482049, 21.441113449057696 ], [ 71.611593434095312, 21.404308673550435 ], [ 71.616468283598749, 21.389056244060942 ], [ 71.629967866839038, 21.388724669506825 ], [ 71.629592878415707, 21.336999039064192 ], [ 71.625468005758947, 21.327383376994728 ], [ 71.586844198154793, 21.314783543938191 ], [ 71.565469858024329, 21.286599706838039 ], [ 71.532095888346944, 21.289583877825113 ], [ 71.527596027266853, 21.227911010758898 ], [ 71.517846328259978, 21.217300625027079 ], [ 71.525721085150138, 21.185801042385734 ], [ 71.518221316683324, 21.174527507545672 ], [ 71.545970460010579, 21.175853805762149 ], [ 71.554595193747431, 21.158943503502059 ], [ 71.590219093964862, 21.145348946783162 ], [ 71.602218723511783, 21.133412262834863 ], [ 71.608593526708589, 21.127112346306593 ], [ 71.622843086795555, 21.112854640479458 ], [ 71.625093017335601, 21.097933785544082 ], [ 71.628467913145684, 21.07671301408044 ], [ 71.628842901569016, 21.072734119431004 ], [ 71.627342947875661, 21.072402544876887 ], [ 71.608218538285243, 21.06941837388981 ], [ 71.610093480401957, 21.054829093508555 ], [ 71.637467635305867, 21.058807988157991 ], [ 71.640467542692605, 21.028634703733122 ], [ 71.665966755479815, 21.031287300166078 ], [ 71.677216408180058, 20.996140397429418 ], [ 71.649467264852802, 20.996471971983535 ], [ 71.629217889992361, 20.983872138926998 ], [ 71.629592878415707, 20.969282858545743 ], [ 71.610843457248635, 20.975582775074013 ], [ 71.611593434095312, 20.967293411221029 ], [ 71.579719418111296, 20.95403042905625 ], [ 71.529470969383553, 20.942756894216188 ], [ 71.556845124287477, 20.969946007653981 ], [ 71.511471525063172, 20.944414766986785 ], [ 71.479972497502501, 20.906946842371291 ], [ 71.476972590115764, 20.88970496555708 ], [ 71.437223817241588, 20.869147343201675 ], [ 71.397850032790743, 20.865831597660481 ], [ 71.381350542163716, 20.875115685175825 ], [ 71.373850773696887, 20.868484194093437 ], [ 71.384350449550453, 20.857210659253376 ], [ 71.320602417582421, 20.846931848075673 ], [ 71.205480971616623, 20.795537792187162 ], [ 71.203606029499909, 20.794874643078924 ], [ 71.205105983193278, 20.7962009412954 ], [ 71.22385540436035, 20.816758563650804 ], [ 71.223480415937004, 20.817753287313163 ], [ 71.204730994769932, 20.873789386959348 ], [ 71.179231781982722, 20.880752452595857 ], [ 71.193481342069703, 20.9019732240595 ], [ 71.177731828289353, 20.91888352631959 ], [ 71.177731828289353, 20.91888352631959 ], [ 71.205480971616623, 20.926841315618457 ], [ 71.21973053170359, 20.957014600043326 ], [ 71.193481342069703, 20.978898520615207 ], [ 71.187481527296228, 20.967624985775146 ], [ 71.14323289334196, 20.950051534406818 ], [ 71.122983518481519, 20.963314516571593 ], [ 71.131233263795025, 21.00641920860712 ], [ 71.148482731268729, 21.031618874720195 ], [ 71.134608159605108, 21.067428926565096 ], [ 71.09598435200094, 21.086660250704021 ], [ 71.076109965563845, 21.116501960574769 ], [ 71.022486621026033, 21.144685797674924 ], [ 71.005612141975675, 21.166238143692684 ], [ 70.949363878474472, 21.16889074012564 ], [ 70.892740626549923, 21.185469467831613 ], [ 70.854116818945769, 21.167564441909164 ], [ 70.853741830522424, 21.167232867355043 ], [ 70.851491899982378, 21.169885463787999 ], [ 70.837992316742088, 21.188122064264569 ], [ 70.809868184991487, 21.225589988880063 ], [ 70.803868370218026, 21.233547778178931 ], [ 70.804993335488049, 21.235205650949528 ], [ 70.824867721925131, 21.261400040724961 ], [ 70.890490696009877, 21.26836310636147 ], [ 70.908115151906912, 21.299531114448698 ], [ 70.943739052124343, 21.311799372951114 ], [ 70.921614735147202, 21.348604148458371 ], [ 70.900615383440098, 21.326388653332369 ], [ 70.86799139060939, 21.319094013141743 ], [ 70.874741182229542, 21.33766218817243 ], [ 70.86611644849269, 21.376787985558526 ], [ 70.905115244520189, 21.400661353455124 ], [ 70.905490232943535, 21.386403647627986 ], [ 70.917489862490456, 21.383419476640913 ], [ 70.947113947934426, 21.395687735143333 ], [ 70.947488936357757, 21.41889795393169 ], [ 70.931364434154091, 21.427187317784679 ], [ 70.923489677263916, 21.462665795075456 ], [ 70.900615383440098, 21.460344773196621 ], [ 70.885240858083094, 21.443434470936531 ], [ 70.866491436916021, 21.46631311517077 ], [ 70.831617513545282, 21.456697453101306 ], [ 70.833492455661982, 21.494496952270921 ], [ 70.809868184991487, 21.490849632175607 ], [ 70.804618347064704, 21.514723000072209 ], [ 70.839117282012111, 21.510080956314535 ], [ 70.848866981018986, 21.530970153224061 ], [ 70.88749078862314, 21.527654407682867 ], [ 70.894615568666637, 21.534949047873493 ], [ 70.864241506375976, 21.598942936818542 ], [ 70.828242617735214, 21.63475298866344 ], [ 70.810243173414818, 21.639063457866992 ], [ 70.793743682787806, 21.666252571304788 ], [ 70.793743682787806, 21.667910444075385 ], [ 70.796743590174529, 21.668905167737744 ], [ 70.795618624904506, 21.697089004837895 ], [ 70.808368231298118, 21.712009859773268 ], [ 70.775369250044079, 21.700073175824969 ], [ 70.767119504730573, 21.710351987002671 ], [ 70.785118949050954, 21.719967649072135 ], [ 70.777994169007471, 21.730909609358076 ], [ 70.800493474407943, 21.742183144198137 ], [ 70.818117930304993, 21.731904333020434 ], [ 70.814743034494924, 21.744172591522855 ], [ 70.835367397778697, 21.745167315185213 ], [ 70.879616031732979, 21.731904333020434 ], [ 70.897240487630015, 21.770366981298288 ], [ 70.920864758300524, 21.7637354902159 ], [ 70.929864480460722, 21.747156762509928 ], [ 70.96436341540813, 21.750472508051121 ], [ 70.978237987071751, 21.725935991046285 ], [ 71.022861609449379, 21.735551653115749 ], [ 71.026236505259448, 21.738204249548705 ], [ 71.047235856966566, 21.755777700917033 ], [ 71.041611030616451, 21.768709108527691 ], [ 71.052110706470003, 21.791256178207814 ], [ 71.039361100076391, 21.806840182251428 ], [ 71.047235856966566, 21.824745208173876 ], [ 71.085109687724042, 21.822092611740921 ], [ 71.109483935241229, 21.851271172503431 ], [ 71.104984074161138, 21.871497220304715 ], [ 71.057360544396786, 21.848950150624592 ], [ 71.030361377916208, 21.87414981673767 ], [ 71.063360359170247, 21.885423351577732 ], [ 71.055860590703418, 21.904654675716657 ], [ 71.115108761591358, 21.918912381543795 ], [ 71.128233356408302, 21.947427793198067 ], [ 71.147357765998706, 21.945438345873349 ], [ 71.163107279779041, 21.963343371795798 ], [ 71.17885679355939, 21.960027626254604 ], [ 71.200606122113186, 21.971632735648782 ], [ 71.198731179996471, 22.002137594627772 ], [ 71.19010644625962, 22.009763809372519 ], [ 71.19235637679968, 22.011753256697233 ], [ 71.25122955926426, 22.011090107588995 ], [ 71.252729512957629, 21.972295884757024 ], [ 71.259104316154435, 21.963674946349919 ], [ 71.262479211964504, 21.958701328038124 ], [ 71.263229188811195, 21.957706604375765 ], [ 71.293978239525188, 21.962348648133439 ], [ 71.288728401598405, 21.970306437432306 ], [ 71.299228077451957, 21.975611630298218 ], [ 71.277478748898162, 22.019379471441979 ], [ 71.302977961685372, 22.041594966567985 ], [ 71.330727105012642, 22.031316155390282 ] ] ] ] } },
{ "type": "Feature", "properties": { "dt_code": "489", "district": "Dang", "st_nm": "Gujarat", "st_code": "24", "year": "2011_c" }, "geometry": { "type": "MultiPolygon", "coordinates": [ [ [ [ 73.825900073926078, 20.989177331792909 ], [ 73.807150652759006, 21.008740230485955 ], [ 73.810150560145729, 21.027971554624884 ], [ 73.849149356173243, 20.999456142970612 ], [ 73.848774367749897, 20.998129844754136 ], [ 73.846149448786505, 20.999787717524732 ], [ 73.843899518246459, 20.98818260813055 ], [ 73.825900073926078, 20.989177331792909 ] ] ], [ [ [ 73.591157320914377, 20.999456142970612 ], [ 73.585157506140916, 20.969946007653981 ], [ 73.596032170417814, 20.95900404736804 ], [ 73.613281637891518, 20.981219542494042 ], [ 73.610656718928126, 20.992493077334103 ], [ 73.638030873832051, 20.975251200519892 ], [ 73.660155190809192, 21.007745506823596 ], [ 73.752777331374503, 21.006087634052999 ], [ 73.789901185285302, 20.983872138926998 ], [ 73.797400953752131, 20.958672472813923 ], [ 73.867148800493624, 20.944083192432668 ], [ 73.875773534230476, 20.927836039280816 ], [ 73.885898221660696, 20.929493912051413 ], [ 73.886273210084028, 20.932146508484369 ], [ 73.888523140624073, 20.933141232146724 ], [ 73.925646994534873, 20.888378667340604 ], [ 73.923397063994827, 20.851242317279226 ], [ 73.941396508315208, 20.840300356993286 ], [ 73.944021427278599, 20.824053203841434 ], [ 73.932021797731679, 20.80846919979782 ], [ 73.932021797731679, 20.760390889450502 ], [ 73.941396508315208, 20.758401442125784 ], [ 73.942146485161899, 20.742485863528053 ], [ 73.917022260798021, 20.724912412159721 ], [ 73.874273580537107, 20.729554455917395 ], [ 73.855149170946703, 20.6920865313019 ], [ 73.835649772932953, 20.702033767925482 ], [ 73.812025502262443, 20.6920865313019 ], [ 73.817275340189227, 20.671860483500613 ], [ 73.830774923429516, 20.67517622904181 ], [ 73.839024668743022, 20.658929075889954 ], [ 73.838274691896345, 20.620466427612101 ], [ 73.798525919022154, 20.59858250704022 ], [ 73.776401602045013, 20.600903528919055 ], [ 73.744527586060997, 20.564761902520036 ], [ 73.695404102603277, 20.578356459238936 ], [ 73.669529901392721, 20.563104029749439 ], [ 73.652280433919017, 20.564430327965919 ], [ 73.627531197978485, 20.583993226658965 ], [ 73.622281360051716, 20.614166511083834 ], [ 73.599407066227883, 20.636713580763953 ], [ 73.569407992360581, 20.651634435699329 ], [ 73.551033559616855, 20.648318690158135 ], [ 73.520659497326207, 20.678823549137121 ], [ 73.495535272962329, 20.653623883024046 ], [ 73.479785759181993, 20.672192058054733 ], [ 73.490285435035545, 20.686449763881868 ], [ 73.467411141211727, 20.736185946999782 ], [ 73.467411141211727, 20.741159565311577 ], [ 73.484285620262085, 20.752433100151634 ], [ 73.489535458188868, 20.754754122030473 ], [ 73.489160469765523, 20.756080420246949 ], [ 73.482035689722039, 20.79653251584952 ], [ 73.49628524980902, 20.819079585529643 ], [ 73.504909983545872, 20.843616102534479 ], [ 73.491785388728914, 20.861521128456928 ], [ 73.499285157195743, 20.87743670705466 ], [ 73.4880355044955, 20.891362838327677 ], [ 73.489535458188868, 20.913909908007799 ], [ 73.512409752012687, 20.935462254025563 ], [ 73.530034207909736, 20.934467530363204 ], [ 73.519909520479516, 20.947067363419741 ], [ 73.537533976376565, 20.951046258069177 ], [ 73.546908686960094, 21.00641920860712 ], [ 73.56490813128049, 21.010398103256552 ], [ 73.591157320914377, 20.999456142970612 ] ] ], [ [ [ 73.738152782864191, 21.041234536789659 ], [ 73.737027817594168, 21.079697185067513 ], [ 73.780151486278427, 21.06444475557802 ], [ 73.807525641182352, 21.084670803379307 ], [ 73.809400583299052, 21.073397268539246 ], [ 73.810525548569075, 21.058144839049753 ], [ 73.795526011635417, 21.044218707776736 ], [ 73.8007758495622, 21.02929785284136 ], [ 73.763277007228069, 21.011392826918911 ], [ 73.762152041958046, 21.01106125236479 ], [ 73.763651995651401, 21.015371721568343 ], [ 73.768151856731507, 21.029961001949598 ], [ 73.768151856731507, 21.030955725611957 ], [ 73.738152782864191, 21.041234536789659 ] ] ] ] } },
{ "type": "Feature", "properties": { "dt_code": "486", "district": "Vadodara", "st_nm": "Gujarat", "st_code": "24", "year": "2011_c" }, "geometry": { "type": "Polygon", "coordinates": [ [ [ 73.404038097667041, 22.793606055310853 ], [ 73.422787518834099, 22.785648266011986 ], [ 73.42353749568079, 22.780343073146074 ], [ 73.426912391490859, 22.762438047223625 ], [ 73.384538699653291, 22.741880424868221 ], [ 73.383038745959922, 22.719664929742219 ], [ 73.391288491273428, 22.687502197992636 ], [ 73.402913132397018, 22.690154794425592 ], [ 73.416787704060638, 22.660976233663082 ], [ 73.400288213433626, 22.656665764459529 ], [ 73.397288306046889, 22.64340278229475 ], [ 73.368039209026264, 22.647713251498303 ], [ 73.36241438267615, 22.627487203697019 ], [ 73.384163711229945, 22.626824054588781 ], [ 73.388288583886705, 22.615218945194599 ], [ 73.389038560733383, 22.613561072424002 ], [ 73.372164081683025, 22.55619867456134 ], [ 73.421287565140744, 22.546583012491876 ], [ 73.405163062937064, 22.506794065997546 ], [ 73.427287379914205, 22.4855732945339 ], [ 73.419787611447376, 22.428210896671239 ], [ 73.445661812657931, 22.425226725684166 ], [ 73.437787055767757, 22.400027059571087 ], [ 73.458036430628198, 22.38112730998628 ], [ 73.472285990715164, 22.381790459094518 ], [ 73.464411233825004, 22.360238113076758 ], [ 73.501910076159135, 22.351285600115531 ], [ 73.512784740436032, 22.348633003682576 ], [ 73.534159080566496, 22.343990959924906 ], [ 73.566408084973844, 22.336364745180155 ], [ 73.563408177587121, 22.329733254097768 ], [ 73.563033189163775, 22.328406955881292 ], [ 73.544283767996703, 22.331059552314247 ], [ 73.543533791150026, 22.271376132572748 ], [ 73.543533791150026, 22.270049834356271 ], [ 73.480910724452016, 22.21898735302188 ], [ 73.505284971969203, 22.199424454328831 ], [ 73.49628524980902, 22.166930148025127 ], [ 73.506034948815895, 22.144714652899125 ], [ 73.518784555209493, 22.144714652899125 ], [ 73.501160099312457, 22.112220346595421 ], [ 73.47866079391197, 22.100283662647122 ], [ 73.477910817065293, 22.096967917105928 ], [ 73.485410585532108, 22.074089272871689 ], [ 73.487660516072168, 22.071105101884612 ], [ 73.514284694129401, 22.091994298794138 ], [ 73.540533883763288, 22.0913311496859 ], [ 73.532284138449782, 22.071436676438733 ], [ 73.54315880272668, 22.064805185356342 ], [ 73.539783906916611, 22.064142036248104 ], [ 73.529284231063059, 22.061821014369269 ], [ 73.530409196333082, 22.052868501408042 ], [ 73.530784184756413, 22.050547479529207 ], [ 73.52178446259623, 22.056515821503357 ], [ 73.514284694129401, 22.03794764647267 ], [ 73.513909705706055, 22.037616071918549 ], [ 73.500035134042434, 22.039605519243267 ], [ 73.495160284538983, 22.017390024117265 ], [ 73.514284694129401, 21.990200910679473 ], [ 73.503785018275835, 21.96268022268756 ], [ 73.461786314861612, 21.979922099501771 ], [ 73.449036708468, 21.974948481189976 ], [ 73.438537032614448, 21.926538596288541 ], [ 73.420537588294053, 21.913275614123762 ], [ 73.416412715637307, 21.910291443136689 ], [ 73.412662831403892, 21.911949315907286 ], [ 73.37628895433977, 21.929522767275614 ], [ 73.362789371099495, 21.928528043613259 ], [ 73.357914521596044, 21.928528043613259 ], [ 73.344414938355754, 21.914270337786121 ], [ 73.341415030969031, 21.877797136832985 ], [ 73.341415030969031, 21.875476114954147 ], [ 73.315540829758476, 21.884428627915373 ], [ 73.303916188634901, 21.887412798902449 ], [ 73.302041246518186, 21.889070671673046 ], [ 73.257042635717227, 21.935491109249764 ], [ 73.228168527119934, 21.919243956097912 ], [ 73.222168712346473, 21.915928210556718 ], [ 73.222543700769819, 21.909628294028451 ], [ 73.223293677616496, 21.902665228391943 ], [ 73.224043654463188, 21.894375864538954 ], [ 73.248042913557029, 21.860886834572895 ], [ 73.247667925133683, 21.855250067152863 ], [ 73.245043006170306, 21.848287001516354 ], [ 73.230793446083325, 21.83402929568922 ], [ 73.21316899018629, 21.824413633619756 ], [ 73.207919152259507, 21.823418909957397 ], [ 73.125421699124402, 21.877465562278864 ], [ 73.09129775260034, 21.872160369412953 ], [ 73.059423736616324, 21.882107606036538 ], [ 73.062798632426393, 21.911617741353165 ], [ 73.08717287994358, 21.917586083327315 ], [ 73.090547775753663, 21.929522767275614 ], [ 73.053048933419518, 21.922228127084988 ], [ 73.047424107069403, 21.935159534695646 ], [ 73.035799465945814, 21.919575530652033 ], [ 73.000175565728384, 21.910623017690806 ], [ 72.993800762531592, 21.926870170842662 ], [ 73.002050507845098, 21.935491109249764 ], [ 73.048174083916081, 21.939470003899199 ], [ 73.048924060762772, 21.975943204852335 ], [ 73.068048470353176, 21.983900994151202 ], [ 73.063173620849739, 22.016395300454906 ], [ 73.026049766938939, 21.995506103545381 ], [ 72.989300901451486, 22.027668835294968 ], [ 72.979176214021265, 22.052536926853925 ], [ 72.960426792854207, 22.046237010325655 ], [ 72.940552406417112, 22.053531650516284 ], [ 72.93192767268026, 22.041594966567985 ], [ 72.913553239936533, 22.046900159433893 ], [ 72.922177973673385, 22.060494716152789 ], [ 72.904928506199681, 22.068120930897539 ], [ 72.897803726156198, 22.094978469781211 ], [ 72.884679131339254, 22.093320597010614 ], [ 72.871929524945642, 22.112220346595421 ], [ 72.879804281835817, 22.118851837677809 ], [ 72.862929802785445, 22.154993464076828 ], [ 72.885804096609277, 22.171903766336918 ], [ 72.890303957689369, 22.159967082388619 ], [ 72.926677834753477, 22.168919595349845 ], [ 72.926677834753477, 22.185829897609935 ], [ 72.915053193629902, 22.192461388692323 ], [ 72.883179177645886, 22.174887937323994 ], [ 72.877179362872425, 22.205724370857101 ], [ 72.867804652288882, 22.214345309264207 ], [ 72.865179733325505, 22.221308374900715 ], [ 72.913178251513187, 22.24053969903964 ], [ 72.933052637950283, 22.290275882157555 ], [ 72.947302198037249, 22.292596904036394 ], [ 72.948802151730618, 22.292596904036394 ], [ 72.951802059117355, 22.263086768719763 ], [ 72.974676352941174, 22.254134255758537 ], [ 73.009175287888581, 22.267728812477436 ], [ 73.059423736616324, 22.313486100945916 ], [ 73.046674130222712, 22.362559134955593 ], [ 73.072923319856613, 22.397042888584014 ], [ 73.065048562966439, 22.428210896671239 ], [ 73.093547683140386, 22.455400010109035 ], [ 73.091672741023686, 22.51010981153874 ], [ 73.135546386554623, 22.524367517365874 ], [ 73.156170749838395, 22.588692980865044 ], [ 73.219918781806427, 22.622845159939345 ], [ 73.218418828113059, 22.628481927359374 ], [ 73.219918781806427, 22.625829330926422 ], [ 73.269417253687493, 22.66628142652899 ], [ 73.251792797790444, 22.719333355188098 ], [ 73.257792612563904, 22.768406389197775 ], [ 73.25816760098725, 22.769732687414255 ], [ 73.272042172650885, 22.780011498591957 ], [ 73.275042080037608, 22.782664095024913 ], [ 73.275417068460953, 22.782664095024913 ], [ 73.342539996239054, 22.791285033432018 ], [ 73.350414753129229, 22.792279757094374 ], [ 73.380788815419876, 22.757796003465955 ], [ 73.377413919609808, 22.8012322700556 ], [ 73.383413734383268, 22.794600778973212 ], [ 73.384538699653291, 22.811511081233302 ], [ 73.404788074513718, 22.812837379449778 ], [ 73.404788074513718, 22.813168954003899 ], [ 73.404038097667041, 22.793606055310853 ] ] ] } },
{ "type": "Feature", "properties": { "dt_code": "488", "district": "Bharuch", "st_nm": "Gujarat", "st_code": "24", "year": "2011_c" }, "geometry": { "type": "Polygon", "coordinates": [ [ [ 72.867804652288882, 22.214345309264207 ], [ 72.877179362872425, 22.205724370857101 ], [ 72.883179177645886, 22.174887937323994 ], [ 72.915053193629902, 22.192461388692323 ], [ 72.926677834753477, 22.185829897609935 ], [ 72.926677834753477, 22.168919595349845 ], [ 72.890303957689369, 22.159967082388619 ], [ 72.885804096609277, 22.171903766336918 ], [ 72.862929802785445, 22.154993464076828 ], [ 72.879804281835817, 22.118851837677809 ], [ 72.871929524945642, 22.112220346595421 ], [ 72.884679131339254, 22.093320597010614 ], [ 72.897803726156198, 22.094978469781211 ], [ 72.904928506199681, 22.068120930897539 ], [ 72.922177973673385, 22.060494716152789 ], [ 72.913553239936533, 22.046900159433893 ], [ 72.93192767268026, 22.041594966567985 ], [ 72.940552406417112, 22.053531650516284 ], [ 72.960426792854207, 22.046237010325655 ], [ 72.979176214021265, 22.052536926853925 ], [ 72.989300901451486, 22.027668835294968 ], [ 73.026049766938939, 21.995506103545381 ], [ 73.063173620849739, 22.016395300454906 ], [ 73.068048470353176, 21.983900994151202 ], [ 73.048924060762772, 21.975943204852335 ], [ 73.048174083916081, 21.939470003899199 ], [ 73.002050507845098, 21.935491109249764 ], [ 72.993800762531592, 21.926870170842662 ], [ 73.000175565728384, 21.910623017690806 ], [ 73.035799465945814, 21.919575530652033 ], [ 73.047424107069403, 21.935159534695646 ], [ 73.053048933419518, 21.922228127084988 ], [ 73.090547775753663, 21.929522767275614 ], [ 73.08717287994358, 21.917586083327315 ], [ 73.062798632426393, 21.911617741353165 ], [ 73.059423736616324, 21.882107606036538 ], [ 73.09129775260034, 21.872160369412953 ], [ 73.125421699124402, 21.877465562278864 ], [ 73.207919152259507, 21.823418909957397 ], [ 73.21316899018629, 21.824413633619756 ], [ 73.230793446083325, 21.83402929568922 ], [ 73.245043006170306, 21.848287001516354 ], [ 73.247667925133683, 21.855250067152863 ], [ 73.248042913557029, 21.860886834572895 ], [ 73.224043654463188, 21.894375864538954 ], [ 73.223293677616496, 21.902665228391943 ], [ 73.222543700769819, 21.909628294028451 ], [ 73.222168712346473, 21.915928210556718 ], [ 73.228168527119934, 21.919243956097912 ], [ 73.257042635717227, 21.935491109249764 ], [ 73.302041246518186, 21.889070671673046 ], [ 73.303916188634901, 21.887412798902449 ], [ 73.308416049714992, 21.851271172503431 ], [ 73.299416327554795, 21.827397804606832 ], [ 73.308791038138338, 21.822092611740921 ], [ 73.329040412998765, 21.834692444797458 ], [ 73.336165193042248, 21.810155927792621 ], [ 73.356039579479344, 21.810155927792621 ], [ 73.37441401222307, 21.780314217921873 ], [ 73.395413363930189, 21.7756721741642 ], [ 73.394288398660166, 21.760088170120586 ], [ 73.409662924017155, 21.749477784388766 ], [ 73.395413363930189, 21.716983478085062 ], [ 73.407038005053764, 21.709357263340312 ], [ 73.431787240994296, 21.717978201747417 ], [ 73.439661997884471, 21.709357263340312 ], [ 73.469286083328441, 21.720962372734494 ], [ 73.487660516072168, 21.704052070474404 ], [ 73.499285157195743, 21.681836575348399 ], [ 73.499660145619089, 21.681173426240161 ], [ 73.500035134042434, 21.680841851686043 ], [ 73.474910909678556, 21.658957931114159 ], [ 73.485785573955454, 21.638731883312875 ], [ 73.482410678145385, 21.610879620766841 ], [ 73.470786037021796, 21.608890173442127 ], [ 73.473410955985187, 21.59363774395263 ], [ 73.44491183581124, 21.559485564878329 ], [ 73.443411882117886, 21.549206753700627 ], [ 73.452786592701415, 21.527985982236984 ], [ 73.451286639008046, 21.527322833128746 ], [ 73.399163248163603, 21.508754658098056 ], [ 73.345914892049123, 21.522017640262835 ], [ 73.324540551918673, 21.485544439309699 ], [ 73.30916602656167, 21.5077599344357 ], [ 73.272792149497562, 21.510744105422773 ], [ 73.250292844097075, 21.493833803162683 ], [ 73.188794742669089, 21.506765210773342 ], [ 73.171545275195399, 21.49516010137916 ], [ 73.141546201328083, 21.498144272366236 ], [ 73.119421884350942, 21.483554991984981 ], [ 73.103297382147261, 21.5077599344357 ], [ 73.077798169360051, 21.505438912556862 ], [ 73.075548238820005, 21.551527775579466 ], [ 73.05567385238291, 21.568769652393676 ], [ 73.047799095492735, 21.553848797458301 ], [ 73.048549072339426, 21.541912113510001 ], [ 73.036549442792506, 21.533291175102896 ], [ 73.056423829229587, 21.50278631612391 ], [ 73.054923875536232, 21.484218141093219 ], [ 73.026049766938939, 21.482560268322622 ], [ 73.01667505635541, 21.498807421474474 ], [ 73.020799929012171, 21.521022916600476 ], [ 72.986300994064763, 21.541248964401763 ], [ 72.983676075101371, 21.522680789371073 ], [ 72.941302383263789, 21.51240197819337 ], [ 72.952927024387378, 21.483886566539102 ], [ 72.923302938943408, 21.469297286157847 ], [ 72.906803448316396, 21.429839914217634 ], [ 72.887679038725977, 21.444760769153007 ], [ 72.868179640712228, 21.433487234312945 ], [ 72.877929339719103, 21.446418641923604 ], [ 72.871179548098965, 21.456034303993068 ], [ 72.867804652288882, 21.444097620044769 ], [ 72.850930173238524, 21.453381707560112 ], [ 72.823181029911268, 21.42619259412232 ], [ 72.789432071810538, 21.421882124918767 ], [ 72.787557129693838, 21.421550550364646 ], [ 72.787182141270492, 21.439787150841216 ], [ 72.784932210730446, 21.457360602209548 ], [ 72.761307940059936, 21.448739663802442 ], [ 72.73543373884938, 21.474602479023755 ], [ 72.693810023858489, 21.466976264279008 ], [ 72.6803104406182, 21.452055409343636 ], [ 72.651061343597576, 21.453381707560112 ], [ 72.705809653405424, 21.526991258574625 ], [ 72.736558704119403, 21.538927942522925 ], [ 72.697559908091904, 21.533622749657013 ], [ 72.68443531327496, 21.544233135388836 ], [ 72.664560926837865, 21.539591091631166 ], [ 72.65893610048775, 21.54887517914651 ], [ 72.63531182981724, 21.535280622427614 ], [ 72.617687373920205, 21.550864626471224 ], [ 72.610562593876708, 21.581369485450214 ], [ 72.632311922430517, 21.615190089970394 ], [ 72.700184827055296, 21.645363374395263 ], [ 72.730933877769289, 21.637405585096396 ], [ 72.786432164423815, 21.642710777962307 ], [ 72.807431516130933, 21.6579632074518 ], [ 72.72755898195922, 21.685815469997834 ], [ 72.623687188693665, 21.68216814990252 ], [ 72.552814376682136, 21.661610527547115 ], [ 72.527690152318272, 21.678189255253088 ], [ 72.543064677675261, 21.733562205791031 ], [ 72.597063010636418, 21.749477784388766 ], [ 72.57831358946936, 21.774345875947724 ], [ 72.610187605453376, 21.788935156328975 ], [ 72.595563056943064, 21.804187585818472 ], [ 72.622187235000297, 21.80949277868438 ], [ 72.631936934007172, 21.916259785110839 ], [ 72.642811598284069, 21.941791025778034 ], [ 72.666810857377911, 21.95538558249693 ], [ 72.637936748780632, 21.960690775362842 ], [ 72.594813080096372, 21.931512214600332 ], [ 72.582438462126106, 21.918249232435556 ], [ 72.582813450549452, 21.890396969889522 ], [ 72.569688855732508, 21.883433904253014 ], [ 72.514940545924659, 21.885423351577732 ], [ 72.508940731151199, 21.944112047656869 ], [ 72.543814654521952, 22.129130648855512 ], [ 72.566688948345771, 22.182182577514624 ], [ 72.605312755949939, 22.213019011047727 ], [ 72.648061436210853, 22.215671607480683 ], [ 72.702434757595341, 22.183840450285217 ], [ 72.752308217899753, 22.173230064553398 ], [ 72.808931469824287, 22.22362939677955 ], [ 72.850555184815178, 22.230260887861938 ], [ 72.867804652288882, 22.214345309264207 ] ] ] } },
{ "type": "Feature", "properties": { "dt_code": "478", "district": "Porbandar", "st_nm": "Gujarat", "st_code": "24", "year": "2011_c" }, "geometry": { "type": "Polygon", "coordinates": [ [ [ 69.719776838338134, 21.9736221829735 ], [ 69.725026676264918, 21.937812131128602 ], [ 69.707027231944537, 21.934496385587408 ], [ 69.688277810777464, 21.912280890461403 ], [ 69.681903007580658, 21.928528043613259 ], [ 69.666528482223669, 21.92620702173442 ], [ 69.672153308573783, 21.903991526608419 ], [ 69.656028806370102, 21.869507772979997 ], [ 69.633904489392961, 21.875476114954147 ], [ 69.609155253452428, 21.864202580114089 ], [ 69.616280033495926, 21.803192862156113 ], [ 69.631654558852915, 21.805182309480831 ], [ 69.630154605159547, 21.829387251931546 ], [ 69.646654095786573, 21.839334488555131 ], [ 69.656403794793448, 21.838008190338652 ], [ 69.664653540106954, 21.812145375117336 ], [ 69.68452792654405, 21.822755760849159 ], [ 69.711527093024628, 21.794240349194887 ], [ 69.739276236351884, 21.834692444797458 ], [ 69.762150530175717, 21.822755760849159 ], [ 69.807899117823354, 21.824413633619756 ], [ 69.81427392102016, 21.822092611740921 ], [ 69.814648909443505, 21.8217610371868 ], [ 69.808649094670045, 21.761746042891183 ], [ 69.81839879367692, 21.742183144198137 ], [ 69.833773319033909, 21.743841016968734 ], [ 69.848397867544222, 21.732235907574555 ], [ 69.867147288711294, 21.738204249548705 ], [ 69.866397311864617, 21.780314217921873 ], [ 69.882146825644952, 21.768045959419453 ], [ 69.992018433683967, 21.807834905913783 ], [ 70.010767854851039, 21.80485073492671 ], [ 70.007767947464302, 21.754451402700557 ], [ 70.019767577011223, 21.745830464293451 ], [ 70.019767577011223, 21.713336157989747 ], [ 70.023892449667983, 21.71134671066503 ], [ 70.039641963448318, 21.703388921366162 ], [ 70.04826669718517, 21.69907845216261 ], [ 70.052016581418584, 21.703388921366162 ], [ 70.078640759475817, 21.732567482128673 ], [ 70.074140898395726, 21.738204249548705 ], [ 70.083515608979255, 21.736877951332225 ], [ 70.088765446906038, 21.703057346812045 ], [ 70.117639555503331, 21.706704666907356 ], [ 70.142013803020518, 21.686810193660193 ], [ 70.147638629370633, 21.668242018629503 ], [ 70.148763594640656, 21.66393154942595 ], [ 70.134889022977021, 21.663599974871833 ], [ 70.1210144513134, 21.680510277131923 ], [ 70.120264474466708, 21.679847128023685 ], [ 70.103015006993004, 21.662936825763595 ], [ 70.109014821766479, 21.645031799841142 ], [ 70.090640389022752, 21.649342269044695 ], [ 70.056516442498676, 21.637074010542278 ], [ 70.058016396192045, 21.627126773918693 ], [ 70.038516998178295, 21.612537493537438 ], [ 70.068516072045611, 21.610216471658603 ], [ 70.070766002585657, 21.585016805545528 ], [ 70.047516720338493, 21.586674678316125 ], [ 70.047141731915147, 21.597616638602066 ], [ 70.034392125521535, 21.592974594844392 ], [ 70.03064224128812, 21.601927107805619 ], [ 69.990518479990598, 21.579380038125496 ], [ 69.986018618910506, 21.602258682359736 ], [ 69.964269290356711, 21.591648296627916 ], [ 70.002518109537519, 21.543569986280598 ], [ 69.981893746253746, 21.53063857866994 ], [ 69.996143306340727, 21.474270904469638 ], [ 70.040766928718341, 21.475265628131996 ], [ 70.051641592995239, 21.445092343707127 ], [ 70.030267252864789, 21.434481957975304 ], [ 70.020892542281246, 21.444429194598889 ], [ 69.981518757830415, 21.435145107083542 ], [ 69.987143584180529, 21.423539997689364 ], [ 69.960144417699951, 21.41425591017402 ], [ 69.957894487159905, 21.413592761065782 ], [ 69.960894394546628, 21.411603313741065 ], [ 69.962019359816651, 21.405966546321032 ], [ 69.94401991549627, 21.39734560791393 ], [ 69.945894857612984, 21.379440581991481 ], [ 69.941394996532878, 21.37280909090909 ], [ 69.94814478815303, 21.359877683298432 ], [ 69.950769707116422, 21.355235639540762 ], [ 69.957144510313213, 21.343298955592463 ], [ 69.978518850443677, 21.336004315401834 ], [ 69.976268919903632, 21.295220645245145 ], [ 69.996143306340727, 21.298536390786339 ], [ 70.012642796967739, 21.277978768430934 ], [ 70.027642333901397, 21.280299790309769 ], [ 69.981893746253746, 21.227911010758898 ], [ 69.707777208791214, 21.534949047873493 ], [ 69.72202676887818, 21.539259517077046 ], [ 69.705902266674499, 21.536938495198211 ], [ 69.602780450255636, 21.637074010542278 ], [ 69.566406573191514, 21.651331716369413 ], [ 69.371787581477349, 21.829387251931546 ], [ 69.396161828994536, 21.888075948010687 ], [ 69.399911713227951, 21.892054842660119 ], [ 69.429910787095267, 21.879786584157699 ], [ 69.447535242992302, 21.853592194382266 ], [ 69.486909027443147, 21.855581641706983 ], [ 69.488408981136516, 21.855913216261101 ], [ 69.486534039019801, 21.897360035526031 ], [ 69.499658633836759, 21.895370588201313 ], [ 69.504158494916851, 21.904654675716657 ], [ 69.534157568784167, 21.894707439093075 ], [ 69.534532557207498, 21.895370588201313 ], [ 69.53528253405419, 21.895370588201313 ], [ 69.551407036257871, 21.93350166192505 ], [ 69.560031769994708, 21.940133153007437 ], [ 69.611405183992488, 21.948754091414543 ], [ 69.627529686196155, 21.920570254314391 ], [ 69.654528852676734, 21.924217574409706 ], [ 69.656403794793448, 21.924217574409706 ], [ 69.649654003173296, 21.956048731605168 ], [ 69.685277903390727, 21.959696051700483 ], [ 69.690152752894164, 21.97959052494765 ], [ 69.719776838338134, 21.9736221829735 ] ] ] } },
{ "type": "Feature", "properties": { "dt_code": "487", "district": "Narmada", "st_nm": "Gujarat", "st_code": "24", "year": "2011_c" }, "geometry": { "type": "Polygon", "coordinates": [ [ [ 73.303916188634901, 21.887412798902449 ], [ 73.315540829758476, 21.884428627915373 ], [ 73.341415030969031, 21.875476114954147 ], [ 73.341415030969031, 21.877797136832985 ], [ 73.344414938355754, 21.914270337786121 ], [ 73.357914521596044, 21.928528043613259 ], [ 73.362789371099495, 21.928528043613259 ], [ 73.37628895433977, 21.929522767275614 ], [ 73.412662831403892, 21.911949315907286 ], [ 73.416412715637307, 21.910291443136689 ], [ 73.420537588294053, 21.913275614123762 ], [ 73.438537032614448, 21.926538596288541 ], [ 73.449036708468, 21.974948481189976 ], [ 73.461786314861612, 21.979922099501771 ], [ 73.503785018275835, 21.96268022268756 ], [ 73.514284694129401, 21.990200910679473 ], [ 73.495160284538983, 22.017390024117265 ], [ 73.500035134042434, 22.039605519243267 ], [ 73.513909705706055, 22.037616071918549 ], [ 73.514284694129401, 22.03794764647267 ], [ 73.52178446259623, 22.056515821503357 ], [ 73.530784184756413, 22.050547479529207 ], [ 73.545033744843394, 22.047563308542134 ], [ 73.563033189163775, 22.061157865261031 ], [ 73.565283119703821, 22.059831567044551 ], [ 73.575782795557387, 22.053863225070401 ], [ 73.576157783980719, 22.053531650516284 ], [ 73.591157320914377, 22.066463058126942 ], [ 73.609156765234758, 22.081715487616435 ], [ 73.614781591584887, 22.070110378222253 ], [ 73.630906093788568, 22.079394465737597 ], [ 73.630531105365222, 22.066794632681059 ], [ 73.648530549685603, 22.072099825546971 ], [ 73.660530179232524, 22.042921264784461 ], [ 73.684529438326379, 22.051210628637445 ], [ 73.669904889816067, 22.01473742768431 ], [ 73.679654588822942, 22.000811296411293 ], [ 73.690154264676494, 22.011421682143116 ], [ 73.689029299406471, 21.987216739692396 ], [ 73.707778720573543, 22.007774362047801 ], [ 73.704778813186806, 21.976606353960573 ], [ 73.728778072280662, 21.981579972272367 ], [ 73.748277470294411, 21.962348648133439 ], [ 73.770776775694898, 21.96765384099935 ], [ 73.789901185285302, 21.931180640046211 ], [ 73.799275895868831, 21.948422516860422 ], [ 73.808275618029029, 21.940133153007437 ], [ 73.804525733795614, 21.931180640046211 ], [ 73.803775756948937, 21.929522767275614 ], [ 73.855149170946703, 21.952401411509857 ], [ 73.868273765763647, 21.924217574409706 ], [ 73.889273117470765, 21.92620702173442 ], [ 73.918522214491389, 21.894707439093075 ], [ 73.940271543045185, 21.871165645750594 ], [ 73.929396878768287, 21.864534154668206 ], [ 73.871273673150384, 21.840992361325728 ], [ 73.816525363342535, 21.840660786771608 ], [ 73.795526011635417, 21.824413633619756 ], [ 73.807900629605683, 21.809824353238501 ], [ 73.827025039196101, 21.810155927792621 ], [ 73.827400027619433, 21.79258247642429 ], [ 73.837899703472999, 21.789266730883096 ], [ 73.828899981312802, 21.785950985341902 ], [ 73.834149819239585, 21.775009025055962 ], [ 73.824025131809364, 21.761082893782945 ], [ 73.882898314273959, 21.712341434327389 ], [ 73.894522955397548, 21.675868233374253 ], [ 73.888148152200742, 21.652989589140009 ], [ 73.873898592113761, 21.647352821719981 ], [ 73.852149263559966, 21.646026523503501 ], [ 73.838649680319676, 21.633095115892843 ], [ 73.814275432802489, 21.644037076178787 ], [ 73.780151486278427, 21.628121497581052 ], [ 73.797775942175463, 21.604579704238574 ], [ 73.813900444379144, 21.600600809589139 ], [ 73.834899796086262, 21.520359767492238 ], [ 73.852149263559966, 21.497812697812115 ], [ 73.869398731033669, 21.500796868799192 ], [ 73.864523881530232, 21.512070403639253 ], [ 73.892648013280834, 21.509086232652177 ], [ 73.905397619674446, 21.52467023669579 ], [ 73.951896184168774, 21.512733552747491 ], [ 73.957146022095543, 21.540917389847642 ], [ 73.966145744255741, 21.521686065708714 ], [ 73.982270246459422, 21.522349214816956 ], [ 73.982270246459422, 21.522017640262835 ], [ 73.972520547452547, 21.489523333959131 ], [ 73.972895535875892, 21.48919175940501 ], [ 73.972895535875892, 21.488528610296772 ], [ 73.989395026502905, 21.481233970106146 ], [ 73.971395582182524, 21.4616710714131 ], [ 73.881773349003936, 21.450729111127156 ], [ 73.818775293882581, 21.401324502563362 ], [ 73.802650791678914, 21.411603313741065 ], [ 73.788776220015279, 21.410940164632827 ], [ 73.767776868308161, 21.410277015524585 ], [ 73.730653014397362, 21.408619142753988 ], [ 73.698778998413346, 21.399003480684527 ], [ 73.689779276253162, 21.446418641923604 ], [ 73.676279693012873, 21.472613031699041 ], [ 73.676279693012873, 21.472613031699041 ], [ 73.67515472774285, 21.472944606253158 ], [ 73.652280433919017, 21.480239246443787 ], [ 73.651155468648994, 21.479907671889666 ], [ 73.606906834694712, 21.47228145714492 ], [ 73.600157043074574, 21.48454971564734 ], [ 73.597907112534529, 21.483886566539102 ], [ 73.555158432273601, 21.474602479023755 ], [ 73.494410307692306, 21.485544439309699 ], [ 73.4880355044955, 21.515386149180447 ], [ 73.46853610648175, 21.508091508989818 ], [ 73.452786592701415, 21.527985982236984 ], [ 73.443411882117886, 21.549206753700627 ], [ 73.44491183581124, 21.559485564878329 ], [ 73.473410955985187, 21.59363774395263 ], [ 73.470786037021796, 21.608890173442127 ], [ 73.482410678145385, 21.610879620766841 ], [ 73.485785573955454, 21.638731883312875 ], [ 73.474910909678556, 21.658957931114159 ], [ 73.500035134042434, 21.680841851686043 ], [ 73.499660145619089, 21.681173426240161 ], [ 73.499285157195743, 21.681836575348399 ], [ 73.487660516072168, 21.704052070474404 ], [ 73.469286083328441, 21.720962372734494 ], [ 73.439661997884471, 21.709357263340312 ], [ 73.431787240994296, 21.717978201747417 ], [ 73.407038005053764, 21.709357263340312 ], [ 73.395413363930189, 21.716983478085062 ], [ 73.409662924017155, 21.749477784388766 ], [ 73.394288398660166, 21.760088170120586 ], [ 73.395413363930189, 21.7756721741642 ], [ 73.37441401222307, 21.780314217921873 ], [ 73.356039579479344, 21.810155927792621 ], [ 73.336165193042248, 21.810155927792621 ], [ 73.329040412998765, 21.834692444797458 ], [ 73.308791038138338, 21.822092611740921 ], [ 73.299416327554795, 21.827397804606832 ], [ 73.308416049714992, 21.851271172503431 ], [ 73.303916188634901, 21.887412798902449 ] ] ] } },
{ "type": "Feature", "properties": { "dt_code": "492", "district": "Surat", "st_nm": "Gujarat", "st_code": "24", "year": "2011_c" }, "geometry": { "type": "Polygon", "coordinates": [ [ [ 72.73543373884938, 21.474602479023755 ], [ 72.761307940059936, 21.448739663802442 ], [ 72.784932210730446, 21.457360602209548 ], [ 72.787182141270492, 21.439787150841216 ], [ 72.787557129693838, 21.421550550364646 ], [ 72.789432071810538, 21.421882124918767 ], [ 72.823181029911268, 21.42619259412232 ], [ 72.850930173238524, 21.453381707560112 ], [ 72.867804652288882, 21.444097620044769 ], [ 72.871179548098965, 21.456034303993068 ], [ 72.877929339719103, 21.446418641923604 ], [ 72.868179640712228, 21.433487234312945 ], [ 72.887679038725977, 21.444760769153007 ], [ 72.906803448316396, 21.429839914217634 ], [ 72.923302938943408, 21.469297286157847 ], [ 72.952927024387378, 21.483886566539102 ], [ 72.941302383263789, 21.51240197819337 ], [ 72.983676075101371, 21.522680789371073 ], [ 72.986300994064763, 21.541248964401763 ], [ 73.020799929012171, 21.521022916600476 ], [ 73.01667505635541, 21.498807421474474 ], [ 73.026049766938939, 21.482560268322622 ], [ 73.054923875536232, 21.484218141093219 ], [ 73.056423829229587, 21.50278631612391 ], [ 73.036549442792506, 21.533291175102896 ], [ 73.048549072339426, 21.541912113510001 ], [ 73.047799095492735, 21.553848797458301 ], [ 73.05567385238291, 21.568769652393676 ], [ 73.075548238820005, 21.551527775579466 ], [ 73.077798169360051, 21.505438912556862 ], [ 73.103297382147261, 21.5077599344357 ], [ 73.119421884350942, 21.483554991984981 ], [ 73.141546201328083, 21.498144272366236 ], [ 73.171545275195399, 21.49516010137916 ], [ 73.188794742669089, 21.506765210773342 ], [ 73.250292844097075, 21.493833803162683 ], [ 73.272792149497562, 21.510744105422773 ], [ 73.30916602656167, 21.5077599344357 ], [ 73.324540551918673, 21.485544439309699 ], [ 73.345914892049123, 21.522017640262835 ], [ 73.399163248163603, 21.508754658098056 ], [ 73.451286639008046, 21.527322833128746 ], [ 73.452786592701415, 21.527985982236984 ], [ 73.46853610648175, 21.508091508989818 ], [ 73.4880355044955, 21.515386149180447 ], [ 73.494410307692306, 21.485544439309699 ], [ 73.555158432273601, 21.474602479023755 ], [ 73.597907112534529, 21.483886566539102 ], [ 73.600157043074574, 21.48454971564734 ], [ 73.606906834694712, 21.47228145714492 ], [ 73.651155468648994, 21.479907671889666 ], [ 73.652280433919017, 21.480239246443787 ], [ 73.67515472774285, 21.472944606253158 ], [ 73.676279693012873, 21.472613031699041 ], [ 73.676279693012873, 21.472613031699041 ], [ 73.689779276253162, 21.446418641923604 ], [ 73.698778998413346, 21.399003480684527 ], [ 73.699153986836691, 21.396350884251572 ], [ 73.699153986836691, 21.396350884251572 ], [ 73.665030040312629, 21.382424752978554 ], [ 73.637655885408705, 21.380435305653837 ], [ 73.589657367221008, 21.365514450718464 ], [ 73.535284045836519, 21.368498621705537 ], [ 73.534534068989828, 21.368498621705537 ], [ 73.524784369982953, 21.350262021228971 ], [ 73.511659775166009, 21.357225086865476 ], [ 73.510159821472641, 21.37877743288324 ], [ 73.454661534818115, 21.383751051195031 ], [ 73.432162229417642, 21.313788820275832 ], [ 73.447536754774632, 21.307488903747561 ], [ 73.442286916847863, 21.267699957253232 ], [ 73.412287842980547, 21.277978768430934 ], [ 73.365039301639541, 21.269026255469708 ], [ 73.375163989069748, 21.225258414325943 ], [ 73.288541663277897, 21.196411428117553 ], [ 73.284791779044482, 21.156290907069103 ], [ 73.254042728330489, 21.122138727994802 ], [ 73.223293677616496, 21.13374383738898 ], [ 73.227043561849911, 21.117165109683011 ], [ 73.247292936710352, 21.114512513250055 ], [ 73.253292751483812, 21.092628592678171 ], [ 73.198544441675978, 21.077376163188678 ], [ 73.212419013339598, 21.038581940356703 ], [ 73.204544256449438, 21.019019041663658 ], [ 73.2405431450902, 20.991166779117627 ], [ 73.209794094376207, 20.957346174597443 ], [ 73.255167693600512, 20.947398937973862 ], [ 73.260417531527295, 20.922530846414904 ], [ 73.288541663277897, 20.932478083038486 ], [ 73.315540829758476, 20.902304798613617 ], [ 73.316665795028499, 20.879757728933498 ], [ 73.314040876065107, 20.879426154379377 ], [ 73.311415957101715, 20.879094579825257 ], [ 73.302791223364864, 20.853231764603944 ], [ 73.312915910795084, 20.841295080655645 ], [ 73.302791223364864, 20.836984611452092 ], [ 73.300166304401486, 20.818084861867284 ], [ 73.300166304401486, 20.816758563650804 ], [ 73.253667739907144, 20.819742734637881 ], [ 73.243918040900269, 20.832342567694418 ], [ 73.247667925133683, 20.84858972084627 ], [ 73.19554453428924, 20.859863255686331 ], [ 73.172295252042076, 20.898325903964185 ], [ 73.17004532150203, 20.899983776734782 ], [ 73.160670610918487, 20.9019732240595 ], [ 73.125796687547748, 20.897331180301826 ], [ 73.125796687547748, 20.922530846414904 ], [ 73.092422717870363, 20.936788552242039 ], [ 73.088297845213603, 20.966961836666908 ], [ 73.065048562966439, 20.974588051411654 ], [ 73.025299790092262, 21.020345339880137 ], [ 73.008425311041904, 21.022334787204851 ], [ 73.01854999847211, 21.057813264495632 ], [ 72.993800762531592, 21.079365610513396 ], [ 72.995300716224946, 21.05980271182035 ], [ 72.995300716224946, 21.05980271182035 ], [ 72.964551665510953, 21.058144839049753 ], [ 72.969801503437736, 21.068755224781572 ], [ 72.961926746547576, 21.074060417647484 ], [ 72.962676723394253, 21.065771053794499 ], [ 72.952177047540701, 21.06941837388981 ], [ 72.926302846330145, 21.051844922521482 ], [ 72.928177788446845, 21.042560835006139 ], [ 72.928177788446845, 21.042560835006139 ], [ 72.926677834753477, 21.042229260452018 ], [ 72.912053286243165, 21.041897685897897 ], [ 72.907928413586419, 21.04156611134378 ], [ 72.892178899806083, 21.062123733699185 ], [ 72.888054027149323, 21.047866027872047 ], [ 72.871179548098965, 21.056155391725035 ], [ 72.856929988011984, 21.049855475196765 ], [ 72.861054860668744, 21.037255642140227 ], [ 72.845305346888409, 21.046871304209692 ], [ 72.835930636304866, 21.033939896599033 ], [ 72.831430775224774, 21.055492242616797 ], [ 72.81418130775107, 21.055492242616797 ], [ 72.792806967620621, 21.073397268539246 ], [ 72.775182511723571, 21.062123733699185 ], [ 72.750433275783038, 21.061792159145064 ], [ 72.699059861785273, 21.061460584590947 ], [ 72.692310070165135, 21.078370886851037 ], [ 72.70205976917201, 21.095612763665248 ], [ 72.664935915261211, 21.099591658314679 ], [ 72.648061436210853, 21.075055141309843 ], [ 72.620687281306928, 21.099260083760562 ], [ 72.637936748780632, 21.211000708498808 ], [ 72.657436146794382, 21.224595265217705 ], [ 72.622187235000297, 21.242500291140153 ], [ 72.598187975906441, 21.317104565817026 ], [ 72.621437258153605, 21.324399206007655 ], [ 72.62743707292708, 21.341309508267745 ], [ 72.654061250984313, 21.346283126579536 ], [ 72.652186308867599, 21.384082625749151 ], [ 72.693435035435158, 21.4616710714131 ], [ 72.73543373884938, 21.474602479023755 ] ] ] } },
{ "type": "Feature", "properties": { "dt_code": "493", "district": "Tapi", "st_nm": "Gujarat", "st_code": "24", "year": "2011_c" }, "geometry": { "type": "Polygon", "coordinates": [ [ [ 73.807150652759006, 21.008740230485955 ], [ 73.825900073926078, 20.989177331792909 ], [ 73.843899518246459, 20.98818260813055 ], [ 73.846149448786505, 20.999787717524732 ], [ 73.848774367749897, 20.998129844754136 ], [ 73.869023742610324, 20.985198437143477 ], [ 73.901272747017686, 20.982214266156401 ], [ 73.907647550214492, 20.959667196476278 ], [ 73.892273024857488, 20.955688301826846 ], [ 73.886273210084028, 20.932146508484369 ], [ 73.885898221660696, 20.929493912051413 ], [ 73.875773534230476, 20.927836039280816 ], [ 73.867148800493624, 20.944083192432668 ], [ 73.797400953752131, 20.958672472813923 ], [ 73.789901185285302, 20.983872138926998 ], [ 73.752777331374503, 21.006087634052999 ], [ 73.660155190809192, 21.007745506823596 ], [ 73.638030873832051, 20.975251200519892 ], [ 73.610656718928126, 20.992493077334103 ], [ 73.613281637891518, 20.981219542494042 ], [ 73.596032170417814, 20.95900404736804 ], [ 73.585157506140916, 20.969946007653981 ], [ 73.591157320914377, 20.999456142970612 ], [ 73.56490813128049, 21.010398103256552 ], [ 73.546908686960094, 21.00641920860712 ], [ 73.537533976376565, 20.951046258069177 ], [ 73.519909520479516, 20.947067363419741 ], [ 73.530034207909736, 20.934467530363204 ], [ 73.512409752012687, 20.935462254025563 ], [ 73.489535458188868, 20.913909908007799 ], [ 73.4880355044955, 20.891362838327677 ], [ 73.499285157195743, 20.87743670705466 ], [ 73.491785388728914, 20.861521128456928 ], [ 73.504909983545872, 20.843616102534479 ], [ 73.49628524980902, 20.819079585529643 ], [ 73.492535365575606, 20.818416436421401 ], [ 73.442286916847863, 20.80846919979782 ], [ 73.396163340776866, 20.827368949382628 ], [ 73.381163803843208, 20.824384778395551 ], [ 73.380413826996531, 20.824053203841434 ], [ 73.350414753129229, 20.84858972084627 ], [ 73.349664776282538, 20.859531681132211 ], [ 73.332790297232179, 20.859863255686331 ], [ 73.316665795028499, 20.879757728933498 ], [ 73.315540829758476, 20.902304798613617 ], [ 73.288541663277897, 20.932478083038486 ], [ 73.260417531527295, 20.922530846414904 ], [ 73.255167693600512, 20.947398937973862 ], [ 73.209794094376207, 20.957346174597443 ], [ 73.2405431450902, 20.991166779117627 ], [ 73.204544256449438, 21.019019041663658 ], [ 73.212419013339598, 21.038581940356703 ], [ 73.198544441675978, 21.077376163188678 ], [ 73.253292751483812, 21.092628592678171 ], [ 73.247292936710352, 21.114512513250055 ], [ 73.227043561849911, 21.117165109683011 ], [ 73.223293677616496, 21.13374383738898 ], [ 73.254042728330489, 21.122138727994802 ], [ 73.284791779044482, 21.156290907069103 ], [ 73.288541663277897, 21.196411428117553 ], [ 73.375163989069748, 21.225258414325943 ], [ 73.365039301639541, 21.269026255469708 ], [ 73.412287842980547, 21.277978768430934 ], [ 73.442286916847863, 21.267699957253232 ], [ 73.447536754774632, 21.307488903747561 ], [ 73.432162229417642, 21.313788820275832 ], [ 73.454661534818115, 21.383751051195031 ], [ 73.510159821472641, 21.37877743288324 ], [ 73.511659775166009, 21.357225086865476 ], [ 73.524784369982953, 21.350262021228971 ], [ 73.534534068989828, 21.368498621705537 ], [ 73.535284045836519, 21.368498621705537 ], [ 73.589657367221008, 21.365514450718464 ], [ 73.637655885408705, 21.380435305653837 ], [ 73.665030040312629, 21.382424752978554 ], [ 73.699153986836691, 21.396350884251572 ], [ 73.699153986836691, 21.396350884251572 ], [ 73.698778998413346, 21.399003480684527 ], [ 73.730653014397362, 21.408619142753988 ], [ 73.767776868308161, 21.410277015524585 ], [ 73.788776220015279, 21.410940164632827 ], [ 73.802650791678914, 21.411603313741065 ], [ 73.818775293882581, 21.401324502563362 ], [ 73.881773349003936, 21.450729111127156 ], [ 73.971395582182524, 21.4616710714131 ], [ 73.989395026502905, 21.481233970106146 ], [ 73.972895535875892, 21.488528610296772 ], [ 73.972895535875892, 21.48919175940501 ], [ 73.972520547452547, 21.489523333959131 ], [ 73.982270246459422, 21.522017640262835 ], [ 73.982270246459422, 21.522349214816956 ], [ 73.974020501145915, 21.542575262618239 ], [ 73.998019760239757, 21.538596367968807 ], [ 74.00514454028324, 21.55351722290418 ], [ 74.037768533113947, 21.550533051917107 ], [ 74.043018371040716, 21.542243688064119 ], [ 74.054643012164306, 21.558490841215971 ], [ 74.072267468061355, 21.547880455484151 ], [ 74.103016518775334, 21.556169819337136 ], [ 74.113141206205555, 21.548212030038272 ], [ 74.119141020979015, 21.556169819337136 ], [ 74.136765476876064, 21.546222582713554 ], [ 74.164889608626666, 21.568769652393676 ], [ 74.175764272903564, 21.568769652393676 ], [ 74.195263670917313, 21.531964876886416 ], [ 74.229012629018044, 21.554180372012418 ], [ 74.236137409061527, 21.539259517077046 ], [ 74.263511563965437, 21.539922666185284 ], [ 74.276261170359049, 21.561806586757168 ], [ 74.299510452606214, 21.568438077839556 ], [ 74.302885348416282, 21.552190924687704 ], [ 74.330259503320207, 21.552854073795942 ], [ 74.320509804313332, 21.498475846920357 ], [ 74.304010313686305, 21.499470570582712 ], [ 74.304010313686305, 21.487865461188534 ], [ 74.255636807075277, 21.476591926348473 ], [ 74.253386876535231, 21.467639413387246 ], [ 74.235762420638181, 21.467639413387246 ], [ 74.234262466944813, 21.482228693768505 ], [ 74.214013092084386, 21.481565544660263 ], [ 74.209138242580948, 21.462002645967218 ], [ 74.187763902450484, 21.458023751317786 ], [ 74.18213907610037, 21.468965711603726 ], [ 74.161139724393252, 21.468634137049605 ], [ 74.136015500029373, 21.456034303993068 ], [ 74.125140835752475, 21.466644689724891 ], [ 74.100766588235288, 21.447744940140083 ], [ 74.072267468061355, 21.457029027655427 ], [ 74.063267745901157, 21.474602479023755 ], [ 74.045643290004108, 21.446087067369486 ], [ 74.044518324734085, 21.419229528485811 ], [ 74.002519621319848, 21.421218975810529 ], [ 73.959395952635603, 21.395356160589213 ], [ 73.93877158935183, 21.404971822658677 ], [ 73.948896276782037, 21.350925170337209 ], [ 73.942146485161899, 21.299199539894577 ], [ 73.87952341846389, 21.265710509928514 ], [ 73.822525178115995, 21.270684128240305 ], [ 73.828150004466124, 21.239847694707198 ], [ 73.811650513839098, 21.230895181745975 ], [ 73.810525548569075, 21.207353388403494 ], [ 73.815400398072512, 21.197074577225791 ], [ 73.825900073926078, 21.200058748212868 ], [ 73.825900073926078, 21.186795766048089 ], [ 73.815775386495858, 21.173864358437431 ], [ 73.784651347358519, 21.183811595061016 ], [ 73.772276729388253, 21.164580270922087 ], [ 73.740027724980905, 21.170880187450358 ], [ 73.728403083857316, 21.161596099935014 ], [ 73.732902944937408, 21.142033201241968 ], [ 73.718653384850441, 21.13971217936313 ], [ 73.701403917376737, 21.153638310636147 ], [ 73.667654959276021, 21.154633034298506 ], [ 73.634280989598636, 21.140706903025489 ], [ 73.629031151671853, 21.154633034298506 ], [ 73.607656811541403, 21.158943503502059 ], [ 73.60653184627138, 21.178837976749225 ], [ 73.577282749250742, 21.170548612896237 ], [ 73.578407714520779, 21.150322565094953 ], [ 73.598657089381206, 21.156290907069103 ], [ 73.617406510548278, 21.142364775796086 ], [ 73.618156487394955, 21.118159833345366 ], [ 73.646280619145557, 21.121144004332443 ], [ 73.65153045707234, 21.107549447613547 ], [ 73.688654310983139, 21.100586381977038 ], [ 73.702903871070106, 21.118159833345366 ], [ 73.705153801610152, 21.108212596721785 ], [ 73.729528049127339, 21.099591658314679 ], [ 73.743402620790974, 21.114844087804173 ], [ 73.729903037550685, 21.082349781500469 ], [ 73.737027817594168, 21.079697185067513 ], [ 73.738152782864191, 21.041234536789659 ], [ 73.768151856731507, 21.030955725611957 ], [ 73.768151856731507, 21.029961001949598 ], [ 73.763651995651401, 21.015371721568343 ], [ 73.762152041958046, 21.01106125236479 ], [ 73.763277007228069, 21.011392826918911 ], [ 73.8007758495622, 21.02929785284136 ], [ 73.806400675912329, 21.031950449274316 ], [ 73.807150652759006, 21.008740230485955 ] ] ] } },
{ "type": "Feature", "properties": { "dt_code": "726", "district": "Botad", "st_nm": "Gujarat", "st_code": "24", "year": "update2014" }, "geometry": { "type": "Polygon", "coordinates": [ [ [ 71.589844105541516, 21.687804917322552 ], [ 71.589844105541516, 21.706373092353239 ], [ 71.598093850855022, 21.721293947288611 ], [ 71.601843735088437, 21.727593863816882 ], [ 71.597343874008345, 21.729583311141599 ], [ 71.554595193747431, 21.747156762509928 ], [ 71.539970645237119, 21.774345875947724 ], [ 71.516346374566609, 21.779651068813632 ], [ 71.499471895516251, 21.803192862156113 ], [ 71.470222798495627, 21.799877116614919 ], [ 71.455598249985314, 21.826071506390353 ], [ 71.459348134218729, 21.845634405083398 ], [ 71.44772349309514, 21.851602747057548 ], [ 71.4537233078686, 21.870834071196477 ], [ 71.416224465534469, 21.882770755144776 ], [ 71.424849199271321, 21.911286166799048 ], [ 71.460473099488752, 21.896365311863672 ], [ 71.466847902685558, 21.928196469059138 ], [ 71.466847902685558, 21.928196469059138 ], [ 71.448098481518485, 21.951406687847498 ], [ 71.404224835987549, 21.95074353873926 ], [ 71.395225113827351, 21.963674946349919 ], [ 71.391100241170591, 21.971964310202903 ], [ 71.392600194863959, 21.980585248610009 ], [ 71.462723030028798, 22.002137594627772 ], [ 71.461223076335429, 22.036289773702073 ], [ 71.500596860786274, 22.053863225070401 ], [ 71.500221872362928, 22.103267833634199 ], [ 71.509221594523126, 22.111888772041304 ], [ 71.494222057589468, 22.135430565383782 ], [ 71.475847624845741, 22.139077885479097 ], [ 71.485597323852616, 22.186824621272294 ], [ 71.448848458365163, 22.210366414614775 ], [ 71.433098944584827, 22.208708541844175 ], [ 71.434598898278196, 22.219650502130118 ], [ 71.461223076335429, 22.23092403697018 ], [ 71.460098111065406, 22.256455277637375 ], [ 71.437223817241588, 22.261097321395045 ], [ 71.44584855097844, 22.2892811584952 ], [ 71.495347022859491, 22.303870438876451 ], [ 71.531345911500267, 22.342996236262547 ], [ 71.565094869600983, 22.342001512600188 ], [ 71.569219742257744, 22.322438613907142 ], [ 71.578969441264618, 22.320117592028303 ], [ 71.592094036081562, 22.354601345656725 ], [ 71.601843735088437, 22.339680490721353 ], [ 71.629967866839038, 22.343990959924906 ], [ 71.626217982605624, 22.382785182756876 ], [ 71.635592693189167, 22.380464160878041 ], [ 71.65021724169948, 22.402016506895805 ], [ 71.673841512369989, 22.384443055527473 ], [ 71.711715343127466, 22.399032335908728 ], [ 71.721090053710995, 22.382122033648638 ], [ 71.735339613797962, 22.382453608202759 ], [ 71.741339428571436, 22.363553858617951 ], [ 71.754839011811725, 22.360901262184996 ], [ 71.793087830992533, 22.363553858617951 ], [ 71.796462726802616, 22.396048164921655 ], [ 71.836961476523484, 22.396379739475776 ], [ 71.831711638596701, 22.360569687630875 ], [ 71.844836233413645, 22.357917091197919 ], [ 71.845586210260336, 22.35824866575204 ], [ 71.849711082917082, 22.361232836739113 ], [ 71.862460689310694, 22.370848498808577 ], [ 71.862835677734026, 22.371180073362698 ], [ 71.88421001786449, 22.366869604159145 ], [ 71.898834566374802, 22.345317258141382 ], [ 71.883460041017813, 22.328075381327171 ], [ 71.841461337603576, 22.324428061231856 ], [ 71.859085793500611, 22.307517758971766 ], [ 71.835461522830116, 22.266402514260957 ], [ 71.859085793500611, 22.257450001299734 ], [ 71.870710434624201, 22.266070939706839 ], [ 71.887959902097904, 22.253139532096181 ], [ 71.934083478168887, 22.27104455801863 ], [ 71.94345818875243, 22.252807957542061 ], [ 72.0139560123406, 22.241202848147882 ], [ 72.05895462314156, 22.248165913784391 ], [ 72.072079217958517, 22.228934589645462 ], [ 72.085578801198807, 22.228934589645462 ], [ 72.087078754892161, 22.217661054805401 ], [ 72.131702377269789, 22.198761305220593 ], [ 72.130202423576421, 22.176545810094591 ], [ 72.111453002409363, 22.169582744458083 ], [ 72.117452817182823, 22.152009293089755 ], [ 72.169576208027266, 22.147367249332081 ], [ 72.148576856320147, 22.115536092136615 ], [ 72.086328778045484, 22.097299491660049 ], [ 72.060454576834928, 22.10227310997184 ], [ 72.060079588411583, 22.103267833634199 ], [ 72.032330445084327, 22.121172859556648 ], [ 72.020705803960752, 22.104262557296554 ], [ 71.920958883351943, 22.13012537251787 ], [ 71.91570904542516, 22.108573026500107 ], [ 71.893209740024687, 22.104925706404796 ], [ 71.892084774754665, 22.085362807711746 ], [ 71.873710342010938, 22.081383913062314 ], [ 71.863210666157372, 22.057510545165716 ], [ 71.839586395486862, 22.066463058126942 ], [ 71.829461708056655, 22.057842119719837 ], [ 71.866960550390786, 22.045242286663296 ], [ 71.878210203091029, 22.023689940645532 ], [ 71.867710527237463, 22.009432234818398 ], [ 71.805087460539468, 22.022032067874935 ], [ 71.793837807839225, 22.021700493320818 ], [ 71.788962958335787, 22.00744278749368 ], [ 71.73496462537463, 22.010426958480757 ], [ 71.735714602221307, 21.998158699978337 ], [ 71.71134035470412, 21.980585248610009 ], [ 71.700090702003877, 21.952401411509857 ], [ 71.676091442910035, 21.943780473102752 ], [ 71.690341002997002, 21.90929671947433 ], [ 71.683966199800196, 21.870170922088239 ], [ 71.663716824939769, 21.865528878330565 ], [ 71.664466801786446, 21.84629755419164 ], [ 71.641217519539282, 21.833366146580982 ], [ 71.617218260445441, 21.833697721135099 ], [ 71.617593248868786, 21.818776866199727 ], [ 71.601843735088437, 21.812145375117336 ], [ 71.599593804548391, 21.800871840277278 ], [ 71.59921881612506, 21.785287836233664 ], [ 71.59921881612506, 21.781308941584228 ], [ 71.59921881612506, 21.780977367030111 ], [ 71.635217704765822, 21.775340599610079 ], [ 71.63259278580243, 21.752461955375839 ], [ 71.611968422518657, 21.744835740631093 ], [ 71.617218260445441, 21.730909609358076 ], [ 71.623968052065578, 21.728588587479241 ], [ 71.637467635305867, 21.710020412448554 ], [ 71.638217612152559, 21.706704666907356 ], [ 71.619093202562141, 21.696757430283775 ], [ 71.60521863089852, 21.692778535634343 ], [ 71.589844105541516, 21.687804917322552 ] ] ] } },
{ "type": "Feature", "properties": { "dt_code": "731", "district": "Chhota Udaipur", "st_nm": "Gujarat", "st_code": "24", "year": "update2014" }, "geometry": { "type": "Polygon", "coordinates": [ [ [ 73.940271543045185, 21.871165645750594 ], [ 73.918522214491389, 21.894707439093075 ], [ 73.889273117470765, 21.92620702173442 ], [ 73.868273765763647, 21.924217574409706 ], [ 73.855149170946703, 21.952401411509857 ], [ 73.803775756948937, 21.929522767275614 ], [ 73.804525733795614, 21.931180640046211 ], [ 73.808275618029029, 21.940133153007437 ], [ 73.799275895868831, 21.948422516860422 ], [ 73.789901185285302, 21.931180640046211 ], [ 73.770776775694898, 21.96765384099935 ], [ 73.748277470294411, 21.962348648133439 ], [ 73.728778072280662, 21.981579972272367 ], [ 73.704778813186806, 21.976606353960573 ], [ 73.707778720573543, 22.007774362047801 ], [ 73.689029299406471, 21.987216739692396 ], [ 73.690154264676494, 22.011421682143116 ], [ 73.679654588822942, 22.000811296411293 ], [ 73.669904889816067, 22.01473742768431 ], [ 73.684529438326379, 22.051210628637445 ], [ 73.660530179232524, 22.042921264784461 ], [ 73.648530549685603, 22.072099825546971 ], [ 73.630531105365222, 22.066794632681059 ], [ 73.630906093788568, 22.079394465737597 ], [ 73.614781591584887, 22.070110378222253 ], [ 73.609156765234758, 22.081715487616435 ], [ 73.591157320914377, 22.066463058126942 ], [ 73.576157783980719, 22.053531650516284 ], [ 73.575782795557387, 22.053863225070401 ], [ 73.565283119703821, 22.059831567044551 ], [ 73.563033189163775, 22.061157865261031 ], [ 73.545033744843394, 22.047563308542134 ], [ 73.530784184756413, 22.050547479529207 ], [ 73.530409196333082, 22.052868501408042 ], [ 73.529284231063059, 22.061821014369269 ], [ 73.539783906916611, 22.064142036248104 ], [ 73.54315880272668, 22.064805185356342 ], [ 73.532284138449782, 22.071436676438733 ], [ 73.540533883763288, 22.0913311496859 ], [ 73.514284694129401, 22.091994298794138 ], [ 73.487660516072168, 22.071105101884612 ], [ 73.485410585532108, 22.074089272871689 ], [ 73.477910817065293, 22.096967917105928 ], [ 73.47866079391197, 22.100283662647122 ], [ 73.501160099312457, 22.112220346595421 ], [ 73.518784555209493, 22.144714652899125 ], [ 73.506034948815895, 22.144714652899125 ], [ 73.49628524980902, 22.166930148025127 ], [ 73.505284971969203, 22.199424454328831 ], [ 73.480910724452016, 22.21898735302188 ], [ 73.543533791150026, 22.270049834356271 ], [ 73.543533791150026, 22.271376132572748 ], [ 73.544283767996703, 22.331059552314247 ], [ 73.563033189163775, 22.328406955881292 ], [ 73.563408177587121, 22.329733254097768 ], [ 73.62003142951167, 22.326085934002457 ], [ 73.629406140095199, 22.331059552314247 ], [ 73.612531661044841, 22.338022617950756 ], [ 73.616281545278255, 22.360569687630875 ], [ 73.633531012751959, 22.378143138999206 ], [ 73.629781128518545, 22.389748248393385 ], [ 73.644030688605511, 22.387095651960429 ], [ 73.644405677028857, 22.386764077406312 ], [ 73.695029114179931, 22.363222284063831 ], [ 73.705153801610152, 22.358580240306161 ], [ 73.703653847916783, 22.348633003682576 ], [ 73.689404287829817, 22.34598040724962 ], [ 73.693904148909908, 22.339017341613111 ], [ 73.689404287829817, 22.338685767058994 ], [ 73.655280341305755, 22.336364745180155 ], [ 73.64553064229888, 22.315143973716513 ], [ 73.629031151671853, 22.312822951837678 ], [ 73.634655978021982, 22.302544140659975 ], [ 73.65340539918904, 22.288286434832841 ], [ 73.697279044719991, 22.286296987508123 ], [ 73.698778998413346, 22.299559969672899 ], [ 73.713778535347004, 22.303207289768213 ], [ 73.716778442733741, 22.289944307603438 ], [ 73.730653014397362, 22.28795486027872 ], [ 73.725778164893924, 22.337359468842514 ], [ 73.749402435564434, 22.343659385370785 ], [ 73.770026798848207, 22.383448331865118 ], [ 73.735152875477468, 22.388421950176909 ], [ 73.729528049127339, 22.414284765398225 ], [ 73.729903037550685, 22.414284765398225 ], [ 73.740777701827582, 22.438489707848941 ], [ 73.736652829170822, 22.454736861000793 ], [ 73.722778257507201, 22.460042053866704 ], [ 73.728778072280662, 22.515415004404652 ], [ 73.741152690250928, 22.536635775868294 ], [ 73.755402250337895, 22.547246161600114 ], [ 73.803025780102246, 22.548904034370711 ], [ 73.803400768525592, 22.548572459816594 ], [ 73.843899518246459, 22.523372793703516 ], [ 73.872773626843738, 22.505467767781067 ], [ 73.876148522653821, 22.503146745902232 ], [ 73.878773441617199, 22.503478320456352 ], [ 73.890773071164134, 22.505136193226946 ], [ 73.905772608097777, 22.507457215105784 ], [ 73.906897573367814, 22.50878351332226 ], [ 73.936146670388439, 22.538293648638891 ], [ 73.965020778985718, 22.535972626760056 ], [ 74.015269227713461, 22.559182845548413 ], [ 74.018269135100198, 22.573772125929668 ], [ 74.059517861667743, 22.554209227236623 ], [ 74.061017815361112, 22.550561907141308 ], [ 74.041143428924016, 22.541609394180085 ], [ 74.033643660457187, 22.490215338291573 ], [ 74.040768440500671, 22.486568018196259 ], [ 74.054643012164306, 22.509115087876381 ], [ 74.082767143914907, 22.506462491443425 ], [ 74.08801698184169, 22.482589123546827 ], [ 74.076767329141447, 22.483583847209186 ], [ 74.075642363871424, 22.464020948516136 ], [ 74.104516472468703, 22.464684097624378 ], [ 74.098516657695242, 22.442137027944256 ], [ 74.119516009402361, 22.418926809155895 ], [ 74.149515083269677, 22.455731584663152 ], [ 74.160389747546574, 22.431195067658315 ], [ 74.18401401821707, 22.441473878836018 ], [ 74.179889145560324, 22.46269465029966 ], [ 74.190763809837222, 22.475957632464439 ], [ 74.202763439384142, 22.467668268611451 ], [ 74.20163847411412, 22.434510813199509 ], [ 74.213263115237709, 22.431526642212432 ], [ 74.215138057354409, 22.441473878836018 ], [ 74.244012165951688, 22.433847664091271 ], [ 74.237637362754896, 22.421910980142972 ], [ 74.247762050185102, 22.414616339952342 ], [ 74.255636807075277, 22.42887404577948 ], [ 74.267636436622197, 22.405332252436999 ], [ 74.290885718869362, 22.39372714304282 ], [ 74.2567617723453, 22.399363910462849 ], [ 74.24326218910501, 22.375822117120372 ], [ 74.223762791091261, 22.379801011769803 ], [ 74.224137779514606, 22.356590792981443 ], [ 74.203888404654165, 22.366538029605024 ], [ 74.19001383299053, 22.320117592028303 ], [ 74.128140743139213, 22.333048999638962 ], [ 74.125515824175821, 22.356259218427322 ], [ 74.105266449315394, 22.371843222470936 ], [ 74.064767699594526, 22.354601345656725 ], [ 74.071892479638009, 22.336696319734276 ], [ 74.05239308162426, 22.29392320225287 ], [ 74.058767884821066, 22.274691878113941 ], [ 74.074517398601401, 22.265407790598598 ], [ 74.074892387024732, 22.247502764676149 ], [ 74.087267004994999, 22.242860720918479 ], [ 74.069267560674618, 22.232581909740777 ], [ 74.072267468061355, 22.21898735302188 ], [ 74.122515916789098, 22.212355861939489 ], [ 74.121390951519061, 22.167593297133365 ], [ 74.134140557912673, 22.16063023149686 ], [ 74.122890905212429, 22.135762139937903 ], [ 74.124390858905798, 22.097631066214166 ], [ 74.1525149906564, 22.105920430067151 ], [ 74.178764180290301, 22.085362807711746 ], [ 74.16451462020332, 22.083041785832911 ], [ 74.160014759123229, 22.058836843382192 ], [ 74.131515638949281, 22.047894883096252 ], [ 74.140140372686133, 22.040600242905626 ], [ 74.092141854498436, 22.01506900223843 ], [ 74.098141669271897, 21.998158699978337 ], [ 74.150640048539699, 21.986553590584158 ], [ 74.139765384262788, 21.96765384099935 ], [ 74.146890164306285, 21.948422516860422 ], [ 74.050893127930891, 21.926538596288541 ], [ 73.940271543045185, 21.871165645750594 ] ] ] } },
{ "type": "Feature", "properties": { "dt_code": "729", "district": "Gir Somnath", "st_nm": "Gujarat", "st_code": "24", "year": "update2014" }, "geometry": { "type": "Polygon", "coordinates": [ [ [ 70.854116818945769, 21.167564441909164 ], [ 70.892740626549923, 21.185469467831613 ], [ 70.949363878474472, 21.16889074012564 ], [ 71.005612141975675, 21.166238143692684 ], [ 71.022486621026033, 21.144685797674924 ], [ 71.076109965563845, 21.116501960574769 ], [ 71.09598435200094, 21.086660250704021 ], [ 71.134608159605108, 21.067428926565096 ], [ 71.148482731268729, 21.031618874720195 ], [ 71.131233263795025, 21.00641920860712 ], [ 71.122983518481519, 20.963314516571593 ], [ 71.14323289334196, 20.950051534406818 ], [ 71.187481527296228, 20.967624985775146 ], [ 71.193481342069703, 20.978898520615207 ], [ 71.21973053170359, 20.957014600043326 ], [ 71.205480971616623, 20.926841315618457 ], [ 71.177731828289353, 20.91888352631959 ], [ 71.177731828289353, 20.91888352631959 ], [ 71.193481342069703, 20.9019732240595 ], [ 71.179231781982722, 20.880752452595857 ], [ 71.204730994769932, 20.873789386959348 ], [ 71.223480415937004, 20.817753287313163 ], [ 71.22385540436035, 20.816758563650804 ], [ 71.205105983193278, 20.7962009412954 ], [ 71.203606029499909, 20.794874643078924 ], [ 71.205480971616623, 20.795537792187162 ], [ 71.207730902156669, 20.792222046645968 ], [ 71.157482453428926, 20.77929063903531 ], [ 71.148857719692074, 20.758069867571667 ], [ 71.091859479344194, 20.757075143909308 ], [ 71.078359896103905, 20.750112078272799 ], [ 71.079859849797259, 20.737843819770379 ], [ 71.049860775929957, 20.730880754133871 ], [ 70.999612327202215, 20.742154288973932 ], [ 70.980487917611796, 20.722591390280886 ], [ 70.960613531174715, 20.736517521553903 ], [ 70.938489214197574, 20.732207052350351 ], [ 70.919739793030502, 20.742817438082174 ], [ 70.878116078039611, 20.728228157700919 ], [ 70.873616216959519, 20.704354789804317 ], [ 70.845492085208917, 20.707007386237272 ], [ 70.833492455661982, 20.697723298721929 ], [ 70.813243080801556, 20.718612495631454 ], [ 70.804993335488049, 20.706344237129034 ], [ 70.839492270435443, 20.69076023308542 ], [ 70.827117652465191, 20.690428658531303 ], [ 70.648248174531361, 20.762711911329337 ], [ 70.657997873538235, 20.784595831901221 ], [ 70.634373602867726, 20.768348678749369 ], [ 70.613749239583953, 20.771332849736442 ], [ 70.547376288652529, 20.805153454256626 ], [ 70.586000096256683, 20.7962009412954 ], [ 70.586000096256683, 20.81344281810961 ], [ 70.552251138155967, 20.807806050689582 ], [ 70.545876334959161, 20.816426989096687 ], [ 70.542126450725746, 20.801837708715432 ], [ 70.473503569254277, 20.843616102534479 ], [ 70.447629368043721, 20.848258146292149 ], [ 70.392881058235886, 20.894347009314753 ], [ 70.364381938061939, 20.901310074951262 ], [ 70.251885411059533, 20.978566946061086 ], [ 70.239135804665921, 20.992493077334103 ], [ 70.239510793089266, 20.992824651888224 ], [ 70.240260769935944, 20.992493077334103 ], [ 70.275134693306697, 21.018024318001299 ], [ 70.293509126050424, 21.019350616217778 ], [ 70.303258825057299, 21.006087634052999 ], [ 70.351257343244995, 21.033608322044913 ], [ 70.373006671798791, 21.007745506823596 ], [ 70.392881058235886, 21.01868746710954 ], [ 70.400755815126047, 21.053171220737958 ], [ 70.421755166833165, 21.040902962235542 ], [ 70.432254842686731, 21.048529176980288 ], [ 70.445004449080329, 21.035929343923748 ], [ 70.445379437503675, 21.036260918477868 ], [ 70.458129043897287, 21.046539729655571 ], [ 70.460378974437333, 21.048197602426168 ], [ 70.460378974437333, 21.048197602426168 ], [ 70.458504032320619, 21.0538343698462 ], [ 70.448004356467067, 21.090970719907574 ], [ 70.466003800787448, 21.096275912773486 ], [ 70.472003615560908, 21.113517789587696 ], [ 70.464503847094079, 21.126117622644234 ], [ 70.490378048304635, 21.143691074012565 ], [ 70.503127654698247, 21.18712734060221 ], [ 70.549626219192575, 21.175190656653911 ], [ 70.575125431979785, 21.195748279009315 ], [ 70.575500420403131, 21.195748279009315 ], [ 70.572875501439739, 21.198400875442271 ], [ 70.5398765201857, 21.236531949166004 ], [ 70.52787689063878, 21.290578601487471 ], [ 70.532376751718871, 21.283947110405084 ], [ 70.534626682258917, 21.28063136486389 ], [ 70.5417514623024, 21.283615535850963 ], [ 70.592749887876835, 21.280962939418007 ], [ 70.672247433625202, 21.254768549642574 ], [ 70.702621495915849, 21.259410593400247 ], [ 70.710496252806024, 21.245152887573109 ], [ 70.747620106716809, 21.238521396490722 ], [ 70.758869759417053, 21.214648028594123 ], [ 70.74237026879004, 21.184474744169254 ], [ 70.742745257213372, 21.180495849519822 ], [ 70.746495141446786, 21.13507013560546 ], [ 70.746495141446786, 21.133080688280742 ], [ 70.749870037256869, 21.132085964618383 ], [ 70.753619921490284, 21.130759666401907 ], [ 70.756619828877007, 21.130096517293666 ], [ 70.790368786977737, 21.163253972705611 ], [ 70.79336869436446, 21.1460120958914 ], [ 70.81286809237821, 21.143691074012565 ], [ 70.813243080801556, 21.121475578886564 ], [ 70.851116911559032, 21.120149280670084 ], [ 70.854116818945769, 21.167564441909164 ] ] ] } },
{ "type": "Feature", "properties": { "dt_code": "476", "district": "Rajkot", "st_nm": "Gujarat", "st_code": "24", "year": "2011_c" }, "geometry": { "type": "Polygon", "coordinates": [ [ [ 71.392600194863959, 21.980585248610009 ], [ 71.381725530587062, 21.988874612462993 ], [ 71.344226688252931, 21.982243121380606 ], [ 71.330727105012642, 22.031316155390282 ], [ 71.302977961685372, 22.041594966567985 ], [ 71.277478748898162, 22.019379471441979 ], [ 71.299228077451957, 21.975611630298218 ], [ 71.288728401598405, 21.970306437432306 ], [ 71.293978239525188, 21.962348648133439 ], [ 71.263229188811195, 21.957706604375765 ], [ 71.262479211964504, 21.958701328038124 ], [ 71.259104316154435, 21.963674946349919 ], [ 71.252729512957629, 21.972295884757024 ], [ 71.25122955926426, 22.011090107588995 ], [ 71.19235637679968, 22.011753256697233 ], [ 71.19010644625962, 22.009763809372519 ], [ 71.198731179996471, 22.002137594627772 ], [ 71.200606122113186, 21.971632735648782 ], [ 71.17885679355939, 21.960027626254604 ], [ 71.163107279779041, 21.963343371795798 ], [ 71.147357765998706, 21.945438345873349 ], [ 71.128233356408302, 21.947427793198067 ], [ 71.115108761591358, 21.918912381543795 ], [ 71.055860590703418, 21.904654675716657 ], [ 71.063360359170247, 21.885423351577732 ], [ 71.030361377916208, 21.87414981673767 ], [ 71.057360544396786, 21.848950150624592 ], [ 71.104984074161138, 21.871497220304715 ], [ 71.109483935241229, 21.851271172503431 ], [ 71.085109687724042, 21.822092611740921 ], [ 71.047235856966566, 21.824745208173876 ], [ 71.039361100076391, 21.806840182251428 ], [ 71.052110706470003, 21.791256178207814 ], [ 71.041611030616451, 21.768709108527691 ], [ 71.047235856966566, 21.755777700917033 ], [ 71.026236505259448, 21.738204249548705 ], [ 71.022861609449379, 21.735551653115749 ], [ 70.978237987071751, 21.725935991046285 ], [ 70.96436341540813, 21.750472508051121 ], [ 70.929864480460722, 21.747156762509928 ], [ 70.920864758300524, 21.7637354902159 ], [ 70.897240487630015, 21.770366981298288 ], [ 70.879616031732979, 21.731904333020434 ], [ 70.835367397778697, 21.745167315185213 ], [ 70.814743034494924, 21.744172591522855 ], [ 70.818117930304993, 21.731904333020434 ], [ 70.800493474407943, 21.742183144198137 ], [ 70.777994169007471, 21.730909609358076 ], [ 70.785118949050954, 21.719967649072135 ], [ 70.767119504730573, 21.710351987002671 ], [ 70.775369250044079, 21.700073175824969 ], [ 70.808368231298118, 21.712009859773268 ], [ 70.795618624904506, 21.697089004837895 ], [ 70.796743590174529, 21.668905167737744 ], [ 70.793743682787806, 21.667910444075385 ], [ 70.793743682787806, 21.666252571304788 ], [ 70.777619180584125, 21.662273676655353 ], [ 70.756619828877007, 21.67619980792837 ], [ 70.73637045401658, 21.665920996750668 ], [ 70.743120245636717, 21.641384479745831 ], [ 70.73637045401658, 21.64105290519171 ], [ 70.73037063924312, 21.636410861434037 ], [ 70.723995836046313, 21.610879620766841 ], [ 70.701496530645827, 21.604248129684454 ], [ 70.685372028442146, 21.635084563217561 ], [ 70.656122931421521, 21.649010694490578 ], [ 70.642248359757886, 21.651994865477651 ], [ 70.634373602867726, 21.63475298866344 ], [ 70.608124413233824, 21.620826857390426 ], [ 70.600624644766995, 21.629779370351649 ], [ 70.550751184462598, 21.63475298866344 ], [ 70.544751369689138, 21.645363374395263 ], [ 70.553751091849335, 21.647684396274098 ], [ 70.552251138155967, 21.672884062387176 ], [ 70.50612756208497, 21.666915720413026 ], [ 70.50612756208497, 21.655973760127086 ], [ 70.488503106187935, 21.648679119936457 ], [ 70.487378140917912, 21.655310611018844 ], [ 70.458504032320619, 21.650005418152936 ], [ 70.450629275430458, 21.673215636941297 ], [ 70.440879576423583, 21.673878786049535 ], [ 70.436379715343477, 21.658626356560042 ], [ 70.368131822295354, 21.639395032421113 ], [ 70.365881891755308, 21.596290340385586 ], [ 70.303633813480644, 21.589658849303198 ], [ 70.291259195510378, 21.570095950610153 ], [ 70.29575905659047, 21.546222582713554 ], [ 70.260135156373039, 21.526991258574625 ], [ 70.259385179526362, 21.526659684020508 ], [ 70.259010191103016, 21.527322833128746 ], [ 70.246260584709418, 21.567443354177197 ], [ 70.271759797496628, 21.575732718030181 ], [ 70.265384994299822, 21.61320064264568 ], [ 70.24476063101605, 21.61320064264568 ], [ 70.227886151965691, 21.638400308758754 ], [ 70.165638073691014, 21.612537493537438 ], [ 70.139013895633781, 21.612205918983321 ], [ 70.138638907210435, 21.612205918983321 ], [ 70.12701426608686, 21.643373927070545 ], [ 70.151763502027393, 21.652989589140009 ], [ 70.148763594640656, 21.66393154942595 ], [ 70.147638629370633, 21.668242018629503 ], [ 70.142013803020518, 21.686810193660193 ], [ 70.117639555503331, 21.706704666907356 ], [ 70.088765446906038, 21.703057346812045 ], [ 70.083515608979255, 21.736877951332225 ], [ 70.074140898395726, 21.738204249548705 ], [ 70.070766002585657, 21.738867398656943 ], [ 70.029892264441443, 21.793245625532528 ], [ 70.094015284832821, 21.802529713047875 ], [ 70.080515701592532, 21.819771589862086 ], [ 70.109389810189811, 21.824413633619756 ], [ 70.090265400599407, 21.835355593905696 ], [ 70.09551523852619, 21.849613299732834 ], [ 70.127764242933537, 21.865528878330565 ], [ 70.121764428160077, 21.875144540400029 ], [ 70.140513849327149, 21.890728544443643 ], [ 70.144638721983895, 21.941459451223913 ], [ 70.170887911617797, 21.931180640046211 ], [ 70.176512737967911, 21.895039013647196 ], [ 70.196387124405007, 21.892717991768357 ], [ 70.217386476112125, 21.905980973933136 ], [ 70.218136452958817, 21.934827960141526 ], [ 70.202761927601813, 21.963674946349919 ], [ 70.247385549979441, 21.963343371795798 ], [ 70.265759982723168, 22.001806020073651 ], [ 70.288634276546986, 22.005784914723083 ], [ 70.299508940823884, 21.994179805328905 ], [ 70.293884114473769, 22.013079554913713 ], [ 70.326133118881117, 22.015400576792548 ], [ 70.330632979961223, 22.051542203191566 ], [ 70.414255398366336, 22.035958199147952 ], [ 70.412755444672982, 22.025347813416133 ], [ 70.452504217547158, 22.034963475485593 ], [ 70.46112895128401, 22.054526374178643 ], [ 70.530126821178825, 22.044247563000937 ], [ 70.520377122171951, 22.019047896887862 ], [ 70.500502735734855, 22.021700493320818 ], [ 70.500877724158201, 21.997163976315978 ], [ 70.569500605629671, 22.027337260740847 ], [ 70.571000559323039, 22.036952922810311 ], [ 70.549626219192575, 22.046237010325655 ], [ 70.546626311805838, 22.06082629070691 ], [ 70.561625848739496, 22.07309454920933 ], [ 70.551126172885944, 22.081052338508194 ], [ 70.553751091849335, 22.0913311496859 ], [ 70.582250212023268, 22.099620513538884 ], [ 70.58900000364342, 22.117857114015454 ], [ 70.569875594053002, 22.122499157773124 ], [ 70.562375825586187, 22.145377802007367 ], [ 70.568000651936302, 22.16063023149686 ], [ 70.587500049950052, 22.166930148025127 ], [ 70.580000281483223, 22.184503599393459 ], [ 70.614874204853976, 22.18947721770525 ], [ 70.587500049950052, 22.208376967290057 ], [ 70.5788753162132, 22.239876549931402 ], [ 70.548876242345898, 22.229266164199579 ], [ 70.536501624375632, 22.249492212000867 ], [ 70.519252156901928, 22.244850168243193 ], [ 70.505377585238293, 22.283312816521047 ], [ 70.473503569254277, 22.309175631742363 ], [ 70.469003708174185, 22.325422784894215 ], [ 70.499752758888178, 22.322770188461259 ], [ 70.530126821178825, 22.343327810816664 ], [ 70.517377214785213, 22.361232836739113 ], [ 70.487003152494566, 22.362227560401472 ], [ 70.473503569254277, 22.378474713553324 ], [ 70.493377955691372, 22.412295318073507 ], [ 70.507627515778339, 22.413290041735866 ], [ 70.505752573661638, 22.428210896671239 ], [ 70.458504032320619, 22.419258383710016 ], [ 70.445379437503675, 22.433847664091271 ], [ 70.461878928130702, 22.438821282403062 ], [ 70.455879113357241, 22.449431668134885 ], [ 70.465628812364116, 22.469657715936169 ], [ 70.487753129341257, 22.449763242689002 ], [ 70.498627793618155, 22.45175269001372 ], [ 70.499377770464832, 22.489883763737453 ], [ 70.533501716988894, 22.458384181096108 ], [ 70.552626126579312, 22.462363075745543 ], [ 70.540251508609046, 22.479273378005633 ], [ 70.586750073103374, 22.490546912845694 ], [ 70.574750443556439, 22.513093982525813 ], [ 70.535376659105609, 22.494857382049247 ], [ 70.528626867485457, 22.51475185529641 ], [ 70.528626867485457, 22.515083429850531 ], [ 70.542501439149092, 22.533651604881218 ], [ 70.565750721396256, 22.533651604881218 ], [ 70.571375547746371, 22.520057048162322 ], [ 70.601749610037018, 22.530999008448262 ], [ 70.580375269906568, 22.552219779911908 ], [ 70.560875871892819, 22.543598841504803 ], [ 70.55937591819945, 22.5452567142754 ], [ 70.554501068696013, 22.55122505624955 ], [ 70.550001207615921, 22.557193398223699 ], [ 70.550376196039252, 22.558851270994296 ], [ 70.564625756126233, 22.603282261246299 ], [ 70.581125246753246, 22.603945410354537 ], [ 70.58487513098666, 22.613892646978123 ], [ 70.603999540577078, 22.606598006787493 ], [ 70.604749517423755, 22.584382511661492 ], [ 70.639623440794509, 22.580072042457939 ], [ 70.640748406064532, 22.580072042457939 ], [ 70.619374065934068, 22.532656881218859 ], [ 70.625373880707528, 22.510772960646978 ], [ 70.643748313451255, 22.517404451729366 ], [ 70.643373325027909, 22.508451938768143 ], [ 70.659122838808258, 22.503478320456352 ], [ 70.654997966151498, 22.49187321106217 ], [ 70.66774757254511, 22.47960495255975 ], [ 70.657247896691544, 22.47496290880208 ], [ 70.680122190515377, 22.461699926637301 ], [ 70.694371750602343, 22.436831835078344 ], [ 70.724370824469645, 22.426221449346524 ], [ 70.739370361403303, 22.432189791320674 ], [ 70.749870037256869, 22.414616339952342 ], [ 70.772744331080688, 22.434510813199509 ], [ 70.79149375224776, 22.421579405588851 ], [ 70.805743312334727, 22.434179238645388 ], [ 70.791868740671092, 22.434179238645388 ], [ 70.7854939374743, 22.454736861000793 ], [ 70.795618624904506, 22.47496290880208 ], [ 70.813618069224901, 22.481925974438589 ], [ 70.821117837691716, 22.470320865044407 ], [ 70.871366286419459, 22.459378904758466 ], [ 70.890865684433223, 22.442800177052494 ], [ 70.927989538344008, 22.441142304281897 ], [ 70.937739237350883, 22.426884598454762 ], [ 70.980487917611796, 22.41527948906058 ], [ 70.980862906035142, 22.414947914506463 ], [ 70.980862906035142, 22.414947914506463 ], [ 70.991362581888708, 22.401684932341684 ], [ 71.012736922019158, 22.411963743519387 ], [ 71.035611215842977, 22.392732419380462 ], [ 71.039361100076391, 22.388421950176909 ], [ 71.018361748369273, 22.377811564445086 ], [ 71.018736736792619, 22.338354192504873 ], [ 71.018736736792619, 22.333712148747203 ], [ 71.020236690485987, 22.333048999638962 ], [ 71.06448532444027, 22.307849333525887 ], [ 71.056985555973441, 22.278670772763377 ], [ 71.081734791913973, 22.255792128529137 ], [ 71.115108761591358, 22.255128979420896 ], [ 71.107608993124529, 22.246176466459673 ], [ 71.119983611094796, 22.221639949454833 ], [ 71.142482916495268, 22.192129814138205 ], [ 71.162732291355709, 22.185498323055818 ], [ 71.158982407122295, 22.164940700700413 ], [ 71.127108391138279, 22.149356696656799 ], [ 71.118108668978081, 22.134767416275544 ], [ 71.124483472174887, 22.124820179651962 ], [ 71.143982870188637, 22.124488605097842 ], [ 71.176981851442676, 22.144051503790887 ], [ 71.175106909325976, 22.158972358726263 ], [ 71.196481249456426, 22.164277551592171 ], [ 71.191981388376334, 22.175219511878115 ], [ 71.217105612740198, 22.187156195826415 ], [ 71.233230114943879, 22.163945977038054 ], [ 71.24935461714756, 22.169582744458083 ], [ 71.277103760474816, 22.159635507834501 ], [ 71.296603158488566, 22.168256446241607 ], [ 71.302977961685372, 22.184503599393459 ], [ 71.281603621554922, 22.217661054805401 ], [ 71.217480601163544, 22.219650502130118 ], [ 71.213355728506784, 22.242860720918479 ], [ 71.232480138097202, 22.25247638298794 ], [ 71.235855033907271, 22.276681325438659 ], [ 71.285728494211668, 22.269055110693913 ], [ 71.287603436328382, 22.254797404866778 ], [ 71.303352950108717, 22.251150084771464 ], [ 71.310102741728855, 22.280328645533974 ], [ 71.346101630369631, 22.259107874070331 ], [ 71.37122585473351, 22.290607456711676 ], [ 71.37722566950697, 22.273365579897465 ], [ 71.391850218017282, 22.277676049101018 ], [ 71.391100241170591, 22.225950418658385 ], [ 71.39672506752072, 22.225287269550147 ], [ 71.401599917024157, 22.224624120441909 ], [ 71.407224743374272, 22.223960971333671 ], [ 71.428974071928067, 22.23556608072785 ], [ 71.437223817241588, 22.261097321395045 ], [ 71.460098111065406, 22.256455277637375 ], [ 71.461223076335429, 22.23092403697018 ], [ 71.434598898278196, 22.219650502130118 ], [ 71.433098944584827, 22.208708541844175 ], [ 71.448848458365163, 22.210366414614775 ], [ 71.485597323852616, 22.186824621272294 ], [ 71.475847624845741, 22.139077885479097 ], [ 71.494222057589468, 22.135430565383782 ], [ 71.509221594523126, 22.111888772041304 ], [ 71.500221872362928, 22.103267833634199 ], [ 71.500596860786274, 22.053863225070401 ], [ 71.461223076335429, 22.036289773702073 ], [ 71.462723030028798, 22.002137594627772 ], [ 71.392600194863959, 21.980585248610009 ] ], [ [ 70.800868462831289, 21.774014301393603 ], [ 70.78136906481754, 21.794903498303128 ], [ 70.776119226890756, 21.800871840277278 ], [ 70.774244284774056, 21.799877116614919 ], [ 70.765994539460536, 21.78064579247599 ], [ 70.765994539460536, 21.749809358942883 ], [ 70.800868462831289, 21.774014301393603 ] ], [ [ 70.512502365281776, 22.45805260654199 ], [ 70.534251693835586, 22.435505536861868 ], [ 70.521877075865319, 22.45772103198787 ], [ 70.515127284245168, 22.459047330204346 ], [ 70.512502365281776, 22.45805260654199 ] ], [ [ 71.337101908209434, 22.211029563723013 ], [ 71.340476804019517, 22.213019011047727 ], [ 71.348726549333023, 22.217992629359522 ], [ 71.359976202033266, 22.228934589645462 ], [ 71.362976109419989, 22.231918760632535 ], [ 71.363351097843335, 22.232250335186656 ], [ 71.359976202033266, 22.235234506173732 ], [ 71.344976665099608, 22.247171190122032 ], [ 71.323227336545813, 22.245181742797314 ], [ 71.306727845918786, 22.227276716874865 ], [ 71.311977683845569, 22.21865577846776 ], [ 71.336351931362756, 22.210366414614775 ], [ 71.337101908209434, 22.211029563723013 ] ] ] } },
{ "type": "Feature", "properties": { "dt_code": "481", "district": "Bhavnagar", "st_nm": "Gujarat", "st_code": "24", "year": "2011_c" }, "geometry": { "type": "MultiPolygon", "coordinates": [ [ [ [ 72.357070419697948, 21.79755609473608 ], [ 72.3266963574073, 21.814134822442053 ], [ 72.310946843626965, 21.840992361325728 ], [ 72.292572410883238, 21.96732226644523 ], [ 72.328946287947346, 22.013411129467833 ], [ 72.375069864018329, 22.028663558957327 ], [ 72.423818359052717, 22.006448063831325 ], [ 72.44444272233649, 21.96268022268756 ], [ 72.438067919139684, 21.9275333199509 ], [ 72.400194088382207, 21.884097053361252 ], [ 72.38931942410531, 21.819108440753844 ], [ 72.357070419697948, 21.79755609473608 ] ] ], [ [ [ 71.677216408180058, 20.996140397429418 ], [ 71.665966755479815, 21.031287300166078 ], [ 71.640467542692605, 21.028634703733122 ], [ 71.637467635305867, 21.058807988157991 ], [ 71.610093480401957, 21.054829093508555 ], [ 71.608218538285243, 21.06941837388981 ], [ 71.627342947875661, 21.072402544876887 ], [ 71.628842901569016, 21.072734119431004 ], [ 71.628467913145684, 21.07671301408044 ], [ 71.625093017335601, 21.097933785544082 ], [ 71.622843086795555, 21.112854640479458 ], [ 71.608593526708589, 21.127112346306593 ], [ 71.602218723511783, 21.133412262834863 ], [ 71.590219093964862, 21.145348946783162 ], [ 71.554595193747431, 21.158943503502059 ], [ 71.545970460010579, 21.175853805762149 ], [ 71.518221316683324, 21.174527507545672 ], [ 71.525721085150138, 21.185801042385734 ], [ 71.517846328259978, 21.217300625027079 ], [ 71.527596027266853, 21.227911010758898 ], [ 71.532095888346944, 21.289583877825113 ], [ 71.565469858024329, 21.286599706838039 ], [ 71.586844198154793, 21.314783543938191 ], [ 71.625468005758947, 21.327383376994728 ], [ 71.629592878415707, 21.336999039064192 ], [ 71.629967866839038, 21.388724669506825 ], [ 71.616468283598749, 21.389056244060942 ], [ 71.611593434095312, 21.404308673550435 ], [ 71.614593341482049, 21.441113449057696 ], [ 71.533220853616967, 21.44310289638241 ], [ 71.524596119880115, 21.462002645967218 ], [ 71.491972127049422, 21.461339496858979 ], [ 71.478097555385787, 21.481233970106146 ], [ 71.501721826056297, 21.544896284497074 ], [ 71.545970460010579, 21.558822415770091 ], [ 71.558345077980846, 21.583358932774928 ], [ 71.557220112710823, 21.627789923026935 ], [ 71.622843086795555, 21.632431966784605 ], [ 71.621343133102187, 21.647684396274098 ], [ 71.589844105541516, 21.658957931114159 ], [ 71.589844105541516, 21.687804917322552 ], [ 71.60521863089852, 21.692778535634343 ], [ 71.619093202562141, 21.696757430283775 ], [ 71.638217612152559, 21.706704666907356 ], [ 71.637467635305867, 21.710020412448554 ], [ 71.623968052065578, 21.728588587479241 ], [ 71.617218260445441, 21.730909609358076 ], [ 71.611968422518657, 21.744835740631093 ], [ 71.63259278580243, 21.752461955375839 ], [ 71.635217704765822, 21.775340599610079 ], [ 71.59921881612506, 21.780977367030111 ], [ 71.59921881612506, 21.781308941584228 ], [ 71.59921881612506, 21.785287836233664 ], [ 71.599593804548391, 21.800871840277278 ], [ 71.601843735088437, 21.812145375117336 ], [ 71.617593248868786, 21.818776866199727 ], [ 71.617218260445441, 21.833697721135099 ], [ 71.641217519539282, 21.833366146580982 ], [ 71.664466801786446, 21.84629755419164 ], [ 71.663716824939769, 21.865528878330565 ], [ 71.683966199800196, 21.870170922088239 ], [ 71.690341002997002, 21.90929671947433 ], [ 71.676091442910035, 21.943780473102752 ], [ 71.700090702003877, 21.952401411509857 ], [ 71.71134035470412, 21.980585248610009 ], [ 71.735714602221307, 21.998158699978337 ], [ 71.73496462537463, 22.010426958480757 ], [ 71.788962958335787, 22.00744278749368 ], [ 71.793837807839225, 22.021700493320818 ], [ 71.805087460539468, 22.022032067874935 ], [ 71.867710527237463, 22.009432234818398 ], [ 71.878210203091029, 22.023689940645532 ], [ 71.866960550390786, 22.045242286663296 ], [ 71.829461708056655, 22.057842119719837 ], [ 71.839586395486862, 22.066463058126942 ], [ 71.863210666157372, 22.057510545165716 ], [ 71.873710342010938, 22.081383913062314 ], [ 71.892084774754665, 22.085362807711746 ], [ 71.893209740024687, 22.104925706404796 ], [ 71.91570904542516, 22.108573026500107 ], [ 71.920958883351943, 22.13012537251787 ], [ 72.020705803960752, 22.104262557296554 ], [ 72.032330445084327, 22.121172859556648 ], [ 72.060079588411583, 22.103267833634199 ], [ 72.060454576834928, 22.10227310997184 ], [ 72.059704599988251, 22.10227310997184 ], [ 72.060079588411583, 22.101278386309481 ], [ 72.06120455368162, 22.084368084049391 ], [ 72.080328963272024, 22.055189523286881 ], [ 72.123452631956283, 22.057178970611595 ], [ 72.16920121960392, 21.994511379883026 ], [ 72.17332609226068, 21.993185081666546 ], [ 72.21832470306164, 21.981579972272367 ], [ 72.232199274725275, 21.99053248523359 ], [ 72.226949436798492, 22.004790191060728 ], [ 72.244198904272196, 21.994511379883026 ], [ 72.24194897373215, 21.975611630298218 ], [ 72.211574911441502, 21.962017073579318 ], [ 72.202950177704651, 21.912612465015524 ], [ 72.204075142974673, 21.89106011899776 ], [ 72.241573985308804, 21.823750484511518 ], [ 72.235574170535344, 21.811813800563218 ], [ 72.191700525004407, 21.826734655498591 ], [ 72.162451427983783, 21.807503331359666 ], [ 72.177075976494095, 21.80352443671023 ], [ 72.194325443967799, 21.750140933497004 ], [ 72.223199552565077, 21.737872674994584 ], [ 72.231449297878598, 21.707036241461477 ], [ 72.225824471528469, 21.69443640840494 ], [ 72.253573614855739, 21.686478619106072 ], [ 72.280197792912972, 21.694767982959057 ], [ 72.296322295116653, 21.662605251209474 ], [ 72.304947028853505, 21.666915720413026 ], [ 72.298197237233353, 21.65928950566828 ], [ 72.308696913086919, 21.625137326593979 ], [ 72.235574170535344, 21.456034303993068 ], [ 72.10807810659928, 21.302515285435771 ], [ 72.111453002409363, 21.29289962336631 ], [ 72.08257889381207, 21.245152887573109 ], [ 72.11220297925604, 21.198732449996388 ], [ 72.017330908150669, 21.153638310636147 ], [ 72.00983113968384, 21.134738561051339 ], [ 71.988831787976736, 21.13971217936313 ], [ 72.026330630310866, 21.178837976749225 ], [ 72.009456151260508, 21.186132616939851 ], [ 71.993331649056827, 21.158943503502059 ], [ 71.978707100546515, 21.156954056177341 ], [ 71.990706730093436, 21.142364775796086 ], [ 71.974582227889755, 21.12280187710304 ], [ 71.891709786331319, 21.111528342262979 ], [ 71.878960179937707, 21.089975996245215 ], [ 71.848961106070405, 21.077376163188678 ], [ 71.83921140706353, 21.079697185067513 ], [ 71.856460874537234, 21.096939061881724 ], [ 71.842211314450253, 21.088981272582856 ], [ 71.823461893283195, 21.096607487327606 ], [ 71.821961939589826, 21.080360334175754 ], [ 71.837336464946816, 21.074723566755722 ], [ 71.811837252159606, 21.067760501119214 ], [ 71.796087738379271, 21.048197602426168 ], [ 71.78596305094905, 21.055160668062676 ], [ 71.804712472116123, 21.039576664019062 ], [ 71.77583836351883, 21.038250365802586 ], [ 71.772088479285415, 21.055492242616797 ], [ 71.752214092848334, 21.059471137266229 ], [ 71.757838919198448, 21.044881856884974 ], [ 71.746589266498205, 21.045876580547333 ], [ 71.753339058118357, 21.042229260452018 ], [ 71.744339335958159, 21.031950449274316 ], [ 71.782213166715636, 21.031618874720195 ], [ 71.712090331550797, 21.019350616217778 ], [ 71.677216408180058, 20.996140397429418 ] ], [ [ 71.653967125932894, 21.097933785544082 ], [ 71.653217149086203, 21.110202044046503 ], [ 71.648342299582765, 21.116170386020652 ], [ 71.634467727919144, 21.103570552964111 ], [ 71.643842438502674, 21.098265360098203 ], [ 71.634467727919144, 21.094618040002889 ], [ 71.638967588999236, 21.088318123474618 ], [ 71.653967125932894, 21.097933785544082 ] ] ] ] } },
{ "type": "Feature", "properties": { "dt_code": "479", "district": "Junagadh", "st_nm": "Gujarat", "st_code": "24", "year": "2011_c" }, "geometry": { "type": "Polygon", "coordinates": [ [ [ 70.743120245636717, 21.641384479745831 ], [ 70.743120245636717, 21.640721330637589 ], [ 70.770119412117296, 21.643373927070545 ], [ 70.777619180584125, 21.662273676655353 ], [ 70.793743682787806, 21.666252571304788 ], [ 70.810243173414818, 21.639063457866992 ], [ 70.828242617735214, 21.63475298866344 ], [ 70.864241506375976, 21.598942936818542 ], [ 70.894615568666637, 21.534949047873493 ], [ 70.88749078862314, 21.527654407682867 ], [ 70.848866981018986, 21.530970153224061 ], [ 70.839117282012111, 21.510080956314535 ], [ 70.804618347064704, 21.514723000072209 ], [ 70.809868184991487, 21.490849632175607 ], [ 70.833492455661982, 21.494496952270921 ], [ 70.831617513545282, 21.456697453101306 ], [ 70.866491436916021, 21.46631311517077 ], [ 70.885240858083094, 21.443434470936531 ], [ 70.900615383440098, 21.460344773196621 ], [ 70.923489677263916, 21.462665795075456 ], [ 70.931364434154091, 21.427187317784679 ], [ 70.947488936357757, 21.41889795393169 ], [ 70.947113947934426, 21.395687735143333 ], [ 70.917489862490456, 21.383419476640913 ], [ 70.905490232943535, 21.386403647627986 ], [ 70.905115244520189, 21.400661353455124 ], [ 70.86611644849269, 21.376787985558526 ], [ 70.874741182229542, 21.33766218817243 ], [ 70.86799139060939, 21.319094013141743 ], [ 70.900615383440098, 21.326388653332369 ], [ 70.921614735147202, 21.348604148458371 ], [ 70.943739052124343, 21.311799372951114 ], [ 70.908115151906912, 21.299531114448698 ], [ 70.890490696009877, 21.26836310636147 ], [ 70.824867721925131, 21.261400040724961 ], [ 70.804993335488049, 21.235205650949528 ], [ 70.803868370218026, 21.233547778178931 ], [ 70.809868184991487, 21.225589988880063 ], [ 70.837992316742088, 21.188122064264569 ], [ 70.851491899982378, 21.169885463787999 ], [ 70.853741830522424, 21.167232867355043 ], [ 70.854116818945769, 21.167564441909164 ], [ 70.851116911559032, 21.120149280670084 ], [ 70.813243080801556, 21.121475578886564 ], [ 70.81286809237821, 21.143691074012565 ], [ 70.79336869436446, 21.1460120958914 ], [ 70.790368786977737, 21.163253972705611 ], [ 70.756619828877007, 21.130096517293666 ], [ 70.753619921490284, 21.130759666401907 ], [ 70.749870037256869, 21.132085964618383 ], [ 70.746495141446786, 21.133080688280742 ], [ 70.746495141446786, 21.13507013560546 ], [ 70.742745257213372, 21.180495849519822 ], [ 70.74237026879004, 21.184474744169254 ], [ 70.758869759417053, 21.214648028594123 ], [ 70.747620106716809, 21.238521396490722 ], [ 70.710496252806024, 21.245152887573109 ], [ 70.702621495915849, 21.259410593400247 ], [ 70.672247433625202, 21.254768549642574 ], [ 70.592749887876835, 21.280962939418007 ], [ 70.5417514623024, 21.283615535850963 ], [ 70.534626682258917, 21.28063136486389 ], [ 70.532376751718871, 21.283947110405084 ], [ 70.52787689063878, 21.290578601487471 ], [ 70.5398765201857, 21.236531949166004 ], [ 70.572875501439739, 21.198400875442271 ], [ 70.575500420403131, 21.195748279009315 ], [ 70.575125431979785, 21.195748279009315 ], [ 70.549626219192575, 21.175190656653911 ], [ 70.503127654698247, 21.18712734060221 ], [ 70.490378048304635, 21.143691074012565 ], [ 70.464503847094079, 21.126117622644234 ], [ 70.472003615560908, 21.113517789587696 ], [ 70.466003800787448, 21.096275912773486 ], [ 70.448004356467067, 21.090970719907574 ], [ 70.458504032320619, 21.0538343698462 ], [ 70.460378974437333, 21.048197602426168 ], [ 70.460378974437333, 21.048197602426168 ], [ 70.458129043897287, 21.046539729655571 ], [ 70.445379437503675, 21.036260918477868 ], [ 70.445004449080329, 21.035929343923748 ], [ 70.432254842686731, 21.048529176980288 ], [ 70.421755166833165, 21.040902962235542 ], [ 70.400755815126047, 21.053171220737958 ], [ 70.392881058235886, 21.01868746710954 ], [ 70.373006671798791, 21.007745506823596 ], [ 70.351257343244995, 21.033608322044913 ], [ 70.303258825057299, 21.006087634052999 ], [ 70.293509126050424, 21.019350616217778 ], [ 70.275134693306697, 21.018024318001299 ], [ 70.240260769935944, 20.992493077334103 ], [ 70.239510793089266, 20.992824651888224 ], [ 70.221511348768885, 21.002771888511806 ], [ 70.091015377446084, 21.114512513250055 ], [ 69.981893746253746, 21.227911010758898 ], [ 70.027642333901397, 21.280299790309769 ], [ 70.012642796967739, 21.277978768430934 ], [ 69.996143306340727, 21.298536390786339 ], [ 69.976268919903632, 21.295220645245145 ], [ 69.978518850443677, 21.336004315401834 ], [ 69.957144510313213, 21.343298955592463 ], [ 69.950769707116422, 21.355235639540762 ], [ 69.94814478815303, 21.359877683298432 ], [ 69.941394996532878, 21.37280909090909 ], [ 69.945894857612984, 21.379440581991481 ], [ 69.94401991549627, 21.39734560791393 ], [ 69.962019359816651, 21.405966546321032 ], [ 69.960894394546628, 21.411603313741065 ], [ 69.957894487159905, 21.413592761065782 ], [ 69.960144417699951, 21.41425591017402 ], [ 69.987143584180529, 21.423539997689364 ], [ 69.981518757830415, 21.435145107083542 ], [ 70.020892542281246, 21.444429194598889 ], [ 70.030267252864789, 21.434481957975304 ], [ 70.051641592995239, 21.445092343707127 ], [ 70.040766928718341, 21.475265628131996 ], [ 69.996143306340727, 21.474270904469638 ], [ 69.981893746253746, 21.53063857866994 ], [ 70.002518109537519, 21.543569986280598 ], [ 69.964269290356711, 21.591648296627916 ], [ 69.986018618910506, 21.602258682359736 ], [ 69.990518479990598, 21.579380038125496 ], [ 70.03064224128812, 21.601927107805619 ], [ 70.034392125521535, 21.592974594844392 ], [ 70.047141731915147, 21.597616638602066 ], [ 70.047516720338493, 21.586674678316125 ], [ 70.070766002585657, 21.585016805545528 ], [ 70.068516072045611, 21.610216471658603 ], [ 70.038516998178295, 21.612537493537438 ], [ 70.058016396192045, 21.627126773918693 ], [ 70.056516442498676, 21.637074010542278 ], [ 70.090640389022752, 21.649342269044695 ], [ 70.109014821766479, 21.645031799841142 ], [ 70.103015006993004, 21.662936825763595 ], [ 70.120264474466708, 21.679847128023685 ], [ 70.1210144513134, 21.680510277131923 ], [ 70.134889022977021, 21.663599974871833 ], [ 70.148763594640656, 21.66393154942595 ], [ 70.151763502027393, 21.652989589140009 ], [ 70.12701426608686, 21.643373927070545 ], [ 70.138638907210435, 21.612205918983321 ], [ 70.139013895633781, 21.612205918983321 ], [ 70.165638073691014, 21.612537493537438 ], [ 70.227886151965691, 21.638400308758754 ], [ 70.24476063101605, 21.61320064264568 ], [ 70.265384994299822, 21.61320064264568 ], [ 70.271759797496628, 21.575732718030181 ], [ 70.246260584709418, 21.567443354177197 ], [ 70.259010191103016, 21.527322833128746 ], [ 70.259385179526362, 21.526659684020508 ], [ 70.260135156373039, 21.526991258574625 ], [ 70.29575905659047, 21.546222582713554 ], [ 70.291259195510378, 21.570095950610153 ], [ 70.303633813480644, 21.589658849303198 ], [ 70.365881891755308, 21.596290340385586 ], [ 70.368131822295354, 21.639395032421113 ], [ 70.436379715343477, 21.658626356560042 ], [ 70.440879576423583, 21.673878786049535 ], [ 70.450629275430458, 21.673215636941297 ], [ 70.458504032320619, 21.650005418152936 ], [ 70.487378140917912, 21.655310611018844 ], [ 70.488503106187935, 21.648679119936457 ], [ 70.50612756208497, 21.655973760127086 ], [ 70.50612756208497, 21.666915720413026 ], [ 70.552251138155967, 21.672884062387176 ], [ 70.553751091849335, 21.647684396274098 ], [ 70.544751369689138, 21.645363374395263 ], [ 70.550751184462598, 21.63475298866344 ], [ 70.600624644766995, 21.629779370351649 ], [ 70.608124413233824, 21.620826857390426 ], [ 70.634373602867726, 21.63475298866344 ], [ 70.642248359757886, 21.651994865477651 ], [ 70.656122931421521, 21.649010694490578 ], [ 70.685372028442146, 21.635084563217561 ], [ 70.701496530645827, 21.604248129684454 ], [ 70.723995836046313, 21.610879620766841 ], [ 70.73037063924312, 21.636410861434037 ], [ 70.73637045401658, 21.64105290519171 ], [ 70.743120245636717, 21.641384479745831 ] ], [ [ 70.86799139060939, 21.389387818615063 ], [ 70.878866054886288, 21.410277015524585 ], [ 70.878866054886288, 21.411934888295185 ], [ 70.878866054886288, 21.419892677594049 ], [ 70.846242062055595, 21.408619142753988 ], [ 70.86799139060939, 21.389387818615063 ] ] ] } },
{ "type": "Feature", "properties": { "dt_code": "477", "district": "Jamnagar", "st_nm": "Gujarat", "st_code": "24", "year": "2011_c" }, "geometry": { "type": "MultiPolygon", "coordinates": [ [ [ [ 69.827398515837103, 22.495520531157485 ], [ 69.809774059940068, 22.477615505235036 ], [ 69.785399812422881, 22.488557465520977 ], [ 69.817648816830228, 22.504473044118708 ], [ 69.827398515837103, 22.495520531157485 ] ] ], [ [ [ 69.97176905882354, 22.586703533540327 ], [ 69.970644093553503, 22.569793231280237 ], [ 69.972894024093563, 22.577419446024983 ], [ 69.979268827290355, 22.570456380388475 ], [ 69.972894024093563, 22.581729915228536 ], [ 70.000643167420819, 22.554540801790743 ], [ 69.993518387377335, 22.548904034370711 ], [ 69.97551894305694, 22.546251437937755 ], [ 69.97551894305694, 22.548240885262473 ], [ 69.96351931351002, 22.546251437937755 ], [ 69.966894209320088, 22.553546078128385 ], [ 69.960894394546628, 22.548572459816594 ], [ 69.945894857612984, 22.566145911184922 ], [ 69.97176905882354, 22.586703533540327 ] ] ], [ [ [ 70.016017692777808, 22.600961239367464 ], [ 70.037392032908272, 22.588361406310923 ], [ 70.038516998178295, 22.573772125929668 ], [ 70.001768132690842, 22.554540801790743 ], [ 69.985268642063829, 22.588361406310923 ], [ 69.999893190574141, 22.571782678604954 ], [ 69.990143491567267, 22.596650770163912 ], [ 70.016017692777808, 22.600961239367464 ] ] ], [ [ [ 70.074140898395726, 21.738204249548705 ], [ 70.078640759475817, 21.732567482128673 ], [ 70.052016581418584, 21.703388921366162 ], [ 70.04826669718517, 21.69907845216261 ], [ 70.039641963448318, 21.703388921366162 ], [ 70.023892449667983, 21.71134671066503 ], [ 70.019767577011223, 21.713336157989747 ], [ 70.019767577011223, 21.745830464293451 ], [ 70.007767947464302, 21.754451402700557 ], [ 70.010767854851039, 21.80485073492671 ], [ 69.992018433683967, 21.807834905913783 ], [ 69.882146825644952, 21.768045959419453 ], [ 69.866397311864617, 21.780314217921873 ], [ 69.867147288711294, 21.738204249548705 ], [ 69.848397867544222, 21.732235907574555 ], [ 69.833773319033909, 21.743841016968734 ], [ 69.81839879367692, 21.742183144198137 ], [ 69.808649094670045, 21.761746042891183 ], [ 69.814648909443505, 21.8217610371868 ], [ 69.815023897866837, 21.824082059065638 ], [ 69.83789819169067, 21.815461120658533 ], [ 69.909895968972208, 21.840660786771608 ], [ 69.911770911088908, 21.877465562278864 ], [ 69.936145158606109, 21.893049566322478 ], [ 69.919270679555737, 21.899681057404866 ], [ 69.915145806898991, 21.9275333199509 ], [ 69.933520239642718, 21.960690775362842 ], [ 69.90314617735207, 21.965332819120515 ], [ 69.876896987718169, 22.010426958480757 ], [ 69.853647705471005, 22.0197110459961 ], [ 69.870522184521363, 22.03794764647267 ], [ 69.857397589704419, 22.04391598844682 ], [ 69.858522554974442, 22.088015404144702 ], [ 69.883271790914975, 22.104594131850675 ], [ 69.893396478345181, 22.128467499747273 ], [ 69.854772670741028, 22.134435841721423 ], [ 69.828523481107126, 22.11918341223193 ], [ 69.81239897890346, 22.127804350639035 ], [ 69.813148955750137, 22.176214235540471 ], [ 69.802649279896585, 22.189145643151129 ], [ 69.808649094670045, 22.20671909451946 ], [ 69.791399627196341, 22.220645225792477 ], [ 69.769650298642532, 22.219982076684236 ], [ 69.755400738555565, 22.237223953498447 ], [ 69.761775541752371, 22.251150084771464 ], [ 69.732526444731747, 22.307849333525887 ], [ 69.753900784862196, 22.320780741136545 ], [ 69.725401664688263, 22.386764077406312 ], [ 69.737776282658515, 22.400027059571087 ], [ 69.734026398425115, 22.405995401545237 ], [ 69.753900784862196, 22.417600510939419 ], [ 69.754650761708888, 22.418263660047657 ], [ 69.751275865898805, 22.460705202974943 ], [ 69.764400460715763, 22.475294483356198 ], [ 69.781274939766121, 22.467336694057334 ], [ 69.783899858729512, 22.447110646256046 ], [ 69.765525425985786, 22.446447497147808 ], [ 69.779399997649421, 22.441142304281897 ], [ 69.774150159722637, 22.43351608953715 ], [ 69.788399719809604, 22.43484238775363 ], [ 69.782024916612798, 22.41527948906058 ], [ 69.792149604043018, 22.430863493104194 ], [ 69.805649187283308, 22.423568852913569 ], [ 69.821023712640311, 22.432852940428912 ], [ 69.805649187283308, 22.448105369918405 ], [ 69.804524222013285, 22.465347246732616 ], [ 69.844647983310807, 22.471978737815004 ], [ 69.864897358171248, 22.460042053866704 ], [ 69.864522369747903, 22.463689373962019 ], [ 69.871272161368054, 22.470984014152645 ], [ 69.882521814068284, 22.476289207018556 ], [ 69.910645945818885, 22.452747413676079 ], [ 69.883271790914975, 22.476620781572677 ], [ 69.897146362578596, 22.478941803451512 ], [ 69.913645853205622, 22.451421115459599 ], [ 69.913270864782277, 22.464352523070257 ], [ 69.926395459599235, 22.464352523070257 ], [ 69.912520887935599, 22.467336694057334 ], [ 69.889646594111781, 22.495188956603364 ], [ 69.933145251219372, 22.48689959275038 ], [ 69.905396107892116, 22.498173127590441 ], [ 69.932395274372695, 22.51475185529641 ], [ 69.935020193336086, 22.500825724023393 ], [ 69.942519961802901, 22.512099258863454 ], [ 69.94401991549627, 22.499831000361038 ], [ 69.948894764999707, 22.507457215105784 ], [ 69.971019081976848, 22.499831000361038 ], [ 69.956019545043191, 22.506794065997546 ], [ 69.976268919903632, 22.503478320456352 ], [ 69.960144417699951, 22.509446662430499 ], [ 69.971394070400194, 22.521051771824681 ], [ 69.953769614503145, 22.509115087876381 ], [ 69.946644834459661, 22.528014837461189 ], [ 69.959394440853274, 22.522709644595277 ], [ 69.953019637656467, 22.525693815582351 ], [ 69.962394348239997, 22.526356964690592 ], [ 69.960519406123296, 22.534977903097698 ], [ 69.975143954633609, 22.531662157556504 ], [ 69.972144047246871, 22.539951521409488 ], [ 69.984518665217138, 22.541277819625964 ], [ 69.97551894305694, 22.542604117842444 ], [ 70.019017600164545, 22.546251437937755 ], [ 70.039266975024972, 22.566477485739043 ], [ 70.059516349885413, 22.55619867456134 ], [ 70.125889300816837, 22.552882929020146 ], [ 70.134139046130343, 22.574103700483789 ], [ 70.151763502027393, 22.570456380388475 ], [ 70.163763131574314, 22.583387787999133 ], [ 70.154013432567439, 22.584714086215612 ], [ 70.157388328377507, 22.594329748285073 ], [ 70.181387587471349, 22.594329748285073 ], [ 70.176512737967911, 22.604276984908658 ], [ 70.208386753951928, 22.639092313091197 ], [ 70.193762205441615, 22.643071207740633 ], [ 70.223386290885585, 22.660976233663082 ], [ 70.212511626608688, 22.677886535923172 ], [ 70.222261325615563, 22.685844325222039 ], [ 70.218886429805494, 22.718007056971622 ], [ 70.248885503672795, 22.746854043180011 ], [ 70.292384160780401, 22.76608536731894 ], [ 70.301383882940598, 22.798248099068523 ], [ 70.374881613915505, 22.9070045528197 ], [ 70.397005930892647, 22.918278087659758 ], [ 70.398505884586001, 22.905346680049099 ], [ 70.398505884586001, 22.905346680049099 ], [ 70.398505884586001, 22.904683530940861 ], [ 70.410880502556267, 22.926567451512746 ], [ 70.414630386789682, 22.912972894793846 ], [ 70.40000583827937, 22.889099526897247 ], [ 70.415005375213028, 22.913304469347967 ], [ 70.411255490979613, 22.926899026066863 ], [ 70.419130247869788, 22.918609662213878 ], [ 70.416130340483051, 22.9070045528197 ], [ 70.420255213139811, 22.918278087659758 ], [ 70.426630016336603, 22.904351956386741 ], [ 70.416130340483051, 22.87782599205719 ], [ 70.388381197155795, 22.849642154957035 ], [ 70.412380456249636, 22.872189224637157 ], [ 70.404505699359461, 22.859257817026499 ], [ 70.415755352059705, 22.856273646039426 ], [ 70.404880687782807, 22.851963176835874 ], [ 70.413880409943005, 22.845994834861724 ], [ 70.397005930892647, 22.845663260307603 ], [ 70.427005004759948, 22.842015940212288 ], [ 70.414630386789682, 22.834389725467542 ], [ 70.391381104542518, 22.839363343779333 ], [ 70.413880409943005, 22.834058150913425 ], [ 70.396630942469301, 22.833395001805183 ], [ 70.409755537286244, 22.829747681709872 ], [ 70.396630942469301, 22.821789892411005 ], [ 70.403755722512784, 22.816153124990976 ], [ 70.414630386789682, 22.827426659831033 ], [ 70.422880132103188, 22.828752958047513 ], [ 70.421380178409834, 22.818805721423928 ], [ 70.449504310160435, 22.843342238428768 ], [ 70.456254101780573, 22.835716023684022 ], [ 70.464878835517425, 22.860584115242979 ], [ 70.466003800787448, 22.844668536645244 ], [ 70.468628719750839, 22.867547180879484 ], [ 70.476878465064345, 22.863236711675931 ], [ 70.472378603984254, 22.88246803581486 ], [ 70.482878279837806, 22.878820715719545 ], [ 70.472753592407599, 22.883462759477219 ], [ 70.477253453487691, 22.906009829157341 ], [ 70.49075303672798, 22.880147013936025 ], [ 70.479878372451083, 22.907667701927938 ], [ 70.48475322195452, 22.912972894793846 ], [ 70.494127932538049, 22.896394167087877 ], [ 70.499752758888178, 22.903688807278503 ], [ 70.483628256684497, 22.913967618456205 ], [ 70.483253268261151, 22.932204218932775 ], [ 70.490378048304635, 22.926899026066863 ], [ 70.482878279837806, 22.935519964473968 ], [ 70.491503013574658, 22.927230600620984 ], [ 70.498252805194809, 22.913967618456205 ], [ 70.488128117764589, 22.934193666257492 ], [ 70.499002782041487, 22.92258855686331 ], [ 70.496752851501441, 22.934193666257492 ], [ 70.496752851501441, 22.934193666257492 ], [ 70.509877446318384, 22.936846262690448 ], [ 70.547376288652529, 22.926567451512746 ], [ 70.5788753162132, 22.91761493855152 ], [ 70.605499494270433, 22.881141737598384 ], [ 70.621998984897459, 22.881804886706622 ], [ 70.645248267144623, 22.863568286230052 ], [ 70.662872723041673, 22.832400278142828 ], [ 70.663247711465004, 22.832068703588707 ], [ 70.641498382911209, 22.823447765181601 ], [ 70.648248174531361, 22.786974564228466 ], [ 70.623498938590828, 22.779348349483719 ], [ 70.613749239583953, 22.763764345440105 ], [ 70.620874019627436, 22.733922635569357 ], [ 70.63812348710114, 22.726627995378728 ], [ 70.645623255567969, 22.706401947577444 ], [ 70.612249285890584, 22.695128412737382 ], [ 70.615624181700653, 22.651360571593617 ], [ 70.608124413233824, 22.640750185861794 ], [ 70.574375455133108, 22.634118694779406 ], [ 70.565000744549565, 22.60361383580042 ], [ 70.581125246753246, 22.603945410354537 ], [ 70.564625756126233, 22.603282261246299 ], [ 70.550376196039252, 22.558851270994296 ], [ 70.550001207615921, 22.557193398223699 ], [ 70.554501068696013, 22.55122505624955 ], [ 70.55937591819945, 22.5452567142754 ], [ 70.560875871892819, 22.543598841504803 ], [ 70.580375269906568, 22.552219779911908 ], [ 70.601749610037018, 22.530999008448262 ], [ 70.571375547746371, 22.520057048162322 ], [ 70.565750721396256, 22.533651604881218 ], [ 70.542501439149092, 22.533651604881218 ], [ 70.528626867485457, 22.515083429850531 ], [ 70.528626867485457, 22.51475185529641 ], [ 70.535376659105609, 22.494857382049247 ], [ 70.574750443556439, 22.513093982525813 ], [ 70.586750073103374, 22.490546912845694 ], [ 70.540251508609046, 22.479273378005633 ], [ 70.552626126579312, 22.462363075745543 ], [ 70.533501716988894, 22.458384181096108 ], [ 70.499377770464832, 22.489883763737453 ], [ 70.498627793618155, 22.45175269001372 ], [ 70.487753129341257, 22.449763242689002 ], [ 70.465628812364116, 22.469657715936169 ], [ 70.455879113357241, 22.449431668134885 ], [ 70.461878928130702, 22.438821282403062 ], [ 70.445379437503675, 22.433847664091271 ], [ 70.458504032320619, 22.419258383710016 ], [ 70.505752573661638, 22.428210896671239 ], [ 70.507627515778339, 22.413290041735866 ], [ 70.493377955691372, 22.412295318073507 ], [ 70.473503569254277, 22.378474713553324 ], [ 70.487003152494566, 22.362227560401472 ], [ 70.517377214785213, 22.361232836739113 ], [ 70.530126821178825, 22.343327810816664 ], [ 70.499752758888178, 22.322770188461259 ], [ 70.469003708174185, 22.325422784894215 ], [ 70.473503569254277, 22.309175631742363 ], [ 70.505377585238293, 22.283312816521047 ], [ 70.519252156901928, 22.244850168243193 ], [ 70.536501624375632, 22.249492212000867 ], [ 70.548876242345898, 22.229266164199579 ], [ 70.5788753162132, 22.239876549931402 ], [ 70.587500049950052, 22.208376967290057 ], [ 70.614874204853976, 22.18947721770525 ], [ 70.580000281483223, 22.184503599393459 ], [ 70.587500049950052, 22.166930148025127 ], [ 70.568000651936302, 22.16063023149686 ], [ 70.562375825586187, 22.145377802007367 ], [ 70.569875594053002, 22.122499157773124 ], [ 70.58900000364342, 22.117857114015454 ], [ 70.582250212023268, 22.099620513538884 ], [ 70.553751091849335, 22.0913311496859 ], [ 70.551126172885944, 22.081052338508194 ], [ 70.561625848739496, 22.07309454920933 ], [ 70.546626311805838, 22.06082629070691 ], [ 70.549626219192575, 22.046237010325655 ], [ 70.571000559323039, 22.036952922810311 ], [ 70.569500605629671, 22.027337260740847 ], [ 70.500877724158201, 21.997163976315978 ], [ 70.500502735734855, 22.021700493320818 ], [ 70.520377122171951, 22.019047896887862 ], [ 70.530126821178825, 22.044247563000937 ], [ 70.46112895128401, 22.054526374178643 ], [ 70.452504217547158, 22.034963475485593 ], [ 70.412755444672982, 22.025347813416133 ], [ 70.414255398366336, 22.035958199147952 ], [ 70.330632979961223, 22.051542203191566 ], [ 70.326133118881117, 22.015400576792548 ], [ 70.293884114473769, 22.013079554913713 ], [ 70.299508940823884, 21.994179805328905 ], [ 70.288634276546986, 22.005784914723083 ], [ 70.265759982723168, 22.001806020073651 ], [ 70.247385549979441, 21.963343371795798 ], [ 70.202761927601813, 21.963674946349919 ], [ 70.218136452958817, 21.934827960141526 ], [ 70.217386476112125, 21.905980973933136 ], [ 70.196387124405007, 21.892717991768357 ], [ 70.176512737967911, 21.895039013647196 ], [ 70.170887911617797, 21.931180640046211 ], [ 70.144638721983895, 21.941459451223913 ], [ 70.140513849327149, 21.890728544443643 ], [ 70.121764428160077, 21.875144540400029 ], [ 70.127764242933537, 21.865528878330565 ], [ 70.09551523852619, 21.849613299732834 ], [ 70.090265400599407, 21.835355593905696 ], [ 70.109389810189811, 21.824413633619756 ], [ 70.080515701592532, 21.819771589862086 ], [ 70.094015284832821, 21.802529713047875 ], [ 70.029892264441443, 21.793245625532528 ], [ 70.070766002585657, 21.738867398656943 ], [ 70.074140898395726, 21.738204249548705 ] ], [ [ 70.466378789210793, 22.332717425084844 ], [ 70.461878928130702, 22.350290876453172 ], [ 70.455504124933896, 22.354269771102608 ], [ 70.421755166833165, 22.373832669795654 ], [ 70.422880132103188, 22.374827393458013 ], [ 70.450629275430458, 22.394058717596938 ], [ 70.439379622730215, 22.414284765398225 ], [ 70.404505699359461, 22.403342805112281 ], [ 70.408255583592876, 22.370848498808577 ], [ 70.409755537286244, 22.361232836739113 ], [ 70.440129599576892, 22.35692236753556 ], [ 70.448754333313744, 22.327743806773054 ], [ 70.466378789210793, 22.332717425084844 ] ] ], [ [ [ 70.398505884586001, 22.905346680049099 ], [ 70.397380919315978, 22.918609662213878 ], [ 70.409380548862899, 22.925904302404504 ], [ 70.398505884586001, 22.905346680049099 ] ] ] ] } },
{ "type": "Feature", "properties": { "dt_code": "728", "district": "Devbhumi Dwarka", "st_nm": "Gujarat", "st_code": "24", "year": "update2014" }, "geometry": { "type": "MultiPolygon", "coordinates": [ [ [ [ 69.339538577069987, 22.385769353743953 ], [ 69.33278878544985, 22.372506371579174 ], [ 69.323414074866321, 22.38112730998628 ], [ 69.339538577069987, 22.385769353743953 ] ] ], [ [ [ 69.629029639889524, 22.458715755650228 ], [ 69.656778783216794, 22.426884598454762 ], [ 69.636529408356353, 22.40566382699112 ], [ 69.59040583228537, 22.430531918550077 ], [ 69.595655670212139, 22.444126475268973 ], [ 69.629029639889524, 22.458715755650228 ] ] ], [ [ [ 69.135169886348947, 22.476620781572677 ], [ 69.150169423282605, 22.46866299227381 ], [ 69.144919585355822, 22.450094817243123 ], [ 69.142294666392431, 22.463026224853781 ], [ 69.115295499911852, 22.466673544949092 ], [ 69.108545708291715, 22.436831835078344 ], [ 69.084546449197859, 22.421910980142972 ], [ 69.096546078744794, 22.441142304281897 ], [ 69.093921159781402, 22.460705202974943 ], [ 69.135169886348947, 22.476620781572677 ] ] ], [ [ [ 69.814648909443505, 21.8217610371868 ], [ 69.81427392102016, 21.822092611740921 ], [ 69.807899117823354, 21.824413633619756 ], [ 69.762150530175717, 21.822755760849159 ], [ 69.739276236351884, 21.834692444797458 ], [ 69.711527093024628, 21.794240349194887 ], [ 69.68452792654405, 21.822755760849159 ], [ 69.664653540106954, 21.812145375117336 ], [ 69.656403794793448, 21.838008190338652 ], [ 69.646654095786573, 21.839334488555131 ], [ 69.630154605159547, 21.829387251931546 ], [ 69.631654558852915, 21.805182309480831 ], [ 69.616280033495926, 21.803192862156113 ], [ 69.609155253452428, 21.864202580114089 ], [ 69.633904489392961, 21.875476114954147 ], [ 69.656028806370102, 21.869507772979997 ], [ 69.672153308573783, 21.903991526608419 ], [ 69.666528482223669, 21.92620702173442 ], [ 69.681903007580658, 21.928528043613259 ], [ 69.688277810777464, 21.912280890461403 ], [ 69.707027231944537, 21.934496385587408 ], [ 69.725026676264918, 21.937812131128602 ], [ 69.719776838338134, 21.9736221829735 ], [ 69.690152752894164, 21.97959052494765 ], [ 69.685277903390727, 21.959696051700483 ], [ 69.649654003173296, 21.956048731605168 ], [ 69.656403794793448, 21.924217574409706 ], [ 69.654528852676734, 21.924217574409706 ], [ 69.627529686196155, 21.920570254314391 ], [ 69.611405183992488, 21.948754091414543 ], [ 69.560031769994708, 21.940133153007437 ], [ 69.551407036257871, 21.93350166192505 ], [ 69.53528253405419, 21.895370588201313 ], [ 69.534532557207498, 21.895370588201313 ], [ 69.534157568784167, 21.894707439093075 ], [ 69.504158494916851, 21.904654675716657 ], [ 69.499658633836759, 21.895370588201313 ], [ 69.486534039019801, 21.897360035526031 ], [ 69.488408981136516, 21.855913216261101 ], [ 69.486909027443147, 21.855581641706983 ], [ 69.447535242992302, 21.853592194382266 ], [ 69.429910787095267, 21.879786584157699 ], [ 69.399911713227951, 21.892054842660119 ], [ 69.396161828994536, 21.888075948010687 ], [ 69.384912176294293, 21.877465562278864 ], [ 69.371787581477349, 21.829718826485667 ], [ 69.351913195040254, 21.839002914001011 ], [ 69.217292351060706, 21.957706604375765 ], [ 68.966050107421992, 22.234239782511374 ], [ 68.9986741002527, 22.209371690952416 ], [ 69.002798972909446, 22.225287269550147 ], [ 68.991549320209202, 22.216997905697163 ], [ 68.991549320209202, 22.234902931619612 ], [ 68.981799621202327, 22.227608291428986 ], [ 68.953675489451726, 22.244850168243193 ], [ 68.959300315801855, 22.257118426745613 ], [ 68.936426021978022, 22.311496653621198 ], [ 68.959300315801855, 22.353606621994366 ], [ 68.971674933772121, 22.345648832695503 ], [ 68.958550338955163, 22.367864327821504 ], [ 69.00654885714286, 22.4394844315113 ], [ 69.069171923840869, 22.478278654343274 ], [ 69.083796472351182, 22.47463133424796 ], [ 69.074421761767653, 22.454073711892555 ], [ 69.04967252582712, 22.437494984186586 ], [ 69.047047606863728, 22.447773795364284 ], [ 69.038047884703531, 22.442800177052494 ], [ 69.047047606863728, 22.422905703805327 ], [ 69.035422965740153, 22.390079822947506 ], [ 69.048922548980443, 22.397706037692252 ], [ 69.060922178527363, 22.383116757310997 ], [ 69.081921530234482, 22.388090375622788 ], [ 69.110420650408415, 22.409642721640552 ], [ 69.128045106305464, 22.395053441259297 ], [ 69.121295314685327, 22.375490542566251 ], [ 69.13029503684551, 22.395053441259297 ], [ 69.160294110712826, 22.411963743519387 ], [ 69.156919214902743, 22.405332252436999 ], [ 69.168918844449678, 22.407321699761717 ], [ 69.182418427689967, 22.419589958264133 ], [ 69.176043624493161, 22.422905703805327 ], [ 69.194793045660234, 22.421579405588851 ], [ 69.187668265616736, 22.412958467181745 ], [ 69.191418149850151, 22.408979572532314 ], [ 69.187668265616736, 22.402348081449922 ], [ 69.201167848857025, 22.401021783233446 ], [ 69.197417964623611, 22.387758801068671 ], [ 69.167793879179655, 22.373169520687412 ], [ 69.180918473996599, 22.37051692425446 ], [ 69.169293832873009, 22.353938196548487 ], [ 69.17754357818653, 22.355927643873205 ], [ 69.17529364764647, 22.347638280020217 ], [ 69.163294018099549, 22.348301429128458 ], [ 69.169293832873009, 22.333380574193082 ], [ 69.156919214902743, 22.315807122824751 ], [ 69.15391930751602, 22.248497488338508 ], [ 69.133669932655579, 22.222303098563074 ], [ 69.13629485161897, 22.195445559679399 ], [ 69.148294481165891, 22.194782410571161 ], [ 69.167043902332964, 22.203734923532384 ], [ 69.169293832873009, 22.215008458372445 ], [ 69.178668543456553, 22.21268743649361 ], [ 69.190293184580128, 22.243523870026717 ], [ 69.212792489980615, 22.210034840060654 ], [ 69.237541725921147, 22.222634673117192 ], [ 69.24054163330787, 22.258113150407972 ], [ 69.321914121172952, 22.291933754928152 ], [ 69.339913565493333, 22.312491377283557 ], [ 69.33278878544985, 22.327743806773054 ], [ 69.363912824587189, 22.31713342104123 ], [ 69.423160995475115, 22.316138697378872 ], [ 69.443410370335556, 22.330396403206009 ], [ 69.490658911676562, 22.336696319734276 ], [ 69.499658633836759, 22.366206455050907 ], [ 69.540532371980959, 22.377148415336848 ], [ 69.560406758418054, 22.366869604159145 ], [ 69.561531723688077, 22.355596069319084 ], [ 69.579531168008472, 22.367201178713266 ], [ 69.597530612328853, 22.34598040724962 ], [ 69.609530241875774, 22.35228032377789 ], [ 69.617404998765949, 22.345317258141382 ], [ 69.621154882999363, 22.371511647916819 ], [ 69.63540444308633, 22.357917091197919 ], [ 69.655278829523425, 22.359243389414399 ], [ 69.66090365587354, 22.396048164921655 ], [ 69.702152382441099, 22.39836918680049 ], [ 69.695777579244293, 22.412626892627628 ], [ 69.705527278251168, 22.43351608953715 ], [ 69.69652755609097, 22.453410562784317 ], [ 69.713402035141328, 22.47496290880208 ], [ 69.736651317388493, 22.484578570871541 ], [ 69.74377609743199, 22.451089540905482 ], [ 69.732901433155078, 22.442800177052494 ], [ 69.743026120585299, 22.441805453390138 ], [ 69.747525981665405, 22.432852940428912 ], [ 69.73965122477523, 22.431858216766553 ], [ 69.754650761708888, 22.418263660047657 ], [ 69.753900784862196, 22.417600510939419 ], [ 69.734026398425115, 22.405995401545237 ], [ 69.737776282658515, 22.400027059571087 ], [ 69.725401664688263, 22.386764077406312 ], [ 69.753900784862196, 22.320780741136545 ], [ 69.732526444731747, 22.307849333525887 ], [ 69.761775541752371, 22.251150084771464 ], [ 69.755400738555565, 22.237223953498447 ], [ 69.769650298642532, 22.219982076684236 ], [ 69.791399627196341, 22.220645225792477 ], [ 69.808649094670045, 22.20671909451946 ], [ 69.802649279896585, 22.189145643151129 ], [ 69.813148955750137, 22.176214235540471 ], [ 69.81239897890346, 22.127804350639035 ], [ 69.828523481107126, 22.11918341223193 ], [ 69.854772670741028, 22.134435841721423 ], [ 69.893396478345181, 22.128467499747273 ], [ 69.883271790914975, 22.104594131850675 ], [ 69.858522554974442, 22.088015404144702 ], [ 69.857397589704419, 22.04391598844682 ], [ 69.870522184521363, 22.03794764647267 ], [ 69.853647705471005, 22.0197110459961 ], [ 69.876896987718169, 22.010426958480757 ], [ 69.90314617735207, 21.965332819120515 ], [ 69.933520239642718, 21.960690775362842 ], [ 69.915145806898991, 21.9275333199509 ], [ 69.919270679555737, 21.899681057404866 ], [ 69.936145158606109, 21.893049566322478 ], [ 69.911770911088908, 21.877465562278864 ], [ 69.909895968972208, 21.840660786771608 ], [ 69.83789819169067, 21.815461120658533 ], [ 69.815023897866837, 21.824082059065638 ], [ 69.814648909443505, 21.8217610371868 ] ] ] ] } },
{ "type": "Feature", "properties": { "dt_code": "490", "district": "Navsari", "st_nm": "Gujarat", "st_code": "24", "year": "2011_c" }, "geometry": { "type": "Polygon", "coordinates": [ [ [ 73.407038005053764, 20.624445322261536 ], [ 73.258917577833927, 20.579682757455412 ], [ 73.218793816536405, 20.602229827135535 ], [ 73.186919800552388, 20.591619441403711 ], [ 73.152420865604981, 20.605545572676728 ], [ 73.115297011694182, 20.593940463282546 ], [ 73.072923319856613, 20.599908805256696 ], [ 73.06579853981313, 20.626766344140371 ], [ 73.072923319856613, 20.652629159361688 ], [ 73.032799558559091, 20.664897417864104 ], [ 73.028674685902331, 20.676502527258286 ], [ 73.047424107069403, 20.699049596938409 ], [ 73.01854999847211, 20.710986280886708 ], [ 73.016300067932065, 20.729886030471516 ], [ 72.993800762531592, 20.726570284930322 ], [ 72.996800669918315, 20.734859648783306 ], [ 72.972051433977782, 20.745138459961009 ], [ 72.958176862314161, 20.718944070185572 ], [ 72.928927765293537, 20.734196499675068 ], [ 72.880179270259148, 20.733533350566827 ], [ 72.854680057471938, 20.749780503718679 ], [ 72.849430219545155, 20.7381753943245 ], [ 72.83968052053828, 20.803827156040146 ], [ 72.828805856261383, 20.810127072568417 ], [ 72.785682187577123, 20.915899355332517 ], [ 72.75718306740319, 20.932478083038486 ], [ 72.72155916718576, 21.048529176980288 ], [ 72.754558148439799, 21.050850198859123 ], [ 72.745558426279601, 21.060465860928588 ], [ 72.750433275783038, 21.061792159145064 ], [ 72.775182511723571, 21.062123733699185 ], [ 72.792806967620621, 21.073397268539246 ], [ 72.81418130775107, 21.055492242616797 ], [ 72.831430775224774, 21.055492242616797 ], [ 72.835930636304866, 21.033939896599033 ], [ 72.845305346888409, 21.046871304209692 ], [ 72.861054860668744, 21.037255642140227 ], [ 72.856929988011984, 21.049855475196765 ], [ 72.871179548098965, 21.056155391725035 ], [ 72.888054027149323, 21.047866027872047 ], [ 72.892178899806083, 21.062123733699185 ], [ 72.907928413586419, 21.04156611134378 ], [ 72.912053286243165, 21.041897685897897 ], [ 72.926677834753477, 21.042229260452018 ], [ 72.928177788446845, 21.042560835006139 ], [ 72.928177788446845, 21.042560835006139 ], [ 72.926302846330145, 21.051844922521482 ], [ 72.952177047540701, 21.06941837388981 ], [ 72.962676723394253, 21.065771053794499 ], [ 72.961926746547576, 21.074060417647484 ], [ 72.969801503437736, 21.068755224781572 ], [ 72.964551665510953, 21.058144839049753 ], [ 72.995300716224946, 21.05980271182035 ], [ 72.995300716224946, 21.05980271182035 ], [ 72.993800762531592, 21.079365610513396 ], [ 73.01854999847211, 21.057813264495632 ], [ 73.008425311041904, 21.022334787204851 ], [ 73.025299790092262, 21.020345339880137 ], [ 73.065048562966439, 20.974588051411654 ], [ 73.088297845213603, 20.966961836666908 ], [ 73.092422717870363, 20.936788552242039 ], [ 73.125796687547748, 20.922530846414904 ], [ 73.125796687547748, 20.897331180301826 ], [ 73.160670610918487, 20.9019732240595 ], [ 73.17004532150203, 20.899983776734782 ], [ 73.172295252042076, 20.898325903964185 ], [ 73.19554453428924, 20.859863255686331 ], [ 73.247667925133683, 20.84858972084627 ], [ 73.243918040900269, 20.832342567694418 ], [ 73.253667739907144, 20.819742734637881 ], [ 73.300166304401486, 20.816758563650804 ], [ 73.300166304401486, 20.818084861867284 ], [ 73.302791223364864, 20.836984611452092 ], [ 73.312915910795084, 20.841295080655645 ], [ 73.302791223364864, 20.853231764603944 ], [ 73.311415957101715, 20.879094579825257 ], [ 73.314040876065107, 20.879426154379377 ], [ 73.316665795028499, 20.879757728933498 ], [ 73.332790297232179, 20.859863255686331 ], [ 73.349664776282538, 20.859531681132211 ], [ 73.350414753129229, 20.84858972084627 ], [ 73.380413826996531, 20.824053203841434 ], [ 73.381163803843208, 20.824384778395551 ], [ 73.396163340776866, 20.827368949382628 ], [ 73.442286916847863, 20.80846919979782 ], [ 73.492535365575606, 20.818416436421401 ], [ 73.49628524980902, 20.819079585529643 ], [ 73.482035689722039, 20.79653251584952 ], [ 73.489160469765523, 20.756080420246949 ], [ 73.489535458188868, 20.754754122030473 ], [ 73.484285620262085, 20.752433100151634 ], [ 73.467411141211727, 20.741159565311577 ], [ 73.467411141211727, 20.736185946999782 ], [ 73.467411141211727, 20.723254539389124 ], [ 73.449411696891346, 20.716954622860857 ], [ 73.440786963154494, 20.699712746046647 ], [ 73.448286731621323, 20.6920865313019 ], [ 73.431037264147619, 20.664897417864104 ], [ 73.39203846812012, 20.648981839266373 ], [ 73.407038005053764, 20.624445322261536 ] ] ] } },
{ "type": "Feature", "properties": { "dt_code": "469", "district": "Banaskantha", "st_nm": "Gujarat", "st_code": "24", "year": "2011_c" }, "geometry": { "type": "Polygon", "coordinates": [ [ [ 72.959301827584184, 24.360958972633401 ], [ 72.967176584474345, 24.313212236840204 ], [ 72.996800669918315, 24.307907043974293 ], [ 73.001300530998407, 24.289007294389485 ], [ 73.027924709055654, 24.273754864899992 ], [ 73.014050137392019, 24.2346290675139 ], [ 72.991550831991532, 24.223355532673839 ], [ 72.991925820414878, 24.183898160733627 ], [ 72.956676908620793, 24.159030069174669 ], [ 72.952927024387378, 24.138472446819264 ], [ 72.942802336957158, 24.135156701278071 ], [ 72.946552221190572, 24.108962311502637 ], [ 72.927427811600168, 24.088404689147232 ], [ 72.923302938943408, 24.040657953354032 ], [ 72.898553703002875, 24.025405523864539 ], [ 72.866679687018859, 24.0247423747563 ], [ 72.856180011165307, 24.045299997111705 ], [ 72.838930543691603, 24.039663229691673 ], [ 72.820556110947877, 24.04762101899054 ], [ 72.819806134101199, 24.048615742652899 ], [ 72.7826822801904, 24.101999245866129 ], [ 72.770307662220134, 24.099346649433173 ], [ 72.75905800951989, 24.080115325294244 ], [ 72.734683762002703, 24.076468005198929 ], [ 72.729808912499266, 24.094041456567261 ], [ 72.714434387142262, 24.098351925770814 ], [ 72.685935266968329, 24.072820685103618 ], [ 72.670185753187994, 24.071162812333021 ], [ 72.652186308867599, 24.083762645389559 ], [ 72.637186771933955, 24.075804856090691 ], [ 72.619937304460251, 24.053920935518811 ], [ 72.636811783510609, 24.042315826124629 ], [ 72.639811690897332, 24.023747651093942 ], [ 72.648436424634184, 24.026731822081018 ], [ 72.650686355174244, 23.993905941223193 ], [ 72.591063195862958, 23.977327213517221 ], [ 72.58431340424282, 23.935880394252294 ], [ 72.534814932361755, 23.934885670589935 ], [ 72.524690244931534, 23.943838183551158 ], [ 72.487191402597404, 23.931901499602859 ], [ 72.486441425750726, 23.934885670589935 ], [ 72.480441610977252, 23.953122271066501 ], [ 72.48006662255392, 23.95411699472886 ], [ 72.465067085620262, 23.969700998772474 ], [ 72.462442166656871, 23.970364147880712 ], [ 72.438067919139684, 23.967048402339518 ], [ 72.429818173826177, 23.983627130045491 ], [ 72.414068660045842, 23.97235359520543 ], [ 72.370195014514891, 23.971690446097192 ], [ 72.361195292354708, 24.009821519820925 ], [ 72.34432081330435, 24.01380041447036 ], [ 72.339820952224244, 24.037673782366959 ], [ 72.309446889933596, 24.038336931475197 ], [ 72.299322202503376, 24.053257786410569 ], [ 72.270448093906097, 24.055578808289408 ], [ 72.255823545395785, 24.081441623510724 ], [ 72.225824471528469, 24.07215753599538 ], [ 72.223949529411769, 24.076136430644812 ], [ 72.206325073514719, 24.113935929814428 ], [ 72.223574540988423, 24.130846232074518 ], [ 72.214574818828225, 24.144440788793414 ], [ 72.203700154551328, 24.149082832551088 ], [ 72.177075976494095, 24.118246399017981 ], [ 72.148951844743493, 24.129519933858042 ], [ 72.14970182159017, 24.152398578092281 ], [ 72.129827435153089, 24.155051174525237 ], [ 72.11220297925604, 24.135819850386309 ], [ 72.089703673855553, 24.138472446819264 ], [ 72.093078569665636, 24.123883166438009 ], [ 72.148201867896816, 24.123883166438009 ], [ 72.147076902626793, 24.104320267744964 ], [ 72.157201590056999, 24.094373031121378 ], [ 72.132452354116467, 24.052594637302331 ], [ 72.101328314979142, 24.054252510072928 ], [ 72.100953326555796, 24.034358036825765 ], [ 72.090078662278898, 24.04132110246227 ], [ 72.060829565258274, 24.032368589501047 ], [ 72.031580468237649, 24.052926211856452 ], [ 72.028580560850912, 24.067183917683586 ], [ 72.013206035493923, 24.068510215900066 ], [ 72.027455595580889, 24.019105607336268 ], [ 72.050329889404708, 23.999542708643222 ], [ 72.050329889404708, 23.999211134089105 ], [ 72.046580005171307, 23.992579643006714 ], [ 72.039830213551156, 23.980311384504297 ], [ 72.039080236704478, 23.980642959058414 ], [ 72.038705248281133, 23.979979809950176 ], [ 72.0120810702239, 23.984953428261967 ], [ 72.011331093377208, 23.983627130045491 ], [ 72.002706359640356, 23.97102729698895 ], [ 72.000081440676965, 23.967048402339518 ], [ 71.995581579596873, 23.981637682720773 ], [ 71.98845679955339, 23.993242792114955 ], [ 71.961082644649466, 23.990921770236117 ], [ 71.949083015102545, 24.007832072496207 ], [ 71.925458744432035, 24.009158370712687 ], [ 71.928833640242118, 23.979316660841938 ], [ 71.948708026679199, 23.973016744313668 ], [ 71.92920862866545, 23.952127547404146 ], [ 71.938208350825647, 23.927591030399306 ], [ 71.974207239466423, 23.905375535273304 ], [ 71.977582135276492, 23.889128382121452 ], [ 71.889459855791273, 23.878186421835512 ], [ 71.867335538814132, 23.869565483428406 ], [ 71.861335724040671, 23.847018413748284 ], [ 71.827961754363287, 23.844365817315328 ], [ 71.815212147969675, 23.854976203047151 ], [ 71.778838270905567, 23.844697391869449 ], [ 71.7664636529353, 23.826792365947 ], [ 71.761588803431863, 23.841381646328255 ], [ 71.714340262090857, 23.869897057982527 ], [ 71.717340169477581, 23.927591030399306 ], [ 71.697840771463831, 23.930243626832262 ], [ 71.688466060880302, 23.970695722434833 ], [ 71.665216778633138, 23.97235359520543 ], [ 71.60521863089852, 23.942511885334682 ], [ 71.586844198154793, 23.963401082244204 ], [ 71.591719047658231, 23.976332489854862 ], [ 71.560595008520892, 23.979316660841938 ], [ 71.565844846447675, 23.995895388547908 ], [ 71.554595193747431, 24.000869006859702 ], [ 71.545970460010579, 23.981637682720773 ], [ 71.497971941822883, 23.969700998772474 ], [ 71.48747226596933, 23.975337766192503 ], [ 71.491222150202745, 24.014795138132715 ], [ 71.47922252065581, 24.025073949310418 ], [ 71.442473655168357, 23.980974533612535 ], [ 71.454473284715291, 23.964727380460683 ], [ 71.444723585708417, 23.941185587118202 ], [ 71.416224465534469, 23.92493843396635 ], [ 71.395225113827351, 23.965722104123042 ], [ 71.374225762120233, 23.955111718391219 ], [ 71.365976016806727, 23.970364147880712 ], [ 71.335601954516079, 23.970032573326595 ], [ 71.319102463889053, 23.983627130045491 ], [ 71.309352764882178, 23.993242792114955 ], [ 71.284978517364991, 23.991584919344355 ], [ 71.291728308985128, 24.01976875644451 ], [ 71.321727382852444, 24.052263062748214 ], [ 71.305227892225417, 24.062210299371795 ], [ 71.315727568078984, 24.07182596144126 ], [ 71.316477544925661, 24.095699329337858 ], [ 71.326227243932536, 24.100341373095532 ], [ 71.336351931362756, 24.104983416853202 ], [ 71.336351931362756, 24.105314991407322 ], [ 71.335976942939411, 24.10597814051556 ], [ 71.333727012399365, 24.116256951693263 ], [ 71.332602047129342, 24.116256951693263 ], [ 71.301852996415349, 24.121230570005054 ], [ 71.27297888781807, 24.14112504325222 ], [ 71.285353505788336, 24.149414407105205 ], [ 71.257979350884412, 24.15936164372879 ], [ 71.272603899394724, 24.17627194598888 ], [ 71.302227984838694, 24.159693218282907 ], [ 71.328852162895927, 24.171961476785327 ], [ 71.337476896632779, 24.163672112932343 ], [ 71.34347671140624, 24.177266669651239 ], [ 71.358476248339898, 24.172956200447686 ], [ 71.360726178879943, 24.185556033504223 ], [ 71.325852255509204, 24.181908713408909 ], [ 71.329602139742619, 24.195503270127809 ], [ 71.302977961685372, 24.207439954076108 ], [ 71.310102741728855, 24.222029234457359 ], [ 71.290603343715105, 24.225013405444436 ], [ 71.279728679438207, 24.236286940284497 ], [ 71.291728308985128, 24.247892049678676 ], [ 71.285353505788336, 24.241923707704526 ], [ 71.274103853088093, 24.25750771174814 ], [ 71.283853552094968, 24.265797075601128 ], [ 71.30260297326204, 24.259497159072858 ], [ 71.294728216371865, 24.300943978337784 ], [ 71.314227614385615, 24.32183317524731 ], [ 71.374975738966924, 24.333769859195609 ], [ 71.382100519010407, 24.347695990468626 ], [ 71.37122585473351, 24.350680161455699 ], [ 71.383975461127108, 24.350680161455699 ], [ 71.373475785273556, 24.378532424001733 ], [ 71.361851144149966, 24.383837616867645 ], [ 71.365976016806727, 24.391463831612391 ], [ 71.346101630369631, 24.386490213300597 ], [ 71.319102463889053, 24.402405791898332 ], [ 71.343101722982908, 24.425284436132571 ], [ 71.320602417582421, 24.445510483933859 ], [ 71.331102093435973, 24.460762913423352 ], [ 71.349101537756368, 24.457447167882158 ], [ 71.331477081859319, 24.479331088454039 ], [ 71.348351560909677, 24.517462162177775 ], [ 71.29247828583182, 24.519120034948372 ], [ 71.257229374037735, 24.508178074662432 ], [ 71.260229281424458, 24.533377740775506 ], [ 71.297353135335257, 24.564214174308614 ], [ 71.306352857495455, 24.588419116759333 ], [ 71.306727845918786, 24.589413840421692 ], [ 71.287978424751714, 24.593061160517003 ], [ 71.284978517364991, 24.593724309625244 ], [ 71.287978424751714, 24.615939804751246 ], [ 71.287978424751714, 24.615939804751246 ], [ 71.287978424751714, 24.615939804751246 ], [ 71.313852625962269, 24.648102536500829 ], [ 71.347976572486346, 24.661033944111487 ], [ 71.358476248339898, 24.630860659686618 ], [ 71.37722566950697, 24.625887041374828 ], [ 71.477722566962456, 24.679602119142174 ], [ 71.53059593465359, 24.683249439237489 ], [ 71.541845587353819, 24.675954799046863 ], [ 71.573344614914504, 24.683912588345727 ], [ 71.590219093964862, 24.667333860639758 ], [ 71.607843549861911, 24.676949522709222 ], [ 71.655467079626263, 24.639150023539607 ], [ 71.707965458894051, 24.661697093219725 ], [ 71.736464579067999, 24.660370795003249 ], [ 71.791587877299179, 24.677281097263339 ], [ 71.810337298466237, 24.656060325799697 ], [ 71.805837437386145, 24.626550190483066 ], [ 71.852336001880474, 24.609308313668855 ], [ 71.865460596697417, 24.630529085132501 ], [ 71.857585839807257, 24.666339136977399 ], [ 71.871835399894223, 24.681591566466892 ], [ 71.918708952811897, 24.671975904397428 ], [ 71.915334057001829, 24.649428834717309 ], [ 71.939708304519016, 24.633844830673695 ], [ 71.988081811130044, 24.657386624016173 ], [ 71.983956938473298, 24.685902035670445 ], [ 71.993706637480173, 24.694854548631668 ], [ 72.012456058647231, 24.690544079428118 ], [ 72.058204646294882, 24.712428 ], [ 72.084828824352115, 24.70679123257997 ], [ 72.089703673855553, 24.658712922232652 ], [ 72.124577597226306, 24.638486874431365 ], [ 72.150451798436862, 24.643460492743159 ], [ 72.164701358523828, 24.621244997617154 ], [ 72.196575374507844, 24.614613506534766 ], [ 72.194700432391144, 24.622902870387755 ], [ 72.230324332608575, 24.640476321756083 ], [ 72.254698580125762, 24.624892317712469 ], [ 72.270823082329429, 24.637492150769006 ], [ 72.304947028853505, 24.617597677521843 ], [ 72.320321554210494, 24.617597677521843 ], [ 72.335321091144152, 24.633181681565453 ], [ 72.347320720691073, 24.628539637807783 ], [ 72.336071067990829, 24.598697927937035 ], [ 72.313571762590357, 24.593724309625244 ], [ 72.297447260386676, 24.608976739114738 ], [ 72.276072920256212, 24.607318866344141 ], [ 72.246448834812242, 24.585434945772256 ], [ 72.264823267555968, 24.560235279659182 ], [ 72.285822619263087, 24.565208897970972 ], [ 72.294822341423284, 24.546640722940282 ], [ 72.328946287947346, 24.552277490360314 ], [ 72.330821230064061, 24.569187792620404 ], [ 72.353695523887879, 24.563551025200375 ], [ 72.388569447258618, 24.50751492555419 ], [ 72.416318590585888, 24.52110948227309 ], [ 72.441442814949752, 24.51480956574482 ], [ 72.430193162249509, 24.479994237562281 ], [ 72.457192328730088, 24.414674050400752 ], [ 72.500315997414347, 24.416995072279587 ], [ 72.493191217370864, 24.459105040652755 ], [ 72.504440870071107, 24.458110316990396 ], [ 72.520190383851443, 24.500220285363564 ], [ 72.533689967091732, 24.503867605458879 ], [ 72.538939805018515, 24.519451609502489 ], [ 72.5760636589293, 24.478667939345801 ], [ 72.683310348004937, 24.463747084410425 ], [ 72.689310162778398, 24.411689879413675 ], [ 72.724934062995828, 24.367258889161672 ], [ 72.805931562437564, 24.362948419958119 ], [ 72.853555092201915, 24.371237783811104 ], [ 72.891053934536046, 24.35698007798397 ], [ 72.910553332549796, 24.337085604736803 ], [ 72.959301827584184, 24.360958972633401 ] ] ] } },
{ "type": "Feature", "properties": { "dt_code": "470", "district": "Patan", "st_nm": "Gujarat", "st_code": "24", "year": "2011_c" }, "geometry": { "type": "Polygon", "coordinates": [ [ [ 71.319102463889053, 23.983627130045491 ], [ 71.335601954516079, 23.970032573326595 ], [ 71.365976016806727, 23.970364147880712 ], [ 71.374225762120233, 23.955111718391219 ], [ 71.395225113827351, 23.965722104123042 ], [ 71.416224465534469, 23.92493843396635 ], [ 71.444723585708417, 23.941185587118202 ], [ 71.454473284715291, 23.964727380460683 ], [ 71.442473655168357, 23.980974533612535 ], [ 71.47922252065581, 24.025073949310418 ], [ 71.491222150202745, 24.014795138132715 ], [ 71.48747226596933, 23.975337766192503 ], [ 71.497971941822883, 23.969700998772474 ], [ 71.545970460010579, 23.981637682720773 ], [ 71.554595193747431, 24.000869006859702 ], [ 71.565844846447675, 23.995895388547908 ], [ 71.560595008520892, 23.979316660841938 ], [ 71.591719047658231, 23.976332489854862 ], [ 71.586844198154793, 23.963401082244204 ], [ 71.60521863089852, 23.942511885334682 ], [ 71.665216778633138, 23.97235359520543 ], [ 71.688466060880302, 23.970695722434833 ], [ 71.697840771463831, 23.930243626832262 ], [ 71.717340169477581, 23.927591030399306 ], [ 71.714340262090857, 23.869897057982527 ], [ 71.761588803431863, 23.841381646328255 ], [ 71.7664636529353, 23.826792365947 ], [ 71.778838270905567, 23.844697391869449 ], [ 71.815212147969675, 23.854976203047151 ], [ 71.827961754363287, 23.844365817315328 ], [ 71.861335724040671, 23.847018413748284 ], [ 71.867335538814132, 23.869565483428406 ], [ 71.889459855791273, 23.878186421835512 ], [ 71.977582135276492, 23.889128382121452 ], [ 71.974207239466423, 23.905375535273304 ], [ 71.938208350825647, 23.927591030399306 ], [ 71.92920862866545, 23.952127547404146 ], [ 71.948708026679199, 23.973016744313668 ], [ 71.928833640242118, 23.979316660841938 ], [ 71.925458744432035, 24.009158370712687 ], [ 71.949083015102545, 24.007832072496207 ], [ 71.961082644649466, 23.990921770236117 ], [ 71.98845679955339, 23.993242792114955 ], [ 71.995581579596873, 23.981637682720773 ], [ 72.000081440676965, 23.967048402339518 ], [ 72.002706359640356, 23.97102729698895 ], [ 72.011331093377208, 23.983627130045491 ], [ 72.0120810702239, 23.984953428261967 ], [ 72.038705248281133, 23.979979809950176 ], [ 72.039080236704478, 23.980642959058414 ], [ 72.039830213551156, 23.980311384504297 ], [ 72.046580005171307, 23.992579643006714 ], [ 72.050329889404708, 23.999211134089105 ], [ 72.050329889404708, 23.999542708643222 ], [ 72.027455595580889, 24.019105607336268 ], [ 72.013206035493923, 24.068510215900066 ], [ 72.028580560850912, 24.067183917683586 ], [ 72.031580468237649, 24.052926211856452 ], [ 72.060829565258274, 24.032368589501047 ], [ 72.090078662278898, 24.04132110246227 ], [ 72.100953326555796, 24.034358036825765 ], [ 72.101328314979142, 24.054252510072928 ], [ 72.132452354116467, 24.052594637302331 ], [ 72.157201590056999, 24.094373031121378 ], [ 72.147076902626793, 24.104320267744964 ], [ 72.148201867896816, 24.123883166438009 ], [ 72.093078569665636, 24.123883166438009 ], [ 72.089703673855553, 24.138472446819264 ], [ 72.11220297925604, 24.135819850386309 ], [ 72.129827435153089, 24.155051174525237 ], [ 72.14970182159017, 24.152398578092281 ], [ 72.148951844743493, 24.129519933858042 ], [ 72.177075976494095, 24.118246399017981 ], [ 72.203700154551328, 24.149082832551088 ], [ 72.214574818828225, 24.144440788793414 ], [ 72.223574540988423, 24.130846232074518 ], [ 72.206325073514719, 24.113935929814428 ], [ 72.223949529411769, 24.076136430644812 ], [ 72.225824471528469, 24.07215753599538 ], [ 72.255823545395785, 24.081441623510724 ], [ 72.270448093906097, 24.055578808289408 ], [ 72.299322202503376, 24.053257786410569 ], [ 72.309446889933596, 24.038336931475197 ], [ 72.339820952224244, 24.037673782366959 ], [ 72.34432081330435, 24.01380041447036 ], [ 72.361195292354708, 24.009821519820925 ], [ 72.370195014514891, 23.971690446097192 ], [ 72.414068660045842, 23.97235359520543 ], [ 72.429818173826177, 23.983627130045491 ], [ 72.438067919139684, 23.967048402339518 ], [ 72.462442166656871, 23.970364147880712 ], [ 72.465067085620262, 23.969700998772474 ], [ 72.48006662255392, 23.95411699472886 ], [ 72.480441610977252, 23.953122271066501 ], [ 72.486441425750726, 23.934885670589935 ], [ 72.482691541517312, 23.934222521481693 ], [ 72.468816969853677, 23.899738767853275 ], [ 72.467317016160308, 23.892444127662646 ], [ 72.466192050890285, 23.893107276770884 ], [ 72.444817710759835, 23.907696557152139 ], [ 72.442942768643121, 23.89575987320384 ], [ 72.423068382206026, 23.901065066069751 ], [ 72.40319399576893, 23.874870676294318 ], [ 72.380694690368458, 23.867244461549571 ], [ 72.356695431274602, 23.883491614701423 ], [ 72.328196311100669, 23.880507443714347 ], [ 72.325946380560623, 23.852323606614195 ], [ 72.29294739930657, 23.849339435627122 ], [ 72.318071623670448, 23.811871511011624 ], [ 72.30119714462009, 23.802918998050401 ], [ 72.294822341423284, 23.780040353816158 ], [ 72.321071531057186, 23.767108946205504 ], [ 72.28694758453311, 23.731298894360602 ], [ 72.284322665569732, 23.68587318044624 ], [ 72.304197052006813, 23.68719947866272 ], [ 72.310571855203619, 23.674268071052062 ], [ 72.290697468766524, 23.620884567838832 ], [ 72.290322480343193, 23.619558269622356 ], [ 72.260323406475877, 23.631163379016535 ], [ 72.255448556972439, 23.646747383060148 ], [ 72.228074402068515, 23.617568822297638 ], [ 72.183450779690901, 23.641442190194237 ], [ 72.177075976494095, 23.61060575666113 ], [ 72.147076902626793, 23.612595203985848 ], [ 72.129452446729744, 23.600658520037548 ], [ 72.121202701416237, 23.609611032998771 ], [ 72.103953233942534, 23.594027028955161 ], [ 72.107703118175948, 23.571148384720917 ], [ 72.06120455368162, 23.565511617300889 ], [ 72.072079217958517, 23.584079792331575 ], [ 72.057829657871537, 23.597342774496354 ], [ 72.061954530528297, 23.613589927648206 ], [ 72.033080421931004, 23.614584651310565 ], [ 72.0139560123406, 23.629837080800058 ], [ 71.980957031086561, 23.618231971405876 ], [ 71.982081996356584, 23.600990094591666 ], [ 71.93520844343891, 23.581095621344502 ], [ 71.952832899335959, 23.575127279370353 ], [ 71.965582505729571, 23.536333056538378 ], [ 71.96895740153964, 23.526717394468914 ], [ 71.943083200329085, 23.518096456061809 ], [ 71.942333223482407, 23.499859855585242 ], [ 71.941958235059062, 23.499528281031122 ], [ 71.922833825468643, 23.492565215394613 ], [ 71.863585654580717, 23.47134444393097 ], [ 71.862460689310694, 23.47101286937685 ], [ 71.836961476523484, 23.418292515271862 ], [ 71.793837807839225, 23.391766550942307 ], [ 71.761213815008517, 23.403703234890607 ], [ 71.760088849738494, 23.426581879124846 ], [ 71.777713305635544, 23.45443414167088 ], [ 71.771713490862084, 23.467697123835656 ], [ 71.771338502438738, 23.468028698389777 ], [ 71.726339891637778, 23.468028698389777 ], [ 71.730464764294524, 23.490575768069895 ], [ 71.702340632543923, 23.480960106000431 ], [ 71.699340725157199, 23.481623255108673 ], [ 71.603343688781806, 23.497207259152283 ], [ 71.577844475994596, 23.496212535489928 ], [ 71.564719881177652, 23.49554938638169 ], [ 71.537345726273728, 23.480628531446314 ], [ 71.533970830463659, 23.478970658675717 ], [ 71.533595842040313, 23.478639084121596 ], [ 71.508096629253103, 23.456092014441474 ], [ 71.520471247223369, 23.527712118131273 ], [ 71.445098574131748, 23.469354996606253 ], [ 71.448098481518485, 23.536001481984258 ], [ 71.473597694305695, 23.555895955231424 ], [ 71.418474396074515, 23.567169490071485 ], [ 71.425224187694667, 23.6288423571377 ], [ 71.393725160133982, 23.602647967362266 ], [ 71.375725715813601, 23.649731554047221 ], [ 71.350976479873069, 23.656363045129613 ], [ 71.30447791537874, 23.645421084843669 ], [ 71.221980462243636, 23.656363045129613 ], [ 71.213355728506784, 23.678246965701494 ], [ 71.22385540436035, 23.687862627770958 ], [ 71.218605566433567, 23.722677955953497 ], [ 71.21785558958689, 23.729309447035888 ], [ 71.212230763236761, 23.731298894360602 ], [ 71.197981203149794, 23.736272512672393 ], [ 71.17473192090263, 23.74423030197126 ], [ 71.177356839866022, 23.728646297927646 ], [ 71.144357858611983, 23.729972596144126 ], [ 71.152232615502143, 23.712730719329915 ], [ 71.162357302932364, 23.721351657737021 ], [ 71.18073173567609, 23.715714890316988 ], [ 71.148857719692074, 23.683552158567405 ], [ 71.149607696538752, 23.667968154523791 ], [ 71.136858090145154, 23.663989259874359 ], [ 71.135733124875131, 23.627847633475341 ], [ 71.096734328847631, 23.614584651310565 ], [ 71.089609548804134, 23.624531887934147 ], [ 71.092609456190871, 23.606626862011698 ], [ 71.080984815067282, 23.598669072712831 ], [ 71.07648495398719, 23.602979541916383 ], [ 71.03898611165306, 23.642768488410717 ], [ 71.039361100076391, 23.680899562134449 ], [ 71.069360173943707, 23.688525776879196 ], [ 71.056985555973441, 23.737267236334752 ], [ 71.072735069753776, 23.730304170698247 ], [ 71.053610660163372, 23.743567152863022 ], [ 71.055860590703418, 23.786671844898549 ], [ 71.044610938003174, 23.790319164993861 ], [ 71.043110984309806, 23.804576870820998 ], [ 71.061110428630201, 23.805240019929236 ], [ 71.069360173943707, 23.816845129323418 ], [ 71.063360359170247, 23.824802918622282 ], [ 71.074235023447144, 23.829776536934073 ], [ 71.063735347593592, 23.838397475341178 ], [ 71.1001092246577, 23.902391364286231 ], [ 71.176231874595999, 23.919964815654559 ], [ 71.177731828289353, 23.930575201386382 ], [ 71.193481342069703, 23.920959539316918 ], [ 71.218230578010221, 23.935880394252294 ], [ 71.238854941294008, 23.918638517438083 ], [ 71.254229466650997, 23.921291113871035 ], [ 71.253104501380975, 23.933227797819338 ], [ 71.265104130927895, 23.920959539316918 ], [ 71.274103853088093, 23.934222521481693 ], [ 71.299603065875303, 23.927591030399306 ], [ 71.288728401598405, 23.94814865275471 ], [ 71.319102463889053, 23.983627130045491 ] ] ] } },
{ "type": "Feature", "properties": { "dt_code": "471", "district": "Mehsana", "st_nm": "Gujarat", "st_code": "24", "year": "2011_c" }, "geometry": { "type": "Polygon", "coordinates": [ [ [ 72.486441425750726, 23.934885670589935 ], [ 72.487191402597404, 23.931901499602859 ], [ 72.524690244931534, 23.943838183551158 ], [ 72.534814932361755, 23.934885670589935 ], [ 72.58431340424282, 23.935880394252294 ], [ 72.591063195862958, 23.977327213517221 ], [ 72.650686355174244, 23.993905941223193 ], [ 72.648436424634184, 24.026731822081018 ], [ 72.639811690897332, 24.023747651093942 ], [ 72.636811783510609, 24.042315826124629 ], [ 72.619937304460251, 24.053920935518811 ], [ 72.637186771933955, 24.075804856090691 ], [ 72.652186308867599, 24.083762645389559 ], [ 72.670185753187994, 24.071162812333021 ], [ 72.685935266968329, 24.072820685103618 ], [ 72.714434387142262, 24.098351925770814 ], [ 72.729808912499266, 24.094041456567261 ], [ 72.734683762002703, 24.076468005198929 ], [ 72.75905800951989, 24.080115325294244 ], [ 72.770307662220134, 24.099346649433173 ], [ 72.7826822801904, 24.101999245866129 ], [ 72.819806134101199, 24.048615742652899 ], [ 72.820556110947877, 24.04762101899054 ], [ 72.838930543691603, 24.039663229691673 ], [ 72.856180011165307, 24.045299997111705 ], [ 72.866679687018859, 24.0247423747563 ], [ 72.86330479120879, 24.021426629215107 ], [ 72.858054953282007, 24.016453010903312 ], [ 72.851680150085215, 23.973016744313668 ], [ 72.818681168831162, 23.94814865275471 ], [ 72.830305809954751, 23.931569925048741 ], [ 72.804806597167541, 23.914991197342768 ], [ 72.80405662032085, 23.875533825402556 ], [ 72.790932025503906, 23.839060624449417 ], [ 72.789432071810538, 23.832097558812912 ], [ 72.814556296174416, 23.798608528846849 ], [ 72.81418130775107, 23.797945379738607 ], [ 72.794681909737321, 23.759151156906636 ], [ 72.83368070576482, 23.672941772835582 ], [ 72.834430682611512, 23.672278623727344 ], [ 72.815681261444439, 23.640115891977761 ], [ 72.840805485808303, 23.605632138349339 ], [ 72.841930451078326, 23.604305840132859 ], [ 72.840430497384972, 23.603311116470504 ], [ 72.810431423517656, 23.589384985197487 ], [ 72.806681539284241, 23.572806257491514 ], [ 72.831055786801429, 23.545948718607843 ], [ 72.823556018334614, 23.522738499819482 ], [ 72.83368070576482, 23.518428030615929 ], [ 72.823556018334614, 23.500854579247598 ], [ 72.822806041487922, 23.499859855585242 ], [ 72.798431793970735, 23.501849302909957 ], [ 72.78868209496386, 23.502844026572316 ], [ 72.785682187577123, 23.502844026572316 ], [ 72.771807615913502, 23.517433306953571 ], [ 72.772182604336834, 23.538322503863093 ], [ 72.743308495739555, 23.536001481984258 ], [ 72.732433831462657, 23.518096456061809 ], [ 72.70805958394547, 23.52936999090187 ], [ 72.690810116471766, 23.522738499819482 ], [ 72.675810579538108, 23.530364714564229 ], [ 72.678810486924846, 23.555895955231424 ], [ 72.654436239407659, 23.550922336919633 ], [ 72.655186216254336, 23.566506340963247 ], [ 72.647686447787507, 23.567169490071485 ], [ 72.624062177116997, 23.556559104339662 ], [ 72.619562316036905, 23.511464964979421 ], [ 72.58431340424282, 23.521743776157123 ], [ 72.574938693659277, 23.464712952848579 ], [ 72.545689596638653, 23.453770992562639 ], [ 72.545314608215307, 23.42989762466604 ], [ 72.54456463136863, 23.429566050111923 ], [ 72.526190198624903, 23.424924006354249 ], [ 72.527315163894926, 23.404366383998845 ], [ 72.504815858494453, 23.38380876164344 ], [ 72.524690244931534, 23.363251139288035 ], [ 72.521315349121465, 23.350319731677377 ], [ 72.489816321560795, 23.340040920499675 ], [ 72.4718168772404, 23.344351389703228 ], [ 72.484191495210666, 23.320146447252508 ], [ 72.459067270846802, 23.31351495617012 ], [ 72.475191773050483, 23.30257299588418 ], [ 72.450817525533296, 23.297930952126507 ], [ 72.437317942293006, 23.310530785183047 ], [ 72.412193717929128, 23.280689075312296 ], [ 72.423068382206026, 23.257478856523935 ], [ 72.433193069636246, 23.263778773052206 ], [ 72.445942676029858, 23.2551578346451 ], [ 72.446692652876536, 23.244547448913281 ], [ 72.426443278016109, 23.243884299805039 ], [ 72.448192606569904, 23.195805989457721 ], [ 72.422693393782694, 23.2090689716225 ], [ 72.415193625315865, 23.186853476496498 ], [ 72.402444018922253, 23.187516625604736 ], [ 72.384069586178526, 23.163643257708138 ], [ 72.397569169418816, 23.147727679110403 ], [ 72.417818544279257, 23.155353893855153 ], [ 72.427568243286132, 23.14341720990685 ], [ 72.417443555855911, 23.130485802296196 ], [ 72.400944065228884, 23.13380154783739 ], [ 72.402819007345599, 23.125512183984402 ], [ 72.370570002938237, 23.096002048667774 ], [ 72.357070419697948, 23.122859587551446 ], [ 72.348445685961096, 23.125180609430284 ], [ 72.343945824881004, 23.125512183984402 ], [ 72.336446056414175, 23.106944008953715 ], [ 72.335696079567498, 23.106944008953715 ], [ 72.334946102720806, 23.107938732616073 ], [ 72.327446334253978, 23.105286136183118 ], [ 72.309446889933596, 23.09865464510073 ], [ 72.306446982546859, 23.097659921438371 ], [ 72.307946936240228, 23.094012601343056 ], [ 72.322946473173886, 23.055549953065203 ], [ 72.295572318269961, 23.038639650805113 ], [ 72.280572781336318, 23.059197273160517 ], [ 72.282822711876364, 23.080086470070039 ], [ 72.256573522242462, 23.087381110260669 ], [ 72.2614483717459, 23.101638816087803 ], [ 72.238199089498735, 23.120206991118494 ], [ 72.23782410107539, 23.120206991118494 ], [ 72.219824656755009, 23.124849034876164 ], [ 72.194325443967799, 23.118549118347893 ], [ 72.191325536581061, 23.106612434399594 ], [ 72.159826509020391, 23.111917627265505 ], [ 72.162076439560437, 23.140101464365657 ], [ 72.187950640770993, 23.144080359015092 ], [ 72.167701265910566, 23.197463862228318 ], [ 72.184950733384269, 23.214042589934291 ], [ 72.174826045954049, 23.272731286013432 ], [ 72.183075791267555, 23.282015373528775 ], [ 72.200325258741259, 23.27936277709582 ], [ 72.208949992478111, 23.31351495617012 ], [ 72.248323776928956, 23.33175155664669 ], [ 72.250948695892347, 23.332746280309046 ], [ 72.264823267555968, 23.349988157123256 ], [ 72.266698209672683, 23.352309179002095 ], [ 72.267073198096028, 23.352640753556212 ], [ 72.260323406475877, 23.374524674128097 ], [ 72.288447538226478, 23.393092849158784 ], [ 72.298572225656699, 23.415308344284785 ], [ 72.279072827642949, 23.43122392288252 ], [ 72.287697561379801, 23.445813203263775 ], [ 72.267073198096028, 23.458413036320312 ], [ 72.262948325439268, 23.4650445274027 ], [ 72.259948418052531, 23.462723505523865 ], [ 72.256573522242462, 23.460734058199147 ], [ 72.248698765352302, 23.456092014441474 ], [ 72.239324054768758, 23.430560773774278 ], [ 72.211574911441502, 23.438518563073146 ], [ 72.211574911441502, 23.423929282691891 ], [ 72.19095054815773, 23.416303067947144 ], [ 72.171826138567312, 23.427245028233084 ], [ 72.171826138567312, 23.444155330493174 ], [ 72.153076717400253, 23.451118396129683 ], [ 72.109203071869302, 23.449792097913207 ], [ 72.087828731738853, 23.459407759982671 ], [ 72.051829843098076, 23.443160606830819 ], [ 72.026705618734212, 23.476649636796878 ], [ 72.027455595580889, 23.483612702433387 ], [ 72.030080514544281, 23.507154495775868 ], [ 71.99858148698361, 23.498533557368763 ], [ 71.989581764823413, 23.489581044407537 ], [ 71.99858148698361, 23.498865131922884 ], [ 71.979832065816538, 23.502512452018195 ], [ 71.979457077393192, 23.519754328832406 ], [ 71.96895740153964, 23.526717394468914 ], [ 71.965582505729571, 23.536333056538378 ], [ 71.952832899335959, 23.575127279370353 ], [ 71.93520844343891, 23.581095621344502 ], [ 71.982081996356584, 23.600990094591666 ], [ 71.980957031086561, 23.618231971405876 ], [ 72.0139560123406, 23.629837080800058 ], [ 72.033080421931004, 23.614584651310565 ], [ 72.061954530528297, 23.613589927648206 ], [ 72.057829657871537, 23.597342774496354 ], [ 72.072079217958517, 23.584079792331575 ], [ 72.06120455368162, 23.565511617300889 ], [ 72.107703118175948, 23.571148384720917 ], [ 72.103953233942534, 23.594027028955161 ], [ 72.121202701416237, 23.609611032998771 ], [ 72.129452446729744, 23.600658520037548 ], [ 72.147076902626793, 23.612595203985848 ], [ 72.177075976494095, 23.61060575666113 ], [ 72.183450779690901, 23.641442190194237 ], [ 72.228074402068515, 23.617568822297638 ], [ 72.255448556972439, 23.646747383060148 ], [ 72.260323406475877, 23.631163379016535 ], [ 72.290322480343193, 23.619558269622356 ], [ 72.290697468766524, 23.620884567838832 ], [ 72.310571855203619, 23.674268071052062 ], [ 72.304197052006813, 23.68719947866272 ], [ 72.284322665569732, 23.68587318044624 ], [ 72.28694758453311, 23.731298894360602 ], [ 72.321071531057186, 23.767108946205504 ], [ 72.294822341423284, 23.780040353816158 ], [ 72.30119714462009, 23.802918998050401 ], [ 72.318071623670448, 23.811871511011624 ], [ 72.29294739930657, 23.849339435627122 ], [ 72.325946380560623, 23.852323606614195 ], [ 72.328196311100669, 23.880507443714347 ], [ 72.356695431274602, 23.883491614701423 ], [ 72.380694690368458, 23.867244461549571 ], [ 72.40319399576893, 23.874870676294318 ], [ 72.423068382206026, 23.901065066069751 ], [ 72.442942768643121, 23.89575987320384 ], [ 72.444817710759835, 23.907696557152139 ], [ 72.466192050890285, 23.893107276770884 ], [ 72.467317016160308, 23.892444127662646 ], [ 72.468816969853677, 23.899738767853275 ], [ 72.482691541517312, 23.934222521481693 ], [ 72.486441425750726, 23.934885670589935 ] ] ] } },
{ "type": "Feature", "properties": { "dt_code": "473", "district": "Gandhinagar", "st_nm": "Gujarat", "st_code": "24", "year": "2011_c" }, "geometry": { "type": "Polygon", "coordinates": [ [ [ 72.336446056414175, 23.106944008953715 ], [ 72.343945824881004, 23.125512183984402 ], [ 72.348445685961096, 23.125180609430284 ], [ 72.357070419697948, 23.122859587551446 ], [ 72.370570002938237, 23.096002048667774 ], [ 72.402819007345599, 23.125512183984402 ], [ 72.400944065228884, 23.13380154783739 ], [ 72.417443555855911, 23.130485802296196 ], [ 72.427568243286132, 23.14341720990685 ], [ 72.417818544279257, 23.155353893855153 ], [ 72.397569169418816, 23.147727679110403 ], [ 72.384069586178526, 23.163643257708138 ], [ 72.402444018922253, 23.187516625604736 ], [ 72.415193625315865, 23.186853476496498 ], [ 72.422693393782694, 23.2090689716225 ], [ 72.448192606569904, 23.195805989457721 ], [ 72.426443278016109, 23.243884299805039 ], [ 72.446692652876536, 23.244547448913281 ], [ 72.445942676029858, 23.2551578346451 ], [ 72.433193069636246, 23.263778773052206 ], [ 72.423068382206026, 23.257478856523935 ], [ 72.412193717929128, 23.280689075312296 ], [ 72.437317942293006, 23.310530785183047 ], [ 72.450817525533296, 23.297930952126507 ], [ 72.475191773050483, 23.30257299588418 ], [ 72.459067270846802, 23.31351495617012 ], [ 72.484191495210666, 23.320146447252508 ], [ 72.4718168772404, 23.344351389703228 ], [ 72.489816321560795, 23.340040920499675 ], [ 72.521315349121465, 23.350319731677377 ], [ 72.524690244931534, 23.363251139288035 ], [ 72.504815858494453, 23.38380876164344 ], [ 72.527315163894926, 23.404366383998845 ], [ 72.526190198624903, 23.424924006354249 ], [ 72.54456463136863, 23.429566050111923 ], [ 72.545314608215307, 23.42989762466604 ], [ 72.545689596638653, 23.453770992562639 ], [ 72.574938693659277, 23.464712952848579 ], [ 72.58431340424282, 23.521743776157123 ], [ 72.619562316036905, 23.511464964979421 ], [ 72.624062177116997, 23.556559104339662 ], [ 72.647686447787507, 23.567169490071485 ], [ 72.655186216254336, 23.566506340963247 ], [ 72.654436239407659, 23.550922336919633 ], [ 72.678810486924846, 23.555895955231424 ], [ 72.675810579538108, 23.530364714564229 ], [ 72.690810116471766, 23.522738499819482 ], [ 72.70805958394547, 23.52936999090187 ], [ 72.732433831462657, 23.518096456061809 ], [ 72.743308495739555, 23.536001481984258 ], [ 72.772182604336834, 23.538322503863093 ], [ 72.771807615913502, 23.517433306953571 ], [ 72.785682187577123, 23.502844026572316 ], [ 72.78868209496386, 23.502844026572316 ], [ 72.798431793970735, 23.501849302909957 ], [ 72.809681446670979, 23.484275851541629 ], [ 72.816431238291116, 23.474328614918043 ], [ 72.818306180407831, 23.468028698389777 ], [ 72.793556944467298, 23.426581879124846 ], [ 72.80218167820415, 23.405692682215321 ], [ 72.771807615913502, 23.414976769730664 ], [ 72.734308773579357, 23.403371660336486 ], [ 72.72343410930246, 23.38977710361759 ], [ 72.752683206323084, 23.387124507184634 ], [ 72.746683391549624, 23.374524674128097 ], [ 72.764682835870019, 23.367230033937467 ], [ 72.765057824293351, 23.35463020088093 ], [ 72.807806504554264, 23.355624924543289 ], [ 72.796931840277367, 23.331419982092569 ], [ 72.801056712934127, 23.31948329814427 ], [ 72.801431701357473, 23.319151723590149 ], [ 72.801431701357473, 23.318820149036032 ], [ 72.83368070576482, 23.331419982092569 ], [ 72.864429756478813, 23.31351495617012 ], [ 72.864804744902159, 23.31351495617012 ], [ 72.877179362872425, 23.315504403494838 ], [ 72.915428182053233, 23.322135894577226 ], [ 72.91430321678321, 23.29660465391003 ], [ 72.883554166069217, 23.288315290057042 ], [ 72.898928691426221, 23.281020649866417 ], [ 72.920303031556685, 23.290967886489998 ], [ 72.919178066286648, 23.263778773052206 ], [ 72.93605254533702, 23.238910681493248 ], [ 72.948052174883941, 23.252505238212144 ], [ 72.959676816007516, 23.241231703372083 ], [ 72.959676816007516, 23.259136729294532 ], [ 72.978426237174588, 23.263778773052206 ], [ 72.960801781277553, 23.281020649866417 ], [ 72.994925727801615, 23.29030473738176 ], [ 73.017050044778756, 23.27803647887934 ], [ 73.01255018369865, 23.273726009675787 ], [ 72.999800577305052, 23.270078689580476 ], [ 72.994175750954923, 23.2551578346451 ], [ 72.987800947758117, 23.23824753238501 ], [ 72.981426144561325, 23.222331953787275 ], [ 72.983301086678026, 23.213379440826053 ], [ 72.977676260327911, 23.178232538089393 ], [ 72.984426051948049, 23.174916792548199 ], [ 72.971301457131105, 23.163311683154017 ], [ 73.012925172121996, 23.160327512166944 ], [ 73.013300160545342, 23.144080359015092 ], [ 73.025674778515608, 23.13844359159506 ], [ 73.026424755362285, 23.135127846053866 ], [ 73.022674871128871, 23.131480525958551 ], [ 73.002800484691775, 23.130817376850313 ], [ 73.007300345771881, 23.102965114304283 ], [ 72.981801132984657, 23.08771268481479 ], [ 72.996800669918315, 23.057870974944038 ], [ 72.960801781277553, 23.059528847714635 ], [ 72.960801781277553, 23.073786553541773 ], [ 72.925552869483454, 23.08041804462416 ], [ 72.923302938943408, 23.069807658892337 ], [ 72.905678483046358, 23.065497189688784 ], [ 72.913178251513187, 23.053228931186368 ], [ 72.892553888229415, 23.014434708354393 ], [ 72.846055323735087, 23.010455813704962 ], [ 72.843055416348363, 23.010124239150841 ], [ 72.848305254275132, 22.9991822788649 ], [ 72.838180566844926, 22.996529682431945 ], [ 72.807056527707587, 23.026039817748575 ], [ 72.815306273021093, 23.037313352588633 ], [ 72.794681909737321, 23.044276418225142 ], [ 72.789807060233883, 23.058534124052279 ], [ 72.766182789563373, 23.059528847714635 ], [ 72.778182419110294, 23.077433873637084 ], [ 72.766182789563373, 23.095338899559536 ], [ 72.716309329258976, 23.094675750451295 ], [ 72.710309514485516, 23.110591329049029 ], [ 72.69980983863195, 23.111917627265505 ], [ 72.683685336428283, 23.101638816087803 ], [ 72.672060695304694, 23.107938732616073 ], [ 72.665310903684556, 23.094675750451295 ], [ 72.646561482517484, 23.100975666979565 ], [ 72.610562593876708, 23.091360004910101 ], [ 72.618812339190228, 23.114901798252582 ], [ 72.608687651760007, 23.128827929525599 ], [ 72.582813450549452, 23.129822653187954 ], [ 72.57831358946936, 23.118217543793776 ], [ 72.562939064112356, 23.115896521914941 ], [ 72.562564075689011, 23.137117293378584 ], [ 72.540439758711869, 23.132143675066793 ], [ 72.54868950402539, 23.163974832262255 ], [ 72.537439851325146, 23.164306406816376 ], [ 72.530690059704995, 23.148390828218645 ], [ 72.511940638537936, 23.159664363058702 ], [ 72.505190846917785, 23.144080359015092 ], [ 72.483066529940643, 23.144411933569209 ], [ 72.498066066874301, 23.099649368763089 ], [ 72.459817247693479, 23.083733790165354 ], [ 72.4718168772404, 23.06350774236407 ], [ 72.448942583416581, 23.060191996822876 ], [ 72.447442629723213, 23.047592163766335 ], [ 72.435068011752946, 23.043281694562783 ], [ 72.42681826643944, 23.047923738320456 ], [ 72.427568243286132, 23.064834040580546 ], [ 72.407318868425691, 23.067818211567623 ], [ 72.387444481988595, 23.051571058415771 ], [ 72.384444574601872, 23.079423320961801 ], [ 72.369445037668214, 23.093349452234818 ], [ 72.348820674384442, 23.090365281247742 ], [ 72.336446056414175, 23.106944008953715 ] ] ] } },
{ "type": "Feature", "properties": { "dt_code": "474", "district": "Ahmedabad", "st_nm": "Gujarat", "st_code": "24", "year": "2011_c" }, "geometry": { "type": "Polygon", "coordinates": [ [ [ 72.060454576834928, 22.10227310997184 ], [ 72.086328778045484, 22.097299491660049 ], [ 72.148576856320147, 22.115536092136615 ], [ 72.169576208027266, 22.147367249332081 ], [ 72.117452817182823, 22.152009293089755 ], [ 72.111453002409363, 22.169582744458083 ], [ 72.130202423576421, 22.176545810094591 ], [ 72.131702377269789, 22.198761305220593 ], [ 72.087078754892161, 22.217661054805401 ], [ 72.085578801198807, 22.228934589645462 ], [ 72.072079217958517, 22.228934589645462 ], [ 72.05895462314156, 22.248165913784391 ], [ 72.0139560123406, 22.241202848147882 ], [ 71.94345818875243, 22.252807957542061 ], [ 71.934083478168887, 22.27104455801863 ], [ 71.887959902097904, 22.253139532096181 ], [ 71.870710434624201, 22.266070939706839 ], [ 71.859085793500611, 22.257450001299734 ], [ 71.835461522830116, 22.266402514260957 ], [ 71.859085793500611, 22.307517758971766 ], [ 71.841461337603576, 22.324428061231856 ], [ 71.883460041017813, 22.328075381327171 ], [ 71.898834566374802, 22.345317258141382 ], [ 71.88421001786449, 22.366869604159145 ], [ 71.862835677734026, 22.371180073362698 ], [ 71.86058574719398, 22.396048164921655 ], [ 71.902209462184871, 22.423568852913569 ], [ 71.921333871775289, 22.380464160878041 ], [ 71.936708397132278, 22.383116757310997 ], [ 71.94120825821237, 22.380795735432162 ], [ 71.940833269789039, 22.384111480973356 ], [ 71.934083478168887, 22.453410562784317 ], [ 71.972332297349709, 22.472641886923242 ], [ 71.967457447846272, 22.492536360170408 ], [ 71.936708397132278, 22.47960495255975 ], [ 71.916834010695183, 22.482589123546827 ], [ 71.919458929658575, 22.501488873131635 ], [ 71.931458559205495, 22.502815171348111 ], [ 71.913459114885114, 22.526356964690592 ], [ 71.93933331609567, 22.546914587045997 ], [ 71.970082366809663, 22.538956797747129 ], [ 71.97083234365634, 22.538625223193009 ], [ 71.967082459422926, 22.515415004404652 ], [ 72.03345541035435, 22.506794065997546 ], [ 72.039080236704478, 22.483252272655065 ], [ 72.051079866251399, 22.475626057910318 ], [ 72.052954808368099, 22.443131751606614 ], [ 72.084078847505438, 22.435505536861868 ], [ 72.163951381677151, 22.47960495255975 ], [ 72.148201867896816, 22.495520531157485 ], [ 72.145201960510079, 22.517072877175249 ], [ 72.189450594464361, 22.542272543288323 ], [ 72.150076810013516, 22.584050937107371 ], [ 72.103953233942534, 22.602950686692179 ], [ 72.066829380031734, 22.591014002743879 ], [ 72.061579542104951, 22.653681593472452 ], [ 72.022955734500798, 22.680207557802007 ], [ 72.057454669448205, 22.694133689075024 ], [ 72.067579356878412, 22.674902364936095 ], [ 72.094203534935659, 22.675565514044337 ], [ 72.10807810659928, 22.720991227958699 ], [ 72.069829287418472, 22.733922635569357 ], [ 72.054079773638122, 22.750501363275326 ], [ 72.062704507374974, 22.756801279803597 ], [ 72.055579727331491, 22.770395836522493 ], [ 72.047329982017985, 22.768406389197775 ], [ 72.057079681024859, 22.796590226297926 ], [ 72.035705340894395, 22.809853208462705 ], [ 72.041705155667856, 22.826431936168674 ], [ 72.034580375624373, 22.859920966134737 ], [ 72.027830584004235, 22.828421383493392 ], [ 72.013581023917254, 22.81814257231569 ], [ 71.989581764823413, 22.862905137121814 ], [ 72.005331278603748, 22.924246429633907 ], [ 71.995581579596873, 22.95176711762582 ], [ 72.020705803960752, 22.992219213228392 ], [ 72.008706174413817, 23.001503300743735 ], [ 72.021830769230775, 23.018413603003825 ], [ 72.017705896574014, 23.050907909307533 ], [ 72.015455966033969, 23.057870974944038 ], [ 71.973457262619732, 23.058534124052279 ], [ 71.960707656226134, 23.046929014658097 ], [ 71.962207609919489, 23.02836083962741 ], [ 71.952457910912614, 23.028692414181528 ], [ 71.945708119292476, 23.062844593255832 ], [ 71.918708952811897, 23.065828764242905 ], [ 71.899584543221479, 23.102633539750162 ], [ 71.905959346418285, 23.176243090764675 ], [ 71.928083663395427, 23.180221985414107 ], [ 71.949832991949222, 23.204095353310709 ], [ 71.98845679955339, 23.209400546176617 ], [ 71.995581579596873, 23.248194769008592 ], [ 71.970082366809663, 23.250184216333309 ], [ 71.943083200329085, 23.236921234168531 ], [ 71.933708489745555, 23.261457751173371 ], [ 71.91983391808192, 23.264110347606326 ], [ 71.902584450608217, 23.255820983753338 ], [ 71.896959624258102, 23.219016208246082 ], [ 71.869960457777523, 23.218353059137844 ], [ 71.879710156784398, 23.253499961874503 ], [ 71.872585376740901, 23.27936277709582 ], [ 71.88421001786449, 23.302241421330059 ], [ 71.876335260974315, 23.309536061520689 ], [ 71.89433470529471, 23.329098960213734 ], [ 71.870335446200855, 23.381819314318722 ], [ 71.887959902097904, 23.390771827279949 ], [ 71.902959439031562, 23.380824590656363 ], [ 71.956207795146028, 23.387456081738755 ], [ 71.968582413116295, 23.409008427756518 ], [ 71.963707563612857, 23.462060356415627 ], [ 71.989581764823413, 23.489581044407537 ], [ 71.99858148698361, 23.498533557368763 ], [ 72.030080514544281, 23.507154495775868 ], [ 72.027455595580889, 23.483612702433387 ], [ 72.026705618734212, 23.476649636796878 ], [ 72.051829843098076, 23.443160606830819 ], [ 72.087828731738853, 23.459407759982671 ], [ 72.109203071869302, 23.449792097913207 ], [ 72.153076717400253, 23.451118396129683 ], [ 72.171826138567312, 23.444155330493174 ], [ 72.171826138567312, 23.427245028233084 ], [ 72.19095054815773, 23.416303067947144 ], [ 72.211574911441502, 23.423929282691891 ], [ 72.211574911441502, 23.438518563073146 ], [ 72.239324054768758, 23.430560773774278 ], [ 72.248698765352302, 23.456092014441474 ], [ 72.256573522242462, 23.460734058199147 ], [ 72.259948418052531, 23.462723505523865 ], [ 72.262948325439268, 23.4650445274027 ], [ 72.267073198096028, 23.458413036320312 ], [ 72.287697561379801, 23.445813203263775 ], [ 72.279072827642949, 23.43122392288252 ], [ 72.298572225656699, 23.415308344284785 ], [ 72.288447538226478, 23.393092849158784 ], [ 72.260323406475877, 23.374524674128097 ], [ 72.267073198096028, 23.352640753556212 ], [ 72.266698209672683, 23.352309179002095 ], [ 72.264823267555968, 23.349988157123256 ], [ 72.250948695892347, 23.332746280309046 ], [ 72.248323776928956, 23.33175155664669 ], [ 72.208949992478111, 23.31351495617012 ], [ 72.200325258741259, 23.27936277709582 ], [ 72.183075791267555, 23.282015373528775 ], [ 72.174826045954049, 23.272731286013432 ], [ 72.184950733384269, 23.214042589934291 ], [ 72.167701265910566, 23.197463862228318 ], [ 72.187950640770993, 23.144080359015092 ], [ 72.162076439560437, 23.140101464365657 ], [ 72.159826509020391, 23.111917627265505 ], [ 72.191325536581061, 23.106612434399594 ], [ 72.194325443967799, 23.118549118347893 ], [ 72.219824656755009, 23.124849034876164 ], [ 72.23782410107539, 23.120206991118494 ], [ 72.238199089498735, 23.120206991118494 ], [ 72.2614483717459, 23.101638816087803 ], [ 72.256573522242462, 23.087381110260669 ], [ 72.282822711876364, 23.080086470070039 ], [ 72.280572781336318, 23.059197273160517 ], [ 72.295572318269961, 23.038639650805113 ], [ 72.322946473173886, 23.055549953065203 ], [ 72.307946936240228, 23.094012601343056 ], [ 72.306446982546859, 23.097659921438371 ], [ 72.309446889933596, 23.09865464510073 ], [ 72.327446334253978, 23.105286136183118 ], [ 72.334946102720806, 23.107938732616073 ], [ 72.335696079567498, 23.106944008953715 ], [ 72.336446056414175, 23.106944008953715 ], [ 72.348820674384442, 23.090365281247742 ], [ 72.369445037668214, 23.093349452234818 ], [ 72.384444574601872, 23.079423320961801 ], [ 72.387444481988595, 23.051571058415771 ], [ 72.407318868425691, 23.067818211567623 ], [ 72.427568243286132, 23.064834040580546 ], [ 72.42681826643944, 23.047923738320456 ], [ 72.435068011752946, 23.043281694562783 ], [ 72.447442629723213, 23.047592163766335 ], [ 72.448942583416581, 23.060191996822876 ], [ 72.4718168772404, 23.06350774236407 ], [ 72.459817247693479, 23.083733790165354 ], [ 72.498066066874301, 23.099649368763089 ], [ 72.483066529940643, 23.144411933569209 ], [ 72.505190846917785, 23.144080359015092 ], [ 72.511940638537936, 23.159664363058702 ], [ 72.530690059704995, 23.148390828218645 ], [ 72.537439851325146, 23.164306406816376 ], [ 72.54868950402539, 23.163974832262255 ], [ 72.540439758711869, 23.132143675066793 ], [ 72.562564075689011, 23.137117293378584 ], [ 72.562939064112356, 23.115896521914941 ], [ 72.57831358946936, 23.118217543793776 ], [ 72.582813450549452, 23.129822653187954 ], [ 72.608687651760007, 23.128827929525599 ], [ 72.618812339190228, 23.114901798252582 ], [ 72.610562593876708, 23.091360004910101 ], [ 72.646561482517484, 23.100975666979565 ], [ 72.665310903684556, 23.094675750451295 ], [ 72.672060695304694, 23.107938732616073 ], [ 72.683685336428283, 23.101638816087803 ], [ 72.69980983863195, 23.111917627265505 ], [ 72.710309514485516, 23.110591329049029 ], [ 72.716309329258976, 23.094675750451295 ], [ 72.766182789563373, 23.095338899559536 ], [ 72.778182419110294, 23.077433873637084 ], [ 72.766182789563373, 23.059528847714635 ], [ 72.789807060233883, 23.058534124052279 ], [ 72.794681909737321, 23.044276418225142 ], [ 72.815306273021093, 23.037313352588633 ], [ 72.807056527707587, 23.026039817748575 ], [ 72.838180566844926, 22.996529682431945 ], [ 72.838555555268258, 22.996198107877824 ], [ 72.831055786801429, 22.984592998483645 ], [ 72.830680798378097, 22.983598274821286 ], [ 72.831055786801429, 22.982603551158928 ], [ 72.842680427925018, 22.967019547115314 ], [ 72.83968052053828, 22.965030099790599 ], [ 72.804431608744196, 22.941156731894001 ], [ 72.791307013927252, 22.907999276482055 ], [ 72.742183530469532, 22.90567825460322 ], [ 72.724184086149151, 22.914630767564447 ], [ 72.688560185931721, 22.880147013936025 ], [ 72.673560648998063, 22.880478588490142 ], [ 72.666810857377911, 22.895731017979639 ], [ 72.643186586707415, 22.897720465304353 ], [ 72.632686910853849, 22.882136461260743 ], [ 72.607562686489985, 22.886446930464295 ], [ 72.598562964329787, 22.872189224637157 ], [ 72.608687651760007, 22.862573562567693 ], [ 72.607937674913316, 22.81350052855802 ], [ 72.597063010636418, 22.824774063398078 ], [ 72.581313496856083, 22.818805721423928 ], [ 72.570438832579185, 22.826763510722795 ], [ 72.522065325968157, 22.795595502635571 ], [ 72.514190569077982, 22.778685200375477 ], [ 72.529940082858317, 22.767080090981299 ], [ 72.52094036069812, 22.752490810600044 ], [ 72.538939805018515, 22.751827661491806 ], [ 72.52319029123818, 22.733591061015236 ], [ 72.540814747135215, 22.711375565889234 ], [ 72.522440314391488, 22.712370289551593 ], [ 72.517940453311397, 22.700433605603294 ], [ 72.544189642945284, 22.692807390858547 ], [ 72.526940175471594, 22.677886535923172 ], [ 72.549814469295413, 22.672912917611381 ], [ 72.548314515602044, 22.664955128312513 ], [ 72.569313867309162, 22.653681593472452 ], [ 72.537439851325146, 22.652023720701855 ], [ 72.535564909208432, 22.626160905480539 ], [ 72.511940638537936, 22.632792396562927 ], [ 72.510440684844568, 22.628813501913495 ], [ 72.505940823764476, 22.613229497869881 ], [ 72.508565742727853, 22.610576901436929 ], [ 72.504440870071107, 22.607924305003969 ], [ 72.503690893224416, 22.605934857679255 ], [ 72.46581706246694, 22.577419446024983 ], [ 72.441067826526421, 22.565482762076684 ], [ 72.42681826643944, 22.571451104050833 ], [ 72.426443278016109, 22.570456380388475 ], [ 72.430193162249509, 22.552551354466026 ], [ 72.438817895986361, 22.509115087876381 ], [ 72.408068845272368, 22.475957632464439 ], [ 72.37581984086502, 22.473305036031483 ], [ 72.376944806135043, 22.452415839121958 ], [ 72.363820211318099, 22.453410562784317 ], [ 72.355945454427925, 22.440479155173659 ], [ 72.373194921901629, 22.446779071701929 ], [ 72.367945083974845, 22.406990125207596 ], [ 72.341695894340958, 22.386432502852191 ], [ 72.367570095551514, 22.375490542566251 ], [ 72.385194551448549, 22.372506371579174 ], [ 72.390444389375332, 22.366206455050907 ], [ 72.397569169418816, 22.357585516643802 ], [ 72.401694042075576, 22.352943472886128 ], [ 72.37581984086502, 22.314812399162395 ], [ 72.362320257624731, 22.295249500469346 ], [ 72.358195384967971, 22.247502764676149 ], [ 72.339070975377567, 22.213682160155969 ], [ 72.338695986954221, 22.176877384648712 ], [ 72.323321461597232, 22.143719929236767 ], [ 72.307571947816882, 22.145709376561484 ], [ 72.269323128636074, 22.059499992490434 ], [ 72.250198719045656, 22.067789356343418 ], [ 72.224699506258446, 22.057510545165716 ], [ 72.24794878850561, 22.007774362047801 ], [ 72.244198904272196, 21.994511379883026 ], [ 72.226949436798492, 22.004790191060728 ], [ 72.232199274725275, 21.99053248523359 ], [ 72.21832470306164, 21.981579972272367 ], [ 72.17332609226068, 21.993185081666546 ], [ 72.16920121960392, 21.994511379883026 ], [ 72.123452631956283, 22.057178970611595 ], [ 72.080328963272024, 22.055189523286881 ], [ 72.06120455368162, 22.084368084049391 ], [ 72.060079588411583, 22.101278386309481 ], [ 72.059704599988251, 22.10227310997184 ], [ 72.060454576834928, 22.10227310997184 ] ] ] } },
{ "type": "Feature", "properties": { "dt_code": "484", "district": "Panchmahal", "st_nm": "Gujarat", "st_code": "24", "year": "2011_c" }, "geometry": { "type": "Polygon", "coordinates": [ [ [ 73.563408177587121, 22.329733254097768 ], [ 73.566408084973844, 22.336364745180155 ], [ 73.534159080566496, 22.343990959924906 ], [ 73.512784740436032, 22.348633003682576 ], [ 73.501910076159135, 22.351285600115531 ], [ 73.464411233825004, 22.360238113076758 ], [ 73.472285990715164, 22.381790459094518 ], [ 73.458036430628198, 22.38112730998628 ], [ 73.437787055767757, 22.400027059571087 ], [ 73.445661812657931, 22.425226725684166 ], [ 73.419787611447376, 22.428210896671239 ], [ 73.427287379914205, 22.4855732945339 ], [ 73.405163062937064, 22.506794065997546 ], [ 73.421287565140744, 22.546583012491876 ], [ 73.372164081683025, 22.55619867456134 ], [ 73.389038560733383, 22.613561072424002 ], [ 73.388288583886705, 22.615218945194599 ], [ 73.384163711229945, 22.626824054588781 ], [ 73.36241438267615, 22.627487203697019 ], [ 73.368039209026264, 22.647713251498303 ], [ 73.397288306046889, 22.64340278229475 ], [ 73.400288213433626, 22.656665764459529 ], [ 73.416787704060638, 22.660976233663082 ], [ 73.402913132397018, 22.690154794425592 ], [ 73.391288491273428, 22.687502197992636 ], [ 73.383038745959922, 22.719664929742219 ], [ 73.384538699653291, 22.741880424868221 ], [ 73.426912391490859, 22.762438047223625 ], [ 73.42353749568079, 22.780343073146074 ], [ 73.422787518834099, 22.785648266011986 ], [ 73.404038097667041, 22.793606055310853 ], [ 73.404788074513718, 22.813168954003899 ], [ 73.404788074513718, 22.812837379449778 ], [ 73.384538699653291, 22.811511081233302 ], [ 73.383413734383268, 22.794600778973212 ], [ 73.377413919609808, 22.8012322700556 ], [ 73.380788815419876, 22.757796003465955 ], [ 73.350414753129229, 22.792279757094374 ], [ 73.362039394252804, 22.798248099068523 ], [ 73.363164359522827, 22.798911248176765 ], [ 73.363539347946173, 22.798911248176765 ], [ 73.384163711229945, 22.858594667918261 ], [ 73.384913688076622, 22.860252540688858 ], [ 73.375163989069748, 22.881141737598384 ], [ 73.367664220602933, 22.898715188966712 ], [ 73.41941262302403, 22.940162008231642 ], [ 73.418287657754007, 22.942151455556356 ], [ 73.421662553564076, 22.945135626543433 ], [ 73.441911928424517, 22.962045928803523 ], [ 73.448286731621323, 22.969008994440031 ], [ 73.43703707892108, 22.998850704310779 ], [ 73.435537125227711, 23.003161173514332 ], [ 73.435162136804365, 23.003492748068453 ], [ 73.43703707892108, 23.032671308830963 ], [ 73.455786500088152, 23.002829598960215 ], [ 73.471536013868487, 23.000508577081376 ], [ 73.476035874948579, 22.982603551158928 ], [ 73.495160284538983, 22.995203384215465 ], [ 73.524034393136276, 22.980945678388331 ], [ 73.535284045836519, 22.993545511444871 ], [ 73.584407529294239, 22.987245594916601 ], [ 73.619281452664978, 23.024381944977975 ], [ 73.631656070635245, 23.011450537367317 ], [ 73.656405306575778, 23.020403050328543 ], [ 73.631656070635245, 23.026039817748575 ], [ 73.628656163248507, 23.039634374467472 ], [ 73.674404750896159, 23.102633539750162 ], [ 73.702903871070106, 23.082407491948878 ], [ 73.716778442733741, 23.053560505740485 ], [ 73.669904889816067, 23.03300288338508 ], [ 73.668779924546044, 23.020734624882664 ], [ 73.716403454310395, 23.02338722131562 ], [ 73.723903222777224, 23.036318628926274 ], [ 73.741152690250928, 23.011450537367317 ], [ 73.768901833578184, 23.043944843671024 ], [ 73.767401879884815, 23.055549953065203 ], [ 73.744902574484342, 23.069144509784099 ], [ 73.773776683081621, 23.075444426312369 ], [ 73.809400583299052, 23.108601881724312 ], [ 73.809400583299052, 23.108933456278432 ], [ 73.842399564553091, 23.086717961152431 ], [ 73.860399008873472, 23.060191996822876 ], [ 73.902772700711054, 23.050244760199291 ], [ 73.904272654404423, 23.049913185645174 ], [ 73.914022353411298, 23.013771559246155 ], [ 73.903522677557731, 22.984924573037766 ], [ 73.928271913498264, 22.976966783738899 ], [ 73.881773349003936, 22.945798775651671 ], [ 73.907647550214492, 22.927562175175105 ], [ 73.880648383733913, 22.901699359953788 ], [ 73.85402420567668, 22.841684365658171 ], [ 73.840149634013045, 22.844336962091127 ], [ 73.84989933301992, 22.792611331648494 ], [ 73.831149911852847, 22.802558568272076 ], [ 73.825525085502733, 22.78896401155318 ], [ 73.811275525415766, 22.786642989674345 ], [ 73.833399842392893, 22.782664095024913 ], [ 73.854774182523357, 22.745196170409415 ], [ 73.83452480766293, 22.735912082894071 ], [ 73.825900073926078, 22.699438881940935 ], [ 73.807150652759006, 22.700102031049173 ], [ 73.80677566433566, 22.674570790381978 ], [ 73.823650143386018, 22.672249768503143 ], [ 73.829649958159479, 22.658323637230126 ], [ 73.826650050772756, 22.640418611307677 ], [ 73.812400490685789, 22.6374344403206 ], [ 73.797400953752131, 22.612566348761643 ], [ 73.842024576129745, 22.609913752328687 ], [ 73.864523881530232, 22.572114253159071 ], [ 73.811275525415766, 22.567472209401402 ], [ 73.803025780102246, 22.548904034370711 ], [ 73.755402250337895, 22.547246161600114 ], [ 73.741152690250928, 22.536635775868294 ], [ 73.728778072280662, 22.515415004404652 ], [ 73.722778257507201, 22.460042053866704 ], [ 73.736652829170822, 22.454736861000793 ], [ 73.740777701827582, 22.438489707848941 ], [ 73.729903037550685, 22.414284765398225 ], [ 73.729528049127339, 22.414284765398225 ], [ 73.735152875477468, 22.388421950176909 ], [ 73.770026798848207, 22.383448331865118 ], [ 73.749402435564434, 22.343659385370785 ], [ 73.725778164893924, 22.337359468842514 ], [ 73.730653014397362, 22.28795486027872 ], [ 73.716778442733741, 22.289944307603438 ], [ 73.713778535347004, 22.303207289768213 ], [ 73.698778998413346, 22.299559969672899 ], [ 73.697279044719991, 22.286296987508123 ], [ 73.65340539918904, 22.288286434832841 ], [ 73.634655978021982, 22.302544140659975 ], [ 73.629031151671853, 22.312822951837678 ], [ 73.64553064229888, 22.315143973716513 ], [ 73.655280341305755, 22.336364745180155 ], [ 73.689404287829817, 22.338685767058994 ], [ 73.693904148909908, 22.339017341613111 ], [ 73.689404287829817, 22.34598040724962 ], [ 73.703653847916783, 22.348633003682576 ], [ 73.705153801610152, 22.358580240306161 ], [ 73.695029114179931, 22.363222284063831 ], [ 73.644405677028857, 22.386764077406312 ], [ 73.644030688605511, 22.387095651960429 ], [ 73.629781128518545, 22.389748248393385 ], [ 73.633531012751959, 22.378143138999206 ], [ 73.616281545278255, 22.360569687630875 ], [ 73.612531661044841, 22.338022617950756 ], [ 73.629406140095199, 22.331059552314247 ], [ 73.62003142951167, 22.326085934002457 ], [ 73.563408177587121, 22.329733254097768 ] ] ] } },
{ "type": "Feature", "properties": { "dt_code": "485", "district": "Dahod", "st_nm": "Gujarat", "st_code": "24", "year": "2011_c" }, "geometry": { "type": "Polygon", "coordinates": [ [ [ 74.059517861667743, 22.554209227236623 ], [ 74.018269135100198, 22.573772125929668 ], [ 74.015269227713461, 22.559182845548413 ], [ 73.965020778985718, 22.535972626760056 ], [ 73.936146670388439, 22.538293648638891 ], [ 73.906897573367814, 22.50878351332226 ], [ 73.905772608097777, 22.507457215105784 ], [ 73.890773071164134, 22.505136193226946 ], [ 73.878773441617199, 22.503478320456352 ], [ 73.876148522653821, 22.503146745902232 ], [ 73.872773626843738, 22.505467767781067 ], [ 73.843899518246459, 22.523372793703516 ], [ 73.803400768525592, 22.548572459816594 ], [ 73.803025780102246, 22.548904034370711 ], [ 73.811275525415766, 22.567472209401402 ], [ 73.864523881530232, 22.572114253159071 ], [ 73.842024576129745, 22.609913752328687 ], [ 73.797400953752131, 22.612566348761643 ], [ 73.812400490685789, 22.6374344403206 ], [ 73.826650050772756, 22.640418611307677 ], [ 73.829649958159479, 22.658323637230126 ], [ 73.823650143386018, 22.672249768503143 ], [ 73.80677566433566, 22.674570790381978 ], [ 73.807150652759006, 22.700102031049173 ], [ 73.825900073926078, 22.699438881940935 ], [ 73.83452480766293, 22.735912082894071 ], [ 73.854774182523357, 22.745196170409415 ], [ 73.833399842392893, 22.782664095024913 ], [ 73.811275525415766, 22.786642989674345 ], [ 73.825525085502733, 22.78896401155318 ], [ 73.831149911852847, 22.802558568272076 ], [ 73.84989933301992, 22.792611331648494 ], [ 73.840149634013045, 22.844336962091127 ], [ 73.85402420567668, 22.841684365658171 ], [ 73.880648383733913, 22.901699359953788 ], [ 73.907647550214492, 22.927562175175105 ], [ 73.881773349003936, 22.945798775651671 ], [ 73.928271913498264, 22.976966783738899 ], [ 73.903522677557731, 22.984924573037766 ], [ 73.914022353411298, 23.013771559246155 ], [ 73.904272654404423, 23.049913185645174 ], [ 73.902772700711054, 23.050244760199291 ], [ 73.908022538637837, 23.052565782078126 ], [ 73.906522584944469, 23.081081193732398 ], [ 73.944396415701945, 23.10462298707488 ], [ 73.95602105682552, 23.111917627265505 ], [ 73.959020964212257, 23.113907074590223 ], [ 73.960895906328957, 23.112580776373747 ], [ 73.998019760239757, 23.085723237490072 ], [ 73.998019760239757, 23.085723237490072 ], [ 74.020519065640244, 23.09268630312658 ], [ 74.003644586589886, 23.117222820131417 ], [ 73.975520454839284, 23.124185885767925 ], [ 73.978145373802661, 23.137117293378584 ], [ 73.995019852853034, 23.136122569716225 ], [ 73.995394841276365, 23.145075082677451 ], [ 73.971770570605869, 23.17989041085999 ], [ 73.98564514226949, 23.20774267340602 ], [ 73.968395674795786, 23.206416375189544 ], [ 73.968395674795786, 23.206747949743665 ], [ 73.967270709525764, 23.210395269838976 ], [ 73.965020778985718, 23.217026760921367 ], [ 73.964645790562372, 23.224652975666114 ], [ 73.985270153846159, 23.218353059137844 ], [ 73.992769922312974, 23.227968721207308 ], [ 73.994269876006342, 23.248526343562713 ], [ 73.983395211729444, 23.261457751173371 ], [ 73.997269783393079, 23.288978439165284 ], [ 73.984520176999467, 23.309867636074806 ], [ 73.998019760239757, 23.335730451296122 ], [ 74.02876881095375, 23.33175155664669 ], [ 74.033268672033842, 23.305888741425374 ], [ 74.044893313157431, 23.308872912412447 ], [ 74.038143521537279, 23.293288908368837 ], [ 74.092141854498436, 23.297930952126507 ], [ 74.138640418992765, 23.266099794931041 ], [ 74.140890349532825, 23.222995102895517 ], [ 74.122890905212429, 23.18453245461766 ], [ 74.147265152729616, 23.172927345223481 ], [ 74.155139909619791, 23.156680192071629 ], [ 74.181014110830347, 23.151706573759839 ], [ 74.202763439384142, 23.190169222037692 ], [ 74.247012073338425, 23.184200880063543 ], [ 74.269136390315566, 23.163643257708138 ], [ 74.293135649409408, 23.117222820131417 ], [ 74.283760938825878, 23.094344175897177 ], [ 74.318634862196632, 23.073123404433531 ], [ 74.322009758006701, 23.040960672683948 ], [ 74.344509063407173, 23.028692414181528 ], [ 74.364383449844269, 22.981277252942451 ], [ 74.339259225480404, 22.964698525236479 ], [ 74.339634213903736, 22.952761841288179 ], [ 74.393257558441562, 22.896725741641994 ], [ 74.418381782805426, 22.917283363997399 ], [ 74.43375630816243, 22.912641320239729 ], [ 74.446880902979373, 22.921262258646834 ], [ 74.460755474643008, 22.907999276482055 ], [ 74.47613, 22.852294751389991 ], [ 74.464880347299754, 22.816484699545093 ], [ 74.43375630816243, 22.807863761137988 ], [ 74.435256261855784, 22.782332520470792 ], [ 74.401882292178414, 22.731601613690518 ], [ 74.379007998354581, 22.634450269333527 ], [ 74.263511563965437, 22.644065931402988 ], [ 74.253386876535231, 22.621518861722869 ], [ 74.23126255955809, 22.611903199653405 ], [ 74.210263207850971, 22.564488038414325 ], [ 74.183264041370393, 22.56680906029316 ], [ 74.189263856143853, 22.553546078128385 ], [ 74.170889423400126, 22.547246161600114 ], [ 74.150640048539699, 22.521051771824681 ], [ 74.13301559264265, 22.520057048162322 ], [ 74.112016240935532, 22.539619946855368 ], [ 74.10151656508198, 22.534314753989456 ], [ 74.059517861667743, 22.554209227236623 ] ] ] } },
{ "type": "Feature", "properties": { "dt_code": "725", "district": "Aravalli", "st_nm": "Gujarat", "st_code": "24", "year": "update2014" }, "geometry": { "type": "Polygon", "coordinates": [ [ [ 73.020799929012171, 23.276047031554626 ], [ 73.022674871128871, 23.275052307892267 ], [ 73.05379891026621, 23.284999544515848 ], [ 73.054173898689541, 23.268420816809879 ], [ 73.054173898689541, 23.264773496714565 ], [ 73.066923505083153, 23.257810431078056 ], [ 73.079673111476751, 23.264110347606326 ], [ 73.088672833636949, 23.272731286013432 ], [ 73.090172787330317, 23.274389158784029 ], [ 73.090922764176995, 23.275052307892267 ], [ 73.08117306517012, 23.299920399451224 ], [ 73.081923042016811, 23.30257299588418 ], [ 73.103297382147261, 23.324456916456061 ], [ 73.102922393723929, 23.348330284352659 ], [ 73.073298308279959, 23.3728668013575 ], [ 73.092797706293709, 23.384140336197561 ], [ 73.092047729447017, 23.375519397790455 ], [ 73.114547034847504, 23.371208928586903 ], [ 73.131046525474531, 23.378835143331649 ], [ 73.135171398131277, 23.395745445591739 ], [ 73.124671722277725, 23.414313620622426 ], [ 73.144171120291475, 23.413982046068309 ], [ 73.140796224481406, 23.422934559029532 ], [ 73.122796780161011, 23.416634642501265 ], [ 73.120171861197619, 23.46637082561918 ], [ 73.138546293941346, 23.481623255108673 ], [ 73.155420772991718, 23.475654913134523 ], [ 73.172295252042076, 23.522406925265361 ], [ 73.161420587765178, 23.545285569499601 ], [ 73.195919522712586, 23.554238082460827 ], [ 73.192919615325849, 23.574795704816232 ], [ 73.202294325909378, 23.578443024911547 ], [ 73.203794279602747, 23.586069239656293 ], [ 73.207544163836161, 23.604305840132859 ], [ 73.20904411752953, 23.61060575666113 ], [ 73.207919152259507, 23.611600480323489 ], [ 73.186169823705711, 23.635805422774208 ], [ 73.198169453252632, 23.649731554047221 ], [ 73.159545645648464, 23.650063128601342 ], [ 73.157295715108418, 23.675594369268538 ], [ 73.143046155021452, 23.679241689363852 ], [ 73.146046062408175, 23.692173096974511 ], [ 73.124671722277725, 23.707425526464004 ], [ 73.111922115884113, 23.697478289840422 ], [ 73.127671629664448, 23.724998977832335 ], [ 73.148295992948221, 23.735277789010038 ], [ 73.132171490744554, 23.744561876525381 ], [ 73.14042123605806, 23.776724608274964 ], [ 73.159545645648464, 23.781366652032638 ], [ 73.177545089968859, 23.82049244941873 ], [ 73.202669314332724, 23.823476620405806 ], [ 73.225543608156542, 23.856302501263627 ], [ 73.227043561849911, 23.884486338363779 ], [ 73.234918318740085, 23.886144211134379 ], [ 73.240918133513546, 23.886475785688496 ], [ 73.249542867250398, 23.857960374034228 ], [ 73.288916651701243, 23.83276070792115 ], [ 73.305416142328255, 23.858955097696583 ], [ 73.287041709584528, 23.871886505307241 ], [ 73.293416512781334, 23.886144211134379 ], [ 73.342165007815709, 23.883491614701423 ], [ 73.3429149846624, 23.900070342407393 ], [ 73.358664498442735, 23.909686004476857 ], [ 73.361289417406127, 23.909022855368619 ], [ 73.378163896456485, 23.90338608794859 ], [ 73.353789648939298, 23.852655181168316 ], [ 73.36841419744961, 23.831765984258791 ], [ 73.351914706822583, 23.791313888656219 ], [ 73.37028913956631, 23.765451073434903 ], [ 73.400288213433626, 23.785013972127953 ], [ 73.413037819827224, 23.77937720470792 ], [ 73.424287472527467, 23.761472178785471 ], [ 73.447911743197977, 23.752851240378366 ], [ 73.449411696891346, 23.7346146399018 ], [ 73.471536013868487, 23.719693784966424 ], [ 73.473410955985187, 23.705104504585169 ], [ 73.507534902509249, 23.703115057260451 ], [ 73.496660238232352, 23.649068404938983 ], [ 73.508659867779272, 23.644426361181313 ], [ 73.493660330845628, 23.632158102678893 ], [ 73.523284416289584, 23.606958436565819 ], [ 73.57278288817065, 23.653710448696657 ], [ 73.615531568431564, 23.65205257592606 ], [ 73.655655329729086, 23.621216142392953 ], [ 73.643280711758834, 23.594358603509278 ], [ 73.649655514955626, 23.568164213733844 ], [ 73.636530920138682, 23.56451689363853 ], [ 73.633156024328613, 23.528706841793632 ], [ 73.656405306575778, 23.507486070329989 ], [ 73.640655792795442, 23.496212535489928 ], [ 73.620406417935001, 23.436529115748428 ], [ 73.621156394781693, 23.434539668423714 ], [ 73.623031336898393, 23.42989762466604 ], [ 73.629406140095199, 23.415308344284785 ], [ 73.630156116941876, 23.413650471514188 ], [ 73.627531197978485, 23.410666300527112 ], [ 73.609531753658104, 23.392429700050545 ], [ 73.564158154433798, 23.346009262473824 ], [ 73.557408362813661, 23.317493850819552 ], [ 73.525159358406299, 23.285331119069969 ], [ 73.524784369982953, 23.284999544515848 ], [ 73.474160932831879, 23.269083965918117 ], [ 73.472285990715164, 23.288646864611163 ], [ 73.451286639008046, 23.282015373528775 ], [ 73.387538607040014, 23.246536896237995 ], [ 73.377788908033139, 23.240568554263845 ], [ 73.384163711229945, 23.220342506462561 ], [ 73.341040042545686, 23.200448033215395 ], [ 73.341790019392377, 23.181879858184708 ], [ 73.37441401222307, 23.171601047007005 ], [ 73.373289046953047, 23.13844359159506 ], [ 73.337665146735617, 23.130817376850313 ], [ 73.342165007815709, 23.103628263412521 ], [ 73.326040505612028, 23.082075917394757 ], [ 73.299041339131463, 23.083733790165354 ], [ 73.273542126344239, 23.058202549498159 ], [ 73.272792149497562, 23.058534124052279 ], [ 73.241293121936891, 23.070802382554696 ], [ 73.225168619733211, 23.105286136183118 ], [ 73.205294233296115, 23.110259754494908 ], [ 73.201919337486046, 23.146069806339806 ], [ 73.188794742669089, 23.150048700989242 ], [ 73.170795298348708, 23.134796271499749 ], [ 73.150545923488281, 23.16762215235757 ], [ 73.155420772991718, 23.192821818470648 ], [ 73.134046432861254, 23.205421651527185 ], [ 73.12092183804431, 23.186853476496498 ], [ 73.069923412469876, 23.159664363058702 ], [ 73.019674963742133, 23.16894845057405 ], [ 73.018924986895456, 23.16894845057405 ], [ 73.017050044778756, 23.159995937612823 ], [ 73.012925172121996, 23.160327512166944 ], [ 72.971301457131105, 23.163311683154017 ], [ 72.984426051948049, 23.174916792548199 ], [ 72.977676260327911, 23.178232538089393 ], [ 72.983301086678026, 23.213379440826053 ], [ 72.981426144561325, 23.222331953787275 ], [ 72.987800947758117, 23.23824753238501 ], [ 72.994175750954923, 23.2551578346451 ], [ 72.999800577305052, 23.270078689580476 ], [ 73.01255018369865, 23.273726009675787 ], [ 73.017050044778756, 23.27803647887934 ], [ 73.020799929012171, 23.276047031554626 ] ] ] } },
{ "type": "Feature", "properties": { "dt_code": "730", "district": "Mahisagar", "st_nm": "Gujarat", "st_code": "24", "year": "update2014" }, "geometry": { "type": "Polygon", "coordinates": [ [ [ 73.902772700711054, 23.050244760199291 ], [ 73.860399008873472, 23.060191996822876 ], [ 73.842399564553091, 23.086717961152431 ], [ 73.809400583299052, 23.108933456278432 ], [ 73.809400583299052, 23.108601881724312 ], [ 73.773776683081621, 23.075444426312369 ], [ 73.744902574484342, 23.069144509784099 ], [ 73.767401879884815, 23.055549953065203 ], [ 73.768901833578184, 23.043944843671024 ], [ 73.741152690250928, 23.011450537367317 ], [ 73.723903222777224, 23.036318628926274 ], [ 73.716403454310395, 23.02338722131562 ], [ 73.668779924546044, 23.020734624882664 ], [ 73.669904889816067, 23.03300288338508 ], [ 73.716778442733741, 23.053560505740485 ], [ 73.702903871070106, 23.082407491948878 ], [ 73.674404750896159, 23.102633539750162 ], [ 73.628656163248507, 23.039634374467472 ], [ 73.631656070635245, 23.026039817748575 ], [ 73.656405306575778, 23.020403050328543 ], [ 73.631656070635245, 23.011450537367317 ], [ 73.619281452664978, 23.024381944977975 ], [ 73.584407529294239, 22.987245594916601 ], [ 73.535284045836519, 22.993545511444871 ], [ 73.524034393136276, 22.980945678388331 ], [ 73.495160284538983, 22.995203384215465 ], [ 73.476035874948579, 22.982603551158928 ], [ 73.471536013868487, 23.000508577081376 ], [ 73.455786500088152, 23.002829598960215 ], [ 73.43703707892108, 23.032671308830963 ], [ 73.435162136804365, 23.003492748068453 ], [ 73.435537125227711, 23.003161173514332 ], [ 73.43703707892108, 22.998850704310779 ], [ 73.448286731621323, 22.969008994440031 ], [ 73.441911928424517, 22.962045928803523 ], [ 73.421662553564076, 22.945135626543433 ], [ 73.410037912440501, 22.955414437721135 ], [ 73.384913688076622, 22.958067034154091 ], [ 73.349289787859192, 22.924578004188028 ], [ 73.311790945525061, 22.942814604664598 ], [ 73.272417161074216, 22.930214771608057 ], [ 73.260417531527295, 22.929220047945698 ], [ 73.250292844097075, 22.964366950682361 ], [ 73.275042080037608, 22.978293081955375 ], [ 73.241668110360223, 23.018413603003825 ], [ 73.243918040900269, 23.038308076250992 ], [ 73.275042080037608, 23.050244760199291 ], [ 73.272792149497562, 23.058202549498159 ], [ 73.272792149497562, 23.058202549498159 ], [ 73.272792149497562, 23.058534124052279 ], [ 73.273542126344239, 23.058202549498159 ], [ 73.299041339131463, 23.083733790165354 ], [ 73.326040505612028, 23.082075917394757 ], [ 73.342165007815709, 23.103628263412521 ], [ 73.337665146735617, 23.130817376850313 ], [ 73.373289046953047, 23.13844359159506 ], [ 73.37441401222307, 23.171601047007005 ], [ 73.341790019392377, 23.181879858184708 ], [ 73.341040042545686, 23.200448033215395 ], [ 73.384163711229945, 23.220342506462561 ], [ 73.377788908033139, 23.240568554263845 ], [ 73.387538607040014, 23.246536896237995 ], [ 73.451286639008046, 23.282015373528775 ], [ 73.472285990715164, 23.288646864611163 ], [ 73.474160932831879, 23.269083965918117 ], [ 73.524784369982953, 23.284999544515848 ], [ 73.525159358406299, 23.285331119069969 ], [ 73.557408362813661, 23.317493850819552 ], [ 73.564158154433798, 23.346009262473824 ], [ 73.609531753658104, 23.392429700050545 ], [ 73.627531197978485, 23.410666300527112 ], [ 73.630156116941876, 23.413650471514188 ], [ 73.629406140095199, 23.415308344284785 ], [ 73.623031336898393, 23.42989762466604 ], [ 73.621156394781693, 23.434539668423714 ], [ 73.627156209555153, 23.448465799696727 ], [ 73.64740558441558, 23.436529115748428 ], [ 73.69240419521654, 23.458413036320312 ], [ 73.704403824763475, 23.451449970683804 ], [ 73.708153708996889, 23.422271409921294 ], [ 73.720903315390487, 23.410003151418874 ], [ 73.75577723876124, 23.45410256711676 ], [ 73.786151301051888, 23.430229199220161 ], [ 73.828899981312802, 23.447471076034372 ], [ 73.83039993500617, 23.426250304570726 ], [ 73.873148615267084, 23.379498292439887 ], [ 73.891898036434156, 23.334072578525525 ], [ 73.935771681965093, 23.339709345945554 ], [ 73.938021612505139, 23.367893183045709 ], [ 73.959020964212257, 23.381156165210484 ], [ 73.974770477992593, 23.372203652249262 ], [ 73.981895258036076, 23.33771989862084 ], [ 73.997644771816411, 23.335730451296122 ], [ 73.984520176999467, 23.309867636074806 ], [ 73.997269783393079, 23.288978439165284 ], [ 73.983395211729444, 23.261457751173371 ], [ 73.994269876006342, 23.248526343562713 ], [ 73.992769922312974, 23.227968721207308 ], [ 73.985270153846159, 23.218353059137844 ], [ 73.964645790562372, 23.224652975666114 ], [ 73.965020778985718, 23.217026760921367 ], [ 73.967270709525764, 23.210395269838976 ], [ 73.968395674795786, 23.206747949743665 ], [ 73.968395674795786, 23.206416375189544 ], [ 73.98564514226949, 23.20774267340602 ], [ 73.971770570605869, 23.17989041085999 ], [ 73.995394841276365, 23.145075082677451 ], [ 73.995019852853034, 23.136122569716225 ], [ 73.978145373802661, 23.137117293378584 ], [ 73.975520454839284, 23.124185885767925 ], [ 74.003644586589886, 23.117222820131417 ], [ 74.020519065640244, 23.09268630312658 ], [ 73.998019760239757, 23.085723237490072 ], [ 73.998019760239757, 23.085723237490072 ], [ 73.960895906328957, 23.112580776373747 ], [ 73.959020964212257, 23.113907074590223 ], [ 73.95602105682552, 23.111917627265505 ], [ 73.944396415701945, 23.10462298707488 ], [ 73.906522584944469, 23.081081193732398 ], [ 73.908022538637837, 23.052565782078126 ], [ 73.902772700711054, 23.050244760199291 ] ] ] } },
{ "type": "Feature", "properties": { "dt_code": "472", "district": "Sabarkantha", "st_nm": "Gujarat", "st_code": "24", "year": "2011_c" }, "geometry": { "type": "MultiPolygon", "coordinates": [ [ [ [ 73.230043469236648, 23.085723237490072 ], [ 73.229293492389957, 23.084728513827713 ], [ 73.229293492389957, 23.085060088381834 ], [ 73.229293492389957, 23.085060088381834 ], [ 73.228918503966625, 23.085060088381834 ], [ 73.229668480813302, 23.085391662935951 ], [ 73.230043469236648, 23.085723237490072 ] ] ], [ [ [ 72.866679687018859, 24.0247423747563 ], [ 72.898553703002875, 24.025405523864539 ], [ 72.923302938943408, 24.040657953354032 ], [ 72.927427811600168, 24.088404689147232 ], [ 72.946552221190572, 24.108962311502637 ], [ 72.942802336957158, 24.135156701278071 ], [ 72.952927024387378, 24.138472446819264 ], [ 72.956676908620793, 24.159030069174669 ], [ 72.991925820414878, 24.183898160733627 ], [ 72.991550831991532, 24.223355532673839 ], [ 73.014050137392019, 24.2346290675139 ], [ 73.027924709055654, 24.273754864899992 ], [ 73.001300530998407, 24.289007294389485 ], [ 72.996800669918315, 24.307907043974293 ], [ 72.967176584474345, 24.313212236840204 ], [ 72.959301827584184, 24.360958972633401 ], [ 72.977301271904565, 24.377537700339374 ], [ 72.949552128577309, 24.399090046357138 ], [ 72.98105115613798, 24.433905374539677 ], [ 72.967926561321036, 24.45048410224565 ], [ 72.993425774108246, 24.47966266300816 ], [ 73.004300438385144, 24.481320535778757 ], [ 73.003550461538467, 24.466399680843381 ], [ 73.034674500675791, 24.464078658964546 ], [ 73.086047914673557, 24.498562412592968 ], [ 73.095797613680432, 24.489941474185862 ], [ 73.09129775260034, 24.475020619250486 ], [ 73.101797428453892, 24.470710150046934 ], [ 73.102922393723929, 24.432910650877318 ], [ 73.076673204090028, 24.396437449924182 ], [ 73.152045877181635, 24.354327481551014 ], [ 73.170795298348708, 24.355653779767493 ], [ 73.198544441675978, 24.376874551231136 ], [ 73.21916880495975, 24.363943143620478 ], [ 73.198544441675978, 24.331780411870895 ], [ 73.181669962625605, 24.343385521265073 ], [ 73.176420124698836, 24.337748753845041 ], [ 73.169295344655339, 24.300280829229546 ], [ 73.135546386554623, 24.308238618528414 ], [ 73.125421699124402, 24.273423290345875 ], [ 73.0954226252571, 24.249218347895155 ], [ 73.087922856790271, 24.233634343851541 ], [ 73.097297567373801, 24.230981747418586 ], [ 73.078548146206728, 24.219376638024407 ], [ 73.07929812305342, 24.205118932197269 ], [ 73.067298493506499, 24.19450854646545 ], [ 73.125046710701071, 24.124877890100368 ], [ 73.153545830875004, 24.112609631597948 ], [ 73.158795668801787, 24.098351925770814 ], [ 73.213918967032967, 24.077462728861288 ], [ 73.193294603749194, 24.040989527908152 ], [ 73.229293492389957, 24.022089778323345 ], [ 73.242793075630246, 24.002195305076178 ], [ 73.265292381030733, 24.020100330998627 ], [ 73.282541848504437, 24.019105607336268 ], [ 73.296791408591403, 24.043973698895226 ], [ 73.316665795028499, 24.05358936096469 ], [ 73.326415494035373, 24.109625460610875 ], [ 73.338415123582294, 24.098683500324931 ], [ 73.361664405829458, 24.104651842299084 ], [ 73.360914428982781, 24.081110048956603 ], [ 73.404788074513718, 24.040989527908152 ], [ 73.408162970323787, 24.008163647050328 ], [ 73.398788259740257, 23.989927046573758 ], [ 73.414912761943938, 23.985616577370209 ], [ 73.420537588294053, 23.926596306736947 ], [ 73.390538514426751, 23.917975368329842 ], [ 73.378538884879831, 23.90338608794859 ], [ 73.378163896456485, 23.90338608794859 ], [ 73.361289417406127, 23.909022855368619 ], [ 73.358664498442735, 23.909686004476857 ], [ 73.3429149846624, 23.900070342407393 ], [ 73.342165007815709, 23.883491614701423 ], [ 73.293416512781334, 23.886144211134379 ], [ 73.287041709584528, 23.871886505307241 ], [ 73.305416142328255, 23.858955097696583 ], [ 73.288916651701243, 23.83276070792115 ], [ 73.249542867250398, 23.857960374034228 ], [ 73.240918133513546, 23.886475785688496 ], [ 73.234918318740085, 23.886144211134379 ], [ 73.227043561849911, 23.884486338363779 ], [ 73.225543608156542, 23.856302501263627 ], [ 73.202669314332724, 23.823476620405806 ], [ 73.177545089968859, 23.82049244941873 ], [ 73.159545645648464, 23.781366652032638 ], [ 73.14042123605806, 23.776724608274964 ], [ 73.132171490744554, 23.744561876525381 ], [ 73.148295992948221, 23.735277789010038 ], [ 73.127671629664448, 23.724998977832335 ], [ 73.111922115884113, 23.697478289840422 ], [ 73.124671722277725, 23.707425526464004 ], [ 73.146046062408175, 23.692173096974511 ], [ 73.143046155021452, 23.679241689363852 ], [ 73.157295715108418, 23.675594369268538 ], [ 73.159545645648464, 23.650063128601342 ], [ 73.198169453252632, 23.649731554047221 ], [ 73.186169823705711, 23.635805422774208 ], [ 73.207919152259507, 23.611600480323489 ], [ 73.20904411752953, 23.61060575666113 ], [ 73.207544163836161, 23.604305840132859 ], [ 73.203794279602747, 23.586069239656293 ], [ 73.202294325909378, 23.578443024911547 ], [ 73.192919615325849, 23.574795704816232 ], [ 73.195919522712586, 23.554238082460827 ], [ 73.161420587765178, 23.545285569499601 ], [ 73.172295252042076, 23.522406925265361 ], [ 73.155420772991718, 23.475654913134523 ], [ 73.138546293941346, 23.481623255108673 ], [ 73.120171861197619, 23.46637082561918 ], [ 73.122796780161011, 23.416634642501265 ], [ 73.140796224481406, 23.422934559029532 ], [ 73.144171120291475, 23.413982046068309 ], [ 73.124671722277725, 23.414313620622426 ], [ 73.135171398131277, 23.395745445591739 ], [ 73.131046525474531, 23.378835143331649 ], [ 73.114547034847504, 23.371208928586903 ], [ 73.092047729447017, 23.375519397790455 ], [ 73.092797706293709, 23.384140336197561 ], [ 73.073298308279959, 23.3728668013575 ], [ 73.102922393723929, 23.348330284352659 ], [ 73.103297382147261, 23.324456916456061 ], [ 73.081923042016811, 23.30257299588418 ], [ 73.08117306517012, 23.299920399451224 ], [ 73.090922764176995, 23.275052307892267 ], [ 73.090172787330317, 23.274389158784029 ], [ 73.088672833636949, 23.272731286013432 ], [ 73.079673111476751, 23.264110347606326 ], [ 73.066923505083153, 23.257810431078056 ], [ 73.054173898689541, 23.264773496714565 ], [ 73.054173898689541, 23.268420816809879 ], [ 73.05379891026621, 23.284999544515848 ], [ 73.022674871128871, 23.275052307892267 ], [ 73.020799929012171, 23.276047031554626 ], [ 73.017050044778756, 23.27803647887934 ], [ 72.994925727801615, 23.29030473738176 ], [ 72.960801781277553, 23.281020649866417 ], [ 72.978426237174588, 23.263778773052206 ], [ 72.959676816007516, 23.259136729294532 ], [ 72.959676816007516, 23.241231703372083 ], [ 72.948052174883941, 23.252505238212144 ], [ 72.93605254533702, 23.238910681493248 ], [ 72.919178066286648, 23.263778773052206 ], [ 72.920303031556685, 23.290967886489998 ], [ 72.898928691426221, 23.281020649866417 ], [ 72.883554166069217, 23.288315290057042 ], [ 72.91430321678321, 23.29660465391003 ], [ 72.915428182053233, 23.322135894577226 ], [ 72.877179362872425, 23.315504403494838 ], [ 72.864804744902159, 23.31351495617012 ], [ 72.864429756478813, 23.31351495617012 ], [ 72.83368070576482, 23.331419982092569 ], [ 72.801431701357473, 23.318820149036032 ], [ 72.801431701357473, 23.319151723590149 ], [ 72.801056712934127, 23.31948329814427 ], [ 72.796931840277367, 23.331419982092569 ], [ 72.807806504554264, 23.355624924543289 ], [ 72.765057824293351, 23.35463020088093 ], [ 72.764682835870019, 23.367230033937467 ], [ 72.746683391549624, 23.374524674128097 ], [ 72.752683206323084, 23.387124507184634 ], [ 72.72343410930246, 23.38977710361759 ], [ 72.734308773579357, 23.403371660336486 ], [ 72.771807615913502, 23.414976769730664 ], [ 72.80218167820415, 23.405692682215321 ], [ 72.793556944467298, 23.426581879124846 ], [ 72.818306180407831, 23.468028698389777 ], [ 72.816431238291116, 23.474328614918043 ], [ 72.809681446670979, 23.484275851541629 ], [ 72.798431793970735, 23.501849302909957 ], [ 72.822806041487922, 23.499859855585242 ], [ 72.823556018334614, 23.500854579247598 ], [ 72.83368070576482, 23.518428030615929 ], [ 72.823556018334614, 23.522738499819482 ], [ 72.831055786801429, 23.545948718607843 ], [ 72.806681539284241, 23.572806257491514 ], [ 72.810431423517656, 23.589384985197487 ], [ 72.840430497384972, 23.603311116470504 ], [ 72.841930451078326, 23.604305840132859 ], [ 72.840805485808303, 23.605632138349339 ], [ 72.815681261444439, 23.640115891977761 ], [ 72.834430682611512, 23.672278623727344 ], [ 72.83368070576482, 23.672941772835582 ], [ 72.794681909737321, 23.759151156906636 ], [ 72.81418130775107, 23.797945379738607 ], [ 72.814556296174416, 23.798608528846849 ], [ 72.789432071810538, 23.832097558812912 ], [ 72.790932025503906, 23.839060624449417 ], [ 72.80405662032085, 23.875533825402556 ], [ 72.804806597167541, 23.914991197342768 ], [ 72.830305809954751, 23.931569925048741 ], [ 72.818681168831162, 23.94814865275471 ], [ 72.851680150085215, 23.973016744313668 ], [ 72.858054953282007, 24.016453010903312 ], [ 72.86330479120879, 24.021426629215107 ], [ 72.866679687018859, 24.0247423747563 ] ] ] ] } },
{ "type": "Feature", "properties": { "dt_code": "468", "district": "Kutch", "st_nm": "Gujarat", "st_code": "24", "year": "2011_c" }, "geometry": { "type": "MultiPolygon", "coordinates": [ [ [ [ 68.539688270082863, 23.347335560690304 ], [ 68.552437876476475, 23.348993433460898 ], [ 68.554312818593175, 23.329098960213734 ], [ 68.535563397426102, 23.320809596360746 ], [ 68.520188872069113, 23.288646864611163 ], [ 68.51493903414233, 23.296936228464148 ], [ 68.524313744725873, 23.310862359737165 ], [ 68.499939497208686, 23.321804320023105 ], [ 68.497689566668626, 23.332746280309046 ], [ 68.520563860492459, 23.350982880785615 ], [ 68.539688270082863, 23.347335560690304 ] ] ], [ [ [ 71.287978424751714, 24.615939804751246 ], [ 71.287978424751714, 24.615939804751246 ], [ 71.284978517364991, 24.593724309625244 ], [ 71.287978424751714, 24.593061160517003 ], [ 71.306727845918786, 24.589413840421692 ], [ 71.306352857495455, 24.588419116759333 ], [ 71.297353135335257, 24.564214174308614 ], [ 71.260229281424458, 24.533377740775506 ], [ 71.257229374037735, 24.508178074662432 ], [ 71.29247828583182, 24.519120034948372 ], [ 71.348351560909677, 24.517462162177775 ], [ 71.331477081859319, 24.479331088454039 ], [ 71.349101537756368, 24.457447167882158 ], [ 71.331102093435973, 24.460762913423352 ], [ 71.320602417582421, 24.445510483933859 ], [ 71.343101722982908, 24.425284436132571 ], [ 71.319102463889053, 24.402405791898332 ], [ 71.346101630369631, 24.386490213300597 ], [ 71.365976016806727, 24.391463831612391 ], [ 71.361851144149966, 24.383837616867645 ], [ 71.373475785273556, 24.378532424001733 ], [ 71.383975461127108, 24.350680161455699 ], [ 71.37122585473351, 24.350680161455699 ], [ 71.382100519010407, 24.347695990468626 ], [ 71.374975738966924, 24.333769859195609 ], [ 71.314227614385615, 24.32183317524731 ], [ 71.294728216371865, 24.300943978337784 ], [ 71.30260297326204, 24.259497159072858 ], [ 71.283853552094968, 24.265797075601128 ], [ 71.274103853088093, 24.25750771174814 ], [ 71.285353505788336, 24.241923707704526 ], [ 71.291728308985128, 24.247892049678676 ], [ 71.279728679438207, 24.236286940284497 ], [ 71.290603343715105, 24.225013405444436 ], [ 71.310102741728855, 24.222029234457359 ], [ 71.302977961685372, 24.207439954076108 ], [ 71.329602139742619, 24.195503270127809 ], [ 71.325852255509204, 24.181908713408909 ], [ 71.360726178879943, 24.185556033504223 ], [ 71.358476248339898, 24.172956200447686 ], [ 71.34347671140624, 24.177266669651239 ], [ 71.337476896632779, 24.163672112932343 ], [ 71.328852162895927, 24.171961476785327 ], [ 71.302227984838694, 24.159693218282907 ], [ 71.272603899394724, 24.17627194598888 ], [ 71.257979350884412, 24.15936164372879 ], [ 71.285353505788336, 24.149414407105205 ], [ 71.27297888781807, 24.14112504325222 ], [ 71.301852996415349, 24.121230570005054 ], [ 71.332602047129342, 24.116256951693263 ], [ 71.333727012399365, 24.116256951693263 ], [ 71.335976942939411, 24.10597814051556 ], [ 71.336351931362756, 24.105314991407322 ], [ 71.336351931362756, 24.104983416853202 ], [ 71.326227243932536, 24.100341373095532 ], [ 71.316477544925661, 24.095699329337858 ], [ 71.315727568078984, 24.07182596144126 ], [ 71.305227892225417, 24.062210299371795 ], [ 71.321727382852444, 24.052263062748214 ], [ 71.291728308985128, 24.01976875644451 ], [ 71.284978517364991, 23.991584919344355 ], [ 71.309352764882178, 23.993242792114955 ], [ 71.319102463889053, 23.983627130045491 ], [ 71.288728401598405, 23.94814865275471 ], [ 71.299603065875303, 23.927591030399306 ], [ 71.274103853088093, 23.934222521481693 ], [ 71.265104130927895, 23.920959539316918 ], [ 71.253104501380975, 23.933227797819338 ], [ 71.254229466650997, 23.921291113871035 ], [ 71.238854941294008, 23.918638517438083 ], [ 71.218230578010221, 23.935880394252294 ], [ 71.193481342069703, 23.920959539316918 ], [ 71.177731828289353, 23.930575201386382 ], [ 71.176231874595999, 23.919964815654559 ], [ 71.1001092246577, 23.902391364286231 ], [ 71.063735347593592, 23.838397475341178 ], [ 71.074235023447144, 23.829776536934073 ], [ 71.063360359170247, 23.824802918622282 ], [ 71.069360173943707, 23.816845129323418 ], [ 71.061110428630201, 23.805240019929236 ], [ 71.043110984309806, 23.804576870820998 ], [ 71.044610938003174, 23.790319164993861 ], [ 71.055860590703418, 23.786671844898549 ], [ 71.053610660163372, 23.743567152863022 ], [ 71.072735069753776, 23.730304170698247 ], [ 71.056985555973441, 23.737267236334752 ], [ 71.069360173943707, 23.688525776879196 ], [ 71.039361100076391, 23.680899562134449 ], [ 71.03898611165306, 23.642768488410717 ], [ 71.07648495398719, 23.602979541916383 ], [ 71.080984815067282, 23.598669072712831 ], [ 71.092609456190871, 23.606626862011698 ], [ 71.089609548804134, 23.624531887934147 ], [ 71.096734328847631, 23.614584651310565 ], [ 71.135733124875131, 23.627847633475341 ], [ 71.136858090145154, 23.663989259874359 ], [ 71.149607696538752, 23.667968154523791 ], [ 71.148857719692074, 23.683552158567405 ], [ 71.18073173567609, 23.715714890316988 ], [ 71.162357302932364, 23.721351657737021 ], [ 71.152232615502143, 23.712730719329915 ], [ 71.144357858611983, 23.729972596144126 ], [ 71.177356839866022, 23.728646297927646 ], [ 71.17473192090263, 23.74423030197126 ], [ 71.197981203149794, 23.736272512672393 ], [ 71.212230763236761, 23.731298894360602 ], [ 71.21785558958689, 23.729309447035888 ], [ 71.218605566433567, 23.722677955953497 ], [ 71.22385540436035, 23.687862627770958 ], [ 71.213355728506784, 23.678246965701494 ], [ 71.221980462243636, 23.656363045129613 ], [ 71.30447791537874, 23.645421084843669 ], [ 71.350976479873069, 23.656363045129613 ], [ 71.375725715813601, 23.649731554047221 ], [ 71.393725160133982, 23.602647967362266 ], [ 71.425224187694667, 23.6288423571377 ], [ 71.418474396074515, 23.567169490071485 ], [ 71.473597694305695, 23.555895955231424 ], [ 71.448098481518485, 23.536001481984258 ], [ 71.445098574131748, 23.469354996606253 ], [ 71.520471247223369, 23.527712118131273 ], [ 71.508096629253103, 23.456092014441474 ], [ 71.533595842040313, 23.478639084121596 ], [ 71.533595842040313, 23.478639084121596 ], [ 71.532095888346944, 23.461065632753268 ], [ 71.561344985367569, 23.440176435843743 ], [ 71.569969719104421, 23.41166102418947 ], [ 71.60296870035846, 23.42359770813777 ], [ 71.563969904330961, 23.3728668013575 ], [ 71.600718769818414, 23.374856248682214 ], [ 71.565469858024329, 23.35463020088093 ], [ 71.58346930234471, 23.362919564733915 ], [ 71.641592507962628, 23.338051473174957 ], [ 71.651342206969503, 23.318488574481911 ], [ 71.629217889992361, 23.291299461044119 ], [ 71.646842345889411, 23.278699627987582 ], [ 71.674591489216667, 23.292957333814716 ], [ 71.67571645448669, 23.274720733338146 ], [ 71.6603419291297, 23.274389158784029 ], [ 71.659591952283009, 23.260131452956891 ], [ 71.697090794617154, 23.248194769008592 ], [ 71.653592137509548, 23.236589659614413 ], [ 71.670841604983252, 23.226310848436711 ], [ 71.657717010166309, 23.207411098851903 ], [ 71.676841419756713, 23.201774331431871 ], [ 71.689216037726979, 23.181879858184708 ], [ 71.709090424164074, 23.200779607769512 ], [ 71.720715065287649, 23.198458585890677 ], [ 71.720340076864318, 23.198458585890677 ], [ 71.717340169477581, 23.193484967578886 ], [ 71.703090609390614, 23.172927345223481 ], [ 71.704215574660637, 23.171932621561123 ], [ 71.724089961097732, 23.164969555924614 ], [ 71.732339706411238, 23.176906239872913 ], [ 71.748464208614919, 23.177900963535272 ], [ 71.76233878027854, 23.157674915733988 ], [ 71.761963791855209, 23.156017042963391 ], [ 71.761588803431863, 23.153696021084556 ], [ 71.759338872891817, 23.142422486244495 ], [ 71.745089312804851, 23.135790995162104 ], [ 71.761213815008517, 23.1168912455773 ], [ 71.736089590644653, 23.119212267456135 ], [ 71.719965088440972, 23.090696855801863 ], [ 71.710215389434097, 23.095007325005415 ], [ 71.708340447317397, 23.11556494736082 ], [ 71.669716639713229, 23.143085635352733 ], [ 71.610468468825289, 23.14474350812333 ], [ 71.605968607745197, 23.134796271499749 ], [ 71.601468746665105, 23.143748784460971 ], [ 71.594343966621622, 23.13247524962091 ], [ 71.573719603337835, 23.132806824175031 ], [ 71.569219742257744, 23.142090911690374 ], [ 71.550845309514017, 23.140101464365657 ], [ 71.538845679967096, 23.155022319301032 ], [ 71.515596397719932, 23.158338064842226 ], [ 71.449598435211854, 23.132143675066793 ], [ 71.444723585708417, 23.146069806339806 ], [ 71.386600380090499, 23.146732955448048 ], [ 71.389225299053891, 23.153696021084556 ], [ 71.365226039960035, 23.159332788504585 ], [ 71.360726178879943, 23.172927345223481 ], [ 71.332227058705996, 23.160990661275182 ], [ 71.31985244073573, 23.18619032738826 ], [ 71.311977683845569, 23.166295854141094 ], [ 71.308227799612155, 23.170937897898764 ], [ 71.301103019568671, 23.179227261751752 ], [ 71.300728031145326, 23.179558836305869 ], [ 71.30035304272198, 23.179227261751752 ], [ 71.287228447905036, 23.163643257708138 ], [ 71.28085364470823, 23.166959003249332 ], [ 71.280103667861553, 23.166627428695211 ], [ 71.286103482635014, 23.149717126435121 ], [ 71.26885401516131, 23.155685468409271 ], [ 71.246729698184168, 23.147727679110403 ], [ 71.240729883410708, 23.155685468409271 ], [ 71.234730068637248, 23.141427762582136 ], [ 71.222355450666981, 23.146732955448048 ], [ 71.208480879003346, 23.137780442486822 ], [ 71.224230392783696, 23.159001213950464 ], [ 71.206605936886646, 23.182543007292946 ], [ 71.176231874595999, 23.188842923821213 ], [ 71.163482268202387, 23.177237814427034 ], [ 71.151482638655466, 23.20276905509423 ], [ 71.122233541634841, 23.205753226081306 ], [ 71.109483935241229, 23.222000379233158 ], [ 71.088859571957457, 23.193484967578886 ], [ 71.04498592642652, 23.169280025128167 ], [ 71.04686086854322, 23.16165381038342 ], [ 71.044610938003174, 23.169611599682288 ], [ 71.006362118822352, 23.176906239872913 ], [ 70.964738403831461, 23.155353893855153 ], [ 70.963988426984784, 23.174585217994078 ], [ 70.953863739554563, 23.170937897898764 ], [ 70.959863554328024, 23.145406657231568 ], [ 70.953113762707886, 23.145075082677451 ], [ 70.969238264911567, 23.139438315257419 ], [ 70.953113762707886, 23.142090911690374 ], [ 70.958363600634655, 23.136122569716225 ], [ 70.949738866897803, 23.131812100512672 ], [ 70.945613994241057, 23.140433038919777 ], [ 70.929864480460722, 23.138112017040942 ], [ 70.944489028971034, 23.150380275543359 ], [ 70.936989260504205, 23.162648534045779 ], [ 70.893115614973269, 23.162648534045779 ], [ 70.889740719163186, 23.141096188028015 ], [ 70.904740256096844, 23.135459420607987 ], [ 70.880740997003002, 23.135459420607987 ], [ 70.875491159076219, 23.122196438443208 ], [ 70.874366193806196, 23.137780442486822 ], [ 70.829367583005236, 23.158006490288109 ], [ 70.827117652465191, 23.150048700989242 ], [ 70.85786670317917, 23.130154227742075 ], [ 70.835367397778697, 23.112249201819626 ], [ 70.837992316742088, 23.09235472857246 ], [ 70.831242525121937, 23.096665197776012 ], [ 70.827492640888522, 23.080086470070039 ], [ 70.82299277980843, 23.110591329049029 ], [ 70.834242432508674, 23.128827929525599 ], [ 70.815118022918256, 23.137117293378584 ], [ 70.815867999764947, 23.164969555924614 ], [ 70.786993891167654, 23.151043424651601 ], [ 70.790743775401069, 23.166295854141094 ], [ 70.782119041664217, 23.158669639396347 ], [ 70.764119597343836, 23.166295854141094 ], [ 70.765244562613859, 23.145738231785689 ], [ 70.699996576952458, 23.122859587551446 ], [ 70.688746924252214, 23.117222820131417 ], [ 70.688746924252214, 23.117222820131417 ], [ 70.684247063172123, 23.140433038919777 ], [ 70.71274618334607, 23.154690744746912 ], [ 70.703746461185872, 23.172595770669361 ], [ 70.717996021272853, 23.189174498375333 ], [ 70.711621218076047, 23.214374164488412 ], [ 70.696996669565735, 23.211389993501335 ], [ 70.666622607275087, 23.228963444869667 ], [ 70.646748220837992, 23.21371101538017 ], [ 70.635873556561094, 23.185527178280019 ], [ 70.582625200446614, 23.177569388981155 ], [ 70.505002596814947, 23.176574665318796 ], [ 70.475378511370991, 23.196469138565963 ], [ 70.424005097373225, 23.206416375189544 ], [ 70.431879854263386, 23.21503731359665 ], [ 70.424755074219902, 23.216363611813126 ], [ 70.312258547217496, 23.21536888815077 ], [ 70.294259102897101, 23.207411098851903 ], [ 70.308883651407413, 23.181216709076466 ], [ 70.265010005876476, 23.16165381038342 ], [ 70.242510700476004, 23.17392206888584 ], [ 70.242510700476004, 23.164637981370497 ], [ 70.227886151965691, 23.159995937612823 ], [ 70.245135619439381, 23.163311683154017 ], [ 70.237635850972566, 23.137780442486822 ], [ 70.215886522418756, 23.141759337136257 ], [ 70.228261140389023, 23.12783320586324 ], [ 70.215886522418756, 23.129159504079716 ], [ 70.209136730798619, 23.108270307170194 ], [ 70.184762483281432, 23.086054812044189 ], [ 70.182887541164718, 23.066491913351143 ], [ 70.175762761121234, 23.070139233446458 ], [ 70.172387865311165, 23.058865698606397 ], [ 70.164888096844336, 23.067155062459385 ], [ 70.149513571487347, 23.036981778034516 ], [ 70.158888282070876, 23.034660756155681 ], [ 70.139013895633781, 23.026371392302693 ], [ 70.107889856496442, 22.977629932847137 ], [ 70.083515608979255, 22.977629932847137 ], [ 70.090640389022752, 22.970335292656507 ], [ 70.068516072045611, 22.95773545959997 ], [ 70.062516257272136, 22.966356398007076 ], [ 70.053516535111953, 22.950440819409344 ], [ 70.035892079214904, 22.952761841288179 ], [ 70.059141361462068, 22.948782946638747 ], [ 70.055766465651999, 22.937840986352803 ], [ 70.073015933125703, 22.943146179218715 ], [ 70.061391292002114, 22.932535793486895 ], [ 70.085015562672623, 22.932535793486895 ], [ 70.080140713169186, 22.919935960430355 ], [ 70.008142935887648, 22.912972894793846 ], [ 70.007392959040956, 22.905346680049099 ], [ 69.99314339895399, 22.911315022023249 ], [ 69.999518202150796, 22.906672978265579 ], [ 69.959019452429928, 22.899046763520833 ], [ 69.962394348239997, 22.8934099961008 ], [ 69.927145436445912, 22.895731017979639 ], [ 69.898646316271964, 22.871194500974799 ], [ 69.877646964564846, 22.873847097407754 ], [ 69.80077433777987, 22.850968453173515 ], [ 69.768525333372509, 22.826100361614557 ], [ 69.682277996004004, 22.799905971839124 ], [ 69.64740407263325, 22.795927077189688 ], [ 69.64740407263325, 22.808858484800346 ], [ 69.634279477816307, 22.811511081233302 ], [ 69.605780357642359, 22.802890142826197 ], [ 69.575781283775058, 22.817479423207452 ], [ 69.576156272198389, 22.810184783016823 ], [ 69.534532557207498, 22.808526910246226 ], [ 69.530782672974084, 22.799574397285003 ], [ 69.502283552800151, 22.809190059354467 ], [ 69.504908471763528, 22.798911248176765 ], [ 69.494408795909976, 22.796590226297926 ], [ 69.482784154786401, 22.805542739259153 ], [ 69.477534316859618, 22.79526392808145 ], [ 69.457284941999177, 22.814163677666258 ], [ 69.416786192278309, 22.810516357570943 ], [ 69.470034548392789, 22.776364178496642 ], [ 69.494783784333322, 22.779679924037836 ], [ 69.471909490509489, 22.773711582063687 ], [ 69.434410648175358, 22.787969287890821 ], [ 69.443785358758888, 22.780011498591957 ], [ 69.381162292060878, 22.818474146869811 ], [ 69.304664653699248, 22.837705471008736 ], [ 69.267915788211795, 22.825105637952198 ], [ 69.231541911147687, 22.834721300021663 ], [ 69.246916436504677, 22.838368620116977 ], [ 69.228167015337604, 22.84864743129468 ], [ 69.222167200564144, 22.836047598238139 ], [ 69.195918010930257, 22.837705471008736 ], [ 69.194418057236888, 22.851631602281753 ], [ 69.165918937062941, 22.859920966134737 ], [ 69.174918659223138, 22.851300027727632 ], [ 69.130670025268856, 22.874178671961875 ], [ 69.117545430451912, 22.891088974221965 ], [ 69.125045198918727, 22.8934099961008 ], [ 69.111545615678438, 22.891420548776086 ], [ 69.10892069671506, 22.900041487183191 ], [ 69.107795731445037, 22.890425825113727 ], [ 69.077421669154376, 22.910320298360894 ], [ 69.07929661127109, 22.920930684092713 ], [ 69.068796935417524, 22.918278087659758 ], [ 69.068796935417524, 22.926567451512746 ], [ 69.063172109067409, 22.91794651310564 ], [ 69.00467391502616, 22.951435543071703 ], [ 69.005423891872837, 22.947456648422268 ], [ 68.80218016642182, 23.064170891472308 ], [ 68.759431486160906, 23.079754895515922 ], [ 68.632310410648188, 23.170274748790526 ], [ 68.583936904037145, 23.223658252003755 ], [ 68.581686973497099, 23.239242256047369 ], [ 68.606061221014286, 23.236589659614413 ], [ 68.628560526414773, 23.254826260090979 ], [ 68.618060850561207, 23.284667969961731 ], [ 68.634560341188234, 23.300583548559462 ], [ 68.612436024211092, 23.287983715502925 ], [ 68.601186371510849, 23.256152558307459 ], [ 68.552437876476475, 23.263115623943968 ], [ 68.565562471293418, 23.245873747129757 ], [ 68.540063258506208, 23.248194769008592 ], [ 68.532188501616034, 23.280689075312296 ], [ 68.544188131162954, 23.300915123113583 ], [ 68.561812587060004, 23.31351495617012 ], [ 68.57606214714697, 23.303236144992418 ], [ 68.569687343950179, 23.316499127157194 ], [ 68.620685769524599, 23.328435811105493 ], [ 68.559187668096612, 23.338383047729078 ], [ 68.564437506023395, 23.363914288396273 ], [ 68.580936996650408, 23.370877354032782 ], [ 68.566687436563441, 23.373529950465738 ], [ 68.549812957513083, 23.355624924543289 ], [ 68.500689474055363, 23.369551055816302 ], [ 68.487189890815074, 23.349656582569139 ], [ 68.487189890815074, 23.362256415625676 ], [ 68.458690770641127, 23.367230033937467 ], [ 68.459440747487818, 23.391434976388187 ], [ 68.442566268437446, 23.402376936674127 ], [ 68.449691048480943, 23.436860690302549 ], [ 68.419316986190282, 23.406355831323562 ], [ 68.399817588176532, 23.419950388042459 ], [ 68.413317171416821, 23.460070909090909 ], [ 68.442941256860792, 23.472670742147447 ], [ 68.418192020920259, 23.472670742147447 ], [ 68.480440099194922, 23.517764881507688 ], [ 68.456440840101081, 23.511464964979421 ], [ 68.447816106364229, 23.522075350711241 ], [ 68.451940979020989, 23.537659354754854 ], [ 68.436566453663985, 23.538654078417213 ], [ 68.441441303167423, 23.505828197559389 ], [ 68.415942090380213, 23.486596873420464 ], [ 68.326319857201625, 23.496212535489928 ], [ 68.310195354997944, 23.578774599465664 ], [ 68.299320690721046, 23.593032305292802 ], [ 68.271196558970445, 23.594690178063399 ], [ 68.264446767350307, 23.585737665102172 ], [ 68.14182555291768, 23.601321669145786 ], [ 68.119326247517193, 23.615910949527041 ], [ 68.094952, 23.653047299588419 ], [ 68.100576826350121, 23.678246965701494 ], [ 68.15720007827467, 23.684546882229764 ], [ 68.172199615208328, 23.696151991623942 ], [ 68.202573677498975, 23.766114222543145 ], [ 68.197698827995538, 23.835744878908223 ], [ 68.208573492272436, 23.874870676294318 ], [ 68.252072149380041, 23.896423022312081 ], [ 68.280196281130642, 23.930575201386382 ], [ 68.331944683551754, 23.923943710303995 ], [ 68.338694475171891, 23.966053678677159 ], [ 68.358193873185641, 23.979979809950176 ], [ 68.378818236469414, 23.984290279153729 ], [ 68.390442877593003, 23.96638525323128 ], [ 68.7530566829641, 23.97102729698895 ], [ 68.76468132408769, 24.295970360025994 ], [ 68.808179981195281, 24.313543811394325 ], [ 68.830679286595768, 24.311885938623728 ], [ 68.847553765646126, 24.23927111127157 ], [ 68.864803233119829, 24.212745146942016 ], [ 68.880177758476819, 24.216392467037331 ], [ 68.906801936534066, 24.279723206874142 ], [ 68.94542574413822, 24.302601851108385 ], [ 68.984799528589065, 24.227666001877392 ], [ 69.003173961332791, 24.223023958119718 ], [ 69.095046125051425, 24.274086439454113 ], [ 69.193668080390196, 24.236286940284497 ], [ 69.312914399012755, 24.281381079644738 ], [ 69.374787488864087, 24.269112821142322 ], [ 69.444910324028911, 24.280054781428262 ], [ 69.491408888523239, 24.267454948371721 ], [ 69.594155716518785, 24.29298618903892 ], [ 69.731401479461724, 24.170966753122968 ], [ 70.025017414938006, 24.170966753122968 ], [ 70.067016118352242, 24.19915059022312 ], [ 70.110139787036502, 24.294644061809517 ], [ 70.250010468942833, 24.324154197126145 ], [ 70.316383419874242, 24.34968543779334 ], [ 70.368506810718699, 24.350680161455699 ], [ 70.411630479402959, 24.375216678460539 ], [ 70.573250489863085, 24.421968690591378 ], [ 70.60249958688371, 24.407710984764243 ], [ 70.580375269906568, 24.362948419958119 ], [ 70.561625848739496, 24.353664332442776 ], [ 70.584500142563328, 24.290002018051844 ], [ 70.571000559323039, 24.25153936977399 ], [ 70.66774757254511, 24.219376638024407 ], [ 70.806118300758072, 24.220702936240883 ], [ 70.906615198213558, 24.259165584518737 ], [ 70.875116170652873, 24.28038635598238 ], [ 70.87399120538285, 24.294644061809517 ], [ 70.947113947934426, 24.348359139576864 ], [ 70.98573775553858, 24.365269441836954 ], [ 71.019861702062641, 24.347695990468626 ], [ 71.049110799083266, 24.356316928875732 ], [ 71.083984722454019, 24.394448002599464 ], [ 71.121858553211496, 24.405721537439526 ], [ 71.12560843744491, 24.420310817820781 ], [ 71.103109132044423, 24.435894821864395 ], [ 71.037111169536345, 24.43224750176908 ], [ 70.998487361932192, 24.444184185717379 ], [ 71.004487176705652, 24.523098929597804 ], [ 70.987237709231948, 24.543324977399088 ], [ 70.986487732385271, 24.595382182395841 ], [ 71.008612049362398, 24.635502703444292 ], [ 71.074235023447144, 24.662360242327964 ], [ 71.096734328847631, 24.689549355765759 ], [ 71.112108854204621, 24.675623224492742 ], [ 71.261354246694481, 24.624560743158352 ], [ 71.287978424751714, 24.615939804751246 ] ] ] ] } },
{ "type": "Feature", "properties": { "dt_code": "475", "district": "Surendranagar", "st_nm": "Gujarat", "st_code": "24", "year": "2011_c" }, "geometry": { "type": "MultiPolygon", "coordinates": [ [ [ [ 71.337101908209434, 22.211029563723013 ], [ 71.336351931362756, 22.210366414614775 ], [ 71.311977683845569, 22.21865577846776 ], [ 71.306727845918786, 22.227276716874865 ], [ 71.323227336545813, 22.245181742797314 ], [ 71.344976665099608, 22.247171190122032 ], [ 71.359976202033266, 22.235234506173732 ], [ 71.363351097843335, 22.232250335186656 ], [ 71.362976109419989, 22.231918760632535 ], [ 71.359976202033266, 22.228934589645462 ], [ 71.348726549333023, 22.217992629359522 ], [ 71.340476804019517, 22.213019011047727 ], [ 71.337101908209434, 22.211029563723013 ] ] ], [ [ [ 71.862835677734026, 22.371180073362698 ], [ 71.862460689310694, 22.370848498808577 ], [ 71.849711082917082, 22.361232836739113 ], [ 71.845586210260336, 22.35824866575204 ], [ 71.844836233413645, 22.357917091197919 ], [ 71.831711638596701, 22.360569687630875 ], [ 71.836961476523484, 22.396379739475776 ], [ 71.796462726802616, 22.396048164921655 ], [ 71.793087830992533, 22.363553858617951 ], [ 71.754839011811725, 22.360901262184996 ], [ 71.741339428571436, 22.363553858617951 ], [ 71.735339613797962, 22.382453608202759 ], [ 71.721090053710995, 22.382122033648638 ], [ 71.711715343127466, 22.399032335908728 ], [ 71.673841512369989, 22.384443055527473 ], [ 71.65021724169948, 22.402016506895805 ], [ 71.635592693189167, 22.380464160878041 ], [ 71.626217982605624, 22.382785182756876 ], [ 71.629967866839038, 22.343990959924906 ], [ 71.601843735088437, 22.339680490721353 ], [ 71.592094036081562, 22.354601345656725 ], [ 71.578969441264618, 22.320117592028303 ], [ 71.569219742257744, 22.322438613907142 ], [ 71.565094869600983, 22.342001512600188 ], [ 71.531345911500267, 22.342996236262547 ], [ 71.495347022859491, 22.303870438876451 ], [ 71.44584855097844, 22.2892811584952 ], [ 71.437223817241588, 22.261097321395045 ], [ 71.428974071928067, 22.23556608072785 ], [ 71.407224743374272, 22.223960971333671 ], [ 71.401599917024157, 22.224624120441909 ], [ 71.39672506752072, 22.225287269550147 ], [ 71.391100241170591, 22.225950418658385 ], [ 71.391850218017282, 22.277676049101018 ], [ 71.37722566950697, 22.273365579897465 ], [ 71.37122585473351, 22.290607456711676 ], [ 71.346101630369631, 22.259107874070331 ], [ 71.310102741728855, 22.280328645533974 ], [ 71.303352950108717, 22.251150084771464 ], [ 71.287603436328382, 22.254797404866778 ], [ 71.285728494211668, 22.269055110693913 ], [ 71.235855033907271, 22.276681325438659 ], [ 71.232480138097202, 22.25247638298794 ], [ 71.213355728506784, 22.242860720918479 ], [ 71.217480601163544, 22.219650502130118 ], [ 71.281603621554922, 22.217661054805401 ], [ 71.302977961685372, 22.184503599393459 ], [ 71.296603158488566, 22.168256446241607 ], [ 71.277103760474816, 22.159635507834501 ], [ 71.24935461714756, 22.169582744458083 ], [ 71.233230114943879, 22.163945977038054 ], [ 71.217105612740198, 22.187156195826415 ], [ 71.191981388376334, 22.175219511878115 ], [ 71.196481249456426, 22.164277551592171 ], [ 71.175106909325976, 22.158972358726263 ], [ 71.176981851442676, 22.144051503790887 ], [ 71.143982870188637, 22.124488605097842 ], [ 71.124483472174887, 22.124820179651962 ], [ 71.118108668978081, 22.134767416275544 ], [ 71.127108391138279, 22.149356696656799 ], [ 71.158982407122295, 22.164940700700413 ], [ 71.162732291355709, 22.185498323055818 ], [ 71.142482916495268, 22.192129814138205 ], [ 71.119983611094796, 22.221639949454833 ], [ 71.107608993124529, 22.246176466459673 ], [ 71.115108761591358, 22.255128979420896 ], [ 71.081734791913973, 22.255792128529137 ], [ 71.056985555973441, 22.278670772763377 ], [ 71.06448532444027, 22.307849333525887 ], [ 71.020236690485987, 22.333048999638962 ], [ 71.018736736792619, 22.333712148747203 ], [ 71.018736736792619, 22.338354192504873 ], [ 71.018361748369273, 22.377811564445086 ], [ 71.039361100076391, 22.388421950176909 ], [ 71.035611215842977, 22.392732419380462 ], [ 71.012736922019158, 22.411963743519387 ], [ 70.991362581888708, 22.401684932341684 ], [ 70.980862906035142, 22.414947914506463 ], [ 71.036361192689668, 22.440147580619538 ], [ 71.037861146383037, 22.440810729727779 ], [ 71.057735532820118, 22.437826558740703 ], [ 71.082859757183996, 22.403011230558164 ], [ 71.091484490920848, 22.400690208679325 ], [ 71.094484398307571, 22.402679656004043 ], [ 71.1001092246577, 22.432852940428912 ], [ 71.125983425868256, 22.438158133294824 ], [ 71.117358692131404, 22.451089540905482 ], [ 71.131233263795025, 22.460705202974943 ], [ 71.12973331010167, 22.481262825330347 ], [ 71.163857256625732, 22.484910145425662 ], [ 71.163857256625732, 22.504473044118708 ], [ 71.134233171181762, 22.545919863383638 ], [ 71.11548375001469, 22.547909310708356 ], [ 71.100484213081046, 22.512762407971696 ], [ 71.061485417053532, 22.537630499530653 ], [ 71.094484398307571, 22.563161740197849 ], [ 71.102359155197746, 22.583056213445015 ], [ 71.092984444614217, 22.606598006787493 ], [ 71.102359155197746, 22.602950686692179 ], [ 71.096359340424286, 22.621187287168748 ], [ 71.109483935241229, 22.642408058632391 ], [ 71.128608344831648, 22.635444992995883 ], [ 71.128233356408302, 22.652355295255976 ], [ 71.162732291355709, 22.683854877897321 ], [ 71.163857256625732, 22.702423052928008 ], [ 71.125983425868256, 22.742543573976459 ], [ 71.122983518481519, 22.756801279803597 ], [ 71.133108205911739, 22.761774898115387 ], [ 71.125233449021565, 22.797916524514406 ], [ 71.099359247811009, 22.823116190627481 ], [ 71.14510783545866, 22.827426659831033 ], [ 71.1391080206852, 22.862241988013576 ], [ 71.161232337662341, 22.861578838905338 ], [ 71.183731643062828, 22.825768787060436 ], [ 71.227605288593764, 22.822121466965122 ], [ 71.254229466650997, 22.837042321900498 ], [ 71.2452297444908, 22.862573562567693 ], [ 71.262479211964504, 22.872189224637157 ], [ 71.270728957278024, 22.90567825460322 ], [ 71.292103297408474, 22.918941236767999 ], [ 71.289853366868428, 22.933862091703372 ], [ 71.302977961685372, 22.947788222976389 ], [ 71.293603251101842, 22.973651038197705 ], [ 71.316477544925661, 22.987245594916601 ], [ 71.314602602808961, 23.013771559246155 ], [ 71.295478193218543, 23.018413603003825 ], [ 71.302227984838694, 23.044607992779262 ], [ 71.291728308985128, 23.067818211567623 ], [ 71.340101815596171, 23.092023154018342 ], [ 71.347601584063, 23.098323070546609 ], [ 71.342726734559562, 23.114901798252582 ], [ 71.358851236763243, 23.120538565672611 ], [ 71.343101722982908, 23.144080359015092 ], [ 71.316477544925661, 23.14341720990685 ], [ 71.305227892225417, 23.166627428695211 ], [ 71.305977869072109, 23.16762215235757 ], [ 71.308227799612155, 23.170937897898764 ], [ 71.311977683845569, 23.166295854141094 ], [ 71.31985244073573, 23.18619032738826 ], [ 71.332227058705996, 23.160990661275182 ], [ 71.360726178879943, 23.172927345223481 ], [ 71.365226039960035, 23.159332788504585 ], [ 71.389225299053891, 23.153696021084556 ], [ 71.386600380090499, 23.146732955448048 ], [ 71.444723585708417, 23.146069806339806 ], [ 71.449598435211854, 23.132143675066793 ], [ 71.515596397719932, 23.158338064842226 ], [ 71.538845679967096, 23.155022319301032 ], [ 71.550845309514017, 23.140101464365657 ], [ 71.569219742257744, 23.142090911690374 ], [ 71.573719603337835, 23.132806824175031 ], [ 71.594343966621622, 23.13247524962091 ], [ 71.601468746665105, 23.143748784460971 ], [ 71.605968607745197, 23.134796271499749 ], [ 71.610468468825289, 23.14474350812333 ], [ 71.669716639713229, 23.143085635352733 ], [ 71.708340447317397, 23.11556494736082 ], [ 71.710215389434097, 23.095007325005415 ], [ 71.719965088440972, 23.090696855801863 ], [ 71.736089590644653, 23.119212267456135 ], [ 71.761213815008517, 23.1168912455773 ], [ 71.745089312804851, 23.135790995162104 ], [ 71.759338872891817, 23.142422486244495 ], [ 71.761588803431863, 23.153696021084556 ], [ 71.761963791855209, 23.156017042963391 ], [ 71.76233878027854, 23.157674915733988 ], [ 71.748464208614919, 23.177900963535272 ], [ 71.732339706411238, 23.176906239872913 ], [ 71.724089961097732, 23.164969555924614 ], [ 71.704215574660637, 23.171932621561123 ], [ 71.703090609390614, 23.172927345223481 ], [ 71.717340169477581, 23.193484967578886 ], [ 71.720340076864318, 23.198458585890677 ], [ 71.720715065287649, 23.198458585890677 ], [ 71.709090424164074, 23.200779607769512 ], [ 71.689216037726979, 23.181879858184708 ], [ 71.676841419756713, 23.201774331431871 ], [ 71.657717010166309, 23.207411098851903 ], [ 71.670841604983252, 23.226310848436711 ], [ 71.653592137509548, 23.236589659614413 ], [ 71.697090794617154, 23.248194769008592 ], [ 71.659591952283009, 23.260131452956891 ], [ 71.6603419291297, 23.274389158784029 ], [ 71.67571645448669, 23.274720733338146 ], [ 71.674591489216667, 23.292957333814716 ], [ 71.646842345889411, 23.278699627987582 ], [ 71.629217889992361, 23.291299461044119 ], [ 71.651342206969503, 23.318488574481911 ], [ 71.641592507962628, 23.338051473174957 ], [ 71.58346930234471, 23.362919564733915 ], [ 71.565469858024329, 23.35463020088093 ], [ 71.600718769818414, 23.374856248682214 ], [ 71.563969904330961, 23.3728668013575 ], [ 71.60296870035846, 23.42359770813777 ], [ 71.569969719104421, 23.41166102418947 ], [ 71.561344985367569, 23.440176435843743 ], [ 71.532095888346944, 23.461065632753268 ], [ 71.533595842040313, 23.478639084121596 ], [ 71.533595842040313, 23.478639084121596 ], [ 71.533970830463659, 23.478970658675717 ], [ 71.537345726273728, 23.480628531446314 ], [ 71.564719881177652, 23.49554938638169 ], [ 71.577844475994596, 23.496212535489928 ], [ 71.603343688781806, 23.497207259152283 ], [ 71.699340725157199, 23.481623255108673 ], [ 71.702340632543923, 23.480960106000431 ], [ 71.730464764294524, 23.490575768069895 ], [ 71.726339891637778, 23.468028698389777 ], [ 71.771338502438738, 23.468028698389777 ], [ 71.771713490862084, 23.467697123835656 ], [ 71.777713305635544, 23.45443414167088 ], [ 71.760088849738494, 23.426581879124846 ], [ 71.761213815008517, 23.403703234890607 ], [ 71.793837807839225, 23.391766550942307 ], [ 71.836961476523484, 23.418292515271862 ], [ 71.862460689310694, 23.47101286937685 ], [ 71.863585654580717, 23.47134444393097 ], [ 71.922833825468643, 23.492565215394613 ], [ 71.941958235059062, 23.499528281031122 ], [ 71.942333223482407, 23.499859855585242 ], [ 71.943083200329085, 23.518096456061809 ], [ 71.96895740153964, 23.526717394468914 ], [ 71.979457077393192, 23.519754328832406 ], [ 71.979832065816538, 23.502512452018195 ], [ 71.99858148698361, 23.498865131922884 ], [ 71.989581764823413, 23.489581044407537 ], [ 71.963707563612857, 23.462060356415627 ], [ 71.968582413116295, 23.409008427756518 ], [ 71.956207795146028, 23.387456081738755 ], [ 71.902959439031562, 23.380824590656363 ], [ 71.887959902097904, 23.390771827279949 ], [ 71.870335446200855, 23.381819314318722 ], [ 71.89433470529471, 23.329098960213734 ], [ 71.876335260974315, 23.309536061520689 ], [ 71.88421001786449, 23.302241421330059 ], [ 71.872585376740901, 23.27936277709582 ], [ 71.879710156784398, 23.253499961874503 ], [ 71.869960457777523, 23.218353059137844 ], [ 71.896959624258102, 23.219016208246082 ], [ 71.902584450608217, 23.255820983753338 ], [ 71.91983391808192, 23.264110347606326 ], [ 71.933708489745555, 23.261457751173371 ], [ 71.943083200329085, 23.236921234168531 ], [ 71.970082366809663, 23.250184216333309 ], [ 71.995581579596873, 23.248194769008592 ], [ 71.98845679955339, 23.209400546176617 ], [ 71.949832991949222, 23.204095353310709 ], [ 71.928083663395427, 23.180221985414107 ], [ 71.905959346418285, 23.176243090764675 ], [ 71.899584543221479, 23.102633539750162 ], [ 71.918708952811897, 23.065828764242905 ], [ 71.945708119292476, 23.062844593255832 ], [ 71.952457910912614, 23.028692414181528 ], [ 71.962207609919489, 23.02836083962741 ], [ 71.960707656226134, 23.046929014658097 ], [ 71.973457262619732, 23.058534124052279 ], [ 72.015455966033969, 23.057870974944038 ], [ 72.017705896574014, 23.050907909307533 ], [ 72.021830769230775, 23.018413603003825 ], [ 72.008706174413817, 23.001503300743735 ], [ 72.020705803960752, 22.992219213228392 ], [ 71.995581579596873, 22.95176711762582 ], [ 72.005331278603748, 22.924246429633907 ], [ 71.989581764823413, 22.862905137121814 ], [ 72.013581023917254, 22.81814257231569 ], [ 72.027830584004235, 22.828421383493392 ], [ 72.034580375624373, 22.859920966134737 ], [ 72.041705155667856, 22.826431936168674 ], [ 72.035705340894395, 22.809853208462705 ], [ 72.057079681024859, 22.796590226297926 ], [ 72.047329982017985, 22.768406389197775 ], [ 72.055579727331491, 22.770395836522493 ], [ 72.062704507374974, 22.756801279803597 ], [ 72.054079773638122, 22.750501363275326 ], [ 72.069829287418472, 22.733922635569357 ], [ 72.10807810659928, 22.720991227958699 ], [ 72.094203534935659, 22.675565514044337 ], [ 72.067579356878412, 22.674902364936095 ], [ 72.057454669448205, 22.694133689075024 ], [ 72.022955734500798, 22.680207557802007 ], [ 72.061579542104951, 22.653681593472452 ], [ 72.066829380031734, 22.591014002743879 ], [ 72.103953233942534, 22.602950686692179 ], [ 72.150076810013516, 22.584050937107371 ], [ 72.189450594464361, 22.542272543288323 ], [ 72.145201960510079, 22.517072877175249 ], [ 72.148201867896816, 22.495520531157485 ], [ 72.163951381677151, 22.47960495255975 ], [ 72.084078847505438, 22.435505536861868 ], [ 72.052954808368099, 22.443131751606614 ], [ 72.051079866251399, 22.475626057910318 ], [ 72.039080236704478, 22.483252272655065 ], [ 72.03345541035435, 22.506794065997546 ], [ 71.967082459422926, 22.515415004404652 ], [ 71.97083234365634, 22.538625223193009 ], [ 71.970082366809663, 22.538956797747129 ], [ 71.93933331609567, 22.546914587045997 ], [ 71.913459114885114, 22.526356964690592 ], [ 71.931458559205495, 22.502815171348111 ], [ 71.919458929658575, 22.501488873131635 ], [ 71.916834010695183, 22.482589123546827 ], [ 71.936708397132278, 22.47960495255975 ], [ 71.967457447846272, 22.492536360170408 ], [ 71.972332297349709, 22.472641886923242 ], [ 71.934083478168887, 22.453410562784317 ], [ 71.940833269789039, 22.384111480973356 ], [ 71.94120825821237, 22.380795735432162 ], [ 71.936708397132278, 22.383116757310997 ], [ 71.921333871775289, 22.380464160878041 ], [ 71.902209462184871, 22.423568852913569 ], [ 71.86058574719398, 22.396048164921655 ], [ 71.862835677734026, 22.371180073362698 ] ] ] ] } },
{ "type": "Feature", "properties": { "dt_code": "483", "district": "Kheda", "st_nm": "Gujarat", "st_code": "24", "year": "2011_c" }, "geometry": { "type": "Polygon", "coordinates": [ [ [ 73.350414753129229, 22.792279757094374 ], [ 73.342539996239054, 22.791285033432018 ], [ 73.275417068460953, 22.782664095024913 ], [ 73.275042080037608, 22.782664095024913 ], [ 73.272042172650885, 22.780011498591957 ], [ 73.25816760098725, 22.769732687414255 ], [ 73.257792612563904, 22.768406389197775 ], [ 73.251792797790444, 22.719333355188098 ], [ 73.269417253687493, 22.66628142652899 ], [ 73.219918781806427, 22.625829330926422 ], [ 73.218418828113059, 22.628481927359374 ], [ 73.194419569019217, 22.670260321178425 ], [ 73.201544349062701, 22.683191728789083 ], [ 73.15804569195511, 22.681202281464365 ], [ 73.139671259211383, 22.714359736876307 ], [ 73.124296733854379, 22.722649100729296 ], [ 73.096922578950455, 22.718338631525743 ], [ 73.095797613680432, 22.728285868149325 ], [ 73.044049211259335, 22.713365013213952 ], [ 73.025674778515608, 22.734585784677595 ], [ 73.024924801668917, 22.733922635569357 ], [ 73.021924894282193, 22.725301697162251 ], [ 73.002800484691775, 22.722980675283413 ], [ 73.009175287888581, 22.705407223915085 ], [ 72.997550646765006, 22.700102031049173 ], [ 72.984801040371394, 22.653681593472452 ], [ 72.962676723394253, 22.633787120225286 ], [ 72.929677742140214, 22.629145076467616 ], [ 72.917303124169948, 22.594661322839194 ], [ 72.913553239936533, 22.593666599176835 ], [ 72.867429663865551, 22.582393064336774 ], [ 72.85917991855203, 22.592008726406238 ], [ 72.874179455485688, 22.603945410354537 ], [ 72.871179548098965, 22.620855712614627 ], [ 72.85318010377857, 22.618534690735792 ], [ 72.850555184815178, 22.601624388475702 ], [ 72.830680798378097, 22.594329748285073 ], [ 72.829555833108074, 22.595656046501553 ], [ 72.820931099371222, 22.606598006787493 ], [ 72.834430682611512, 22.614887370640478 ], [ 72.826555925721337, 22.62649248003466 ], [ 72.807056527707587, 22.620192563506389 ], [ 72.789432071810538, 22.63876073853708 ], [ 72.760932951636605, 22.634118694779406 ], [ 72.740308588352818, 22.645723804173585 ], [ 72.717434294528999, 22.624503032709942 ], [ 72.716309329258976, 22.625497756372301 ], [ 72.709559537638825, 22.632460822008809 ], [ 72.70805958394547, 22.634118694779406 ], [ 72.685185290121638, 22.629476651021733 ], [ 72.688935174355052, 22.605603283125134 ], [ 72.710684502908862, 22.589687704527403 ], [ 72.674685614268085, 22.586371958986209 ], [ 72.669810764764648, 22.563161740197849 ], [ 72.640561667744024, 22.535641052205936 ], [ 72.667185845801257, 22.530335859340024 ], [ 72.671310718458017, 22.505799342335187 ], [ 72.666060880531234, 22.504473044118708 ], [ 72.664185938414533, 22.50414146956459 ], [ 72.652186308867599, 22.500825724023393 ], [ 72.651061343597576, 22.506462491443425 ], [ 72.645061528824115, 22.507788789659902 ], [ 72.635686818240586, 22.50380989501047 ], [ 72.617312385496859, 22.513093982525813 ], [ 72.599312941176464, 22.500494149469276 ], [ 72.576813635775991, 22.50380989501047 ], [ 72.576438647352646, 22.50380989501047 ], [ 72.553939341952173, 22.56813535850964 ], [ 72.532190013398363, 22.569793231280237 ], [ 72.532939990245055, 22.588029831756806 ], [ 72.508565742727853, 22.610576901436929 ], [ 72.505940823764476, 22.613229497869881 ], [ 72.510440684844568, 22.628813501913495 ], [ 72.511940638537936, 22.632792396562927 ], [ 72.535564909208432, 22.626160905480539 ], [ 72.537439851325146, 22.652023720701855 ], [ 72.569313867309162, 22.653681593472452 ], [ 72.548314515602044, 22.664955128312513 ], [ 72.549814469295413, 22.672912917611381 ], [ 72.526940175471594, 22.677886535923172 ], [ 72.544189642945284, 22.692807390858547 ], [ 72.517940453311397, 22.700433605603294 ], [ 72.522440314391488, 22.712370289551593 ], [ 72.540814747135215, 22.711375565889234 ], [ 72.52319029123818, 22.733591061015236 ], [ 72.538939805018515, 22.751827661491806 ], [ 72.52094036069812, 22.752490810600044 ], [ 72.529940082858317, 22.767080090981299 ], [ 72.514190569077982, 22.778685200375477 ], [ 72.522065325968157, 22.795595502635571 ], [ 72.570438832579185, 22.826763510722795 ], [ 72.581313496856083, 22.818805721423928 ], [ 72.597063010636418, 22.824774063398078 ], [ 72.607937674913316, 22.81350052855802 ], [ 72.608687651760007, 22.862573562567693 ], [ 72.598562964329787, 22.872189224637157 ], [ 72.607562686489985, 22.886446930464295 ], [ 72.632686910853849, 22.882136461260743 ], [ 72.643186586707415, 22.897720465304353 ], [ 72.666810857377911, 22.895731017979639 ], [ 72.673560648998063, 22.880478588490142 ], [ 72.688560185931721, 22.880147013936025 ], [ 72.724184086149151, 22.914630767564447 ], [ 72.742183530469532, 22.90567825460322 ], [ 72.791307013927252, 22.907999276482055 ], [ 72.804431608744196, 22.941156731894001 ], [ 72.83968052053828, 22.965030099790599 ], [ 72.842680427925018, 22.967019547115314 ], [ 72.831055786801429, 22.982603551158928 ], [ 72.830680798378097, 22.983598274821286 ], [ 72.831055786801429, 22.984592998483645 ], [ 72.838555555268258, 22.996198107877824 ], [ 72.838180566844926, 22.996529682431945 ], [ 72.848305254275132, 22.9991822788649 ], [ 72.843055416348363, 23.010124239150841 ], [ 72.846055323735087, 23.010455813704962 ], [ 72.892553888229415, 23.014434708354393 ], [ 72.913178251513187, 23.053228931186368 ], [ 72.905678483046358, 23.065497189688784 ], [ 72.923302938943408, 23.069807658892337 ], [ 72.925552869483454, 23.08041804462416 ], [ 72.960801781277553, 23.073786553541773 ], [ 72.960801781277553, 23.059528847714635 ], [ 72.996800669918315, 23.057870974944038 ], [ 72.981801132984657, 23.08771268481479 ], [ 73.007300345771881, 23.102965114304283 ], [ 73.002800484691775, 23.130817376850313 ], [ 73.022674871128871, 23.131480525958551 ], [ 73.026424755362285, 23.135127846053866 ], [ 73.025674778515608, 23.13844359159506 ], [ 73.013300160545342, 23.144080359015092 ], [ 73.012925172121996, 23.160327512166944 ], [ 73.017050044778756, 23.159995937612823 ], [ 73.018924986895456, 23.16894845057405 ], [ 73.019674963742133, 23.16894845057405 ], [ 73.069923412469876, 23.159664363058702 ], [ 73.12092183804431, 23.186853476496498 ], [ 73.134046432861254, 23.205421651527185 ], [ 73.155420772991718, 23.192821818470648 ], [ 73.150545923488281, 23.16762215235757 ], [ 73.170795298348708, 23.134796271499749 ], [ 73.188794742669089, 23.150048700989242 ], [ 73.201919337486046, 23.146069806339806 ], [ 73.205294233296115, 23.110259754494908 ], [ 73.225168619733211, 23.105286136183118 ], [ 73.241293121936891, 23.070802382554696 ], [ 73.272792149497562, 23.058534124052279 ], [ 73.272792149497562, 23.058202549498159 ], [ 73.272792149497562, 23.058202549498159 ], [ 73.275042080037608, 23.050244760199291 ], [ 73.243918040900269, 23.038308076250992 ], [ 73.241668110360223, 23.018413603003825 ], [ 73.275042080037608, 22.978293081955375 ], [ 73.250292844097075, 22.964366950682361 ], [ 73.260417531527295, 22.929220047945698 ], [ 73.272417161074216, 22.930214771608057 ], [ 73.311790945525061, 22.942814604664598 ], [ 73.349289787859192, 22.924578004188028 ], [ 73.384913688076622, 22.958067034154091 ], [ 73.410037912440501, 22.955414437721135 ], [ 73.421662553564076, 22.945135626543433 ], [ 73.418287657754007, 22.942151455556356 ], [ 73.41941262302403, 22.940162008231642 ], [ 73.367664220602933, 22.898715188966712 ], [ 73.375163989069748, 22.881141737598384 ], [ 73.384913688076622, 22.860252540688858 ], [ 73.384163711229945, 22.858594667918261 ], [ 73.363539347946173, 22.798911248176765 ], [ 73.363164359522827, 22.798911248176765 ], [ 73.362039394252804, 22.798248099068523 ], [ 73.350414753129229, 22.792279757094374 ] ], [ [ 73.230043469236648, 23.085723237490072 ], [ 73.229668480813302, 23.085391662935951 ], [ 73.228918503966625, 23.085060088381834 ], [ 73.229293492389957, 23.085060088381834 ], [ 73.229293492389957, 23.085060088381834 ], [ 73.229293492389957, 23.084728513827713 ], [ 73.230043469236648, 23.085723237490072 ] ] ] } },
{ "type": "Feature", "properties": { "dt_code": "482", "district": "Anand", "st_nm": "Gujarat", "st_code": "24", "year": "2011_c" }, "geometry": { "type": "Polygon", "coordinates": [ [ [ 73.218418828113059, 22.628481927359374 ], [ 73.219918781806427, 22.622845159939345 ], [ 73.156170749838395, 22.588692980865044 ], [ 73.135546386554623, 22.524367517365874 ], [ 73.091672741023686, 22.51010981153874 ], [ 73.093547683140386, 22.455400010109035 ], [ 73.065048562966439, 22.428210896671239 ], [ 73.072923319856613, 22.397042888584014 ], [ 73.046674130222712, 22.362559134955593 ], [ 73.059423736616324, 22.313486100945916 ], [ 73.009175287888581, 22.267728812477436 ], [ 72.974676352941174, 22.254134255758537 ], [ 72.951802059117355, 22.263086768719763 ], [ 72.948802151730618, 22.292596904036394 ], [ 72.947302198037249, 22.292596904036394 ], [ 72.945427255920549, 22.304202013430572 ], [ 72.928177788446845, 22.311828228175319 ], [ 72.909428367279773, 22.297902096902302 ], [ 72.910553332549796, 22.267065663369195 ], [ 72.892553888229415, 22.267065663369195 ], [ 72.871929524945642, 22.284970689291647 ], [ 72.842305439501672, 22.281986518304571 ], [ 72.755683113709821, 22.231587186078418 ], [ 72.737308680966095, 22.275355027222183 ], [ 72.701684780748664, 22.280660220088095 ], [ 72.687060232238352, 22.271707707126868 ], [ 72.682185382734914, 22.281323369196333 ], [ 72.65893610048775, 22.279002347317494 ], [ 72.58018853158606, 22.301217842443499 ], [ 72.55656426091555, 22.295249500469346 ], [ 72.515690522771351, 22.321112315690662 ], [ 72.500315997414347, 22.277676049101018 ], [ 72.460942212963502, 22.256455277637375 ], [ 72.427193254862786, 22.209371690952416 ], [ 72.408068845272368, 22.2295977387537 ], [ 72.40319399576893, 22.257118426745613 ], [ 72.421193440089326, 22.280328645533974 ], [ 72.419318497972611, 22.29989154422702 ], [ 72.37581984086502, 22.314812399162395 ], [ 72.401694042075576, 22.352943472886128 ], [ 72.397569169418816, 22.357585516643802 ], [ 72.390444389375332, 22.366206455050907 ], [ 72.385194551448549, 22.372506371579174 ], [ 72.367570095551514, 22.375490542566251 ], [ 72.341695894340958, 22.386432502852191 ], [ 72.367945083974845, 22.406990125207596 ], [ 72.373194921901629, 22.446779071701929 ], [ 72.355945454427925, 22.440479155173659 ], [ 72.363820211318099, 22.453410562784317 ], [ 72.376944806135043, 22.452415839121958 ], [ 72.37581984086502, 22.473305036031483 ], [ 72.408068845272368, 22.475957632464439 ], [ 72.438817895986361, 22.509115087876381 ], [ 72.430193162249509, 22.552551354466026 ], [ 72.426443278016109, 22.570456380388475 ], [ 72.42681826643944, 22.571451104050833 ], [ 72.441067826526421, 22.565482762076684 ], [ 72.46581706246694, 22.577419446024983 ], [ 72.503690893224416, 22.605934857679255 ], [ 72.504440870071107, 22.607924305003969 ], [ 72.508565742727853, 22.610576901436929 ], [ 72.532939990245055, 22.588029831756806 ], [ 72.532190013398363, 22.569793231280237 ], [ 72.553939341952173, 22.56813535850964 ], [ 72.576438647352646, 22.50380989501047 ], [ 72.576813635775991, 22.50380989501047 ], [ 72.599312941176464, 22.500494149469276 ], [ 72.617312385496859, 22.513093982525813 ], [ 72.635686818240586, 22.50380989501047 ], [ 72.645061528824115, 22.507788789659902 ], [ 72.651061343597576, 22.506462491443425 ], [ 72.652186308867599, 22.500825724023393 ], [ 72.664185938414533, 22.50414146956459 ], [ 72.666060880531234, 22.504473044118708 ], [ 72.671310718458017, 22.505799342335187 ], [ 72.667185845801257, 22.530335859340024 ], [ 72.640561667744024, 22.535641052205936 ], [ 72.669810764764648, 22.563161740197849 ], [ 72.674685614268085, 22.586371958986209 ], [ 72.710684502908862, 22.589687704527403 ], [ 72.688935174355052, 22.605603283125134 ], [ 72.685185290121638, 22.629476651021733 ], [ 72.70805958394547, 22.634118694779406 ], [ 72.709559537638825, 22.632460822008809 ], [ 72.716309329258976, 22.625497756372301 ], [ 72.717434294528999, 22.624503032709942 ], [ 72.740308588352818, 22.645723804173585 ], [ 72.760932951636605, 22.634118694779406 ], [ 72.789432071810538, 22.63876073853708 ], [ 72.807056527707587, 22.620192563506389 ], [ 72.826555925721337, 22.62649248003466 ], [ 72.834430682611512, 22.614887370640478 ], [ 72.820931099371222, 22.606598006787493 ], [ 72.829555833108074, 22.595656046501553 ], [ 72.830680798378097, 22.594329748285073 ], [ 72.850555184815178, 22.601624388475702 ], [ 72.85318010377857, 22.618534690735792 ], [ 72.871179548098965, 22.620855712614627 ], [ 72.874179455485688, 22.603945410354537 ], [ 72.85917991855203, 22.592008726406238 ], [ 72.867429663865551, 22.582393064336774 ], [ 72.913553239936533, 22.593666599176835 ], [ 72.917303124169948, 22.594661322839194 ], [ 72.929677742140214, 22.629145076467616 ], [ 72.962676723394253, 22.633787120225286 ], [ 72.984801040371394, 22.653681593472452 ], [ 72.997550646765006, 22.700102031049173 ], [ 73.009175287888581, 22.705407223915085 ], [ 73.002800484691775, 22.722980675283413 ], [ 73.021924894282193, 22.725301697162251 ], [ 73.024924801668917, 22.733922635569357 ], [ 73.025674778515608, 22.734585784677595 ], [ 73.044049211259335, 22.713365013213952 ], [ 73.095797613680432, 22.728285868149325 ], [ 73.096922578950455, 22.718338631525743 ], [ 73.124296733854379, 22.722649100729296 ], [ 73.139671259211383, 22.714359736876307 ], [ 73.15804569195511, 22.681202281464365 ], [ 73.201544349062701, 22.683191728789083 ], [ 73.194419569019217, 22.670260321178425 ], [ 73.218418828113059, 22.628481927359374 ] ] ] } },
{ "type": "Feature", "properties": { "dt_code": "727", "district": "Morbi", "st_nm": "Gujarat", "st_code": "24", "year": "update2014" }, "geometry": { "type": "MultiPolygon", "coordinates": [ [ [ [ 70.466378789210793, 22.332717425084844 ], [ 70.448754333313744, 22.327743806773054 ], [ 70.440129599576892, 22.35692236753556 ], [ 70.409755537286244, 22.361232836739113 ], [ 70.408255583592876, 22.370848498808577 ], [ 70.404505699359461, 22.403342805112281 ], [ 70.439379622730215, 22.414284765398225 ], [ 70.450629275430458, 22.394058717596938 ], [ 70.422880132103188, 22.374827393458013 ], [ 70.421755166833165, 22.373832669795654 ], [ 70.455504124933896, 22.354269771102608 ], [ 70.461878928130702, 22.350290876453172 ], [ 70.466378789210793, 22.332717425084844 ] ] ], [ [ [ 70.512502365281776, 22.45805260654199 ], [ 70.515127284245168, 22.459047330204346 ], [ 70.521877075865319, 22.45772103198787 ], [ 70.534251693835586, 22.435505536861868 ], [ 70.512502365281776, 22.45805260654199 ] ] ], [ [ [ 70.980862906035142, 22.414947914506463 ], [ 70.980862906035142, 22.414947914506463 ], [ 70.980487917611796, 22.41527948906058 ], [ 70.937739237350883, 22.426884598454762 ], [ 70.927989538344008, 22.441142304281897 ], [ 70.890865684433223, 22.442800177052494 ], [ 70.871366286419459, 22.459378904758466 ], [ 70.821117837691716, 22.470320865044407 ], [ 70.813618069224901, 22.481925974438589 ], [ 70.795618624904506, 22.47496290880208 ], [ 70.7854939374743, 22.454736861000793 ], [ 70.791868740671092, 22.434179238645388 ], [ 70.805743312334727, 22.434179238645388 ], [ 70.79149375224776, 22.421579405588851 ], [ 70.772744331080688, 22.434510813199509 ], [ 70.749870037256869, 22.414616339952342 ], [ 70.739370361403303, 22.432189791320674 ], [ 70.724370824469645, 22.426221449346524 ], [ 70.694371750602343, 22.436831835078344 ], [ 70.680122190515377, 22.461699926637301 ], [ 70.657247896691544, 22.47496290880208 ], [ 70.66774757254511, 22.47960495255975 ], [ 70.654997966151498, 22.49187321106217 ], [ 70.659122838808258, 22.503478320456352 ], [ 70.643373325027909, 22.508451938768143 ], [ 70.643748313451255, 22.517404451729366 ], [ 70.625373880707528, 22.510772960646978 ], [ 70.619374065934068, 22.532656881218859 ], [ 70.640748406064532, 22.580072042457939 ], [ 70.639623440794509, 22.580072042457939 ], [ 70.604749517423755, 22.584382511661492 ], [ 70.603999540577078, 22.606598006787493 ], [ 70.58487513098666, 22.613892646978123 ], [ 70.581125246753246, 22.603945410354537 ], [ 70.565000744549565, 22.60361383580042 ], [ 70.574375455133108, 22.634118694779406 ], [ 70.608124413233824, 22.640750185861794 ], [ 70.615624181700653, 22.651360571593617 ], [ 70.612249285890584, 22.695128412737382 ], [ 70.645623255567969, 22.706401947577444 ], [ 70.63812348710114, 22.726627995378728 ], [ 70.620874019627436, 22.733922635569357 ], [ 70.613749239583953, 22.763764345440105 ], [ 70.623498938590828, 22.779348349483719 ], [ 70.648248174531361, 22.786974564228466 ], [ 70.641498382911209, 22.823447765181601 ], [ 70.663247711465004, 22.832068703588707 ], [ 70.662872723041673, 22.832400278142828 ], [ 70.645248267144623, 22.863568286230052 ], [ 70.621998984897459, 22.881804886706622 ], [ 70.605499494270433, 22.881141737598384 ], [ 70.5788753162132, 22.91761493855152 ], [ 70.547376288652529, 22.926567451512746 ], [ 70.509877446318384, 22.936846262690448 ], [ 70.496752851501441, 22.934193666257492 ], [ 70.479878372451083, 22.937509411798686 ], [ 70.432254842686731, 22.967351121669434 ], [ 70.47875340718106, 22.975308910968302 ], [ 70.541376473879069, 22.960056481478809 ], [ 70.561250860316164, 23.029355563289769 ], [ 70.571750536169716, 23.037644927142754 ], [ 70.601749610037018, 23.034660756155681 ], [ 70.596874760533581, 23.061186720485232 ], [ 70.629123764940942, 23.062844593255832 ], [ 70.63812348710114, 23.081412768286519 ], [ 70.688746924252214, 23.117222820131417 ], [ 70.688746924252214, 23.117222820131417 ], [ 70.699996576952458, 23.122859587551446 ], [ 70.765244562613859, 23.145738231785689 ], [ 70.764119597343836, 23.166295854141094 ], [ 70.782119041664217, 23.158669639396347 ], [ 70.790743775401069, 23.166295854141094 ], [ 70.786993891167654, 23.151043424651601 ], [ 70.815867999764947, 23.164969555924614 ], [ 70.815118022918256, 23.137117293378584 ], [ 70.834242432508674, 23.128827929525599 ], [ 70.82299277980843, 23.110591329049029 ], [ 70.827492640888522, 23.080086470070039 ], [ 70.831242525121937, 23.096665197776012 ], [ 70.837992316742088, 23.09235472857246 ], [ 70.835367397778697, 23.112249201819626 ], [ 70.85786670317917, 23.130154227742075 ], [ 70.827117652465191, 23.150048700989242 ], [ 70.829367583005236, 23.158006490288109 ], [ 70.874366193806196, 23.137780442486822 ], [ 70.875491159076219, 23.122196438443208 ], [ 70.880740997003002, 23.135459420607987 ], [ 70.904740256096844, 23.135459420607987 ], [ 70.889740719163186, 23.141096188028015 ], [ 70.893115614973269, 23.162648534045779 ], [ 70.936989260504205, 23.162648534045779 ], [ 70.944489028971034, 23.150380275543359 ], [ 70.929864480460722, 23.138112017040942 ], [ 70.945613994241057, 23.140433038919777 ], [ 70.949738866897803, 23.131812100512672 ], [ 70.958363600634655, 23.136122569716225 ], [ 70.953113762707886, 23.142090911690374 ], [ 70.969238264911567, 23.139438315257419 ], [ 70.953113762707886, 23.145075082677451 ], [ 70.959863554328024, 23.145406657231568 ], [ 70.953863739554563, 23.170937897898764 ], [ 70.963988426984784, 23.174585217994078 ], [ 70.964738403831461, 23.155353893855153 ], [ 71.006362118822352, 23.176906239872913 ], [ 71.044610938003174, 23.169611599682288 ], [ 71.04686086854322, 23.16165381038342 ], [ 71.04498592642652, 23.169280025128167 ], [ 71.088859571957457, 23.193484967578886 ], [ 71.109483935241229, 23.222000379233158 ], [ 71.122233541634841, 23.205753226081306 ], [ 71.151482638655466, 23.20276905509423 ], [ 71.163482268202387, 23.177237814427034 ], [ 71.176231874595999, 23.188842923821213 ], [ 71.206605936886646, 23.182543007292946 ], [ 71.224230392783696, 23.159001213950464 ], [ 71.208480879003346, 23.137780442486822 ], [ 71.222355450666981, 23.146732955448048 ], [ 71.234730068637248, 23.141427762582136 ], [ 71.240729883410708, 23.155685468409271 ], [ 71.246729698184168, 23.147727679110403 ], [ 71.26885401516131, 23.155685468409271 ], [ 71.286103482635014, 23.149717126435121 ], [ 71.280103667861553, 23.166627428695211 ], [ 71.28085364470823, 23.166959003249332 ], [ 71.287228447905036, 23.163643257708138 ], [ 71.30035304272198, 23.179227261751752 ], [ 71.300728031145326, 23.179558836305869 ], [ 71.301103019568671, 23.179227261751752 ], [ 71.308227799612155, 23.170937897898764 ], [ 71.305977869072109, 23.16762215235757 ], [ 71.305227892225417, 23.166627428695211 ], [ 71.316477544925661, 23.14341720990685 ], [ 71.343101722982908, 23.144080359015092 ], [ 71.358851236763243, 23.120538565672611 ], [ 71.342726734559562, 23.114901798252582 ], [ 71.347601584063, 23.098323070546609 ], [ 71.340101815596171, 23.092023154018342 ], [ 71.291728308985128, 23.067818211567623 ], [ 71.302227984838694, 23.044607992779262 ], [ 71.295478193218543, 23.018413603003825 ], [ 71.314602602808961, 23.013771559246155 ], [ 71.316477544925661, 22.987245594916601 ], [ 71.293603251101842, 22.973651038197705 ], [ 71.302977961685372, 22.947788222976389 ], [ 71.289853366868428, 22.933862091703372 ], [ 71.292103297408474, 22.918941236767999 ], [ 71.270728957278024, 22.90567825460322 ], [ 71.262479211964504, 22.872189224637157 ], [ 71.2452297444908, 22.862573562567693 ], [ 71.254229466650997, 22.837042321900498 ], [ 71.227605288593764, 22.822121466965122 ], [ 71.183731643062828, 22.825768787060436 ], [ 71.161232337662341, 22.861578838905338 ], [ 71.1391080206852, 22.862241988013576 ], [ 71.14510783545866, 22.827426659831033 ], [ 71.099359247811009, 22.823116190627481 ], [ 71.125233449021565, 22.797916524514406 ], [ 71.133108205911739, 22.761774898115387 ], [ 71.122983518481519, 22.756801279803597 ], [ 71.125983425868256, 22.742543573976459 ], [ 71.163857256625732, 22.702423052928008 ], [ 71.162732291355709, 22.683854877897321 ], [ 71.128233356408302, 22.652355295255976 ], [ 71.128608344831648, 22.635444992995883 ], [ 71.109483935241229, 22.642408058632391 ], [ 71.096359340424286, 22.621187287168748 ], [ 71.102359155197746, 22.602950686692179 ], [ 71.092984444614217, 22.606598006787493 ], [ 71.102359155197746, 22.583056213445015 ], [ 71.094484398307571, 22.563161740197849 ], [ 71.061485417053532, 22.537630499530653 ], [ 71.100484213081046, 22.512762407971696 ], [ 71.11548375001469, 22.547909310708356 ], [ 71.134233171181762, 22.545919863383638 ], [ 71.163857256625732, 22.504473044118708 ], [ 71.163857256625732, 22.484910145425662 ], [ 71.12973331010167, 22.481262825330347 ], [ 71.131233263795025, 22.460705202974943 ], [ 71.117358692131404, 22.451089540905482 ], [ 71.125983425868256, 22.438158133294824 ], [ 71.1001092246577, 22.432852940428912 ], [ 71.094484398307571, 22.402679656004043 ], [ 71.091484490920848, 22.400690208679325 ], [ 71.082859757183996, 22.403011230558164 ], [ 71.057735532820118, 22.437826558740703 ], [ 71.037861146383037, 22.440810729727779 ], [ 71.036361192689668, 22.440147580619538 ], [ 70.980862906035142, 22.414947914506463 ] ] ] ] } }
]
}
