{
"type": "FeatureCollection",
"name": "haryana",
"crs": { "type": "name", "properties": { "name": "urn:ogc:def:crs:OGC:1.3:CRS84" } },
"features": [
{ "type": "Feature", "properties": { "dt_code": "083", "district": "Jhajjar", "st_code": "06", "year": "2011_c", "st_nm": "Haryana" }, "geometry": { "type": "Polygon", "coordinates": [ [ [ 76.883503281631562, 28.808970670438253 ], [ 76.891444556847944, 28.79788729312515 ], [ 76.893888026145305, 28.79788729312515 ], [ 76.909465142915906, 28.798157619401081 ], [ 76.931761800254222, 28.798427945677009 ], [ 76.942146544767965, 28.798427945677009 ], [ 76.953142156606035, 28.791399462502849 ], [ 76.953753023930375, 28.791129136226917 ], [ 76.953753023930375, 28.791129136226917 ], [ 76.955891059565559, 28.767340423945139 ], [ 76.944590014065312, 28.754094436424602 ], [ 76.95986169717375, 28.732738660626186 ], [ 76.94825521801134, 28.712734516207419 ], [ 76.971773609998323, 28.697596244755378 ], [ 76.953447590268198, 28.667590028127222 ], [ 76.953447590268198, 28.667590028127222 ], [ 76.953447590268198, 28.667319701851294 ], [ 76.935121570538072, 28.667590028127222 ], [ 76.925042259686506, 28.650018820191818 ], [ 76.942757412092291, 28.629474023221189 ], [ 76.943673713078809, 28.628122391841544 ], [ 76.937259606173257, 28.62109390866738 ], [ 76.934816136875909, 28.618660972184017 ], [ 76.934510703213746, 28.618390645908089 ], [ 76.920155321091812, 28.631366307152696 ], [ 76.906105372632055, 28.623797171426673 ], [ 76.888390220226256, 28.631906959704555 ], [ 76.864260960914933, 28.58568116652064 ], [ 76.839520834279256, 28.582437251209491 ], [ 76.845324073860468, 28.5502684243739 ], [ 76.88716848557759, 28.520532534021676 ], [ 76.879532644023371, 28.504853610017776 ], [ 76.884725016280242, 28.502961326086272 ], [ 76.873729404442159, 28.498095453119543 ], [ 76.824249151170832, 28.504583283741848 ], [ 76.810810070035402, 28.475117719665551 ], [ 76.792789483967439, 28.464845321180238 ], [ 76.76957652564262, 28.478091308700776 ], [ 76.759497214791054, 28.459709121937582 ], [ 76.741782062385269, 28.470251846698826 ], [ 76.704213721938515, 28.492688927600959 ], [ 76.717652803073932, 28.43673138848359 ], [ 76.707878925884529, 28.400237341233133 ], [ 76.735062521817554, 28.375096997571706 ], [ 76.719485405046953, 28.355092853152936 ], [ 76.686498569532716, 28.370501450880909 ], [ 76.677030126005491, 28.374826671295775 ], [ 76.668783417126932, 28.378611239158786 ], [ 76.666034514167421, 28.379962870538435 ], [ 76.651068264721147, 28.398615383577557 ], [ 76.62754987273415, 28.424026053514911 ], [ 76.618386862869087, 28.427810621377922 ], [ 76.583567425381858, 28.437001714759518 ], [ 76.560659900719202, 28.404562561648 ], [ 76.552413191840643, 28.407536150683224 ], [ 76.562187069030045, 28.429162252757568 ], [ 76.513623116745208, 28.436461062207659 ], [ 76.454063552622316, 28.418078875444468 ], [ 76.439708170500381, 28.424296379790842 ], [ 76.440624471486885, 28.456194880350502 ], [ 76.40122352906711, 28.471873804354399 ], [ 76.370069295525909, 28.470792499250685 ], [ 76.364571489606874, 28.455113575246784 ], [ 76.316007537322037, 28.466737605111742 ], [ 76.30409562449745, 28.469440867871036 ], [ 76.292794578997217, 28.468900215319177 ], [ 76.291572844348536, 28.472414456906257 ], [ 76.285158737442998, 28.474036414561834 ], [ 76.287296773078182, 28.482686855391574 ], [ 76.291267410686373, 28.498636105671402 ], [ 76.327003149160106, 28.495932842912108 ], [ 76.342274832268544, 28.560811149135144 ], [ 76.334028123389999, 28.582437251209491 ], [ 76.342580265930721, 28.580004314726125 ], [ 76.356935648052655, 28.616768688252513 ], [ 76.356935648052655, 28.616768688252513 ], [ 76.373123632147596, 28.599738132868964 ], [ 76.40122352906711, 28.595412912454098 ], [ 76.401528962729287, 28.595412912454098 ], [ 76.409470237945669, 28.55107940320169 ], [ 76.421076717108079, 28.55107940320169 ], [ 76.432683196270503, 28.598386501489319 ], [ 76.432683196270503, 28.599467806593037 ], [ 76.448260313041104, 28.598386501489319 ], [ 76.465364598122548, 28.614065425493219 ], [ 76.43787556852736, 28.64109805308615 ], [ 76.466280899109066, 28.652722082951112 ], [ 76.480636281230986, 28.680295363095901 ], [ 76.433904930919169, 28.697325918479446 ], [ 76.42229845175676, 28.700840160066527 ], [ 76.421993018094597, 28.701651138894317 ], [ 76.415273477526881, 28.723547567244591 ], [ 76.455590720933159, 28.73625290221327 ], [ 76.470862404041597, 28.741118775179995 ], [ 76.523091560272448, 28.737604533592915 ], [ 76.530116534502326, 28.75112084738938 ], [ 76.578375053124986, 28.734901270833621 ], [ 76.589370664963056, 28.7476066058023 ], [ 76.594563037219928, 28.754094436424602 ], [ 76.604031480747167, 28.792210441330635 ], [ 76.626633571747647, 28.789236852295414 ], [ 76.645265025139949, 28.804104797471528 ], [ 76.632742244991022, 28.82627155209773 ], [ 76.631520510342355, 28.828163836029233 ], [ 76.640683520207418, 28.836003298031184 ], [ 76.644043290491268, 28.838976887066408 ], [ 76.644654157815609, 28.839787865894195 ], [ 76.646181326126452, 28.836814276858973 ], [ 76.669699718113435, 28.813295890853123 ], [ 76.670616019099953, 28.795995009193646 ], [ 76.708795226871047, 28.787074242087979 ], [ 76.708184359546706, 28.768692055324784 ], [ 76.692912676438269, 28.763555856082128 ], [ 76.686804003194894, 28.743551711663361 ], [ 76.699326783343807, 28.735712249661411 ], [ 76.708489793208869, 28.735982575937339 ], [ 76.715514767438748, 28.758689983115403 ], [ 76.740560327736588, 28.756797699183895 ], [ 76.757053745493707, 28.769232707876643 ], [ 76.779350402832023, 28.743011059111502 ], [ 76.834023028360221, 28.810322301817902 ], [ 76.849905578792999, 28.807619039058608 ], [ 76.869453333171805, 28.823838615614367 ], [ 76.883503281631562, 28.808970670438253 ] ] ] } },
{ "type": "Feature", "properties": { "dt_code": "086", "district": "Gurugram", "st_code": "06", "year": "2011_c", "st_nm": "Haryana" }, "geometry": { "type": "Polygon", "coordinates": [ [ [ 76.668783417126932, 28.378611239158786 ], [ 76.677030126005491, 28.374826671295775 ], [ 76.686498569532716, 28.370501450880909 ], [ 76.719485405046953, 28.355092853152936 ], [ 76.735062521817554, 28.375096997571706 ], [ 76.707878925884529, 28.400237341233133 ], [ 76.717652803073932, 28.43673138848359 ], [ 76.704213721938515, 28.492688927600959 ], [ 76.741782062385269, 28.470251846698826 ], [ 76.759497214791054, 28.459709121937582 ], [ 76.76957652564262, 28.478091308700776 ], [ 76.792789483967439, 28.464845321180238 ], [ 76.810810070035402, 28.475117719665551 ], [ 76.824249151170832, 28.504583283741848 ], [ 76.873729404442159, 28.498095453119543 ], [ 76.884725016280242, 28.502961326086272 ], [ 76.907937974605062, 28.513774377123443 ], [ 76.949782386322184, 28.504583283741848 ], [ 76.978187716903875, 28.521343512849466 ], [ 77.010258251431594, 28.514585355951233 ], [ 77.016061491012792, 28.521613839125393 ], [ 77.000484374242191, 28.532156563886637 ], [ 77.007203914809907, 28.541077330992305 ], [ 77.007203914809907, 28.541077330992305 ], [ 77.046604857229667, 28.516747966158665 ], [ 77.080507993730407, 28.518099597538313 ], [ 77.091198171906314, 28.512152419467867 ], [ 77.097001411487511, 28.509178830432646 ], [ 77.120825237136671, 28.496203169188039 ], [ 77.118992635163664, 28.488634033462017 ], [ 77.110745926285105, 28.47133315180254 ], [ 77.123879573758359, 28.445381829313327 ], [ 77.163280516178133, 28.426999642550133 ], [ 77.166029419137644, 28.425648011170487 ], [ 77.17458156167838, 28.404832887923931 ], [ 77.17458156167838, 28.404832887923931 ], [ 77.160531613218609, 28.394290163162687 ], [ 77.153812072650894, 28.389424290195961 ], [ 77.156255541948255, 28.317787827074692 ], [ 77.204208626908738, 28.293999114792911 ], [ 77.221618345652359, 28.285619000239102 ], [ 77.22558898326055, 28.28345639003167 ], [ 77.224061814949707, 28.266155508372194 ], [ 77.215204238746821, 28.257775393818385 ], [ 77.195351050705852, 28.245070058849706 ], [ 77.191074979435484, 28.234797660364393 ], [ 77.200848856624887, 28.216415473601199 ], [ 77.191074979435484, 28.208576011599249 ], [ 77.171527225056693, 28.199114591941722 ], [ 77.138540389542456, 28.225065914430939 ], [ 77.136707787569449, 28.22452526187908 ], [ 77.120214369812331, 28.218037431256775 ], [ 77.102804651068723, 28.227498850914301 ], [ 77.094252508528001, 28.21938906263642 ], [ 77.081424294716911, 28.229931787397664 ], [ 77.071650417527508, 28.214252863393764 ], [ 77.061571106675942, 28.21668579987713 ], [ 77.056073300756907, 28.243988753745988 ], [ 77.021253863269663, 28.248313974160858 ], [ 77.010563685093757, 28.305623144657872 ], [ 76.999568073255688, 28.325356962800711 ], [ 76.978493150566038, 28.334277729906379 ], [ 76.952225855619531, 28.313192280383895 ], [ 76.932983534902903, 28.324545983972925 ], [ 76.916184683483621, 28.299135314035571 ], [ 76.905494505307715, 28.301297924243002 ], [ 76.906410806294218, 28.299675966587429 ], [ 76.918017285456628, 28.277238885685296 ], [ 76.913435780524097, 28.263722571888827 ], [ 76.908243408267225, 28.25993800402582 ], [ 76.896331495442652, 28.253179847127587 ], [ 76.876172873739506, 28.262911593061041 ], [ 76.857846854009381, 28.229661461121736 ], [ 76.851738180766006, 28.235338312916252 ], [ 76.846851242171311, 28.239933859607049 ], [ 76.812337238346245, 28.240744838434836 ], [ 76.811115503697565, 28.254261152231305 ], [ 76.796454687913467, 28.256153436162808 ], [ 76.780572137480689, 28.223984609327221 ], [ 76.753388541547679, 28.248584300436786 ], [ 76.710933262506217, 28.264803876992545 ], [ 76.677946426991994, 28.263992898164759 ], [ 76.685582268546213, 28.313732932935753 ], [ 76.6730594883973, 28.316976848246902 ], [ 76.666339947829584, 28.303190208174509 ], [ 76.650762831058984, 28.307515428589376 ], [ 76.66359104487006, 28.35779611591223 ], [ 76.667256248816088, 28.371853082260554 ], [ 76.668783417126932, 28.378611239158786 ] ] ] } },
{ "type": "Feature", "properties": { "dt_code": "088", "district": "Faridabad", "st_code": "06", "year": "2011_c", "st_nm": "Haryana" }, "geometry": { "type": "Polygon", "coordinates": [ [ [ 77.224061814949707, 28.266155508372194 ], [ 77.22558898326055, 28.28345639003167 ], [ 77.221618345652359, 28.285619000239102 ], [ 77.204208626908738, 28.293999114792911 ], [ 77.156255541948255, 28.317787827074692 ], [ 77.153812072650894, 28.389424290195961 ], [ 77.160531613218609, 28.394290163162687 ], [ 77.17458156167838, 28.404832887923931 ], [ 77.17458156167838, 28.404832887923931 ], [ 77.176414163651387, 28.405103214199858 ], [ 77.184355438867769, 28.410509739718446 ], [ 77.206041228881759, 28.409969087166587 ], [ 77.223756381287544, 28.412942676201808 ], [ 77.230781355517422, 28.415916265237033 ], [ 77.248801941585384, 28.429702905309426 ], [ 77.2466639059502, 28.451329007383773 ], [ 77.24605303862586, 28.452950965039349 ], [ 77.232919391152606, 28.457816838006075 ], [ 77.241166100031165, 28.474577067113692 ], [ 77.243304135666335, 28.478902287528562 ], [ 77.253688880180079, 28.482686855391574 ], [ 77.290340919640329, 28.496473495463967 ], [ 77.314164745289489, 28.48349783421936 ], [ 77.337072269952145, 28.505394262569634 ], [ 77.347457014465888, 28.520532534021676 ], [ 77.351122218411902, 28.501880020982554 ], [ 77.351733085736242, 28.49998773705105 ], [ 77.352343953060583, 28.49998773705105 ], [ 77.371586273777211, 28.498365779395474 ], [ 77.380443849980111, 28.470251846698826 ], [ 77.408238313237462, 28.467278257663601 ], [ 77.399991604358902, 28.455654227798643 ], [ 77.433589307197465, 28.454843248970853 ], [ 77.435421909170486, 28.431054536689075 ], [ 77.462605505103497, 28.424296379790842 ], [ 77.46352180609, 28.415105286409243 ], [ 77.477571754549771, 28.419160180548182 ], [ 77.483374994130969, 28.408617455786942 ], [ 77.473295683279403, 28.396993425921981 ], [ 77.504755350482782, 28.36996079832905 ], [ 77.49620320794206, 28.349145675082493 ], [ 77.471157647644219, 28.334818382458238 ], [ 77.507198819780129, 28.305623144657872 ], [ 77.503533615834115, 28.280212474720518 ], [ 77.490705402023025, 28.27129170761485 ], [ 77.492538003996032, 28.252098542023869 ], [ 77.550570399808095, 28.242366796090412 ], [ 77.5212487682399, 28.22452526187908 ], [ 77.535298716699657, 28.210197969254825 ], [ 77.528273742469779, 28.199114591941722 ], [ 77.502311881185435, 28.205061770012168 ], [ 77.500784712874591, 28.205332096288096 ], [ 77.500784712874591, 28.205332096288096 ], [ 77.500479279212428, 28.20884633787518 ], [ 77.470852213982056, 28.215604494773412 ], [ 77.456191398197959, 28.205332096288096 ], [ 77.434200174521806, 28.213982537117836 ], [ 77.41587415479168, 28.200466223321371 ], [ 77.408238313237462, 28.214252863393764 ], [ 77.37983298265577, 28.221281346567928 ], [ 77.372808008425892, 28.23587896546811 ], [ 77.345013545168527, 28.23506798664032 ], [ 77.322411454168048, 28.260208330301747 ], [ 77.322106020505871, 28.260208330301747 ], [ 77.308361505708277, 28.255342457335018 ], [ 77.257964951450447, 28.272102686442636 ], [ 77.257048650463929, 28.272373012718568 ], [ 77.255521482153085, 28.258045720094312 ], [ 77.235362860449953, 28.269669749959274 ], [ 77.23444655946345, 28.269940076235205 ], [ 77.232308523828266, 28.268588444855556 ], [ 77.224061814949707, 28.266155508372194 ] ] ] } },
{ "type": "Feature", "properties": { "dt_code": "084", "district": "Mahendragarh", "st_code": "06", "year": "2011_c", "st_nm": "Haryana" }, "geometry": { "type": "Polygon", "coordinates": [ [ [ 75.892676481556165, 28.389424290195961 ], [ 75.8981742874752, 28.409428434614728 ], [ 75.902755792407731, 28.425648011170487 ], [ 75.904893828042916, 28.432676494344651 ], [ 75.983390279220274, 28.444841176761468 ], [ 76.013628211774986, 28.434028125724296 ], [ 76.017598849383177, 28.385910048608878 ], [ 76.082045352100778, 28.39266820550711 ], [ 76.109839815358143, 28.448625744624479 ], [ 76.110756116344646, 28.450247702280056 ], [ 76.148629890453563, 28.451599333659701 ], [ 76.155043997359115, 28.457816838006075 ], [ 76.159625502291647, 28.462412384696876 ], [ 76.165428741872844, 28.431595189240934 ], [ 76.186198230900317, 28.43673138848359 ], [ 76.188947133859841, 28.443219219105892 ], [ 76.211854658522498, 28.443219219105892 ], [ 76.21979593373888, 28.46781891021546 ], [ 76.21979593373888, 28.46781891021546 ], [ 76.244536060374557, 28.458898143109792 ], [ 76.247284963334067, 28.437812693587308 ], [ 76.284853303780821, 28.429973231585357 ], [ 76.287907640402508, 28.429432579033499 ], [ 76.279966365186127, 28.405643866751717 ], [ 76.301652155200102, 28.400507667509061 ], [ 76.304401058159627, 28.378611239158786 ], [ 76.319061873943724, 28.36996079832905 ], [ 76.330973786768311, 28.364283946534535 ], [ 76.354797612417471, 28.36563557791418 ], [ 76.36304432129603, 28.338873276597177 ], [ 76.367625826228561, 28.335359035010097 ], [ 76.367625826228561, 28.323735005145135 ], [ 76.367320392566384, 28.323464678869207 ], [ 76.367320392566384, 28.322653700041418 ], [ 76.347467204525415, 28.307245102313448 ], [ 76.352659576782287, 28.285619000239102 ], [ 76.342885699592884, 28.272913665270426 ], [ 76.35021610748494, 28.260748982853606 ], [ 76.341663964944217, 28.224254935603149 ], [ 76.327003149160106, 28.22371428305129 ], [ 76.320589042254568, 28.206413401391814 ], [ 76.312647767038186, 28.204791443736237 ], [ 76.306844527456974, 28.197222308010218 ], [ 76.311731466051668, 28.178029142419238 ], [ 76.292183711672877, 28.179110447522955 ], [ 76.28088266617263, 28.16559413372649 ], [ 76.280577232510467, 28.16559413372649 ], [ 76.30470649182179, 28.159376629380112 ], [ 76.297681517591911, 28.1491042308948 ], [ 76.320894475916731, 28.148563578342941 ], [ 76.359989984674343, 28.12504519233709 ], [ 76.336471592687346, 28.102608111434957 ], [ 76.309287996754321, 28.108284963229472 ], [ 76.301346721537939, 28.097742238468232 ], [ 76.301652155200102, 28.097742238468232 ], [ 76.301346721537939, 28.097742238468232 ], [ 76.354797612417471, 28.068547000667866 ], [ 76.34135853128204, 28.029890343209974 ], [ 76.319061873943724, 28.015563050585719 ], [ 76.292183711672877, 28.025835449071032 ], [ 76.293405446321557, 28.049083508800955 ], [ 76.261029478131661, 28.067465695564149 ], [ 76.243008892063713, 28.064492106528924 ], [ 76.238121953469005, 28.049624161352813 ], [ 76.179784123994779, 28.054219708043611 ], [ 76.19597210808972, 28.030430995761833 ], [ 76.216741597117192, 28.035567195004489 ], [ 76.196888409076223, 28.015563050585719 ], [ 76.177035221035254, 28.021510228656165 ], [ 76.160236369615973, 27.997721516374384 ], [ 76.163596139899838, 27.973392151540747 ], [ 76.186503664562494, 27.965552689538796 ], [ 76.168177644832369, 27.903377646075054 ], [ 76.201164480346591, 27.892564595037882 ], [ 76.193834072454536, 27.859584789374505 ], [ 76.211549224860335, 27.844987170474322 ], [ 76.20880032190081, 27.840121297507594 ], [ 76.225293739657914, 27.833633466885292 ], [ 76.225293739657914, 27.833363140609361 ], [ 76.217352464441532, 27.816873237777674 ], [ 76.199637312035748, 27.821468784468472 ], [ 76.176424353710928, 27.79930202984227 ], [ 76.153822262710435, 27.819846826812896 ], [ 76.132136472696459, 27.824442373503697 ], [ 76.135496242980309, 27.839310318679807 ], [ 76.123278896493559, 27.850934348544769 ], [ 76.088764892668493, 27.860395768202295 ], [ 76.088764892668493, 27.860395768202295 ], [ 76.085710556046806, 27.844716844198395 ], [ 76.07624211251958, 27.84174325516317 ], [ 76.075020377870899, 27.843905865370605 ], [ 76.060664995748965, 27.848231085785475 ], [ 76.048142215600052, 27.834985098264937 ], [ 75.987055483166301, 27.84174325516317 ], [ 75.971478366395701, 27.852556306200345 ], [ 75.984306580206777, 27.882562522828497 ], [ 75.975449004003892, 27.8936459001416 ], [ 75.987360916828464, 27.904188624902844 ], [ 75.936964362570635, 27.917434612423378 ], [ 75.932688291300266, 27.928247663460553 ], [ 75.932382857638103, 27.930139947392057 ], [ 75.947043673422201, 27.945818871395957 ], [ 75.972700101044367, 27.932572883875419 ], [ 75.98186311090943, 27.965282363262869 ], [ 75.999883696977392, 27.977176719403758 ], [ 75.965675126814489, 27.983664550026059 ], [ 75.966591427800992, 28.00015445285775 ], [ 75.989804386125826, 27.994747927339162 ], [ 75.995607625707024, 28.006912609755982 ], [ 75.971172932733523, 28.016103703137578 ], [ 75.974532703017388, 28.024754143967318 ], [ 75.993775023734017, 28.038000131487852 ], [ 75.994996758382683, 28.038540784039711 ], [ 76.016377114734496, 28.030430995761833 ], [ 76.016987982058836, 28.052597750388035 ], [ 76.008435839518114, 28.05827460218255 ], [ 76.025234690937395, 28.054219708043611 ], [ 76.040811807707996, 28.07395352618645 ], [ 76.023096655302211, 28.086118208603271 ], [ 76.007519538531611, 28.058815254734409 ], [ 75.984306580206777, 28.047191224869451 ], [ 75.974838136679551, 28.050975792732459 ], [ 75.988277217814982, 28.066384390460431 ], [ 75.983390279220274, 28.081252335636542 ], [ 75.938491530881478, 28.088010492534774 ], [ 75.94582193877352, 28.107203658125755 ], [ 75.976670738652558, 28.124774866061163 ], [ 75.998967395990888, 28.122882582129655 ], [ 76.007519538531611, 28.153159125033739 ], [ 76.016987982058836, 28.150185535998517 ], [ 76.031648797842934, 28.167756743933921 ], [ 76.070744306600531, 28.165053481174631 ], [ 76.065246500681496, 28.141535095168781 ], [ 76.080823617452111, 28.141535095168781 ], [ 76.094873565911868, 28.141535095168781 ], [ 76.092430096614521, 28.146941620687365 ], [ 76.088764892668493, 28.155862387793032 ], [ 76.071966041249212, 28.194248718974997 ], [ 76.047225914613549, 28.198033286838005 ], [ 76.056083490816434, 28.22020004146421 ], [ 76.016071681072333, 28.236960270571828 ], [ 76.026456425586076, 28.275076275477861 ], [ 75.986139182179798, 28.293188135965124 ], [ 75.972394667382204, 28.318598805902479 ], [ 75.95803928526027, 28.313732932935753 ], [ 75.954984948638582, 28.33373707735452 ], [ 75.932993724962429, 28.336710666389745 ], [ 75.918332909178332, 28.372123408536485 ], [ 75.900617756772547, 28.371853082260554 ], [ 75.896341685502179, 28.389964942747817 ], [ 75.892676481556165, 28.389424290195961 ] ] ] } },
{ "type": "Feature", "properties": { "dt_code": "085", "district": "Rewari", "st_code": "06", "year": "2011_c", "st_nm": "Haryana" }, "geometry": { "type": "Polygon", "coordinates": [ [ [ 76.292794578997217, 28.468900215319177 ], [ 76.30409562449745, 28.469440867871036 ], [ 76.316007537322037, 28.466737605111742 ], [ 76.364571489606874, 28.455113575246784 ], [ 76.370069295525909, 28.470792499250685 ], [ 76.40122352906711, 28.471873804354399 ], [ 76.440624471486885, 28.456194880350502 ], [ 76.439708170500381, 28.424296379790842 ], [ 76.454063552622316, 28.418078875444468 ], [ 76.513623116745208, 28.436461062207659 ], [ 76.562187069030045, 28.429162252757568 ], [ 76.552413191840643, 28.407536150683224 ], [ 76.560659900719202, 28.404562561648 ], [ 76.583567425381858, 28.437001714759518 ], [ 76.618386862869087, 28.427810621377922 ], [ 76.62754987273415, 28.424026053514911 ], [ 76.651068264721147, 28.398615383577557 ], [ 76.666034514167421, 28.379962870538435 ], [ 76.668783417126932, 28.378611239158786 ], [ 76.667256248816088, 28.371853082260554 ], [ 76.66359104487006, 28.35779611591223 ], [ 76.650762831058984, 28.307515428589376 ], [ 76.666339947829584, 28.303190208174509 ], [ 76.6730594883973, 28.316976848246902 ], [ 76.685582268546213, 28.313732932935753 ], [ 76.677946426991994, 28.263992898164759 ], [ 76.710933262506217, 28.264803876992545 ], [ 76.753388541547679, 28.248584300436786 ], [ 76.780572137480689, 28.223984609327221 ], [ 76.796454687913467, 28.256153436162808 ], [ 76.811115503697565, 28.254261152231305 ], [ 76.812337238346245, 28.240744838434836 ], [ 76.846851242171311, 28.239933859607049 ], [ 76.851738180766006, 28.235338312916252 ], [ 76.857846854009381, 28.229661461121736 ], [ 76.858763154995899, 28.228850482293947 ], [ 76.856625119360714, 28.22722852463837 ], [ 76.852959915414687, 28.221011020291996 ], [ 76.850211012455162, 28.221281346567928 ], [ 76.831274125400711, 28.209116664151107 ], [ 76.808366600738054, 28.211008948082615 ], [ 76.812337238346245, 28.191004803663844 ], [ 76.792484050305276, 28.184246646765612 ], [ 76.800730759183836, 28.162350218415337 ], [ 76.794927519602624, 28.148293252067013 ], [ 76.762551551412741, 28.142616400272498 ], [ 76.743614664358276, 28.120990298198151 ], [ 76.715820201100925, 28.127748455096384 ], [ 76.687414870519234, 28.087740166258847 ], [ 76.657176937964522, 28.089362123914423 ], [ 76.654428035004997, 28.034756216176699 ], [ 76.668172549802591, 28.013941092930143 ], [ 76.58875979763873, 27.997991842650315 ], [ 76.567379441286917, 27.973662477816674 ], [ 76.551496890854139, 27.966633994642514 ], [ 76.54263931465124, 27.9674449734703 ], [ 76.538668677043049, 27.974473456644464 ], [ 76.54386104929992, 28.034215563624841 ], [ 76.529200233515823, 28.040433067971215 ], [ 76.509957912799194, 28.029620016934043 ], [ 76.497435132650267, 28.04340665700644 ], [ 76.454674419946642, 28.042325351902722 ], [ 76.461393960514357, 28.058544928458481 ], [ 76.489493857433885, 28.052868076663966 ], [ 76.501405770258458, 28.060166886114057 ], [ 76.447954879378941, 28.089091797638492 ], [ 76.463531996149541, 28.109095942057262 ], [ 76.499267734623288, 28.099634522399736 ], [ 76.501711203920635, 28.118827687990716 ], [ 76.489799291096048, 28.125315518613021 ], [ 76.491937326731232, 28.129911065303819 ], [ 76.480330847568823, 28.130722044131605 ], [ 76.475443908974114, 28.133154980614972 ], [ 76.473305873338944, 28.139642811237273 ], [ 76.470251536717257, 28.148022925791082 ], [ 76.469335235730753, 28.151266841102235 ], [ 76.448260313041104, 28.145589989307719 ], [ 76.419854982459412, 28.142616400272498 ], [ 76.399696360756266, 28.145049336755861 ], [ 76.390838784553381, 28.139372484961346 ], [ 76.371596463836752, 28.137480201029838 ], [ 76.356630214390478, 28.143697705376216 ], [ 76.357851949039159, 28.160998587035689 ], [ 76.345329168890231, 28.169378701589498 ], [ 76.324865113524936, 28.173163269452509 ], [ 76.311731466051668, 28.178029142419238 ], [ 76.306844527456974, 28.197222308010218 ], [ 76.312647767038186, 28.204791443736237 ], [ 76.320589042254568, 28.206413401391814 ], [ 76.327003149160106, 28.22371428305129 ], [ 76.341663964944217, 28.224254935603149 ], [ 76.35021610748494, 28.260748982853606 ], [ 76.342885699592884, 28.272913665270426 ], [ 76.352659576782287, 28.285619000239102 ], [ 76.347467204525415, 28.307245102313448 ], [ 76.367320392566384, 28.322653700041418 ], [ 76.367320392566384, 28.323464678869207 ], [ 76.367625826228561, 28.323735005145135 ], [ 76.367625826228561, 28.335359035010097 ], [ 76.36304432129603, 28.338873276597177 ], [ 76.354797612417471, 28.36563557791418 ], [ 76.330973786768311, 28.364283946534535 ], [ 76.319061873943724, 28.36996079832905 ], [ 76.304401058159627, 28.378611239158786 ], [ 76.301652155200102, 28.400507667509061 ], [ 76.279966365186127, 28.405643866751717 ], [ 76.287907640402508, 28.429432579033499 ], [ 76.284853303780821, 28.429973231585357 ], [ 76.291878278010714, 28.463493689800593 ], [ 76.292794578997217, 28.468900215319177 ], [ 76.292794578997217, 28.468900215319177 ] ] ] } },
{ "type": "Feature", "properties": { "dt_code": "087", "district": "Nuh", "st_code": "06", "year": "2011_c", "st_nm": "Haryana" }, "geometry": { "type": "Polygon", "coordinates": [ [ [ 76.857846854009381, 28.229661461121736 ], [ 76.876172873739506, 28.262911593061041 ], [ 76.896331495442652, 28.253179847127587 ], [ 76.908243408267225, 28.25993800402582 ], [ 76.913435780524097, 28.263722571888827 ], [ 76.918017285456628, 28.277238885685296 ], [ 76.906410806294218, 28.299675966587429 ], [ 76.905494505307715, 28.301297924243002 ], [ 76.916184683483621, 28.299135314035571 ], [ 76.932983534902903, 28.324545983972925 ], [ 76.952225855619531, 28.313192280383895 ], [ 76.978493150566038, 28.334277729906379 ], [ 76.999568073255688, 28.325356962800711 ], [ 77.010563685093757, 28.305623144657872 ], [ 77.021253863269663, 28.248313974160858 ], [ 77.056073300756907, 28.243988753745988 ], [ 77.061571106675942, 28.21668579987713 ], [ 77.071650417527508, 28.214252863393764 ], [ 77.081424294716911, 28.229931787397664 ], [ 77.094252508528001, 28.21938906263642 ], [ 77.102804651068723, 28.227498850914301 ], [ 77.120214369812331, 28.218037431256775 ], [ 77.136707787569449, 28.22452526187908 ], [ 77.138540389542456, 28.225065914430939 ], [ 77.171527225056693, 28.199114591941722 ], [ 77.191074979435484, 28.208576011599249 ], [ 77.191380413097647, 28.20884633787518 ], [ 77.191991280421988, 28.207765032771462 ], [ 77.19840538732754, 28.196411329182428 ], [ 77.192602147746328, 28.183705994213753 ], [ 77.172443526043196, 28.189382846008268 ], [ 77.166334852799821, 28.16910837531357 ], [ 77.121130670798848, 28.115583772679564 ], [ 77.142816460812824, 28.099904848675664 ], [ 77.133042583623421, 28.072331568530874 ], [ 77.148008833069696, 28.055571339423256 ], [ 77.138845823204633, 28.041514373074932 ], [ 77.149230567718362, 28.023402512587669 ], [ 77.135180619258605, 28.00015445285775 ], [ 77.151979470677887, 27.995558906166952 ], [ 77.144343629123668, 27.963660405607293 ], [ 77.158393577583425, 27.948522134155251 ], [ 77.181606535908259, 27.94122332470516 ], [ 77.187409775489456, 27.951495723190472 ], [ 77.206041228881759, 27.939331040773652 ], [ 77.234141125801273, 27.896078836624962 ], [ 77.265906226666829, 27.878777954965486 ], [ 77.283010511748273, 27.871749471791325 ], [ 77.292478955275513, 27.889050353450802 ], [ 77.312026709654305, 27.883914154208146 ], [ 77.335239667979138, 27.84687945440583 ], [ 77.344402677844201, 27.84958271716512 ], [ 77.334323366992621, 27.835525750816796 ], [ 77.332796198681777, 27.833363140609361 ], [ 77.296449592883704, 27.825253352331483 ], [ 77.283010511748273, 27.79930202984227 ], [ 77.268655129626353, 27.81498095384617 ], [ 77.245136737639356, 27.788218652529167 ], [ 77.240249799044648, 27.786596694873591 ], [ 77.232613957490429, 27.797409745910763 ], [ 77.21062273381429, 27.802005292601564 ], [ 77.202681458597894, 27.823361068399979 ], [ 77.202070591273554, 27.824712699779624 ], [ 77.191380413097647, 27.809844754603514 ], [ 77.198710820989703, 27.799572356118198 ], [ 77.177025030975727, 27.786326368597663 ], [ 77.169083755759331, 27.791732894116247 ], [ 77.18954781112464, 27.809844754603514 ], [ 77.159920745894269, 27.817143564053605 ], [ 77.159615312232106, 27.817143564053605 ], [ 77.159309878569942, 27.807682144396079 ], [ 77.157477276596921, 27.787677999977308 ], [ 77.135180619258605, 27.776053970112347 ], [ 77.122963272771855, 27.793354851771824 ], [ 77.108607890649921, 27.786326368597663 ], [ 77.074704754149195, 27.814440301294312 ], [ 77.045383122581001, 27.821468784468472 ], [ 77.026446235526535, 27.7792978854235 ], [ 77.056073300756907, 27.771188097145622 ], [ 77.059433071040758, 27.760915698660305 ], [ 77.076231922460039, 27.766322224178893 ], [ 77.085700365987265, 27.738208291482245 ], [ 77.059738504702921, 27.726584261617283 ], [ 77.036525546378101, 27.748751016243489 ], [ 77.01972669495882, 27.745777427208264 ], [ 77.011479986080261, 27.73172046085994 ], [ 77.000178940580028, 27.736856660102596 ], [ 76.978187716903875, 27.654136819668228 ], [ 76.9720790436605, 27.65738073497938 ], [ 76.943062845754469, 27.673870637811067 ], [ 76.942757412092291, 27.673329985259208 ], [ 76.932678101240725, 27.656299429875663 ], [ 76.913741214186274, 27.654947798496014 ], [ 76.898164097415659, 27.677655205674078 ], [ 76.905799938969878, 27.686305646503815 ], [ 76.893277158820965, 27.697389023816918 ], [ 76.897553230091319, 27.697929676368776 ], [ 76.92443139236218, 27.69982196030028 ], [ 76.894193459807468, 27.717933820787547 ], [ 76.892360857834461, 27.732261113411798 ], [ 76.918933586443131, 27.804438229084926 ], [ 76.910076010240246, 27.815251280122098 ], [ 76.913435780524097, 27.832011509229716 ], [ 76.935732437862413, 27.829037920194494 ], [ 76.942146544767965, 27.842824560266887 ], [ 76.937565039835434, 27.896619489176821 ], [ 76.950698687308687, 27.895808510349035 ], [ 76.951614988295191, 27.918245591251168 ], [ 76.931456366592059, 27.922570811666034 ], [ 76.937870473497597, 27.982853571198273 ], [ 76.930845499267718, 27.993666622235445 ], [ 76.970551875349656, 28.138561506133556 ], [ 76.94825521801134, 28.142346073996567 ], [ 76.95100412097085, 28.14991520972259 ], [ 76.932067233916399, 28.153159125033739 ], [ 76.892360857834461, 28.183705994213753 ], [ 76.906716239956381, 28.20019589704544 ], [ 76.872813103455655, 28.205872748839955 ], [ 76.87495113909084, 28.217767104980847 ], [ 76.852959915414687, 28.221011020291996 ], [ 76.856625119360714, 28.22722852463837 ], [ 76.858763154995899, 28.228850482293947 ], [ 76.857846854009381, 28.229661461121736 ] ] ] } },
{ "type": "Feature", "properties": { "dt_code": "089", "district": "Palwal", "st_code": "06", "year": "2011_c", "st_nm": "Haryana" }, "geometry": { "type": "Polygon", "coordinates": [ [ [ 77.191074979435484, 28.208576011599249 ], [ 77.200848856624887, 28.216415473601199 ], [ 77.191074979435484, 28.234797660364393 ], [ 77.195351050705852, 28.245070058849706 ], [ 77.215204238746821, 28.257775393818385 ], [ 77.224061814949707, 28.266155508372194 ], [ 77.232308523828266, 28.268588444855556 ], [ 77.23444655946345, 28.269940076235205 ], [ 77.235362860449953, 28.269669749959274 ], [ 77.255521482153085, 28.258045720094312 ], [ 77.257048650463929, 28.272373012718568 ], [ 77.257964951450447, 28.272102686442636 ], [ 77.308361505708277, 28.255342457335018 ], [ 77.322106020505871, 28.260208330301747 ], [ 77.322411454168048, 28.260208330301747 ], [ 77.345013545168527, 28.23506798664032 ], [ 77.372808008425892, 28.23587896546811 ], [ 77.37983298265577, 28.221281346567928 ], [ 77.408238313237462, 28.214252863393764 ], [ 77.41587415479168, 28.200466223321371 ], [ 77.434200174521806, 28.213982537117836 ], [ 77.456191398197959, 28.205332096288096 ], [ 77.470852213982056, 28.215604494773412 ], [ 77.500479279212428, 28.20884633787518 ], [ 77.500784712874591, 28.205332096288096 ], [ 77.500784712874591, 28.205332096288096 ], [ 77.49742494259074, 28.206143075115886 ], [ 77.498341243577244, 28.184516973041539 ], [ 77.502922748509775, 28.185327951869329 ], [ 77.508725988090973, 28.186138930697116 ], [ 77.533160681064473, 28.189653172284196 ], [ 77.5456834612134, 28.187490562076764 ], [ 77.546905195862067, 28.18478729931747 ], [ 77.541407389943032, 28.170460006693215 ], [ 77.538047619659181, 28.166675438830204 ], [ 77.502006447523272, 28.16126891331162 ], [ 77.504144483158441, 28.145589989307719 ], [ 77.491316269347365, 28.136669222202052 ], [ 77.512391192037001, 28.124774866061163 ], [ 77.499257544563747, 28.094768649433007 ], [ 77.482458693144466, 28.106933331849827 ], [ 77.482153259482303, 28.106933331849827 ], [ 77.479709790184941, 28.100175174951595 ], [ 77.474822851590247, 28.086929187431057 ], [ 77.474517417928084, 28.086118208603271 ], [ 77.475433718914587, 28.086118208603271 ], [ 77.476350019901091, 28.085036903499553 ], [ 77.47573915257675, 28.085036903499553 ], [ 77.501090146536754, 28.058544928458481 ], [ 77.483680427793146, 28.040433067971215 ], [ 77.512696625699178, 28.032052953417409 ], [ 77.50842055442881, 28.02286186003581 ], [ 77.542323690929535, 27.989341401820575 ], [ 77.519416166266879, 27.972851498988888 ], [ 77.516972696969532, 27.971229541333312 ], [ 77.518805298942553, 27.962308774227644 ], [ 77.54446172656472, 27.958524206364636 ], [ 77.544767160226883, 27.955820943605342 ], [ 77.534687849375317, 27.935276146634713 ], [ 77.529800910780622, 27.926355379529046 ], [ 77.516667263307369, 27.933383862703209 ], [ 77.501701013861094, 27.925544400701259 ], [ 77.492232570333869, 27.938520061945866 ], [ 77.47512828525241, 27.929328968564267 ], [ 77.477571754549771, 27.893375573865669 ], [ 77.465965275387362, 27.881481217724779 ], [ 77.458024000170965, 27.874993387102478 ], [ 77.457413132846625, 27.874723060826547 ], [ 77.425953465643246, 27.886617416967436 ], [ 77.420150226062049, 27.890401984830447 ], [ 77.419233925075531, 27.88932067972673 ], [ 77.409460047886142, 27.874182408274688 ], [ 77.420761093386375, 27.854448590131849 ], [ 77.417095889440361, 27.854448590131849 ], [ 77.365172166871673, 27.855529895235566 ], [ 77.348984182776732, 27.855800221511494 ], [ 77.344402677844201, 27.84958271716512 ], [ 77.335239667979138, 27.84687945440583 ], [ 77.312026709654305, 27.883914154208146 ], [ 77.292478955275513, 27.889050353450802 ], [ 77.283010511748273, 27.871749471791325 ], [ 77.265906226666829, 27.878777954965486 ], [ 77.234141125801273, 27.896078836624962 ], [ 77.206041228881759, 27.939331040773652 ], [ 77.187409775489456, 27.951495723190472 ], [ 77.181606535908259, 27.94122332470516 ], [ 77.158393577583425, 27.948522134155251 ], [ 77.144343629123668, 27.963660405607293 ], [ 77.151979470677887, 27.995558906166952 ], [ 77.135180619258605, 28.00015445285775 ], [ 77.149230567718362, 28.023402512587669 ], [ 77.138845823204633, 28.041514373074932 ], [ 77.148008833069696, 28.055571339423256 ], [ 77.133042583623421, 28.072331568530874 ], [ 77.142816460812824, 28.099904848675664 ], [ 77.121130670798848, 28.115583772679564 ], [ 77.166334852799821, 28.16910837531357 ], [ 77.172443526043196, 28.189382846008268 ], [ 77.192602147746328, 28.183705994213753 ], [ 77.19840538732754, 28.196411329182428 ], [ 77.191991280421988, 28.207765032771462 ], [ 77.191380413097647, 28.20884633787518 ], [ 77.191074979435484, 28.208576011599249 ] ] ] } },
{ "type": "Feature", "properties": { "dt_code": "765", "district": "Charkhi Dadri", "st_code": "06", "year": "2016_c", "st_nm": "Haryana" }, "geometry": { "type": "Polygon", "coordinates": [ [ [ 76.421993018094597, 28.701651138894317 ], [ 76.42229845175676, 28.700840160066527 ], [ 76.433904930919169, 28.697325918479446 ], [ 76.480636281230986, 28.680295363095901 ], [ 76.466280899109066, 28.652722082951112 ], [ 76.43787556852736, 28.64109805308615 ], [ 76.465364598122548, 28.614065425493219 ], [ 76.448260313041104, 28.598386501489319 ], [ 76.432683196270503, 28.599467806593037 ], [ 76.432683196270503, 28.598386501489319 ], [ 76.421076717108079, 28.55107940320169 ], [ 76.409470237945669, 28.55107940320169 ], [ 76.401528962729287, 28.595412912454098 ], [ 76.40122352906711, 28.595412912454098 ], [ 76.373123632147596, 28.599738132868964 ], [ 76.356935648052655, 28.616768688252513 ], [ 76.356935648052655, 28.616768688252513 ], [ 76.342580265930721, 28.580004314726125 ], [ 76.334028123389999, 28.582437251209491 ], [ 76.342274832268544, 28.560811149135144 ], [ 76.327003149160106, 28.495932842912108 ], [ 76.291267410686373, 28.498636105671402 ], [ 76.287296773078182, 28.482686855391574 ], [ 76.285158737442998, 28.474036414561834 ], [ 76.291572844348536, 28.472414456906257 ], [ 76.292794578997217, 28.468900215319177 ], [ 76.292794578997217, 28.468900215319177 ], [ 76.291878278010714, 28.463493689800593 ], [ 76.284853303780821, 28.429973231585357 ], [ 76.247284963334067, 28.437812693587308 ], [ 76.244536060374557, 28.458898143109792 ], [ 76.21979593373888, 28.46781891021546 ], [ 76.21979593373888, 28.46781891021546 ], [ 76.211854658522498, 28.443219219105892 ], [ 76.188947133859841, 28.443219219105892 ], [ 76.186198230900317, 28.43673138848359 ], [ 76.165428741872844, 28.431595189240934 ], [ 76.159625502291647, 28.462412384696876 ], [ 76.155043997359115, 28.457816838006075 ], [ 76.148629890453563, 28.451599333659701 ], [ 76.110756116344646, 28.450247702280056 ], [ 76.109839815358143, 28.448625744624479 ], [ 76.082045352100778, 28.39266820550711 ], [ 76.017598849383177, 28.385910048608878 ], [ 76.013628211774986, 28.434028125724296 ], [ 75.983390279220274, 28.444841176761468 ], [ 75.904893828042916, 28.432676494344651 ], [ 75.911002501286291, 28.454302596418994 ], [ 75.909475332975447, 28.455924554074571 ], [ 75.880153701407238, 28.488904359737948 ], [ 75.93360459228677, 28.47917261380449 ], [ 75.936353495246294, 28.495121864084322 ], [ 75.89878515479954, 28.500798715878837 ], [ 75.899701455786044, 28.51539633477902 ], [ 75.896647119164356, 28.515126008503092 ], [ 75.880764568731578, 28.514044703399374 ], [ 75.878015665772054, 28.490526317393524 ], [ 75.816928933338318, 28.511611766916008 ], [ 75.819677836297828, 28.522154491677252 ], [ 75.829451713487231, 28.548646466718324 ], [ 75.84991576885254, 28.566758327205591 ], [ 75.847777733217356, 28.587032797900289 ], [ 75.853580972798568, 28.59000638693551 ], [ 75.895425384515676, 28.608118247422773 ], [ 75.956206683287263, 28.604604005835693 ], [ 76.072882342235715, 28.667590028127222 ], [ 76.105563744087775, 28.654614366882615 ], [ 76.097317035209215, 28.68083601564776 ], [ 76.121140860858375, 28.674077858749527 ], [ 76.122668029169219, 28.651370451571463 ], [ 76.132747340020785, 28.648396862536242 ], [ 76.135496242980309, 28.665697744195718 ], [ 76.124195197480063, 28.681646994475546 ], [ 76.133663641007303, 28.687323846270061 ], [ 76.177646088359595, 28.668401006955012 ], [ 76.190474302170685, 28.682728299579264 ], [ 76.23262414754997, 28.67732177406068 ], [ 76.230791545576963, 28.695974287099801 ], [ 76.24423062671238, 28.705706033033255 ], [ 76.238121953469005, 28.722736588416804 ], [ 76.255531672212626, 28.741118775179995 ], [ 76.272025089969745, 28.742470406559644 ], [ 76.277828329550942, 28.77950510636196 ], [ 76.292183711672877, 28.785181958156475 ], [ 76.292183711672877, 28.807348712782677 ], [ 76.32639228183578, 28.812214585749405 ], [ 76.385646412296509, 28.782749021673112 ], [ 76.3740399331341, 28.741389101455926 ], [ 76.397558325121096, 28.733008986902117 ], [ 76.381370341026155, 28.708138969516618 ], [ 76.379537739053134, 28.705165380481397 ], [ 76.390838784553381, 28.695433634547943 ], [ 76.406110467661819, 28.682457973303336 ], [ 76.419854982459412, 28.702462117722103 ], [ 76.421993018094597, 28.701651138894317 ] ] ] } },
{ "type": "Feature", "properties": { "dt_code": "071", "district": "Yamunanagar", "st_code": "06", "year": "2011_c", "st_nm": "Haryana" }, "geometry": { "type": "Polygon", "coordinates": [ [ [ 77.208484698179106, 30.488237496511147 ], [ 77.21062273381429, 30.464719110505296 ], [ 77.211539034800794, 30.465530089333086 ], [ 77.226505284247054, 30.480398034509196 ], [ 77.263768191031645, 30.481209013336986 ], [ 77.276290971180572, 30.465259763057155 ], [ 77.276901838504898, 30.464178457953437 ], [ 77.277207272167075, 30.464178457953437 ], [ 77.2955332918972, 30.466611394436804 ], [ 77.320884285857204, 30.445796271190247 ], [ 77.35417655503359, 30.458231279882995 ], [ 77.36425586588517, 30.432550283669709 ], [ 77.387163390547812, 30.440119419395728 ], [ 77.407322012250958, 30.427143758151121 ], [ 77.397853568723718, 30.41633070711395 ], [ 77.404573109291434, 30.408761571387927 ], [ 77.456496831860122, 30.455798343399628 ], [ 77.458940301157469, 30.432820609945637 ], [ 77.422288261697219, 30.409842876491645 ], [ 77.443363184386868, 30.395515583867393 ], [ 77.489483667374344, 30.410653855319435 ], [ 77.502617314847598, 30.404706677248988 ], [ 77.506587952455803, 30.427414084427053 ], [ 77.523081370212907, 30.443633660982812 ], [ 77.550570399808095, 30.394974931315534 ], [ 77.553319302767619, 30.393623299935889 ], [ 77.569201853200383, 30.38443220655429 ], [ 77.58111376602497, 30.377674049656058 ], [ 77.58050289870063, 30.379296007311634 ], [ 77.603104989701123, 30.369023608826321 ], [ 77.604021290687626, 30.368212629998531 ], [ 77.578364863065445, 30.32982629881657 ], [ 77.583557235322317, 30.307389217914437 ], [ 77.538353053321345, 30.278464306389999 ], [ 77.530717211767126, 30.252512983900786 ], [ 77.477266320887594, 30.182498478435093 ], [ 77.455885964535781, 30.162764660292254 ], [ 77.428091501278431, 30.162764660292254 ], [ 77.427175200291927, 30.157628461049597 ], [ 77.423509996345899, 30.130866159732594 ], [ 77.40243507365625, 30.111672994141614 ], [ 77.40304594098059, 30.111402667865683 ], [ 77.422593695359396, 30.103563205863736 ], [ 77.414652420143, 30.097075375241431 ], [ 77.378916681669267, 30.091398523446916 ], [ 77.334323366992621, 30.053823171092741 ], [ 77.302863699789242, 30.055445128748318 ], [ 77.277818139491416, 30.041928814951852 ], [ 77.275985537518395, 29.996514000595727 ], [ 77.246969339612363, 29.976780182452888 ], [ 77.226505284247054, 29.9400158089265 ], [ 77.20115429028705, 29.938393851270924 ], [ 77.193213015070668, 29.942178419133935 ], [ 77.185882607178613, 29.951099186239603 ], [ 77.170610924070175, 29.970292351830583 ], [ 77.170610924070175, 29.970562678106511 ], [ 77.168167454772828, 29.970022025554655 ], [ 77.134875185596442, 29.966778110243503 ], [ 77.134875185596442, 29.979483445212178 ], [ 77.119908936150168, 29.99191845390493 ], [ 77.119908936150168, 29.99191845390493 ], [ 77.118076334177161, 29.993540411560502 ], [ 77.111662227271609, 30.009219335564403 ], [ 77.096390544163171, 30.032197069018395 ], [ 77.084784065000761, 30.039225552192558 ], [ 77.068901514567983, 30.074097641787439 ], [ 77.065541744284133, 30.081396451237531 ], [ 77.06523631062197, 30.081937103789389 ], [ 77.066763478932813, 30.103292879587805 ], [ 77.085394932325102, 30.112213646693473 ], [ 77.078064524433046, 30.118971803591705 ], [ 77.064930876959792, 30.126270613041797 ], [ 77.06920694823016, 30.150870304151365 ], [ 77.070428682878827, 30.163034986568185 ], [ 77.071650417527508, 30.163034986568185 ], [ 77.097001411487511, 30.159250418705174 ], [ 77.108302456987758, 30.181687499607307 ], [ 77.078064524433046, 30.197366423611207 ], [ 77.078980825419563, 30.214126652718825 ], [ 77.092725340217157, 30.225210030031924 ], [ 77.129988247001734, 30.228994597894935 ], [ 77.149230567718362, 30.211423389959531 ], [ 77.161447914205112, 30.231157208102371 ], [ 77.159004444907765, 30.234130797137592 ], [ 77.131820848974755, 30.24305156424326 ], [ 77.132737149961258, 30.271165496939908 ], [ 77.137624088555953, 30.280897242873365 ], [ 77.139456690528974, 30.285222463288232 ], [ 77.140983858839817, 30.288736704875316 ], [ 77.1645022508268, 30.296305840601335 ], [ 77.166945720124161, 30.309281501845941 ], [ 77.190158678448981, 30.31414737481267 ], [ 77.177941331962231, 30.323879120746124 ], [ 77.17397069435404, 30.339287718474097 ], [ 77.162058781529453, 30.357669905237287 ], [ 77.160531613218609, 30.357129252685432 ], [ 77.161447914205112, 30.358210557789146 ], [ 77.163280516178133, 30.360373167996581 ], [ 77.169389189421508, 30.368212629998531 ], [ 77.178246765624394, 30.364157735859592 ], [ 77.184355438867769, 30.38091796496721 ], [ 77.169694623083672, 30.431739304841919 ], [ 77.167556587448487, 30.439038114292011 ], [ 77.172138092381019, 30.454987364571842 ], [ 77.20115429028705, 30.481479339612914 ], [ 77.208484698179106, 30.488237496511147 ] ] ] } },
{ "type": "Feature", "properties": { "dt_code": "072", "district": "Kurukshetra", "st_code": "06", "year": "2011_c", "st_nm": "Haryana" }, "geometry": { "type": "Polygon", "coordinates": [ [ [ 77.064930876959792, 30.126270613041797 ], [ 77.078064524433046, 30.118971803591705 ], [ 77.085394932325102, 30.112213646693473 ], [ 77.066763478932813, 30.103292879587805 ], [ 77.06523631062197, 30.081937103789389 ], [ 77.065541744284133, 30.081396451237531 ], [ 77.068901514567983, 30.074097641787439 ], [ 77.084784065000761, 30.039225552192558 ], [ 77.096390544163171, 30.032197069018395 ], [ 77.111662227271609, 30.009219335564403 ], [ 77.118076334177161, 29.993540411560502 ], [ 77.119908936150168, 29.99191845390493 ], [ 77.119908936150168, 29.99191845390493 ], [ 77.118381767839324, 29.993270085284575 ], [ 77.117465466852821, 29.98759323349006 ], [ 77.098528579798355, 29.95218049134332 ], [ 77.097306845149689, 29.950828859963671 ], [ 77.053629831459546, 29.945962986996946 ], [ 77.033471209756414, 29.955154080378541 ], [ 77.022475597918344, 29.947044292100664 ], [ 76.983380089160747, 29.958668321965622 ], [ 76.949171518997844, 29.931906020648622 ], [ 76.955585625903382, 29.914064486437287 ], [ 76.931150932929881, 29.925958842578176 ], [ 76.920766188416152, 29.914334812713214 ], [ 76.89999669938868, 29.920011664507729 ], [ 76.881059812334215, 29.880544028222051 ], [ 76.857846854009381, 29.877300112910898 ], [ 76.833412161035881, 29.902170130296398 ], [ 76.822721982859989, 29.894060342018516 ], [ 76.809893769048898, 29.901899804020466 ], [ 76.795538386926964, 29.880003375670192 ], [ 76.754915709858523, 29.866757388149658 ], [ 76.737200557452738, 29.875948481531253 ], [ 76.735367955479717, 29.877029786634971 ], [ 76.732619052520207, 29.872704566220101 ], [ 76.729870149560682, 29.870812282288597 ], [ 76.697188747708623, 29.894330668294447 ], [ 76.684055100235369, 29.922714927267023 ], [ 76.660536708248372, 29.912172202505779 ], [ 76.588454363976552, 29.920281990783661 ], [ 76.566157706638236, 29.903251435400115 ], [ 76.561270768043542, 29.909468939746489 ], [ 76.521869825623767, 29.895952625950024 ], [ 76.465975465446888, 29.912983181333569 ], [ 76.486744954474361, 29.955965059206328 ], [ 76.467197200095569, 29.973536267141736 ], [ 76.456507021919663, 29.963804521208282 ], [ 76.439097303176041, 29.972454962038018 ], [ 76.432683196270503, 29.994892042940151 ], [ 76.442457073459892, 30.007056725356968 ], [ 76.421687584432419, 30.030845437638749 ], [ 76.467808067419909, 30.098427006621076 ], [ 76.467502633757732, 30.098967659172935 ], [ 76.48277431686617, 30.0968050489655 ], [ 76.504765540542323, 30.092750154826561 ], [ 76.511790514772201, 30.071935031580004 ], [ 76.546304518597267, 30.075989925718943 ], [ 76.576847884814143, 30.101670921932229 ], [ 76.599144542152459, 30.083829387720893 ], [ 76.594563037219928, 30.071935031580004 ], [ 76.615637959909577, 30.074638294339298 ], [ 76.644043290491268, 30.102752227035946 ], [ 76.635185714288369, 30.111943320417545 ], [ 76.644654157815609, 30.127892570697373 ], [ 76.638545484572234, 30.146274757460567 ], [ 76.642210688518261, 30.149788999047647 ], [ 76.642210688518261, 30.150059325323575 ], [ 76.642821555842588, 30.150329651599506 ], [ 76.646792193450793, 30.152492261806941 ], [ 76.680084462627178, 30.180606194503589 ], [ 76.683444232911029, 30.186823698849963 ], [ 76.687414870519234, 30.187094025125891 ], [ 76.763467852399245, 30.19195989809262 ], [ 76.784848208751058, 30.214937631546611 ], [ 76.81722417694094, 30.217911220581833 ], [ 76.823027416522152, 30.251161352521141 ], [ 76.823332850184315, 30.251431678797069 ], [ 76.823332850184315, 30.251702005073 ], [ 76.823943717508655, 30.251431678797069 ], [ 76.842880604563121, 30.245754827002553 ], [ 76.850821879779502, 30.254945920384149 ], [ 76.867620731198784, 30.243592216795118 ], [ 76.859374022320225, 30.232238513206088 ], [ 76.890222822199277, 30.212234368787318 ], [ 76.883503281631562, 30.198988381266783 ], [ 76.903356469672531, 30.189797287885185 ], [ 76.925042259686506, 30.205476211889085 ], [ 76.960777998160253, 30.193311529472268 ], [ 76.940924810119284, 30.173307385053498 ], [ 76.940924810119284, 30.171415101121994 ], [ 76.961694299146757, 30.152492261806941 ], [ 76.990710497052788, 30.16790085953491 ], [ 77.064930876959792, 30.126270613041797 ] ] ] } },
{ "type": "Feature", "properties": { "dt_code": "073", "district": "Kaithal", "st_code": "06", "year": "2011_c", "st_nm": "Haryana" }, "geometry": { "type": "Polygon", "coordinates": [ [ [ 76.467502633757732, 30.098967659172935 ], [ 76.467808067419909, 30.098427006621076 ], [ 76.421687584432419, 30.030845437638749 ], [ 76.442457073459892, 30.007056725356968 ], [ 76.432683196270503, 29.994892042940151 ], [ 76.439097303176041, 29.972454962038018 ], [ 76.456507021919663, 29.963804521208282 ], [ 76.467197200095569, 29.973536267141736 ], [ 76.486744954474361, 29.955965059206328 ], [ 76.465975465446888, 29.912983181333569 ], [ 76.521869825623767, 29.895952625950024 ], [ 76.561270768043542, 29.909468939746489 ], [ 76.566157706638236, 29.903251435400115 ], [ 76.588454363976552, 29.920281990783661 ], [ 76.660536708248372, 29.912172202505779 ], [ 76.684055100235369, 29.922714927267023 ], [ 76.697188747708623, 29.894330668294447 ], [ 76.729870149560682, 29.870812282288597 ], [ 76.730786450547185, 29.870271629736738 ], [ 76.704519155600678, 29.828911709519552 ], [ 76.713682165465741, 29.808366912548923 ], [ 76.683444232911029, 29.766466339779882 ], [ 76.6974941813708, 29.75132806832784 ], [ 76.689552906154404, 29.701858359832777 ], [ 76.71246043081706, 29.69510020293454 ], [ 76.703297420951998, 29.667797249065682 ], [ 76.683444232911029, 29.677528994999136 ], [ 76.656260636978018, 29.671311490652762 ], [ 76.603420613422827, 29.627788960228145 ], [ 76.563408803678726, 29.629951570435576 ], [ 76.539890411691729, 29.61346166760389 ], [ 76.521869825623767, 29.614813298983535 ], [ 76.549664288881132, 29.590754260425829 ], [ 76.530116534502326, 29.571020442282986 ], [ 76.526145896894135, 29.536689005239964 ], [ 76.50720900983967, 29.520199102408277 ], [ 76.502932938569302, 29.516144208269338 ], [ 76.49835143363677, 29.51911779730456 ], [ 76.485828653487857, 29.540473573102975 ], [ 76.484912352501354, 29.542095530758552 ], [ 76.484912352501354, 29.542095530758552 ], [ 76.480636281230986, 29.543447162138197 ], [ 76.462004827838697, 29.548313035104925 ], [ 76.460172225865691, 29.548853687656784 ], [ 76.439097303176041, 29.529119869513945 ], [ 76.430239726973142, 29.545069119793773 ], [ 76.376788836093624, 29.528038564410227 ], [ 76.3740399331341, 29.527768238134296 ], [ 76.348994372836259, 29.555341518279086 ], [ 76.358462816363499, 29.568857832075555 ], [ 76.35082697480928, 29.579941209388654 ], [ 76.297681517591911, 29.589943281598039 ], [ 76.290656543362033, 29.57804892545715 ], [ 76.301041287875762, 29.557504128486521 ], [ 76.273246824618411, 29.550745971588288 ], [ 76.269581620672383, 29.559937064969887 ], [ 76.268359886023717, 29.572372073662635 ], [ 76.263472947429008, 29.575886315249715 ], [ 76.238121953469005, 29.593187196909192 ], [ 76.233845882198651, 29.619408845674336 ], [ 76.193528638792372, 29.641034947748679 ], [ 76.202386214995272, 29.664283007478602 ], [ 76.192001470481529, 29.679691605206571 ], [ 76.168177644832369, 29.689153024864098 ], [ 76.183449327940806, 29.719699894044108 ], [ 76.180089557656942, 29.737000775703585 ], [ 76.197804710062741, 29.747543500464829 ], [ 76.196277541751897, 29.764033403296516 ], [ 76.217047030779369, 29.795391251304316 ], [ 76.218879632752376, 29.818368984758308 ], [ 76.213992694157682, 29.821072247517602 ], [ 76.212770959509001, 29.83350725621035 ], [ 76.214603561482022, 29.839184108004865 ], [ 76.214908995144185, 29.839724760556724 ], [ 76.214908995144185, 29.839454434280796 ], [ 76.22040680106322, 29.83783247662522 ], [ 76.221933969374064, 29.846482917454956 ], [ 76.224988305995751, 29.849456506490181 ], [ 76.233845882198651, 29.852159769249475 ], [ 76.24423062671238, 29.854863032008765 ], [ 76.244536060374557, 29.855133358284696 ], [ 76.24545236136106, 29.863513472838505 ], [ 76.246674096009727, 29.875407828979395 ], [ 76.246674096009727, 29.875948481531253 ], [ 76.210938357535994, 29.891357079259222 ], [ 76.193528638792372, 29.885680227464707 ], [ 76.185587363575991, 29.89243838436294 ], [ 76.18772539921116, 29.920552317059588 ], [ 76.171842848778397, 29.926229168854107 ], [ 76.205745985279123, 29.974347245969522 ], [ 76.210022056549491, 30.005164441425464 ], [ 76.232929581212133, 30.015977492462639 ], [ 76.213076393171178, 30.022735649360868 ], [ 76.213687260495504, 30.031656416466536 ], [ 76.253393636577442, 30.088965586963553 ], [ 76.238121953469005, 30.10545548979524 ], [ 76.216741597117192, 30.110051036486038 ], [ 76.224682872333588, 30.127081591869583 ], [ 76.207578587252129, 30.15654715594588 ], [ 76.234456749522977, 30.144923126080919 ], [ 76.25369907023962, 30.121675066350999 ], [ 76.285464171105161, 30.106266468623026 ], [ 76.296459782943245, 30.114376256900908 ], [ 76.321810776903249, 30.095183091309927 ], [ 76.344107434241565, 30.100859943104442 ], [ 76.360295418336506, 30.12032343497135 ], [ 76.333417256065658, 30.138164969182686 ], [ 76.350521541147103, 30.146815410012426 ], [ 76.362128020309513, 30.120053108695423 ], [ 76.400001794418444, 30.11680919338427 ], [ 76.391144218215544, 30.135191380147464 ], [ 76.41008110527001, 30.14519345235685 ], [ 76.387173580607353, 30.170604122294204 ], [ 76.420160416121576, 30.19195989809262 ], [ 76.421076717108079, 30.19195989809262 ], [ 76.440624471486885, 30.166008575603406 ], [ 76.428407125000135, 30.150870304151365 ], [ 76.428712558662298, 30.150329651599506 ], [ 76.430239726973142, 30.147896715116143 ], [ 76.438486435851701, 30.133028769940029 ], [ 76.439708170500381, 30.133028769940029 ], [ 76.459866792203513, 30.129514528352949 ], [ 76.462615695163038, 30.104374184691522 ], [ 76.462921128825201, 30.100589616828511 ], [ 76.466586332771229, 30.100048964276652 ], [ 76.467502633757732, 30.098967659172935 ] ] ] } },
{ "type": "Feature", "properties": { "dt_code": "079", "district": "Sirsa", "st_code": "06", "year": "2011_c", "st_nm": "Haryana" }, "geometry": { "type": "Polygon", "coordinates": [ [ [ 75.302884079908324, 29.559666738693956 ], [ 75.303800380894828, 29.549664666484571 ], [ 75.294942804691928, 29.533715416204743 ], [ 75.302273212583984, 29.524253996547216 ], [ 75.273867882002293, 29.509386051371106 ], [ 75.287612396799886, 29.493707127367205 ], [ 75.280892856232171, 29.473702982948435 ], [ 75.301051477935303, 29.439371545905413 ], [ 75.285474361164702, 29.422881643073723 ], [ 75.235077806906858, 29.418826748934784 ], [ 75.220111557460584, 29.397741299412299 ], [ 75.227747399014802, 29.379899765200964 ], [ 75.243935383109743, 29.375844871062025 ], [ 75.251571224663962, 29.366383451404499 ], [ 75.261650535515543, 29.353948442711751 ], [ 75.26470487213723, 29.350434201124667 ], [ 75.256458163258671, 29.33745853988006 ], [ 75.255847295934331, 29.336917887328202 ], [ 75.255847295934331, 29.336647561052274 ], [ 75.225914797041796, 29.325834510015099 ], [ 75.240881046488056, 29.297179924766592 ], [ 75.241186480150233, 29.296909598490664 ], [ 75.239659311839389, 29.259604572412417 ], [ 75.238437577190709, 29.230139008336124 ], [ 75.210032246609018, 29.234734555026922 ], [ 75.188041022932865, 29.268255013242158 ], [ 75.168493268554073, 29.258793593584631 ], [ 75.174296508135271, 29.251224457858608 ], [ 75.162690028972861, 29.243925648408517 ], [ 75.124205387539604, 29.239870754269578 ], [ 75.119623882607073, 29.222840198886033 ], [ 75.082055542160319, 29.227976398128689 ], [ 75.0499850076326, 29.286096547453493 ], [ 75.019747075077888, 29.28636687372942 ], [ 74.998672152388252, 29.27068794972552 ], [ 74.961103811941499, 29.280690021934905 ], [ 74.948275598130408, 29.301505145181462 ], [ 74.960798378279321, 29.320157658220584 ], [ 74.939723455589686, 29.339891476363427 ], [ 74.938196287278842, 29.362058230989629 ], [ 74.850536826236407, 29.403688477482742 ], [ 74.820298893681709, 29.397200646860441 ], [ 74.78761749182965, 29.36151757843777 ], [ 74.762266497869646, 29.354489095263609 ], [ 74.739053539544813, 29.354218768987678 ], [ 74.719505785166021, 29.369897692991579 ], [ 74.658113619070107, 29.372060303199014 ], [ 74.654448415124079, 29.332862993189263 ], [ 74.599164922271541, 29.327456467670675 ], [ 74.602830126217555, 29.36503182002485 ], [ 74.577784565919728, 29.3885502060307 ], [ 74.566483520419482, 29.42044870659036 ], [ 74.536551021526947, 29.424503600729299 ], [ 74.538383623499954, 29.456672427564889 ], [ 74.541437960121641, 29.463430584463122 ], [ 74.584504106487429, 29.458564711496393 ], [ 74.600997524244548, 29.501005936817297 ], [ 74.62176701327202, 29.522361712615712 ], [ 74.622988747920701, 29.531012153445449 ], [ 74.575035662960204, 29.564262285384753 ], [ 74.581449769865742, 29.627248307676286 ], [ 74.591223647055145, 29.639412990093103 ], [ 74.585420407473947, 29.654551261545144 ], [ 74.615963773690808, 29.752139047155627 ], [ 74.587253009446954, 29.767006992331741 ], [ 74.575951963946707, 29.748354479292615 ], [ 74.562512882811291, 29.755653288742707 ], [ 74.534107552229585, 29.740515017290669 ], [ 74.480045794025727, 29.745110563981466 ], [ 74.476075156417537, 29.760248835433508 ], [ 74.474853421768856, 29.772683844126256 ], [ 74.484932732620422, 29.814854743171228 ], [ 74.507840257283078, 29.832966603658491 ], [ 74.538994490824294, 29.840535739384514 ], [ 74.560985714500447, 29.869730977184879 ], [ 74.543575995756825, 29.901359151468608 ], [ 74.509978292918262, 29.90811730836684 ], [ 74.526471710675366, 29.941097114030217 ], [ 74.531664082932238, 29.949206902308099 ], [ 74.59672145297418, 29.912172202505779 ], [ 74.654142981461902, 29.905684371883478 ], [ 74.646812573569861, 29.911361223677993 ], [ 74.651699512164555, 29.926499495130034 ], [ 74.651699512164555, 29.926499495130034 ], [ 74.681937444719267, 29.943259724237652 ], [ 74.705150403044087, 29.974887898521381 ], [ 74.70667757135493, 29.976780182452888 ], [ 74.731417697990594, 29.961371584724915 ], [ 74.779370782951091, 29.971914309486159 ], [ 74.81144131747881, 29.992459106456785 ], [ 74.81205218480315, 29.992188780180857 ], [ 74.8242695312899, 29.985700949558556 ], [ 74.820909761006035, 29.970833004382442 ], [ 74.838319479749657, 29.971103330658373 ], [ 74.855423764831116, 29.956235385482259 ], [ 74.888105166683161, 29.967048436519431 ], [ 74.903376849791599, 29.95218049134332 ], [ 74.898184477534727, 29.941367440306145 ], [ 74.926589808116432, 29.950288207411813 ], [ 74.949497332779089, 29.906225024435336 ], [ 74.978818964347283, 29.894060342018516 ], [ 74.997144984077408, 29.867298040701513 ], [ 75.022495978037412, 29.866216735597796 ], [ 75.046930671010912, 29.885139574912849 ], [ 75.069838195673569, 29.877029786634971 ], [ 75.086942480755013, 29.915416117816932 ], [ 75.093356587660566, 29.914064486437287 ], [ 75.096716357944416, 29.913253507609497 ], [ 75.0988543935796, 29.912712855057638 ], [ 75.099465260903941, 29.911090897402062 ], [ 75.114736944012378, 29.878651744290547 ], [ 75.089996817376701, 29.854052053180979 ], [ 75.118707581620569, 29.831885298554774 ], [ 75.119013015282732, 29.831614972278846 ], [ 75.10160329653911, 29.821612900069461 ], [ 75.100686995552607, 29.807015281169278 ], [ 75.135200999377673, 29.807285607445209 ], [ 75.151083549810451, 29.775657433161477 ], [ 75.166660666581052, 29.784578200267145 ], [ 75.159024825026833, 29.801338429374763 ], [ 75.165438931932385, 29.8256677942084 ], [ 75.165744365594549, 29.825938120484331 ], [ 75.167882401229733, 29.827560078139907 ], [ 75.191095359554552, 29.844320307247521 ], [ 75.190484492230226, 29.842698349591949 ], [ 75.210643113933358, 29.832425951106632 ], [ 75.208505078298174, 29.793228641096881 ], [ 75.226220230703959, 29.789173746957943 ], [ 75.240575612825893, 29.752139047155627 ], [ 75.241186480150233, 29.75051708950005 ], [ 75.226220230703959, 29.728890987425707 ], [ 75.209115945622514, 29.737000775703585 ], [ 75.206061609000827, 29.733486534116505 ], [ 75.201174670406132, 29.72348446190712 ], [ 75.206672476325167, 29.687531067208521 ], [ 75.168493268554073, 29.666715943961965 ], [ 75.187735589270702, 29.651847998785854 ], [ 75.18315408433817, 29.628329612780004 ], [ 75.235383240569021, 29.603189269118577 ], [ 75.221638725771427, 29.580211535664585 ], [ 75.238437577190709, 29.558855759866169 ], [ 75.235383240569021, 29.542095530758552 ], [ 75.273257014677952, 29.549934992760502 ], [ 75.281198289894334, 29.561559022625463 ], [ 75.302884079908324, 29.559666738693956 ], [ 75.302884079908324, 29.559666738693956 ] ] ] } },
{ "type": "Feature", "properties": { "dt_code": "074", "district": "Karnal", "st_code": "06", "year": "2011_c", "st_nm": "Haryana" }, "geometry": { "type": "Polygon", "coordinates": [ [ [ 77.119908936150168, 29.99191845390493 ], [ 77.134875185596442, 29.979483445212178 ], [ 77.134875185596442, 29.966778110243503 ], [ 77.168167454772828, 29.970022025554655 ], [ 77.170610924070175, 29.970562678106511 ], [ 77.170610924070175, 29.970292351830583 ], [ 77.185882607178613, 29.951099186239603 ], [ 77.193213015070668, 29.942178419133935 ], [ 77.20115429028705, 29.938393851270924 ], [ 77.226505284247054, 29.9400158089265 ], [ 77.226199850584891, 29.939475156374641 ], [ 77.224672682274047, 29.936771893615347 ], [ 77.185882607178613, 29.907576655814982 ], [ 77.202070591273554, 29.868919998357089 ], [ 77.178246765624394, 29.845942264903098 ], [ 77.173054393367536, 29.804852670961843 ], [ 77.168167454772828, 29.7989054928914 ], [ 77.146481664758852, 29.771872865298466 ], [ 77.122046971785352, 29.767006992331741 ], [ 77.120825237136671, 29.760519161709436 ], [ 77.120825237136671, 29.75916753032979 ], [ 77.119908936150168, 29.755382962466779 ], [ 77.139151256866796, 29.738352407083234 ], [ 77.132737149961258, 29.722403156803402 ], [ 77.134875185596442, 29.720510872871898 ], [ 77.134264318272102, 29.718348262664463 ], [ 77.153812072650894, 29.696181508038258 ], [ 77.14953600138054, 29.688342046036311 ], [ 77.151063169691383, 29.68807171976038 ], [ 77.149230567718362, 29.686449762104804 ], [ 77.142511027150661, 29.680502584034357 ], [ 77.133348017285599, 29.648874409750629 ], [ 77.131515415312577, 29.641845926576469 ], [ 77.106164421352574, 29.632384506918942 ], [ 77.109524191636439, 29.597512417324062 ], [ 77.087227534298108, 29.588591650218394 ], [ 77.126933910380046, 29.559396412418028 ], [ 77.108302456987758, 29.547772382553067 ], [ 77.096695977825348, 29.521821060063854 ], [ 77.131820848974755, 29.485056686537465 ], [ 77.131820848974755, 29.484786360261538 ], [ 77.131820848974755, 29.484516033985606 ], [ 77.130904547988237, 29.483975381433748 ], [ 77.120214369812331, 29.47235135156879 ], [ 77.06798521358148, 29.440993503560989 ], [ 77.065847177946296, 29.441804482388775 ], [ 77.048437459202688, 29.449103291838867 ], [ 77.048742892864851, 29.466404173498344 ], [ 77.037747281026782, 29.451806554598161 ], [ 77.007814782134247, 29.446129702803646 ], [ 76.927791162646031, 29.482623750054103 ], [ 76.915573816159281, 29.482353423778171 ], [ 76.907327107280722, 29.467485478602061 ], [ 76.881059812334215, 29.492085169711629 ], [ 76.855708818374211, 29.489922559504194 ], [ 76.818140477927457, 29.514251924337831 ], [ 76.818140477927457, 29.514251924337831 ], [ 76.792178616643113, 29.467755804877989 ], [ 76.791262315656596, 29.465863520946485 ], [ 76.775379765223832, 29.474513961776221 ], [ 76.76071894943972, 29.462889931911263 ], [ 76.762551551412741, 29.465863520946485 ], [ 76.75461027619636, 29.468837109981706 ], [ 76.747890735628644, 29.471540372741 ], [ 76.737200557452738, 29.46451188956684 ], [ 76.707268058560203, 29.486678644193042 ], [ 76.704824589262842, 29.488570928124545 ], [ 76.68527683488405, 29.478568855915164 ], [ 76.654733468667175, 29.491274190883839 ], [ 76.633047678653199, 29.469377762533565 ], [ 76.608002118355358, 29.480461139846668 ], [ 76.607696684693181, 29.480731466122599 ], [ 76.584178292706198, 29.464782215842767 ], [ 76.53103283548883, 29.462889931911263 ], [ 76.527062197880639, 29.469648088809496 ], [ 76.527062197880639, 29.481001792398526 ], [ 76.501100336596295, 29.51479257688969 ], [ 76.502932938569302, 29.516144208269338 ], [ 76.50720900983967, 29.520199102408277 ], [ 76.526145896894135, 29.536689005239964 ], [ 76.530116534502326, 29.571020442282986 ], [ 76.549664288881132, 29.590754260425829 ], [ 76.521869825623767, 29.614813298983535 ], [ 76.539890411691729, 29.61346166760389 ], [ 76.563408803678726, 29.629951570435576 ], [ 76.603420613422827, 29.627788960228145 ], [ 76.656260636978018, 29.671311490652762 ], [ 76.683444232911029, 29.677528994999136 ], [ 76.703297420951998, 29.667797249065682 ], [ 76.71246043081706, 29.69510020293454 ], [ 76.689552906154404, 29.701858359832777 ], [ 76.6974941813708, 29.75132806832784 ], [ 76.683444232911029, 29.766466339779882 ], [ 76.713682165465741, 29.808366912548923 ], [ 76.704519155600678, 29.828911709519552 ], [ 76.730786450547185, 29.870271629736738 ], [ 76.729870149560682, 29.870812282288597 ], [ 76.732619052520207, 29.872704566220101 ], [ 76.735367955479717, 29.877029786634971 ], [ 76.737200557452738, 29.875948481531253 ], [ 76.754915709858523, 29.866757388149658 ], [ 76.795538386926964, 29.880003375670192 ], [ 76.809893769048898, 29.901899804020466 ], [ 76.822721982859989, 29.894060342018516 ], [ 76.833412161035881, 29.902170130296398 ], [ 76.857846854009381, 29.877300112910898 ], [ 76.881059812334215, 29.880544028222051 ], [ 76.89999669938868, 29.920011664507729 ], [ 76.920766188416152, 29.914334812713214 ], [ 76.931150932929881, 29.925958842578176 ], [ 76.955585625903382, 29.914064486437287 ], [ 76.949171518997844, 29.931906020648622 ], [ 76.983380089160747, 29.958668321965622 ], [ 77.022475597918344, 29.947044292100664 ], [ 77.033471209756414, 29.955154080378541 ], [ 77.053629831459546, 29.945962986996946 ], [ 77.097306845149689, 29.950828859963671 ], [ 77.098528579798355, 29.95218049134332 ], [ 77.117465466852821, 29.98759323349006 ], [ 77.118381767839324, 29.993270085284575 ], [ 77.119908936150168, 29.99191845390493 ] ] ] } },
{ "type": "Feature", "properties": { "dt_code": "077", "district": "Jind", "st_code": "06", "year": "2011_c", "st_nm": "Haryana" }, "geometry": { "type": "Polygon", "coordinates": [ [ [ 76.214908995144185, 29.839724760556724 ], [ 76.214603561482022, 29.839184108004865 ], [ 76.212770959509001, 29.83350725621035 ], [ 76.213992694157682, 29.821072247517602 ], [ 76.218879632752376, 29.818368984758308 ], [ 76.217047030779369, 29.795391251304316 ], [ 76.196277541751897, 29.764033403296516 ], [ 76.197804710062741, 29.747543500464829 ], [ 76.180089557656942, 29.737000775703585 ], [ 76.183449327940806, 29.719699894044108 ], [ 76.168177644832369, 29.689153024864098 ], [ 76.192001470481529, 29.679691605206571 ], [ 76.202386214995272, 29.664283007478602 ], [ 76.193528638792372, 29.641034947748679 ], [ 76.233845882198651, 29.619408845674336 ], [ 76.238121953469005, 29.593187196909192 ], [ 76.263472947429008, 29.575886315249715 ], [ 76.268359886023717, 29.572372073662635 ], [ 76.269581620672383, 29.559937064969887 ], [ 76.273246824618411, 29.550745971588288 ], [ 76.301041287875762, 29.557504128486521 ], [ 76.290656543362033, 29.57804892545715 ], [ 76.297681517591911, 29.589943281598039 ], [ 76.35082697480928, 29.579941209388654 ], [ 76.358462816363499, 29.568857832075555 ], [ 76.348994372836259, 29.555341518279086 ], [ 76.3740399331341, 29.527768238134296 ], [ 76.376788836093624, 29.528038564410227 ], [ 76.430239726973142, 29.545069119793773 ], [ 76.439097303176041, 29.529119869513945 ], [ 76.460172225865691, 29.548853687656784 ], [ 76.462004827838697, 29.548313035104925 ], [ 76.480636281230986, 29.543447162138197 ], [ 76.484912352501354, 29.542095530758552 ], [ 76.484912352501354, 29.542095530758552 ], [ 76.485828653487857, 29.540473573102975 ], [ 76.49835143363677, 29.51911779730456 ], [ 76.502932938569302, 29.516144208269338 ], [ 76.501100336596295, 29.51479257688969 ], [ 76.527062197880639, 29.481001792398526 ], [ 76.527062197880639, 29.469648088809496 ], [ 76.53103283548883, 29.462889931911263 ], [ 76.584178292706198, 29.464782215842767 ], [ 76.607696684693181, 29.480731466122599 ], [ 76.608002118355358, 29.480461139846668 ], [ 76.633047678653199, 29.469377762533565 ], [ 76.654733468667175, 29.491274190883839 ], [ 76.68527683488405, 29.478568855915164 ], [ 76.704824589262842, 29.488570928124545 ], [ 76.707268058560203, 29.486678644193042 ], [ 76.737200557452738, 29.46451188956684 ], [ 76.747890735628644, 29.471540372741 ], [ 76.75461027619636, 29.468837109981706 ], [ 76.762551551412741, 29.465863520946485 ], [ 76.76071894943972, 29.462889931911263 ], [ 76.731091884209363, 29.41260924458841 ], [ 76.740560327736588, 29.406662066517967 ], [ 76.734451654493213, 29.388279879754773 ], [ 76.655955203315841, 29.36935704043972 ], [ 76.650151963734643, 29.366924103956357 ], [ 76.648319361761637, 29.33826951870785 ], [ 76.631825944004518, 29.314751132702 ], [ 76.641599821193921, 29.305289713044473 ], [ 76.638240050910056, 29.300153513801817 ], [ 76.640072652883077, 29.296098619662875 ], [ 76.677030126005491, 29.280419695658978 ], [ 76.678862727978498, 29.264740771655077 ], [ 76.654733468667175, 29.26636272931065 ], [ 76.653511734018494, 29.26636272931065 ], [ 76.610751021314869, 29.289070136488714 ], [ 76.597311940179452, 29.280149369383047 ], [ 76.560965334381365, 29.280960348210833 ], [ 76.554245793813664, 29.256630983377196 ], [ 76.568295742273421, 29.226354440473113 ], [ 76.559743599732698, 29.208783232537709 ], [ 76.534087172110517, 29.213919431780365 ], [ 76.525229595907632, 29.2317609659917 ], [ 76.474527607987611, 29.237978470338074 ], [ 76.49560253067726, 29.178236363357694 ], [ 76.512095948434364, 29.163098091905653 ], [ 76.489493857433885, 29.136876443140512 ], [ 76.477581944609298, 29.092272607612173 ], [ 76.475138475311951, 29.08956934485288 ], [ 76.473305873338944, 29.083081514230578 ], [ 76.443678808108572, 29.055508234085789 ], [ 76.402750697377954, 29.075782704780487 ], [ 76.379537739053134, 29.065780632571101 ], [ 76.35021610748494, 29.083351840506506 ], [ 76.301346721537939, 29.086055103265799 ], [ 76.301652155200102, 29.086595755817658 ], [ 76.318145572957221, 29.116331646169883 ], [ 76.317840139295043, 29.116601972445814 ], [ 76.318145572957221, 29.117142624997669 ], [ 76.30531735914613, 29.126874370931127 ], [ 76.300124986889259, 29.188238435567079 ], [ 76.280577232510467, 29.208783232537709 ], [ 76.225599173320091, 29.218785304747094 ], [ 76.228042642617439, 29.238789449165861 ], [ 76.211243791198157, 29.248250868823387 ], [ 76.186809098224657, 29.286096547453493 ], [ 76.20941118922515, 29.319346679392797 ], [ 76.177646088359595, 29.340702455191213 ], [ 76.206662286265626, 29.364491167472991 ], [ 76.202997082319598, 29.395849015480792 ], [ 76.191390603157188, 29.410176308105047 ], [ 76.191085169495025, 29.410446634380975 ], [ 76.157182032994285, 29.420178380314432 ], [ 76.156571165669959, 29.419367401486642 ], [ 76.131831039034282, 29.390172163686277 ], [ 76.112588718317653, 29.406121413966105 ], [ 76.11228328465549, 29.406391740242036 ], [ 76.111061550006809, 29.406121413966105 ], [ 76.091513795628018, 29.408554350449471 ], [ 76.078074714492587, 29.438830893353554 ], [ 76.076852979843906, 29.441263829836917 ], [ 76.076852979843906, 29.441534156112848 ], [ 76.07624211251958, 29.441263829836917 ], [ 76.032870532491614, 29.427206863488593 ], [ 76.025845558261736, 29.42477392700523 ], [ 76.01790428304534, 29.438830893353554 ], [ 75.995913059369201, 29.447211007907363 ], [ 76.013628211774986, 29.480731466122599 ], [ 75.932993724962429, 29.499113652885789 ], [ 75.960788188219794, 29.548853687656784 ], [ 75.963537091179305, 29.553989886899441 ], [ 75.962315356530638, 29.555341518279086 ], [ 75.963842524841482, 29.562640327729177 ], [ 75.964147958503645, 29.562910654005108 ], [ 75.961399055544121, 29.591565239253615 ], [ 75.948570841733044, 29.59372784946105 ], [ 75.956512116949426, 29.626977981400355 ], [ 75.941240433840989, 29.641575600300538 ], [ 75.951319744692555, 29.670230185549045 ], [ 75.93360459228677, 29.6845574781733 ], [ 75.947349107084364, 29.729431639977566 ], [ 75.984306580206777, 29.7269987034942 ], [ 76.026150991923899, 29.755923615018638 ], [ 76.035924869113302, 29.744029258877749 ], [ 76.040506374045833, 29.745110563981466 ], [ 76.046309613627031, 29.746462195361111 ], [ 76.048447649262215, 29.74700284791297 ], [ 76.050891118559562, 29.751868720879699 ], [ 76.066468235330177, 29.771332212746607 ], [ 76.082656219425118, 29.781063958680065 ], [ 76.084183387735962, 29.793228641096881 ], [ 76.096400734222712, 29.808637238824854 ], [ 76.098538769857896, 29.81025919648043 ], [ 76.116253922263681, 29.796742882683965 ], [ 76.119613692547532, 29.792417662269095 ], [ 76.120835427196212, 29.793498967372813 ], [ 76.145575553831875, 29.819179963586098 ], [ 76.173675450751404, 29.817828332206449 ], [ 76.177340654697431, 29.82215355262132 ], [ 76.197804710062741, 29.844860959799384 ], [ 76.199026444711407, 29.844320307247521 ], [ 76.214908995144185, 29.839724760556724 ] ] ] } },
{ "type": "Feature", "properties": { "dt_code": "078", "district": "Fatehabad", "st_code": "06", "year": "2011_c", "st_nm": "Haryana" }, "geometry": { "type": "Polygon", "coordinates": [ [ [ 75.239659311839389, 29.259604572412417 ], [ 75.241186480150233, 29.296909598490664 ], [ 75.240881046488056, 29.297179924766592 ], [ 75.225914797041796, 29.325834510015099 ], [ 75.255847295934331, 29.336647561052274 ], [ 75.255847295934331, 29.336917887328202 ], [ 75.256458163258671, 29.33745853988006 ], [ 75.26470487213723, 29.350434201124667 ], [ 75.261650535515543, 29.353948442711751 ], [ 75.251571224663962, 29.366383451404499 ], [ 75.243935383109743, 29.375844871062025 ], [ 75.227747399014802, 29.379899765200964 ], [ 75.220111557460584, 29.397741299412299 ], [ 75.235077806906858, 29.418826748934784 ], [ 75.285474361164702, 29.422881643073723 ], [ 75.301051477935303, 29.439371545905413 ], [ 75.280892856232171, 29.473702982948435 ], [ 75.287612396799886, 29.493707127367205 ], [ 75.273867882002293, 29.509386051371106 ], [ 75.302273212583984, 29.524253996547216 ], [ 75.294942804691928, 29.533715416204743 ], [ 75.303800380894828, 29.549664666484571 ], [ 75.302884079908324, 29.559666738693956 ], [ 75.303800380894828, 29.561018370073604 ], [ 75.319988364989769, 29.587510345114676 ], [ 75.289750432435056, 29.608325468361233 ], [ 75.289444998772893, 29.608595794637161 ], [ 75.294942804691928, 29.623193413537344 ], [ 75.295859105678431, 29.625085697468851 ], [ 75.295859105678431, 29.625085697468851 ], [ 75.317850329354584, 29.63346581202266 ], [ 75.329456808516994, 29.662661049823026 ], [ 75.333122012463022, 29.673203774584266 ], [ 75.333427446125185, 29.672933448308338 ], [ 75.360000174733869, 29.662661049823026 ], [ 75.345644792611935, 29.69591118176233 ], [ 75.37282838854496, 29.713212063421807 ], [ 75.392376142923766, 29.713212063421807 ], [ 75.388405505315561, 29.729972292529425 ], [ 75.388405505315561, 29.730242618805352 ], [ 75.404898923072679, 29.738893059635092 ], [ 75.413145631951238, 29.767547644883599 ], [ 75.414061932937742, 29.769980581366962 ], [ 75.416810835897252, 29.770791560194752 ], [ 75.454073742681842, 29.782145263783782 ], [ 75.460487849587395, 29.804852670961843 ], [ 75.461404150573898, 29.807826259997064 ], [ 75.517298510750777, 29.776468411989267 ], [ 75.518520245399444, 29.775657433161477 ], [ 75.518825679061621, 29.775657433161477 ], [ 75.523101750331975, 29.758356551502001 ], [ 75.538067999778249, 29.773224496678115 ], [ 75.562197259089587, 29.77025090764289 ], [ 75.579912411495371, 29.739433712186951 ], [ 75.605263405455375, 29.751868720879699 ], [ 75.624811159834167, 29.74781382674076 ], [ 75.626032894482847, 29.748354479292615 ], [ 75.63519590434791, 29.772413517850325 ], [ 75.641915444915625, 29.774305801781832 ], [ 75.645275215199476, 29.775116780609618 ], [ 75.646496949848157, 29.77538710688555 ], [ 75.663601234929601, 29.775927759437408 ], [ 75.677345749727195, 29.776468411989267 ], [ 75.677651183389372, 29.776468411989267 ], [ 75.701169575376355, 29.754031331087134 ], [ 75.703613044673702, 29.753761004811203 ], [ 75.720717329755161, 29.813503111791583 ], [ 75.75614763456673, 29.805122997237774 ], [ 75.756453068228907, 29.805393323513702 ], [ 75.756758501891071, 29.805122997237774 ], [ 75.779055159229387, 29.82215355262132 ], [ 75.77936059289155, 29.822423878897247 ], [ 75.811431127419269, 29.806204302341492 ], [ 75.815707198689637, 29.804312018409984 ], [ 75.827619111514224, 29.810529522756358 ], [ 75.835254953068443, 29.812421806687865 ], [ 75.83708755504145, 29.794309946200599 ], [ 75.866714620271821, 29.766466339779882 ], [ 75.870074390555672, 29.749435784396333 ], [ 75.89878515479954, 29.746191869085184 ], [ 75.906420996353759, 29.754031331087134 ], [ 75.938796964543641, 29.730783271357211 ], [ 75.946127372435683, 29.730242618805352 ], [ 75.947349107084364, 29.729431639977566 ], [ 75.93360459228677, 29.6845574781733 ], [ 75.951319744692555, 29.670230185549045 ], [ 75.941240433840989, 29.641575600300538 ], [ 75.956512116949426, 29.626977981400355 ], [ 75.948570841733044, 29.59372784946105 ], [ 75.961399055544121, 29.591565239253615 ], [ 75.964147958503645, 29.562910654005108 ], [ 75.963842524841482, 29.562640327729177 ], [ 75.939407831867982, 29.577508272905291 ], [ 75.936353495246294, 29.580481861940513 ], [ 75.935742627921954, 29.579670883112726 ], [ 75.916500307205325, 29.553989886899441 ], [ 75.894509083529172, 29.557774454762452 ], [ 75.894203649867009, 29.536418678964036 ], [ 75.876793931123387, 29.537770310343682 ], [ 75.871906992528679, 29.555882170830944 ], [ 75.858162477731099, 29.55047564531236 ], [ 75.854497273785071, 29.525875954202792 ], [ 75.839836458000974, 29.509926703922964 ], [ 75.805322454175894, 29.521550733787922 ], [ 75.761950874147942, 29.506682788611812 ], [ 75.751871563296376, 29.48019081357074 ], [ 75.780887761202393, 29.437479261973905 ], [ 75.771724751337331, 29.415042181071772 ], [ 75.738127048498782, 29.396389668032651 ], [ 75.724077100039011, 29.405040108862391 ], [ 75.730796640606727, 29.417475117555139 ], [ 75.710332585241417, 29.430450778799745 ], [ 75.630919833077542, 29.416664138727349 ], [ 75.615953583631281, 29.403147824930883 ], [ 75.615342716306941, 29.371519650647155 ], [ 75.595489528265972, 29.360706599609983 ], [ 75.604957971793198, 29.344487023054224 ], [ 75.5902971560091, 29.336917887328202 ], [ 75.582050447130555, 29.357462684298831 ], [ 75.580828712481875, 29.357462684298831 ], [ 75.52982129089969, 29.362598883541487 ], [ 75.516382209764274, 29.398011625688227 ], [ 75.498056190034148, 29.395038036653006 ], [ 75.496529021723305, 29.394227057825216 ], [ 75.485227976223058, 29.3885502060307 ], [ 75.476064966357995, 29.383684333063975 ], [ 75.473010629736308, 29.378277807545388 ], [ 75.471483461425464, 29.375033892234235 ], [ 75.467512823817273, 29.366653777680426 ], [ 75.473926930722811, 29.358814315678476 ], [ 75.449797671411488, 29.353137463883961 ], [ 75.438802059573405, 29.369897692991579 ], [ 75.427806447735335, 29.368546061611934 ], [ 75.415894534910748, 29.346108980709801 ], [ 75.400622851802311, 29.341783760294931 ], [ 75.398484816167141, 29.317724721737221 ], [ 75.357251271774359, 29.308533628355626 ], [ 75.355418669801338, 29.307992975803767 ], [ 75.345950226274113, 29.283122958418268 ], [ 75.323042701611456, 29.289610789040573 ], [ 75.306854717516515, 29.274742843864459 ], [ 75.288223264124213, 29.273391212484814 ], [ 75.283947192853859, 29.248791521375246 ], [ 75.245157117758424, 29.250143152754895 ], [ 75.239659311839389, 29.259604572412417 ] ] ] } },
{ "type": "Feature", "properties": { "dt_code": "080", "district": "Hisar", "st_code": "06", "year": "2011_c", "st_nm": "Haryana" }, "geometry": { "type": "Polygon", "coordinates": [ [ [ 75.963842524841482, 29.562640327729177 ], [ 75.962315356530638, 29.555341518279086 ], [ 75.963537091179305, 29.553989886899441 ], [ 75.960788188219794, 29.548853687656784 ], [ 75.932993724962429, 29.499113652885789 ], [ 76.013628211774986, 29.480731466122599 ], [ 75.995913059369201, 29.447211007907363 ], [ 76.01790428304534, 29.438830893353554 ], [ 76.025845558261736, 29.42477392700523 ], [ 76.032870532491614, 29.427206863488593 ], [ 76.07624211251958, 29.441263829836917 ], [ 76.076852979843906, 29.441534156112848 ], [ 76.076852979843906, 29.441263829836917 ], [ 76.078074714492587, 29.438830893353554 ], [ 76.091513795628018, 29.408554350449471 ], [ 76.111061550006809, 29.406121413966105 ], [ 76.11228328465549, 29.406391740242036 ], [ 76.112588718317653, 29.406121413966105 ], [ 76.131831039034282, 29.390172163686277 ], [ 76.156571165669959, 29.419367401486642 ], [ 76.157182032994285, 29.420178380314432 ], [ 76.191085169495025, 29.410446634380975 ], [ 76.191390603157188, 29.410176308105047 ], [ 76.202997082319598, 29.395849015480792 ], [ 76.206662286265626, 29.364491167472991 ], [ 76.177646088359595, 29.340702455191213 ], [ 76.20941118922515, 29.319346679392797 ], [ 76.186809098224657, 29.286096547453493 ], [ 76.211243791198157, 29.248250868823387 ], [ 76.228042642617439, 29.238789449165861 ], [ 76.225599173320091, 29.218785304747094 ], [ 76.280577232510467, 29.208783232537709 ], [ 76.300124986889259, 29.188238435567079 ], [ 76.30531735914613, 29.126874370931127 ], [ 76.318145572957221, 29.117142624997669 ], [ 76.317840139295043, 29.116601972445814 ], [ 76.318145572957221, 29.116331646169883 ], [ 76.301652155200102, 29.086595755817658 ], [ 76.301346721537939, 29.086595755817658 ], [ 76.283020701807814, 29.064158674915525 ], [ 76.24484149403672, 29.060914759604373 ], [ 76.246368662347564, 29.004416567935149 ], [ 76.246368662347564, 29.004416567935149 ], [ 76.244536060374557, 29.002794610279572 ], [ 76.229264377266119, 28.989278296483107 ], [ 76.227737208955276, 28.990089275310893 ], [ 76.209716622887314, 29.000091347520279 ], [ 76.207273153589966, 29.003335262831431 ], [ 76.196277541751897, 29.019014186835332 ], [ 76.206662286265626, 29.029827237872503 ], [ 76.190779735832848, 29.050912687394987 ], [ 76.137023411291153, 29.045506161876403 ], [ 76.131525605372119, 29.035233763391091 ], [ 76.093040963938861, 29.043613877944896 ], [ 76.07624211251958, 29.031719521804007 ], [ 76.065857368005837, 29.024420712353916 ], [ 76.064635633357156, 29.023609733526129 ], [ 76.050891118559562, 29.033882132011442 ], [ 76.045698746302705, 29.037937026150381 ], [ 76.045087878978364, 29.038207352426312 ], [ 76.044171577991861, 29.066050958847029 ], [ 76.011795609801965, 29.060374107052514 ], [ 75.984001146544614, 29.081189230299071 ], [ 75.967813162449673, 29.063077369811808 ], [ 75.97911420794992, 28.995495800829481 ], [ 75.979419641612083, 28.99522547455355 ], [ 75.961093621881957, 29.002253957727714 ], [ 75.91039163396195, 29.020636144490908 ], [ 75.895730818177853, 28.986034381171955 ], [ 75.885651507326273, 28.98819699137939 ], [ 75.853275539136391, 28.952513922956719 ], [ 75.858773345055425, 28.936564672676891 ], [ 75.858467911393262, 28.935753693849101 ], [ 75.855719008433738, 28.93196912598609 ], [ 75.847472299555193, 28.92088574867299 ], [ 75.841974493636144, 28.917641833361838 ], [ 75.834949519406265, 28.913316612946968 ], [ 75.832200616446755, 28.911424329015464 ], [ 75.794632275999987, 28.924129663984139 ], [ 75.789134470080953, 28.922237380052636 ], [ 75.770503016688664, 28.900611277978292 ], [ 75.768975848377821, 28.898718994046785 ], [ 75.768975848377821, 28.898718994046785 ], [ 75.765310644431793, 28.898989320322716 ], [ 75.691395698186952, 28.909802371359888 ], [ 75.682232688321889, 28.910883676463605 ], [ 75.662379500280935, 28.938186630332467 ], [ 75.648024118159, 28.937645977780608 ], [ 75.630614399415379, 28.977924592894073 ], [ 75.609234043063566, 28.986034381171955 ], [ 75.584799350090066, 28.983060792136733 ], [ 75.548147310629815, 28.966300563029115 ], [ 75.527377821602343, 28.970355457168054 ], [ 75.52707238794018, 28.970625783443982 ], [ 75.527377821602343, 28.970896109719913 ], [ 75.521880015683308, 29.00387591538329 ], [ 75.516687643426437, 29.004957220487007 ], [ 75.501110526655836, 29.008201135798156 ], [ 75.472705196074145, 29.01441864014453 ], [ 75.445827033803283, 29.008201135798156 ], [ 75.451935707046658, 29.03928865753003 ], [ 75.441856396195092, 29.057400518017293 ], [ 75.391154408275085, 29.06280704353588 ], [ 75.400011984477985, 29.115250341066165 ], [ 75.405815224059182, 29.120116214032894 ], [ 75.401233719126651, 29.122819476792188 ], [ 75.375882725166647, 29.138228074520157 ], [ 75.371301220234116, 29.140931337279451 ], [ 75.371606653896279, 29.141201663555378 ], [ 75.378631628126172, 29.142282968659096 ], [ 75.381380531085682, 29.168774943700171 ], [ 75.406731525045686, 29.169856248803885 ], [ 75.414367366599905, 29.184183541428141 ], [ 75.408564127018707, 29.213108452952575 ], [ 75.39665221419412, 29.217433673367445 ], [ 75.411923897302557, 29.242844343304803 ], [ 75.40886956068087, 29.250954131582681 ], [ 75.407342392370026, 29.255549678273479 ], [ 75.405509790397019, 29.260415551240207 ], [ 75.375882725166647, 29.255279351997551 ], [ 75.350837164868807, 29.225273135369395 ], [ 75.328235073868328, 29.235275207578781 ], [ 75.345950226274113, 29.283122958418268 ], [ 75.355418669801338, 29.307992975803767 ], [ 75.357251271774359, 29.308533628355626 ], [ 75.398484816167141, 29.317724721737221 ], [ 75.400622851802311, 29.341783760294931 ], [ 75.415894534910748, 29.346108980709801 ], [ 75.427806447735335, 29.368546061611934 ], [ 75.438802059573405, 29.369897692991579 ], [ 75.449797671411488, 29.353137463883961 ], [ 75.473926930722811, 29.358814315678476 ], [ 75.467512823817273, 29.366653777680426 ], [ 75.471483461425464, 29.375033892234235 ], [ 75.473010629736308, 29.378277807545388 ], [ 75.476064966357995, 29.383684333063975 ], [ 75.485227976223058, 29.3885502060307 ], [ 75.496529021723305, 29.394227057825216 ], [ 75.498056190034148, 29.395038036653006 ], [ 75.516382209764274, 29.398011625688227 ], [ 75.52982129089969, 29.362598883541487 ], [ 75.580828712481875, 29.357462684298831 ], [ 75.582050447130555, 29.357462684298831 ], [ 75.5902971560091, 29.336917887328202 ], [ 75.604957971793198, 29.344487023054224 ], [ 75.595489528265972, 29.360706599609983 ], [ 75.615342716306941, 29.371519650647155 ], [ 75.615953583631281, 29.403147824930883 ], [ 75.630919833077542, 29.416664138727349 ], [ 75.710332585241417, 29.430450778799745 ], [ 75.730796640606727, 29.417475117555139 ], [ 75.724077100039011, 29.405040108862391 ], [ 75.738127048498782, 29.396389668032651 ], [ 75.771724751337331, 29.415042181071772 ], [ 75.780887761202393, 29.437479261973905 ], [ 75.751871563296376, 29.48019081357074 ], [ 75.761950874147942, 29.506682788611812 ], [ 75.805322454175894, 29.521550733787922 ], [ 75.839836458000974, 29.509926703922964 ], [ 75.854497273785071, 29.525875954202792 ], [ 75.858162477731099, 29.55047564531236 ], [ 75.871906992528679, 29.555882170830944 ], [ 75.876793931123387, 29.537770310343682 ], [ 75.894203649867009, 29.536418678964036 ], [ 75.894509083529172, 29.557774454762452 ], [ 75.916500307205325, 29.553989886899441 ], [ 75.935742627921954, 29.579670883112726 ], [ 75.936353495246294, 29.580481861940513 ], [ 75.939407831867982, 29.577508272905291 ], [ 75.963842524841482, 29.562640327729177 ] ] ] } },
{ "type": "Feature", "properties": { "dt_code": "075", "district": "Panipat", "st_code": "06", "year": "2011_c", "st_nm": "Haryana" }, "geometry": { "type": "Polygon", "coordinates": [ [ [ 76.76071894943972, 29.462889931911263 ], [ 76.775379765223832, 29.474513961776221 ], [ 76.791262315656596, 29.465863520946485 ], [ 76.792178616643113, 29.467755804877989 ], [ 76.818140477927457, 29.514251924337831 ], [ 76.818140477927457, 29.514251924337831 ], [ 76.855708818374211, 29.489922559504194 ], [ 76.881059812334215, 29.492085169711629 ], [ 76.907327107280722, 29.467485478602061 ], [ 76.915573816159281, 29.482353423778171 ], [ 76.927791162646031, 29.482623750054103 ], [ 77.007814782134247, 29.446129702803646 ], [ 77.037747281026782, 29.451806554598161 ], [ 77.048742892864851, 29.466404173498344 ], [ 77.048437459202688, 29.449103291838867 ], [ 77.065847177946296, 29.441804482388775 ], [ 77.06798521358148, 29.440993503560989 ], [ 77.120214369812331, 29.47235135156879 ], [ 77.130904547988237, 29.483975381433748 ], [ 77.131820848974755, 29.484516033985606 ], [ 77.132126282636918, 29.484786360261538 ], [ 77.132126282636918, 29.484245707709679 ], [ 77.123268706434018, 29.455320796185241 ], [ 77.123879573758359, 29.455050469909313 ], [ 77.126323043055706, 29.452617533425947 ], [ 77.146176231096675, 29.435857304318333 ], [ 77.148314266731859, 29.434235346662756 ], [ 77.144038195461505, 29.429639799971955 ], [ 77.133348017285599, 29.400985214723448 ], [ 77.157477276596921, 29.387468900926983 ], [ 77.126628476717883, 29.372060303199014 ], [ 77.125406742069202, 29.360976925885911 ], [ 77.12785021136655, 29.349623222296881 ], [ 77.150757736029206, 29.337728866155992 ], [ 77.159920745894269, 29.33313331946519 ], [ 77.161142480542949, 29.332322340637404 ], [ 77.158393577583425, 29.302856776561107 ], [ 77.155033807299574, 29.297179924766592 ], [ 77.155033807299574, 29.296909598490664 ], [ 77.153812072650894, 29.297179924766592 ], [ 77.144343629123668, 29.277986759175612 ], [ 77.139151256866796, 29.26717370813844 ], [ 77.138845823204633, 29.26636272931065 ], [ 77.149841435042703, 29.232842271095418 ], [ 77.131515415312577, 29.217433673367445 ], [ 77.142816460812824, 29.190941698326373 ], [ 77.143121894474987, 29.167152986044595 ], [ 77.143121894474987, 29.166882659768664 ], [ 77.097306845149689, 29.161746460526007 ], [ 77.078369958095223, 29.179587994737343 ], [ 77.059738504702921, 29.17282983783911 ], [ 77.050270061175695, 29.184453867704068 ], [ 77.028889704823882, 29.177695710805835 ], [ 76.982158354512066, 29.188508761843011 ], [ 76.918017285456628, 29.219325957298953 ], [ 76.87556200641518, 29.192023003430091 ], [ 76.811115503697565, 29.217703999643376 ], [ 76.793094917629617, 29.25068380530675 ], [ 76.796149254251304, 29.272580233657024 ], [ 76.779350402832023, 29.28204165331455 ], [ 76.715514767438748, 29.250954131582681 ], [ 76.708795226871047, 29.260956203792066 ], [ 76.701464818978991, 29.261767182619852 ], [ 76.677030126005491, 29.280419695658978 ], [ 76.640072652883077, 29.296098619662875 ], [ 76.638240050910056, 29.300153513801817 ], [ 76.641599821193921, 29.305289713044473 ], [ 76.631825944004518, 29.314751132702 ], [ 76.648319361761637, 29.33826951870785 ], [ 76.650151963734643, 29.366924103956357 ], [ 76.655955203315841, 29.36935704043972 ], [ 76.734451654493213, 29.388279879754773 ], [ 76.740560327736588, 29.406662066517967 ], [ 76.731091884209363, 29.41260924458841 ], [ 76.76071894943972, 29.462889931911263 ] ] ] } },
{ "type": "Feature", "properties": { "dt_code": "076", "district": "Sonipat", "st_code": "06", "year": "2011_c", "st_nm": "Haryana" }, "geometry": { "type": "Polygon", "coordinates": [ [ [ 76.942146544767965, 28.798427945677009 ], [ 76.931761800254222, 28.798427945677009 ], [ 76.909465142915906, 28.798157619401081 ], [ 76.893888026145305, 28.79788729312515 ], [ 76.891444556847944, 28.79788729312515 ], [ 76.883503281631562, 28.808970670438253 ], [ 76.847156675833475, 28.860873315416683 ], [ 76.809282901724558, 28.867631472314915 ], [ 76.825776319481676, 28.901151930530148 ], [ 76.819056778913961, 28.931158147158303 ], [ 76.789124280021426, 28.925481295363788 ], [ 76.771714561277804, 28.938186630332467 ], [ 76.775074331561655, 28.94845902881778 ], [ 76.759802648453217, 28.965489584201325 ], [ 76.742392929709609, 28.961434690062386 ], [ 76.725899511952491, 28.971707088547699 ], [ 76.736589690128397, 29.00739015697037 ], [ 76.716431068425265, 29.023880059802057 ], [ 76.652595433031991, 29.055237907809857 ], [ 76.56707400762474, 29.058752149396938 ], [ 76.538974110705226, 29.097949459406689 ], [ 76.509957912799194, 29.077134336160132 ], [ 76.477581944609298, 29.092272607612173 ], [ 76.489493857433885, 29.136876443140512 ], [ 76.512095948434364, 29.163098091905653 ], [ 76.49560253067726, 29.178236363357694 ], [ 76.474527607987611, 29.237978470338074 ], [ 76.525229595907632, 29.2317609659917 ], [ 76.534087172110517, 29.213919431780365 ], [ 76.559743599732698, 29.208783232537709 ], [ 76.568295742273421, 29.226354440473113 ], [ 76.554245793813664, 29.256630983377196 ], [ 76.560965334381365, 29.280960348210833 ], [ 76.597311940179452, 29.280149369383047 ], [ 76.610751021314869, 29.289070136488714 ], [ 76.653511734018494, 29.26636272931065 ], [ 76.654733468667175, 29.26636272931065 ], [ 76.678862727978498, 29.264740771655077 ], [ 76.677030126005491, 29.280419695658978 ], [ 76.701464818978991, 29.261767182619852 ], [ 76.708795226871047, 29.260956203792066 ], [ 76.715514767438748, 29.250954131582681 ], [ 76.779350402832023, 29.28204165331455 ], [ 76.796149254251304, 29.272580233657024 ], [ 76.793094917629617, 29.25068380530675 ], [ 76.811115503697565, 29.217703999643376 ], [ 76.87556200641518, 29.192023003430091 ], [ 76.918017285456628, 29.219325957298953 ], [ 76.982158354512066, 29.188508761843011 ], [ 77.028889704823882, 29.177695710805835 ], [ 77.050270061175695, 29.184453867704068 ], [ 77.059738504702921, 29.17282983783911 ], [ 77.078369958095223, 29.179587994737343 ], [ 77.097306845149689, 29.161746460526007 ], [ 77.143121894474987, 29.166882659768664 ], [ 77.143427328137165, 29.166882659768664 ], [ 77.135791486582946, 29.142012642383168 ], [ 77.148925134056199, 29.1174129512736 ], [ 77.148925134056199, 29.116872298721741 ], [ 77.133958884609925, 29.095246196647395 ], [ 77.146787098421015, 29.080648577747212 ], [ 77.163891383502474, 29.079567272643494 ], [ 77.166945720124161, 29.033882132011442 ], [ 77.189242377462477, 29.027664627665068 ], [ 77.202376024935731, 28.987115686275672 ], [ 77.196878219016696, 28.93980858798804 ], [ 77.207873830854766, 28.933591083641666 ], [ 77.22558898326055, 28.923589011432284 ], [ 77.232308523828266, 28.919804443569273 ], [ 77.231697656503925, 28.914938570602544 ], [ 77.228032452557898, 28.881147786111381 ], [ 77.197489086341022, 28.88601365907811 ], [ 77.189242377462477, 28.867901798590843 ], [ 77.214898805084644, 28.855196463622168 ], [ 77.216120539733325, 28.852763527138801 ], [ 77.175497862664884, 28.858440378933317 ], [ 77.157171842934758, 28.836814276858973 ], [ 77.157171842934758, 28.836814276858973 ], [ 77.155033807299574, 28.837084603134901 ], [ 77.143732761799328, 28.838706560790477 ], [ 77.142511027150661, 28.838976887066408 ], [ 77.140372991515477, 28.8619546205204 ], [ 77.120825237136671, 28.858440378933317 ], [ 77.082646029365577, 28.883580722594743 ], [ 77.074704754149195, 28.867631472314915 ], [ 77.057905902729914, 28.867901798590843 ], [ 77.039885316661952, 28.831948403892245 ], [ 76.997124603958341, 28.839247213342336 ], [ 76.994070267336653, 28.838706560790477 ], [ 76.980325752539059, 28.821405679131001 ], [ 76.980020318876882, 28.821676005406932 ], [ 76.979714885214719, 28.821135352855073 ], [ 76.966886671403628, 28.827082530925516 ], [ 76.965970370417125, 28.825460573269943 ], [ 76.967802972390132, 28.812484912025333 ], [ 76.951614988295191, 28.817891437543921 ], [ 76.942146544767965, 28.798427945677009 ] ] ] } },
{ "type": "Feature", "properties": { "dt_code": "081", "district": "Bhiwani", "st_code": "06", "year": "2011_c", "st_nm": "Haryana" }, "geometry": { "type": "Polygon", "coordinates": [ [ [ 75.904893828042916, 28.432676494344651 ], [ 75.902755792407731, 28.425648011170487 ], [ 75.8981742874752, 28.409428434614728 ], [ 75.892676481556165, 28.389424290195961 ], [ 75.872823293515196, 28.386450701160737 ], [ 75.855719008433738, 28.389694616471889 ], [ 75.819066968973488, 28.409969087166587 ], [ 75.818761535311324, 28.409698760890659 ], [ 75.782720363175414, 28.401859298888709 ], [ 75.776917123594203, 28.400507667509061 ], [ 75.766837812742637, 28.414294307581457 ], [ 75.788523602756612, 28.433487473172438 ], [ 75.788218169094449, 28.453491617591208 ], [ 75.735683579201421, 28.468900215319177 ], [ 75.739348783147449, 28.484849465599009 ], [ 75.702085876362858, 28.491877948773169 ], [ 75.670626209159479, 28.518640250090172 ], [ 75.668793607186473, 28.524857754436546 ], [ 75.670931642821657, 28.531345585058848 ], [ 75.666655571551289, 28.532967542714424 ], [ 75.633363302374903, 28.544321246303458 ], [ 75.622062256874656, 28.601630416800472 ], [ 75.621756823212479, 28.601900743076399 ], [ 75.561586391765246, 28.613254446665429 ], [ 75.560670090778743, 28.635961853843494 ], [ 75.541122336399937, 28.660561544953062 ], [ 75.539900601751256, 28.724899198624236 ], [ 75.530432158224031, 28.738145186144774 ], [ 75.542954938372944, 28.750309868561594 ], [ 75.530432158224031, 28.747336279526369 ], [ 75.503553995953183, 28.782478695397181 ], [ 75.520352847372465, 28.83411101409968 ], [ 75.498361623696312, 28.848978959275794 ], [ 75.496529021723305, 28.896286057563422 ], [ 75.474232364384989, 28.926021947915647 ], [ 75.477286701006676, 28.934672388745383 ], [ 75.505692031588367, 28.936024020125032 ], [ 75.508746368210055, 28.941430545643616 ], [ 75.511495271169565, 28.941971198195475 ], [ 75.511189837507402, 28.945485439782559 ], [ 75.523101750331975, 28.966841215580974 ], [ 75.526156086953662, 28.969814804616195 ], [ 75.52707238794018, 28.970625783443982 ], [ 75.527377821602343, 28.970355457168054 ], [ 75.548147310629815, 28.966300563029115 ], [ 75.584799350090066, 28.983060792136733 ], [ 75.609234043063566, 28.986034381171955 ], [ 75.630614399415379, 28.977924592894073 ], [ 75.648024118159, 28.937645977780608 ], [ 75.662379500280935, 28.938186630332467 ], [ 75.682232688321889, 28.910883676463605 ], [ 75.691395698186952, 28.909802371359888 ], [ 75.765310644431793, 28.898989320322716 ], [ 75.768975848377821, 28.898718994046785 ], [ 75.768975848377821, 28.898718994046785 ], [ 75.770503016688664, 28.900611277978292 ], [ 75.789134470080953, 28.922237380052636 ], [ 75.794632275999987, 28.924129663984139 ], [ 75.832200616446755, 28.911424329015464 ], [ 75.834949519406265, 28.913316612946968 ], [ 75.841974493636144, 28.917641833361838 ], [ 75.847472299555193, 28.92088574867299 ], [ 75.855719008433738, 28.93196912598609 ], [ 75.858467911393262, 28.935753693849101 ], [ 75.858773345055425, 28.936564672676891 ], [ 75.853275539136391, 28.952513922956719 ], [ 75.885651507326273, 28.98819699137939 ], [ 75.895730818177853, 28.986034381171955 ], [ 75.91039163396195, 29.020636144490908 ], [ 75.961093621881957, 29.002253957727714 ], [ 75.979419641612083, 28.99522547455355 ], [ 75.97911420794992, 28.995495800829481 ], [ 75.967813162449673, 29.063077369811808 ], [ 75.984001146544614, 29.081189230299071 ], [ 76.011795609801965, 29.060374107052514 ], [ 76.044171577991861, 29.066050958847029 ], [ 76.045087878978364, 29.038207352426312 ], [ 76.045698746302705, 29.037937026150381 ], [ 76.050891118559562, 29.033882132011442 ], [ 76.064635633357156, 29.023609733526129 ], [ 76.065857368005837, 29.024420712353916 ], [ 76.07624211251958, 29.031719521804007 ], [ 76.093040963938861, 29.043613877944896 ], [ 76.131525605372119, 29.035233763391091 ], [ 76.137023411291153, 29.045506161876403 ], [ 76.190779735832848, 29.050912687394987 ], [ 76.206662286265626, 29.029827237872503 ], [ 76.196277541751897, 29.019014186835332 ], [ 76.207273153589966, 29.003335262831431 ], [ 76.209716622887314, 29.000091347520279 ], [ 76.227737208955276, 28.990089275310893 ], [ 76.228653509941779, 28.989548622759035 ], [ 76.226820907968758, 28.985223402344165 ], [ 76.212465525846838, 28.955217185716013 ], [ 76.243925193050217, 28.941430545643616 ], [ 76.235678484171657, 28.911424329015464 ], [ 76.352659576782287, 28.895204752459705 ], [ 76.3651823569312, 28.878714849628018 ], [ 76.334028123389999, 28.813295890853123 ], [ 76.32639228183578, 28.812214585749405 ], [ 76.292183711672877, 28.807348712782677 ], [ 76.292183711672877, 28.785181958156475 ], [ 76.277828329550942, 28.77950510636196 ], [ 76.272025089969745, 28.742470406559644 ], [ 76.255531672212626, 28.741118775179995 ], [ 76.238121953469005, 28.722736588416804 ], [ 76.24423062671238, 28.705706033033255 ], [ 76.230791545576963, 28.695974287099801 ], [ 76.23262414754997, 28.67732177406068 ], [ 76.190474302170685, 28.682728299579264 ], [ 76.177646088359595, 28.668401006955012 ], [ 76.133663641007303, 28.687323846270061 ], [ 76.124195197480063, 28.681646994475546 ], [ 76.135496242980309, 28.665697744195718 ], [ 76.132747340020785, 28.648396862536242 ], [ 76.122668029169219, 28.651370451571463 ], [ 76.121140860858375, 28.674077858749527 ], [ 76.097317035209215, 28.68083601564776 ], [ 76.105563744087775, 28.654614366882615 ], [ 76.072882342235715, 28.667590028127222 ], [ 75.956206683287263, 28.604604005835693 ], [ 75.895425384515676, 28.608118247422773 ], [ 75.853580972798568, 28.59000638693551 ], [ 75.847777733217356, 28.587032797900289 ], [ 75.84991576885254, 28.566758327205591 ], [ 75.829451713487231, 28.548646466718324 ], [ 75.819677836297828, 28.522154491677252 ], [ 75.816928933338318, 28.511611766916008 ], [ 75.878015665772054, 28.490526317393524 ], [ 75.880764568731578, 28.514044703399374 ], [ 75.896647119164356, 28.515126008503092 ], [ 75.899701455786044, 28.51539633477902 ], [ 75.89878515479954, 28.500798715878837 ], [ 75.936353495246294, 28.495121864084322 ], [ 75.93360459228677, 28.47917261380449 ], [ 75.880153701407238, 28.488904359737948 ], [ 75.909475332975447, 28.455924554074571 ], [ 75.911002501286291, 28.454302596418994 ], [ 75.904893828042916, 28.432676494344651 ] ] ] } },
{ "type": "Feature", "properties": { "dt_code": "082", "district": "Rohtak", "st_code": "06", "year": "2011_c", "st_nm": "Haryana" }, "geometry": { "type": "Polygon", "coordinates": [ [ [ 76.883503281631562, 28.808970670438253 ], [ 76.869453333171805, 28.823838615614367 ], [ 76.849905578792999, 28.807619039058608 ], [ 76.834023028360221, 28.810322301817902 ], [ 76.779350402832023, 28.743011059111502 ], [ 76.757053745493707, 28.769232707876643 ], [ 76.740560327736588, 28.756797699183895 ], [ 76.715514767438748, 28.758689983115403 ], [ 76.708489793208869, 28.735982575937339 ], [ 76.699326783343807, 28.735712249661411 ], [ 76.686804003194894, 28.743551711663361 ], [ 76.692912676438269, 28.763555856082128 ], [ 76.708184359546706, 28.768692055324784 ], [ 76.708795226871047, 28.787074242087979 ], [ 76.670616019099953, 28.795995009193646 ], [ 76.669699718113435, 28.813295890853123 ], [ 76.646181326126452, 28.836814276858973 ], [ 76.644654157815609, 28.839787865894195 ], [ 76.644043290491268, 28.838976887066408 ], [ 76.640683520207418, 28.836003298031184 ], [ 76.631520510342355, 28.828163836029233 ], [ 76.632742244991022, 28.82627155209773 ], [ 76.645265025139949, 28.804104797471528 ], [ 76.626633571747647, 28.789236852295414 ], [ 76.604031480747167, 28.792210441330635 ], [ 76.594563037219928, 28.754094436424602 ], [ 76.589370664963056, 28.7476066058023 ], [ 76.578375053124986, 28.734901270833621 ], [ 76.530116534502326, 28.75112084738938 ], [ 76.523091560272448, 28.737604533592915 ], [ 76.470862404041597, 28.741118775179995 ], [ 76.455590720933159, 28.73625290221327 ], [ 76.415273477526881, 28.723547567244591 ], [ 76.421993018094597, 28.701651138894317 ], [ 76.419854982459412, 28.702462117722103 ], [ 76.406110467661819, 28.682457973303336 ], [ 76.390838784553381, 28.695433634547943 ], [ 76.379537739053134, 28.705165380481397 ], [ 76.381370341026155, 28.708138969516618 ], [ 76.397558325121096, 28.733008986902117 ], [ 76.3740399331341, 28.741389101455926 ], [ 76.385646412296509, 28.782749021673112 ], [ 76.32639228183578, 28.812214585749405 ], [ 76.334028123389999, 28.813295890853123 ], [ 76.3651823569312, 28.878714849628018 ], [ 76.352659576782287, 28.895204752459705 ], [ 76.235678484171657, 28.911424329015464 ], [ 76.243925193050217, 28.941430545643616 ], [ 76.212465525846838, 28.955217185716013 ], [ 76.226820907968758, 28.985223402344165 ], [ 76.228653509941779, 28.989548622759035 ], [ 76.227737208955276, 28.990089275310893 ], [ 76.229264377266119, 28.989278296483107 ], [ 76.244536060374557, 29.002794610279572 ], [ 76.246368662347564, 29.004416567935149 ], [ 76.246368662347564, 29.004416567935149 ], [ 76.24484149403672, 29.060914759604373 ], [ 76.283020701807814, 29.064158674915525 ], [ 76.301346721537939, 29.086595755817658 ], [ 76.301652155200102, 29.086595755817658 ], [ 76.301346721537939, 29.086055103265799 ], [ 76.35021610748494, 29.083351840506506 ], [ 76.379537739053134, 29.065780632571101 ], [ 76.402750697377954, 29.075782704780487 ], [ 76.443678808108572, 29.055508234085789 ], [ 76.473305873338944, 29.083081514230578 ], [ 76.475138475311951, 29.08956934485288 ], [ 76.477581944609298, 29.092272607612173 ], [ 76.509957912799194, 29.077134336160132 ], [ 76.538974110705226, 29.097949459406689 ], [ 76.56707400762474, 29.058752149396938 ], [ 76.652595433031991, 29.055237907809857 ], [ 76.716431068425265, 29.023880059802057 ], [ 76.736589690128397, 29.00739015697037 ], [ 76.725899511952491, 28.971707088547699 ], [ 76.742392929709609, 28.961434690062386 ], [ 76.759802648453217, 28.965489584201325 ], [ 76.775074331561655, 28.94845902881778 ], [ 76.771714561277804, 28.938186630332467 ], [ 76.789124280021426, 28.925481295363788 ], [ 76.819056778913961, 28.931158147158303 ], [ 76.825776319481676, 28.901151930530148 ], [ 76.809282901724558, 28.867631472314915 ], [ 76.847156675833475, 28.860873315416683 ], [ 76.883503281631562, 28.808970670438253 ] ] ] } },
{ "type": "Feature", "properties": { "dt_code": "069", "district": "Panchkula", "st_code": "06", "year": "2011_c", "st_nm": "Haryana" }, "geometry": { "type": "MultiPolygon", "coordinates": [ [ [ [ 76.911297744888913, 30.425251474219618 ], [ 76.907632540942899, 30.425521800495545 ], [ 76.898469531077836, 30.425792126771476 ], [ 76.906410806294218, 30.435794198980862 ], [ 76.886557618253249, 30.429576694634488 ], [ 76.897858663753496, 30.445525944914316 ], [ 76.905494505307715, 30.443633660982812 ], [ 76.915879249821444, 30.439308440567942 ], [ 76.910381443902409, 30.430117347186346 ], [ 76.909770576578069, 30.429576694634488 ], [ 76.909770576578069, 30.429306368358557 ], [ 76.911297744888913, 30.425251474219618 ] ] ], [ [ [ 77.122963272771855, 30.563388201219496 ], [ 77.121741538123175, 30.564739832599145 ], [ 77.114105696568956, 30.554197107837901 ], [ 77.087227534298108, 30.559333307080557 ], [ 77.086922100635945, 30.558792654528698 ], [ 77.075926488797876, 30.543384056800726 ], [ 77.042023352297136, 30.553656455286042 ], [ 77.041717918634973, 30.552034497630466 ], [ 77.038052714688945, 30.539329162661787 ], [ 77.052102663148702, 30.524731543761604 ], [ 77.013618021715445, 30.506079030722482 ], [ 77.013312588053282, 30.489859454166723 ], [ 76.992848532687972, 30.475802487818399 ], [ 76.969941008025316, 30.482560644716632 ], [ 76.955891059565559, 30.467692699540521 ], [ 76.937259606173257, 30.472017919955388 ], [ 76.920766188416152, 30.46039389009043 ], [ 76.922598790389159, 30.448229207673609 ], [ 76.907327107280722, 30.458771932434853 ], [ 76.910686877564586, 30.463637805401579 ], [ 76.91221404587543, 30.465800415609014 ], [ 76.901829301361687, 30.483912276096277 ], [ 76.931150932929881, 30.500942831479826 ], [ 76.932067233916399, 30.522298607278241 ], [ 76.889001087550596, 30.549060908595244 ], [ 76.904883637983374, 30.543113730524798 ], [ 76.916184683483621, 30.553656455286042 ], [ 76.908854275591565, 30.564739832599145 ], [ 76.919849887429649, 30.58528462956977 ], [ 76.909770576578069, 30.592042786468003 ], [ 76.920155321091812, 30.593394417847652 ], [ 76.925958560673024, 30.610154646955266 ], [ 76.913435780524097, 30.611506278334915 ], [ 76.910076010240246, 30.626103897235097 ], [ 76.895415194456149, 30.629077486270319 ], [ 76.885030449942406, 30.645297062826078 ], [ 76.871285935144812, 30.642053147514925 ], [ 76.876478307401683, 30.68043947869689 ], [ 76.852043614428183, 30.658813376622543 ], [ 76.845629507522631, 30.668815448831928 ], [ 76.832190426387214, 30.665030880968917 ], [ 76.827914355116846, 30.68043947869689 ], [ 76.82730348779252, 30.682061436352466 ], [ 76.826998054130343, 30.681791110076535 ], [ 76.825165452157336, 30.68827894069884 ], [ 76.847462109495652, 30.71585222084363 ], [ 76.848072976819992, 30.727476250708591 ], [ 76.847462109495652, 30.73072016601974 ], [ 76.831579559062874, 30.739640933125408 ], [ 76.837993665968412, 30.754779204577449 ], [ 76.837993665968412, 30.75504953085338 ], [ 76.856930553022877, 30.794787493414987 ], [ 76.845324073860468, 30.807222502107738 ], [ 76.846545808509148, 30.833984803424737 ], [ 76.813864406657089, 30.843175896806336 ], [ 76.814780707643592, 30.852366990187932 ], [ 76.784237341426717, 30.877777660125286 ], [ 76.776601499872498, 30.904539961442289 ], [ 76.776601499872498, 30.904269635166361 ], [ 76.822416549197811, 30.928599 ], [ 76.841048002590099, 30.89183462647361 ], [ 76.844407772873964, 30.889401689990247 ], [ 76.869453333171805, 30.873182113434488 ], [ 76.916795550807961, 30.900755393579278 ], [ 76.917406418132288, 30.883454511919801 ], [ 76.936343305186753, 30.874533744814137 ], [ 76.951309554633028, 30.850474706256428 ], [ 76.942757412092291, 30.817494900593051 ], [ 76.968413839714472, 30.825334362595001 ], [ 77.002622409877375, 30.806411523279948 ], [ 77.011174552418098, 30.810736743694818 ], [ 77.018504960310139, 30.780189874514804 ], [ 77.001095241566532, 30.769917476029491 ], [ 77.018504960310139, 30.765321929338693 ], [ 77.023697332567011, 30.747750721403289 ], [ 77.024308199891351, 30.748561700231075 ], [ 77.027667970175202, 30.739640933125408 ], [ 77.029806005810386, 30.733693755054965 ], [ 77.047826591878348, 30.738018975469831 ], [ 77.050575494837858, 30.748561700231075 ], [ 77.069512381892324, 30.737748649193904 ], [ 77.097306845149689, 30.738289301745763 ], [ 77.120214369812331, 30.720447767534427 ], [ 77.167251153786324, 30.68395372028397 ], [ 77.163280516178133, 30.650973914620593 ], [ 77.17671959731355, 30.63637629572041 ], [ 77.172443526043196, 30.601233879849602 ], [ 77.122963272771855, 30.563388201219496 ] ] ] ] } },
{ "type": "Feature", "properties": { "dt_code": "070", "district": "Ambala", "st_code": "06", "year": "2011_c", "st_nm": "Haryana" }, "geometry": { "type": "MultiPolygon", "coordinates": [ [ [ [ 76.638545484572234, 30.146274757460567 ], [ 76.644654157815609, 30.127892570697373 ], [ 76.635185714288369, 30.111943320417545 ], [ 76.644043290491268, 30.102752227035946 ], [ 76.615637959909577, 30.074638294339298 ], [ 76.594563037219928, 30.071935031580004 ], [ 76.599144542152459, 30.083829387720893 ], [ 76.576847884814143, 30.101670921932229 ], [ 76.539584978029552, 30.108158752554534 ], [ 76.545693651272927, 30.124918981662152 ], [ 76.576237017489802, 30.110051036486038 ], [ 76.599449975814636, 30.1124839729694 ], [ 76.638545484572234, 30.146274757460567 ] ] ], [ [ [ 77.208484698179106, 30.488237496511147 ], [ 77.20115429028705, 30.481479339612914 ], [ 77.172138092381019, 30.454987364571842 ], [ 77.167556587448487, 30.439038114292011 ], [ 77.169694623083672, 30.431739304841919 ], [ 77.184355438867769, 30.38091796496721 ], [ 77.178246765624394, 30.364157735859592 ], [ 77.169389189421508, 30.368212629998531 ], [ 77.163280516178133, 30.360373167996581 ], [ 77.161447914205112, 30.358210557789146 ], [ 77.160531613218609, 30.357129252685432 ], [ 77.162058781529453, 30.357669905237287 ], [ 77.17397069435404, 30.339287718474097 ], [ 77.177941331962231, 30.323879120746124 ], [ 77.190158678448981, 30.31414737481267 ], [ 77.166945720124161, 30.309281501845941 ], [ 77.1645022508268, 30.296305840601335 ], [ 77.140983858839817, 30.288736704875316 ], [ 77.139456690528974, 30.285222463288232 ], [ 77.137624088555953, 30.280897242873365 ], [ 77.132737149961258, 30.271165496939908 ], [ 77.131820848974755, 30.24305156424326 ], [ 77.159004444907765, 30.234130797137592 ], [ 77.161447914205112, 30.231157208102371 ], [ 77.149230567718362, 30.211423389959531 ], [ 77.129988247001734, 30.228994597894935 ], [ 77.092725340217157, 30.225210030031924 ], [ 77.078980825419563, 30.214126652718825 ], [ 77.078064524433046, 30.197366423611207 ], [ 77.108302456987758, 30.181687499607307 ], [ 77.097001411487511, 30.159250418705174 ], [ 77.071650417527508, 30.163034986568185 ], [ 77.070428682878827, 30.163034986568185 ], [ 77.06920694823016, 30.150870304151365 ], [ 77.064930876959792, 30.126270613041797 ], [ 76.990710497052788, 30.16790085953491 ], [ 76.961694299146757, 30.152492261806941 ], [ 76.940924810119284, 30.171415101121994 ], [ 76.940924810119284, 30.173307385053498 ], [ 76.960777998160253, 30.193311529472268 ], [ 76.925042259686506, 30.205476211889085 ], [ 76.903356469672531, 30.189797287885185 ], [ 76.883503281631562, 30.198988381266783 ], [ 76.890222822199277, 30.212234368787318 ], [ 76.859374022320225, 30.232238513206088 ], [ 76.867620731198784, 30.243592216795118 ], [ 76.850821879779502, 30.254945920384149 ], [ 76.842880604563121, 30.245754827002553 ], [ 76.823943717508655, 30.251431678797069 ], [ 76.823332850184315, 30.251702005073 ], [ 76.823332850184315, 30.251431678797069 ], [ 76.823027416522152, 30.251161352521141 ], [ 76.81722417694094, 30.217911220581833 ], [ 76.784848208751058, 30.214937631546611 ], [ 76.763467852399245, 30.19195989809262 ], [ 76.687414870519234, 30.187094025125891 ], [ 76.683444232911029, 30.186823698849963 ], [ 76.680084462627178, 30.180606194503589 ], [ 76.646792193450793, 30.152492261806941 ], [ 76.642821555842588, 30.150329651599506 ], [ 76.633353112315362, 30.167089880707124 ], [ 76.599755409476799, 30.184661088642528 ], [ 76.614110791598733, 30.204394906785367 ], [ 76.636407448937049, 30.196555444783417 ], [ 76.644654157815609, 30.187364351401822 ], [ 76.628771607382831, 30.178443584296154 ], [ 76.641294387531744, 30.169522817190487 ], [ 76.655649769653678, 30.184390762366601 ], [ 76.653206300356331, 30.201150991474215 ], [ 76.615637959909577, 30.208990453476169 ], [ 76.627244439071987, 30.224128724928207 ], [ 76.596090205530771, 30.237374712448744 ], [ 76.60372604708499, 30.249269068589633 ], [ 76.602198878774146, 30.250350373693351 ], [ 76.60036627680114, 30.251972331348927 ], [ 76.596090205530771, 30.255756899211939 ], [ 76.592425001584743, 30.253323962728572 ], [ 76.585400027354865, 30.248458089761847 ], [ 76.552413191840643, 30.225480356307855 ], [ 76.550275156205458, 30.225480356307855 ], [ 76.561881635367882, 30.241429606587683 ], [ 76.559743599732698, 30.263326034937958 ], [ 76.583872859044021, 30.270354518112121 ], [ 76.593035868909084, 30.261704077282381 ], [ 76.614416225260896, 30.272517128319556 ], [ 76.623273801463796, 30.264677666317606 ], [ 76.635491147950546, 30.289547683703102 ], [ 76.681917064600185, 30.311173785777449 ], [ 76.6886366051679, 30.327393362333204 ], [ 76.710933262506217, 30.325771404677631 ], [ 76.748807036615148, 30.352263379718703 ], [ 76.745447266331297, 30.367942303722604 ], [ 76.719790838709116, 30.363346757031806 ], [ 76.731091884209363, 30.379836659863493 ], [ 76.718874537722613, 30.38010698613942 ], [ 76.717041935749592, 30.382810248898714 ], [ 76.714293032790081, 30.40065178311005 ], [ 76.714293032790081, 30.402003414489698 ], [ 76.719790838709116, 30.403895698421202 ], [ 76.738422292101404, 30.410653855319435 ], [ 76.739644026750085, 30.411194507871294 ], [ 76.738727725763582, 30.41281646552687 ], [ 76.741171195060929, 30.426332779323335 ], [ 76.748196169290807, 30.429306368358557 ], [ 76.777212367196839, 30.441200724499446 ], [ 76.787597111710582, 30.433631588773427 ], [ 76.777212367196839, 30.424710821667759 ], [ 76.789735147345752, 30.414979075734305 ], [ 76.823332850184315, 30.411464834147221 ], [ 76.846851242171311, 30.438227135464224 ], [ 76.856014252036374, 30.417682338493595 ], [ 76.883197847969399, 30.408761571387927 ], [ 76.880754378672037, 30.393893626211817 ], [ 76.897858663753496, 30.382269596346855 ], [ 76.890222822199277, 30.36956426137818 ], [ 76.905494505307715, 30.361995125652157 ], [ 76.906105372632055, 30.362265451928089 ], [ 76.937870473497597, 30.393352973659958 ], [ 76.911297744888913, 30.399840804282263 ], [ 76.913741214186274, 30.418222991045454 ], [ 76.911297744888913, 30.425251474219618 ], [ 76.909770576578069, 30.429306368358557 ], [ 76.909770576578069, 30.429576694634488 ], [ 76.910381443902409, 30.430117347186346 ], [ 76.915879249821444, 30.439308440567942 ], [ 76.905494505307715, 30.443633660982812 ], [ 76.897858663753496, 30.445525944914316 ], [ 76.903661903334694, 30.453906059468125 ], [ 76.907021673618559, 30.458771932434853 ], [ 76.907327107280722, 30.458771932434853 ], [ 76.922598790389159, 30.448229207673609 ], [ 76.920766188416152, 30.46039389009043 ], [ 76.937259606173257, 30.472017919955388 ], [ 76.955891059565559, 30.467692699540521 ], [ 76.969941008025316, 30.482560644716632 ], [ 76.992848532687972, 30.475802487818399 ], [ 77.013312588053282, 30.489859454166723 ], [ 77.013618021715445, 30.506079030722482 ], [ 77.052102663148702, 30.524731543761604 ], [ 77.038052714688945, 30.539329162661787 ], [ 77.041717918634973, 30.552034497630466 ], [ 77.042023352297136, 30.553656455286042 ], [ 77.075926488797876, 30.543384056800726 ], [ 77.086922100635945, 30.558792654528698 ], [ 77.087227534298108, 30.559333307080557 ], [ 77.114105696568956, 30.554197107837901 ], [ 77.121741538123175, 30.564739832599145 ], [ 77.122963272771855, 30.563388201219496 ], [ 77.122657839109692, 30.563388201219496 ], [ 77.124185007420536, 30.561225591012061 ], [ 77.135180619258605, 30.545546667008161 ], [ 77.14067842517764, 30.543654383076657 ], [ 77.192907581408491, 30.525542522589394 ], [ 77.206957529868262, 30.505808704446551 ], [ 77.208484698179106, 30.488237496511147 ] ] ] ] } }
]
}
