{
"type": "FeatureCollection",
"name": "madhya_pradesh",
"crs": { "type": "name", "properties": { "name": "urn:ogc:def:crs:OGC:1.3:CRS84" } },
"features": [
{ "type": "Feature", "properties": { "dt_code": "467", "district": "Burhanpur", "st_code": "23", "year": "2011_c", "st_nm": "Madhya Pradesh" }, "geometry": { "type": "Polygon", "coordinates": [ [ [ 76.781272527740029, 21.558939933077347 ], [ 76.789348736375231, 21.536382529895779 ], [ 76.763437567003933, 21.52076586615469 ], [ 76.789348736375231, 21.495316488206253 ], [ 76.793050331999709, 21.482880996708722 ], [ 76.788002701602707, 21.470156307734506 ], [ 76.783628088591968, 21.463793963247394 ], [ 76.744256571495313, 21.439790572682391 ], [ 76.740218467177698, 21.4111600224904 ], [ 76.621430898501472, 21.33220911135491 ], [ 76.662484959063789, 21.280442763027978 ], [ 76.662484959063789, 21.276104800877675 ], [ 76.661475432984389, 21.2405335112452 ], [ 76.641621420089507, 21.23706314152496 ], [ 76.636910298385629, 21.202648641799232 ], [ 76.623113441967135, 21.185007595721338 ], [ 76.566579981520661, 21.199178272078992 ], [ 76.565570455441261, 21.199467469555678 ], [ 76.529900533969084, 21.181826423477784 ], [ 76.490529016872429, 21.191948335161822 ], [ 76.490192508179291, 21.191948335161822 ], [ 76.480097247385274, 21.18211562095447 ], [ 76.478078195226473, 21.14712272627537 ], [ 76.465963882273655, 21.142495566648382 ], [ 76.473703582215734, 21.136711617114646 ], [ 76.457551164945315, 21.132952049917719 ], [ 76.451157499775775, 21.120227360943499 ], [ 76.455532112786514, 21.107502671969282 ], [ 76.410439947906582, 21.102007919912232 ], [ 76.412459000065382, 21.088415638507954 ], [ 76.381163691603945, 21.078872121777291 ], [ 76.382509726376483, 21.075690949533737 ], [ 76.382173217683345, 21.075690949533737 ], [ 76.278865048891262, 21.069907 ], [ 76.27179836633546, 21.08870483598464 ], [ 76.25901103599638, 21.090440020844763 ], [ 76.166471145384577, 21.078872121777291 ], [ 76.169836232315916, 21.103743104772352 ], [ 76.135512345616277, 21.120805755896875 ], [ 76.112293245790042, 21.163028587493145 ], [ 76.124744067435984, 21.172861301700493 ], [ 76.1308012239124, 21.175174881513989 ], [ 76.171855284474717, 21.166498957213385 ], [ 76.176229897485456, 21.183850805814593 ], [ 76.165125110612053, 21.190213150301702 ], [ 76.171855284474717, 21.204962221612728 ], [ 76.158394936749374, 21.213348948436643 ], [ 76.165125110612053, 21.221157280307185 ], [ 76.140896484706417, 21.227519624794297 ], [ 76.140559976013279, 21.238509128908394 ], [ 76.147290149875957, 21.246317460778936 ], [ 76.159067954135637, 21.255282582556227 ], [ 76.157721919363098, 21.257885359846409 ], [ 76.142915536865218, 21.285648317608338 ], [ 76.128445663060461, 21.2865159100384 ], [ 76.095467811133346, 21.371250770707626 ], [ 76.047683576708351, 21.348982565002743 ], [ 76.029175598585994, 21.364888426220517 ], [ 75.986775503251138, 21.368647993417444 ], [ 75.986775503251138, 21.368647993417444 ], [ 75.986775503251138, 21.368647993417444 ], [ 76.008312059611697, 21.417811564454198 ], [ 76.008985076997959, 21.469867110257816 ], [ 75.989804081489339, 21.488086551289083 ], [ 75.948077003540746, 21.490110933625893 ], [ 75.951778599165223, 21.547950428963247 ], [ 76.023118442109578, 21.549107218869995 ], [ 76.061480433126832, 21.573110609434998 ], [ 76.076959833010989, 21.572243017004936 ], [ 76.11262975448318, 21.578026966538673 ], [ 76.135848854309401, 21.560675117937468 ], [ 76.14459808033088, 21.57021863466813 ], [ 76.138877432547616, 21.575424189248491 ], [ 76.14998221942102, 21.578316164015359 ], [ 76.154693341124897, 21.548239626439933 ], [ 76.176902914871732, 21.541588084476139 ], [ 76.197766453846029, 21.550264008776743 ], [ 76.196756927766629, 21.560385920460778 ], [ 76.213245853730172, 21.561542710367526 ], [ 76.21358236242331, 21.571086227098192 ], [ 76.286268240140217, 21.584967705979157 ], [ 76.28559522275394, 21.595378815139881 ], [ 76.295017466161696, 21.594800420186505 ], [ 76.294680957468557, 21.592197642896327 ], [ 76.293334922696019, 21.576580979155239 ], [ 76.293334922696019, 21.576291781678552 ], [ 76.299055570479297, 21.575424189248491 ], [ 76.342801700586691, 21.56848344980801 ], [ 76.35256045268757, 21.56674826494789 ], [ 76.364001748254125, 21.572243017004936 ], [ 76.364338256947249, 21.572243017004936 ], [ 76.365011274333526, 21.572532214481626 ], [ 76.359627135243386, 21.580051348875479 ], [ 76.374433517741267, 21.580629743828855 ], [ 76.377125587286343, 21.59798159243006 ], [ 76.407074860975243, 21.598849184860121 ], [ 76.427601891256401, 21.583232521119037 ], [ 76.435678099891618, 21.597114 ], [ 76.451830517162037, 21.582075731212289 ], [ 76.485481386475414, 21.577737769061986 ], [ 76.51273859061925, 21.56125351289084 ], [ 76.611672146400593, 21.573399806911684 ], [ 76.70993268479566, 21.559807525507406 ], [ 76.745266097574714, 21.574845794295118 ], [ 76.751323254051115, 21.556337155787165 ], [ 76.751659762744254, 21.556337155787165 ], [ 76.753342306209916, 21.556337155787165 ], [ 76.768148688707811, 21.555180365880418 ], [ 76.781272527740029, 21.558939933077347 ] ] ] } },
{ "type": "Feature", "properties": { "dt_code": "456", "district": "Seoni", "st_code": "23", "year": "2011_c", "st_nm": "Madhya Pradesh" }, "geometry": { "type": "Polygon", "coordinates": [ [ [ 79.964308256092593, 22.851941851343938 ], [ 79.969692395182733, 22.845001111903457 ], [ 80.004689299268648, 22.823600498628636 ], [ 80.00536231665491, 22.822443708721888 ], [ 80.011419473131326, 22.80885142731761 ], [ 80.018486155687128, 22.793813158529897 ], [ 80.023870294777282, 22.789475196379595 ], [ 80.064924355339599, 22.76113384366429 ], [ 80.100594276811776, 22.769231373011522 ], [ 80.179673819698223, 22.76286902852441 ], [ 80.204238954296983, 22.785715629182668 ], [ 80.203229428217583, 22.792077973669777 ], [ 80.215680249863539, 22.800175503017005 ], [ 80.219381845488016, 22.799597108063633 ], [ 80.268175605992411, 22.793234763576521 ], [ 80.280962936331491, 22.783980444322545 ], [ 80.281299445024629, 22.78079927207899 ], [ 80.289375653659846, 22.726430146461876 ], [ 80.239235858382898, 22.715151444871093 ], [ 80.236207280144697, 22.674085403181568 ], [ 80.212988180318462, 22.674374600658258 ], [ 80.194480202196104, 22.644298063082832 ], [ 80.216016758556677, 22.62723541195831 ], [ 80.202219902138182, 22.603810416346683 ], [ 80.153762650326925, 22.600050849149753 ], [ 80.144676915612308, 22.616245907844213 ], [ 80.126505446183089, 22.610172760833791 ], [ 80.113045098457732, 22.626946214481624 ], [ 80.072664055281678, 22.602075231486563 ], [ 80.035311590343824, 22.608148378496985 ], [ 80.032283012105623, 22.596580479429512 ], [ 80.015457577448927, 22.596869676906199 ], [ 80.007717877506849, 22.574890668678005 ], [ 79.989882916770767, 22.580674618211738 ], [ 79.952866960526052, 22.558406412506859 ], [ 79.988536881998229, 22.545103328579266 ], [ 80.009063912279387, 22.558984807460231 ], [ 80.016130594835204, 22.54307894624246 ], [ 80.031609994719346, 22.546838513439386 ], [ 80.032956029491885, 22.541343761382336 ], [ 80.034975081650686, 22.534692219418542 ], [ 80.037330642502624, 22.525148702687879 ], [ 80.023197277391006, 22.505194076796489 ], [ 80.044397325058441, 22.494782967635764 ], [ 80.050117972841718, 22.456319703236424 ], [ 80.071654529202277, 22.450246556226002 ], [ 80.080067246530618, 22.427689153044433 ], [ 80.092518068176574, 22.423640388370817 ], [ 80.091508542097174, 22.406288539769612 ], [ 80.091172033404035, 22.405999342292926 ], [ 80.091172033404035, 22.405710144816236 ], [ 80.072327546588539, 22.393563850795392 ], [ 80.072327546588539, 22.39298545584202 ], [ 80.077038668292417, 22.35076262424575 ], [ 80.099921259425514, 22.335435157981351 ], [ 80.081076772610018, 22.296682696105321 ], [ 80.098575224652976, 22.245783940208447 ], [ 80.083095824768819, 22.232480856280855 ], [ 80.086124403007034, 22.221780549643444 ], [ 80.059876724942598, 22.212237032912782 ], [ 80.033629046878161, 22.18187129786067 ], [ 80.033629046878161, 22.181582100383984 ], [ 80.067279916191538, 22.077471008776744 ], [ 80.001324212337309, 22.082387365880418 ], [ 79.990219425463891, 22.06879508447614 ], [ 79.934022473710556, 22.069084281952826 ], [ 79.91719703905386, 22.034669782227098 ], [ 79.926282773768477, 22.032356202413606 ], [ 79.923254195530276, 21.973649114646189 ], [ 79.861336595993649, 21.966419177729019 ], [ 79.863355648152449, 21.958321648381791 ], [ 79.840136548326228, 21.945307761930884 ], [ 79.84080956571249, 21.937499430060342 ], [ 79.890949360989424, 21.93142628304992 ], [ 79.877152504570944, 21.908001287438289 ], [ 79.841482583098752, 21.905398510148107 ], [ 79.83879051355369, 21.88544388425672 ], [ 79.818936500658793, 21.870405615469007 ], [ 79.7772094227102, 21.859994506308283 ], [ 79.793698348673757, 21.836858708173342 ], [ 79.76980623146126, 21.809095750411409 ], [ 79.690726688574813, 21.800419826110808 ], [ 79.682313971246472, 21.746918292923752 ], [ 79.656402801875174, 21.738242368623148 ], [ 79.672891727838731, 21.696308734503567 ], [ 79.599532832735562, 21.709611818431156 ], [ 79.608618567450179, 21.679246083379045 ], [ 79.588764554555283, 21.66015904991772 ], [ 79.592802658872884, 21.646566768513441 ], [ 79.54064381143715, 21.630950104772353 ], [ 79.54266286359595, 21.60868189906747 ], [ 79.536605707119534, 21.604054739440482 ], [ 79.510021520361974, 21.595957210093253 ], [ 79.505646907351235, 21.608103504114098 ], [ 79.504300872578696, 21.613019861217772 ], [ 79.517088202917776, 21.625455352715306 ], [ 79.49622466394348, 21.673751331321998 ], [ 79.49622466394348, 21.673751331321998 ], [ 79.422192751454048, 21.691681574876579 ], [ 79.392579986458273, 21.674040528798685 ], [ 79.352198943282218, 21.677800095995611 ], [ 79.354217995441019, 21.684740835436095 ], [ 79.290617852438743, 21.692549167306638 ], [ 79.26807176999877, 21.715395767964893 ], [ 79.231728831140316, 21.722336507405377 ], [ 79.234084391992255, 21.718287742731761 ], [ 79.224662148584514, 21.719155335161823 ], [ 79.222643096425713, 21.719733730115195 ], [ 79.230719305060916, 21.757907797037852 ], [ 79.25528443965969, 21.778151620405925 ], [ 79.284897204655465, 21.779597607789359 ], [ 79.292973413290667, 21.812566120131653 ], [ 79.27446543516831, 21.834545128359846 ], [ 79.324268721752119, 21.918123199122327 ], [ 79.347151312885217, 21.927088320899617 ], [ 79.3400846303294, 21.954851278661547 ], [ 79.372725973563377, 21.974805904552934 ], [ 79.373398990949653, 21.993603740537576 ], [ 79.399983177707213, 21.997363307734503 ], [ 79.39527205600335, 22.017607131102579 ], [ 79.406376842876767, 22.039296941854086 ], [ 79.387532356061271, 22.043634904004389 ], [ 79.387195847368133, 22.068505886999453 ], [ 79.373062482256515, 22.087882117937468 ], [ 79.393589512537673, 22.103209584201867 ], [ 79.353881486747895, 22.130972541963796 ], [ 79.337056052091199, 22.207031478332418 ], [ 79.324268721752119, 22.224672524410312 ], [ 79.332008421694198, 22.241735175534835 ], [ 79.367005325780113, 22.219177772353266 ], [ 79.363303730155636, 22.26631696105321 ], [ 79.349843382430279, 22.268341343390016 ], [ 79.342440191181339, 22.287428376851345 ], [ 79.302395656698422, 22.290609549094899 ], [ 79.298357552380807, 22.309985780032914 ], [ 79.285906730734865, 22.316637321996708 ], [ 79.288598800279928, 22.327916023587495 ], [ 79.35186243458908, 22.353943796489304 ], [ 79.347151312885217, 22.384309531541415 ], [ 79.323259195672719, 22.382574346681295 ], [ 79.31888458266198, 22.394142245748768 ], [ 79.282541643803526, 22.373609224904005 ], [ 79.298694061073945, 22.415542859023589 ], [ 79.333017947773598, 22.414964464070216 ], [ 79.335036999932399, 22.443016619308832 ], [ 79.32090363482078, 22.432894707624794 ], [ 79.314846478344364, 22.445619396599014 ], [ 79.265716209146831, 22.453716925946242 ], [ 79.24990030056955, 22.441281434448712 ], [ 79.232738357219716, 22.445041001645638 ], [ 79.227690726822715, 22.423351190894131 ], [ 79.205817661769018, 22.430870325287987 ], [ 79.195049383588739, 22.452560136039494 ], [ 79.232401848526592, 22.474249946791005 ], [ 79.345132260726416, 22.483793463521668 ], [ 79.345132260726416, 22.484082660998354 ], [ 79.34445924334014, 22.505194076796489 ], [ 79.327970317376582, 22.512134816236973 ], [ 79.321240143513904, 22.54307894624246 ], [ 79.341430665101939, 22.553490055403181 ], [ 79.332344930387322, 22.566214744377401 ], [ 79.341430665101939, 22.565636349424025 ], [ 79.343113208567601, 22.578071840921559 ], [ 79.348497347657755, 22.570552706527703 ], [ 79.353881486747895, 22.587904555128908 ], [ 79.374745025722177, 22.59600208447614 ], [ 79.348497347657755, 22.613932328030721 ], [ 79.327970317376582, 22.616245907844213 ], [ 79.328643334762859, 22.61827029018102 ], [ 79.336046526011799, 22.63822491607241 ], [ 79.361957695383097, 22.642852075699398 ], [ 79.380802182198593, 22.659047134393855 ], [ 79.378446621346654, 22.668590651124521 ], [ 79.401329212479752, 22.685074907295668 ], [ 79.403011755945428, 22.698088793746571 ], [ 79.39426252992395, 22.702137558420187 ], [ 79.39426252992395, 22.702137558420187 ], [ 79.413443525432569, 22.711970272627539 ], [ 79.411760981966907, 22.720935394404826 ], [ 79.411424473273769, 22.721513789358202 ], [ 79.460218233778164, 22.72990051618212 ], [ 79.468967459799643, 22.742046810202964 ], [ 79.471996038037844, 22.72440576412507 ], [ 79.487811946615139, 22.730768108612178 ], [ 79.516415185531514, 22.722959776741636 ], [ 79.523481868087316, 22.751590326933627 ], [ 79.508338976896297, 22.753903906747119 ], [ 79.519107255076577, 22.762290633571038 ], [ 79.515405659452114, 22.777907297312122 ], [ 79.544008898368489, 22.804513465167307 ], [ 79.540980320130274, 22.817238154141524 ], [ 79.576986750295589, 22.833433212835985 ], [ 79.597513780576762, 22.866401725178278 ], [ 79.612320163074642, 22.86003938069117 ], [ 79.62443447602746, 22.873920859572134 ], [ 79.620732880402983, 22.906889371914428 ], [ 79.613329689154043, 22.917589678551838 ], [ 79.5998693414287, 22.913830111354912 ], [ 79.590447098020945, 22.938122699396601 ], [ 79.591793132793484, 22.938990291826659 ], [ 79.623088441254922, 22.95518535052112 ], [ 79.628472580345061, 22.949979795940756 ], [ 79.656402801875174, 22.923373628085574 ], [ 79.68702509295035, 22.929735972572683 ], [ 79.748606183793825, 22.920770850795392 ], [ 79.744231570783086, 22.896767460230389 ], [ 79.781247527027816, 22.879415611629184 ], [ 79.759037953280981, 22.860328578167856 ], [ 79.764758601064258, 22.846447099286891 ], [ 79.784949122652279, 22.846736296763577 ], [ 79.82061904412447, 22.871318082281952 ], [ 79.818599991965655, 22.848471481623697 ], [ 79.843165126564429, 22.833144015359299 ], [ 79.854606422130971, 22.840373952276469 ], [ 79.872441382867066, 22.851363456390565 ], [ 79.886238239285547, 22.860328578167856 ], [ 79.900035095704041, 22.863220552934724 ], [ 79.900371604397179, 22.863220552934724 ], [ 79.90239065655598, 22.863798947888096 ], [ 79.906765269566719, 22.845290309380143 ], [ 79.943444717118297, 22.859750183214484 ], [ 79.944454243197697, 22.860328578167856 ], [ 79.948155838822174, 22.858014998354363 ], [ 79.964308256092593, 22.851941851343938 ] ] ] } },
{ "type": "Feature", "properties": { "dt_code": "465", "district": "Alirajpur", "st_code": "23", "year": "2011_c", "st_nm": "Madhya Pradesh" }, "geometry": { "type": "Polygon", "coordinates": [ [ [ 74.741020321269829, 22.558984807460231 ], [ 74.727896482237611, 22.552333265496436 ], [ 74.712753591046592, 22.526883887547999 ], [ 74.712753591046592, 22.526594690071313 ], [ 74.712417082353454, 22.526305492594624 ], [ 74.725540921385672, 22.501723707076248 ], [ 74.713426608432854, 22.49883173230938 ], [ 74.705013891104514, 22.478009513987931 ], [ 74.747750495132507, 22.437232669775096 ], [ 74.723858377919996, 22.438967854635216 ], [ 74.714436134512255, 22.423061993417445 ], [ 74.690207508606619, 22.415832056500275 ], [ 74.696937682469297, 22.397612615469008 ], [ 74.691890052072296, 22.368114472846955 ], [ 74.681794791278278, 22.360884535929788 ], [ 74.664632847928459, 22.369271262753703 ], [ 74.631318487308206, 22.365800893033462 ], [ 74.622905769979866, 22.328494418540867 ], [ 74.639731204636547, 22.302755843115744 ], [ 74.661940778383382, 22.29957467087219 ], [ 74.649153448044302, 22.274125292923753 ], [ 74.599013652767368, 22.26805214591333 ], [ 74.603388265778108, 22.2556166544158 ], [ 74.59026442674589, 22.243181162918269 ], [ 74.559642135670714, 22.242891965441579 ], [ 74.556950066125637, 22.219756167306638 ], [ 74.542816701014019, 22.236818818431157 ], [ 74.5266642837436, 22.236240423477785 ], [ 74.512194409938843, 22.220045364783324 ], [ 74.521616653346584, 22.205296293472298 ], [ 74.50950234039378, 22.183028087767418 ], [ 74.496378501361562, 22.179268520570488 ], [ 74.497388027440962, 22.166543831596272 ], [ 74.509165831700642, 22.149770377948439 ], [ 74.5266642837436, 22.146300008228195 ], [ 74.540797648855218, 22.117380260559518 ], [ 74.471140349376526, 22.113620693362591 ], [ 74.475514962387265, 22.096268844761383 ], [ 74.515222988177044, 22.100028411958313 ], [ 74.515559496870182, 22.089328105320899 ], [ 74.492676905737085, 22.071108664289632 ], [ 74.501762640451702, 22.045659286341195 ], [ 74.432105340972996, 22.030331820076796 ], [ 74.432778358359272, 22.029753425123424 ], [ 74.431768832279872, 22.030331820076796 ], [ 74.402829084670358, 22.023391080636316 ], [ 74.393743349955741, 22.029175030170052 ], [ 74.388022702172478, 22.03380218979704 ], [ 74.38970524563814, 22.032067004936916 ], [ 74.398117962966481, 22.02281268568294 ], [ 74.375571880526522, 22.000544479978061 ], [ 74.344613080758208, 21.975095102029623 ], [ 74.300866950650814, 21.966997572682391 ], [ 74.281685955142194, 21.934029060340098 ], [ 74.192847660154868, 21.92593153099287 ], [ 74.157177738682691, 21.950802513987931 ], [ 74.150447564820013, 21.950513316511245 ], [ 74.146409460502412, 21.950224119034559 ], [ 74.145063425729873, 21.953694488754799 ], [ 74.143044373571072, 21.959478438288535 ], [ 74.14876502135435, 21.983192631376852 ], [ 74.150784073513151, 21.986663001097092 ], [ 74.149438038740612, 21.986663001097092 ], [ 74.09795220869114, 21.998230900164565 ], [ 74.097615699998002, 21.999098492594626 ], [ 74.096606173918602, 22.002279664838181 ], [ 74.094923630452939, 22.016450341195831 ], [ 74.140015795332872, 22.040453731760834 ], [ 74.131266569311393, 22.047972866154691 ], [ 74.159869808227754, 22.058962370268787 ], [ 74.164580929931631, 22.08296576083379 ], [ 74.17871429504325, 22.085568538123972 ], [ 74.152466616978813, 22.105812361492045 ], [ 74.124536395448715, 22.097714832144817 ], [ 74.122853851983038, 22.135599701590785 ], [ 74.133958638856456, 22.160470684585849 ], [ 74.121507817210514, 22.16741142402633 ], [ 74.122517343289914, 22.212237032912782 ], [ 74.07237754801298, 22.219177772353266 ], [ 74.069348969774765, 22.232480856280855 ], [ 74.087183930510861, 22.242891965441579 ], [ 74.074733108864905, 22.257062641799234 ], [ 74.074396600171781, 22.265449368623148 ], [ 74.060263235060162, 22.27354689797038 ], [ 74.058244182901348, 22.276149675260559 ], [ 74.055552113356285, 22.283958007131105 ], [ 74.054206078583746, 22.298128683488756 ], [ 74.056898148128823, 22.303912633022492 ], [ 74.072041039319842, 22.336881145364785 ], [ 74.068339443695365, 22.35596817882611 ], [ 74.07776168710312, 22.360016943499726 ], [ 74.094587121759801, 22.36695768294021 ], [ 74.099634752156817, 22.369271262753703 ], [ 74.125545921528115, 22.3562573763028 ], [ 74.127901482380054, 22.333121578167855 ], [ 74.190155590609805, 22.320107691716952 ], [ 74.203615938335147, 22.366379287986835 ], [ 74.22414296861632, 22.356546573779486 ], [ 74.223806459923182, 22.379971569391113 ], [ 74.24332396412494, 22.375922804717501 ], [ 74.256784311850296, 22.399347800329128 ], [ 74.291108198549935, 22.393853048272078 ], [ 74.267552590030576, 22.40542094733955 ], [ 74.255774785770896, 22.428845942951181 ], [ 74.247698577135679, 22.414675266593527 ], [ 74.237603316341662, 22.421905203510697 ], [ 74.243996981511202, 22.433762300054855 ], [ 74.215393742594841, 22.441281434448712 ], [ 74.213374690436027, 22.431448720241359 ], [ 74.201596886176347, 22.434340695008228 ], [ 74.202942920948885, 22.467598404827207 ], [ 74.190492099302929, 22.475985131651125 ], [ 74.17972382112265, 22.462682047723533 ], [ 74.184098434133389, 22.441570631925398 ], [ 74.16054282561403, 22.431159522764673 ], [ 74.149438038740612, 22.455741308283052 ], [ 74.119488765051699, 22.418724031267143 ], [ 74.098625226077402, 22.442149026878774 ], [ 74.10434587386068, 22.464706430060339 ], [ 74.075742634944305, 22.464128035106967 ], [ 74.07675216102372, 22.483504266044982 ], [ 74.087856947897123, 22.48263667361492 ], [ 74.082809317500121, 22.506640064179923 ], [ 74.054542587276885, 22.509242841470105 ], [ 74.054206078583746, 22.508375249040043 ], [ 74.04074573085839, 22.48639624081185 ], [ 74.034688574381988, 22.498253337356008 ], [ 74.041082239551528, 22.541632958859026 ], [ 74.058580691594486, 22.549441290729568 ], [ 74.088193456590261, 22.540476168952278 ], [ 74.101317295622479, 22.53411382446517 ], [ 74.104009365167556, 22.5355598118486 ], [ 74.122180834596776, 22.530065059791553 ], [ 74.133285621470193, 22.520232345584201 ], [ 74.150784073513151, 22.521099938014263 ], [ 74.150784073513151, 22.521389135490949 ], [ 74.170638086408047, 22.547416908392758 ], [ 74.189482573223529, 22.553490055403181 ], [ 74.183425416747127, 22.566793139330773 ], [ 74.210009603504702, 22.564479559517281 ], [ 74.231209651172122, 22.611618748217225 ], [ 74.253419224918957, 22.621451462424574 ], [ 74.263514485712975, 22.643719668129457 ], [ 74.264860520485499, 22.644008865606146 ], [ 74.290435181163673, 22.64169528579265 ], [ 74.32408605047705, 22.639092508502468 ], [ 74.378600458764723, 22.63446534887548 ], [ 74.378600458764723, 22.633597756445422 ], [ 74.391724297796941, 22.612486340647287 ], [ 74.407876715067374, 22.613932328030721 ], [ 74.442200601767013, 22.582699000548548 ], [ 74.431768832279872, 22.554936042786615 ], [ 74.431768832279872, 22.554936042786615 ], [ 74.431768832279872, 22.554646845309929 ], [ 74.447248232164014, 22.542500551289084 ], [ 74.463400649434448, 22.529775862314867 ], [ 74.463737158127572, 22.53035425726824 ], [ 74.487965784033207, 22.576336656061439 ], [ 74.507146779541841, 22.582988198025234 ], [ 74.524645231584799, 22.580963815688428 ], [ 74.54887385749042, 22.55001968568294 ], [ 74.565026274760854, 22.561009189797037 ], [ 74.59766761799483, 22.536716601755348 ], [ 74.608099387481971, 22.558117215030173 ], [ 74.631991504694469, 22.554646845309929 ], [ 74.631991504694469, 22.564768756993967 ], [ 74.648480430658026, 22.568239126714207 ], [ 74.657566165372643, 22.603232021393307 ], [ 74.674391600029338, 22.601207639056501 ], [ 74.689870999913481, 22.584144987931982 ], [ 74.730925060475812, 22.591664122325838 ], [ 74.726213938771934, 22.571420298957761 ], [ 74.741020321269829, 22.558984807460231 ] ] ] } },
{ "type": "Feature", "properties": { "dt_code": "455", "district": "Chhindwara", "st_code": "23", "year": "2011_c", "st_nm": "Madhya Pradesh" }, "geometry": { "type": "Polygon", "coordinates": [ [ [ 79.327970317376582, 22.616245907844213 ], [ 79.348497347657755, 22.613932328030721 ], [ 79.374745025722177, 22.59600208447614 ], [ 79.353881486747895, 22.587904555128908 ], [ 79.348497347657755, 22.570552706527703 ], [ 79.343113208567601, 22.578071840921559 ], [ 79.341430665101939, 22.565636349424025 ], [ 79.332344930387322, 22.566214744377401 ], [ 79.341430665101939, 22.553490055403181 ], [ 79.321240143513904, 22.54307894624246 ], [ 79.327970317376582, 22.512134816236973 ], [ 79.34445924334014, 22.505194076796489 ], [ 79.345132260726416, 22.484082660998354 ], [ 79.345132260726416, 22.483793463521668 ], [ 79.232401848526592, 22.474249946791005 ], [ 79.195049383588739, 22.452560136039494 ], [ 79.205817661769018, 22.430870325287987 ], [ 79.227690726822715, 22.423351190894131 ], [ 79.232738357219716, 22.445041001645638 ], [ 79.24990030056955, 22.441281434448712 ], [ 79.265716209146831, 22.453716925946242 ], [ 79.314846478344364, 22.445619396599014 ], [ 79.32090363482078, 22.432894707624794 ], [ 79.335036999932399, 22.443016619308832 ], [ 79.333017947773598, 22.414964464070216 ], [ 79.298694061073945, 22.415542859023589 ], [ 79.282541643803526, 22.373609224904005 ], [ 79.31888458266198, 22.394142245748768 ], [ 79.323259195672719, 22.382574346681295 ], [ 79.347151312885217, 22.384309531541415 ], [ 79.35186243458908, 22.353943796489304 ], [ 79.288598800279928, 22.327916023587495 ], [ 79.285906730734865, 22.316637321996708 ], [ 79.298357552380807, 22.309985780032914 ], [ 79.302395656698422, 22.290609549094899 ], [ 79.342440191181339, 22.287428376851345 ], [ 79.349843382430279, 22.268341343390016 ], [ 79.363303730155636, 22.26631696105321 ], [ 79.367005325780113, 22.219177772353266 ], [ 79.332008421694198, 22.241735175534835 ], [ 79.324268721752119, 22.224672524410312 ], [ 79.337056052091199, 22.207031478332418 ], [ 79.353881486747895, 22.130972541963796 ], [ 79.393589512537673, 22.103209584201867 ], [ 79.373062482256515, 22.087882117937468 ], [ 79.387195847368133, 22.068505886999453 ], [ 79.387532356061271, 22.043634904004389 ], [ 79.406376842876767, 22.039296941854086 ], [ 79.39527205600335, 22.017607131102579 ], [ 79.399983177707213, 21.997363307734503 ], [ 79.373398990949653, 21.993603740537576 ], [ 79.372725973563377, 21.974805904552934 ], [ 79.3400846303294, 21.954851278661547 ], [ 79.347151312885217, 21.927088320899617 ], [ 79.324268721752119, 21.918123199122327 ], [ 79.27446543516831, 21.834545128359846 ], [ 79.292973413290667, 21.812566120131653 ], [ 79.284897204655465, 21.779597607789359 ], [ 79.25528443965969, 21.778151620405925 ], [ 79.230719305060916, 21.757907797037852 ], [ 79.222643096425713, 21.719733730115195 ], [ 79.224662148584514, 21.719155335161823 ], [ 79.234084391992255, 21.718287742731761 ], [ 79.237112970230456, 21.713371385628086 ], [ 79.223316113811975, 21.686765217772901 ], [ 79.220960552960037, 21.681848860669227 ], [ 79.228363744208977, 21.662183432254526 ], [ 79.230719305060916, 21.656110285244104 ], [ 79.223989131198238, 21.648591150850248 ], [ 79.155004849105822, 21.66015904991772 ], [ 79.153995323026408, 21.646277571036752 ], [ 79.168465196831164, 21.637023251782775 ], [ 79.151303253481345, 21.640204424026329 ], [ 79.11193173638469, 21.623720167855183 ], [ 79.100153932125011, 21.617357823368074 ], [ 79.106884105987689, 21.604922331870544 ], [ 79.093760266955471, 21.59798159243006 ], [ 79.076598323605637, 21.605500726823916 ], [ 79.012325163217085, 21.599427579813494 ], [ 78.998528306798605, 21.619093008228194 ], [ 78.975309206972369, 21.61764702084476 ], [ 78.943340881124655, 21.591908445419637 ], [ 78.916420185673957, 21.590751655512893 ], [ 78.91372811612888, 21.570797029621502 ], [ 78.931563076864975, 21.561831907844212 ], [ 78.906661433573078, 21.553155983543611 ], [ 78.929544024706175, 21.540431294569391 ], [ 78.927188463854236, 21.522211853538124 ], [ 78.944350407204055, 21.515849509051016 ], [ 78.936610707261977, 21.485772971475591 ], [ 78.899258242324137, 21.500522042786617 ], [ 78.890845524995783, 21.485194576522218 ], [ 78.867962933862685, 21.493870500822819 ], [ 78.800324686542794, 21.490110933625893 ], [ 78.780134164954774, 21.478832232035106 ], [ 78.776096060637158, 21.464372358200769 ], [ 78.767010325922556, 21.488954143719145 ], [ 78.750857908652122, 21.493002908392761 ], [ 78.745810278255121, 21.470156307734506 ], [ 78.728311826212163, 21.462058778387274 ], [ 78.688267291729247, 21.482013404278661 ], [ 78.667067244061812, 21.477097047174986 ], [ 78.643175126849314, 21.485483773998904 ], [ 78.628368744351434, 21.475361862314866 ], [ 78.608851240149662, 21.488954143719145 ], [ 78.585295631630302, 21.486640563905652 ], [ 78.570152740439283, 21.514114324190896 ], [ 78.511936736527133, 21.528574198025233 ], [ 78.475257288975556, 21.500811240263303 ], [ 78.433193702333824, 21.497051673066373 ], [ 78.435885771878901, 21.506884387273725 ], [ 78.438577841423964, 21.517584693911136 ], [ 78.435212754492625, 21.527128210641798 ], [ 78.419060337222206, 21.570797029621502 ], [ 78.427473054550546, 21.599138382336807 ], [ 78.372622137569749, 21.613309058694462 ], [ 78.381707872284352, 21.591619247942951 ], [ 78.360844333310055, 21.576580979155239 ], [ 78.343345881267098, 21.588438075699397 ], [ 78.343009372573974, 21.588727273176083 ], [ 78.343009372573974, 21.588727273176083 ], [ 78.343009372573974, 21.588727273176083 ], [ 78.342672863880836, 21.589016470652769 ], [ 78.345364933425898, 21.621695785518376 ], [ 78.346037950812175, 21.621695785518376 ], [ 78.364882437627671, 21.619093008228194 ], [ 78.379688820125551, 21.638180041689523 ], [ 78.394158693930308, 21.642518003839825 ], [ 78.39382218523717, 21.655531890290732 ], [ 78.393485676544032, 21.666521394404828 ], [ 78.393149167850908, 21.671148554031817 ], [ 78.425454002391746, 21.694573549643444 ], [ 78.427136545857422, 21.696308734503567 ], [ 78.427136545857422, 21.718287742731761 ], [ 78.459777889091399, 21.717998545255075 ], [ 78.466508062954077, 21.74258033077345 ], [ 78.459104871705122, 21.76253495666484 ], [ 78.470882675964816, 21.764559339001647 ], [ 78.469873149885416, 21.785381557323095 ], [ 78.498476388801777, 21.792322296763576 ], [ 78.467181080340339, 21.813433712561711 ], [ 78.490063671473436, 21.831363956116292 ], [ 78.523714540786813, 21.835123523313221 ], [ 78.549289201464987, 21.873297590235875 ], [ 78.538520923284707, 21.90713369500823 ], [ 78.518666910389811, 21.908290484914975 ], [ 78.51462880607221, 21.93663183763028 ], [ 78.484679532383296, 21.938945417443776 ], [ 78.466171554260939, 21.963238005485465 ], [ 78.449346119604243, 21.953116093801427 ], [ 78.442279437048441, 21.960924425671969 ], [ 78.431847667561286, 21.949934921557873 ], [ 78.424444476312345, 21.959767635765221 ], [ 78.408628567735065, 21.93663183763028 ], [ 78.395504728702846, 21.939234614920462 ], [ 78.397523780861647, 21.926799123422931 ], [ 78.39584123739597, 21.926220728469556 ], [ 78.391803133078369, 21.924774741086122 ], [ 78.388774554840168, 21.923617951179374 ], [ 78.38843804614703, 21.925353136039497 ], [ 78.384736450522553, 21.963527202962151 ], [ 78.400888867792986, 21.985217013713658 ], [ 78.400888867792986, 22.004882442128359 ], [ 78.371949120183473, 22.029464227646738 ], [ 78.37565071580795, 22.036694164563905 ], [ 78.356469720299316, 22.035248177180474 ], [ 78.359161789844393, 22.047394471201319 ], [ 78.345364933425898, 22.050575643444873 ], [ 78.347720494277837, 22.073711441579814 ], [ 78.337625233483834, 22.090774092704333 ], [ 78.347047476891575, 22.108125941305541 ], [ 78.276717160026607, 22.090195697750961 ], [ 78.276717160026607, 22.090774092704333 ], [ 78.276380651333483, 22.090484895227647 ], [ 78.277053668719745, 22.133575319253978 ], [ 78.264266338380665, 22.132996924300603 ], [ 78.264266338380665, 22.162784264399342 ], [ 78.258882199290525, 22.165097844212838 ], [ 78.263929829687527, 22.175798150850248 ], [ 78.263929829687527, 22.187655247394407 ], [ 78.26123776014245, 22.188233642347779 ], [ 78.260564742756188, 22.208477465715852 ], [ 78.263929829687527, 22.212815427866154 ], [ 78.293542594683302, 22.254170667032366 ], [ 78.287821946900024, 22.263424986286342 ], [ 78.262583794914988, 22.263424986286342 ], [ 78.259555216676787, 22.301020658255624 ], [ 78.245085342872031, 22.320396889193638 ], [ 78.245085342872031, 22.320396889193638 ], [ 78.279745738264808, 22.350184229292374 ], [ 78.277726686106007, 22.394431443225454 ], [ 78.274025090481544, 22.39819101042238 ], [ 78.270323494857067, 22.40195057761931 ], [ 78.270323494857067, 22.40195057761931 ], [ 78.284793368661823, 22.419591623697205 ], [ 78.380361837511813, 22.420459216127263 ], [ 78.418050811142805, 22.383152741634667 ], [ 78.470546167271678, 22.375344409764125 ], [ 78.527079627718152, 22.419880821173891 ], [ 78.560393988338404, 22.419880821173891 ], [ 78.554000323168864, 22.455741308283052 ], [ 78.529435188570091, 22.45487371585299 ], [ 78.529771697263229, 22.469911984640703 ], [ 78.509581175675194, 22.477720316511245 ], [ 78.514292297379072, 22.491312597915524 ], [ 78.540876484136646, 22.501723707076248 ], [ 78.547943166692448, 22.536427404278662 ], [ 78.497803371415515, 22.59224251727921 ], [ 78.498139880108653, 22.633886953922108 ], [ 78.503860527891916, 22.64169528579265 ], [ 78.52001294516235, 22.662517504114099 ], [ 78.52203199732115, 22.665120281404278 ], [ 78.523041523400551, 22.664541886450905 ], [ 78.542222518909171, 22.657022752057049 ], [ 78.575200370836285, 22.663095899067471 ], [ 78.611879818387877, 22.649214420186507 ], [ 78.625676674806357, 22.67842336533187 ], [ 78.626013183499495, 22.678712562808556 ], [ 78.626013183499495, 22.678712562808556 ], [ 78.690286343888047, 22.705607928140427 ], [ 78.68019108309403, 22.698377991223261 ], [ 78.679854574400892, 22.674085403181568 ], [ 78.680527591787168, 22.661939109160723 ], [ 78.723600704508286, 22.645165655512891 ], [ 78.741435665244381, 22.619427080087767 ], [ 78.780470673647898, 22.622319054854636 ], [ 78.775423043250896, 22.646900840373011 ], [ 78.823543786369029, 22.656155159626991 ], [ 78.849791464433466, 22.684207314865606 ], [ 78.918439237832757, 22.672061020844762 ], [ 78.927861481240498, 22.645454852989577 ], [ 78.941658337658993, 22.633597756445422 ], [ 78.954782176691211, 22.62925979429512 ], [ 78.983048906914448, 22.633308558968732 ], [ 79.010979128444546, 22.643719668129457 ], [ 79.011652145830823, 22.644008865606146 ], [ 79.002566411116206, 22.654419974766867 ], [ 79.002902919809344, 22.654419974766867 ], [ 79.018718828386625, 22.656733554580363 ], [ 79.010306111058284, 22.667433861217773 ], [ 79.016699776227824, 22.686231697202416 ], [ 79.014680724069024, 22.687966882062536 ], [ 79.005931498047545, 22.693750831596269 ], [ 79.004248954581882, 22.694907621503017 ], [ 79.027804563101242, 22.708210705430609 ], [ 79.028477580487504, 22.708499902907295 ], [ 79.012661671910223, 22.72614094898519 ], [ 79.012325163217085, 22.726719343938562 ], [ 79.012661671910223, 22.726719343938562 ], [ 79.027468054408104, 22.727297738891938 ], [ 79.027468054408104, 22.727586936368624 ], [ 79.017036284920962, 22.739733230389469 ], [ 79.018045811000363, 22.74060082281953 ], [ 79.031842667418843, 22.751301129456941 ], [ 79.042610945599122, 22.759398658804169 ], [ 79.042610945599122, 22.759398658804169 ], [ 79.089385653944731, 22.742336007679651 ], [ 79.096115827807409, 22.757374276467363 ], [ 79.123036523258108, 22.765182608337906 ], [ 79.138179414449127, 22.791499578716401 ], [ 79.178223948932043, 22.787450814042788 ], [ 79.192357314043662, 22.809140624794296 ], [ 79.228700252902115, 22.816948956664838 ], [ 79.229036761595253, 22.816948956664838 ], [ 79.240478057161795, 22.803356675260559 ], [ 79.24451616147941, 22.751879524410313 ], [ 79.26268763090863, 22.744649587493143 ], [ 79.243843144093134, 22.71891101206802 ], [ 79.264370174374307, 22.687099289632474 ], [ 79.288935308973066, 22.695486016456393 ], [ 79.289271817666204, 22.695486016456393 ], [ 79.291290869825005, 22.692015646736149 ], [ 79.297011517608283, 22.683339722435548 ], [ 79.296675008915145, 22.682761327482172 ], [ 79.297011517608283, 22.681893735052114 ], [ 79.287589274200528, 22.653263184860123 ], [ 79.306097252322886, 22.645165655512891 ], [ 79.305087726243485, 22.641984483269336 ], [ 79.300040095846484, 22.628103004388372 ], [ 79.297011517608283, 22.620294672517829 ], [ 79.316865530503179, 22.617402697750961 ], [ 79.324941739138382, 22.616535105320899 ], [ 79.327970317376582, 22.616245907844213 ] ] ] } },
{ "type": "Feature", "properties": { "dt_code": "448", "district": "Harda", "st_code": "23", "year": "2011_c", "st_nm": "Madhya Pradesh" }, "geometry": { "type": "Polygon", "coordinates": [ [ [ 77.390016753619065, 22.222937339550192 ], [ 77.38160403629071, 22.217153390016456 ], [ 77.422321588159903, 22.17290617608338 ], [ 77.42400413162558, 22.170881793746574 ], [ 77.472797892129975, 22.164230251782776 ], [ 77.465731209574159, 22.13241852934723 ], [ 77.474816944288776, 22.11795865551289 ], [ 77.461020087870295, 22.086146933077345 ], [ 77.460010561790895, 22.083254958310476 ], [ 77.460683579177157, 22.083254958310476 ], [ 77.510150357067829, 22.07573582391662 ], [ 77.50577574405709, 22.03004262260011 ], [ 77.478855048606377, 22.02483706801975 ], [ 77.471115348664298, 22.039875336807462 ], [ 77.453280387928217, 22.039296941854086 ], [ 77.444867670599862, 22.0193423159627 ], [ 77.397419944868005, 22.02107750082282 ], [ 77.395400892709205, 21.999098492594626 ], [ 77.380931018904448, 21.99157935820077 ], [ 77.358384936464489, 21.99157935820077 ], [ 77.323724541071698, 21.969311152495887 ], [ 77.276276815339841, 21.964394795392213 ], [ 77.246664050344066, 21.913785236972025 ], [ 77.220079863586491, 21.906555300054855 ], [ 77.218733828813953, 21.910025669775095 ], [ 77.221089389665892, 21.914652829402087 ], [ 77.213686198416951, 21.921015173889195 ], [ 77.173978172627159, 21.955718871091609 ], [ 77.169267050923295, 21.967286770159077 ], [ 77.16421942052628, 21.979722261656612 ], [ 77.137971742461843, 21.994471332967635 ], [ 77.073698582073291, 21.981168249040046 ], [ 77.024904821568896, 21.99129016072408 ], [ 76.992599987028044, 21.976541089413058 ], [ 76.976447569757624, 22.002279664838181 ], [ 76.972072956746885, 22.002858059791553 ], [ 76.963660239418545, 22.004304047174987 ], [ 76.955584030783328, 22.005750034558421 ], [ 76.954237996010789, 22.004593244651673 ], [ 76.938758596126647, 21.99157935820077 ], [ 76.904771218120132, 22.006617626988483 ], [ 76.906117252892656, 21.992157753154142 ], [ 76.887272766077174, 21.984060223806914 ], [ 76.86809177056854, 22.025415462973122 ], [ 76.8596790532402, 22.028596635216676 ], [ 76.840161549038442, 22.060119160175535 ], [ 76.845209179435443, 22.084411748217224 ], [ 76.857996509774523, 22.090195697750961 ], [ 76.857996509774523, 22.107258348875479 ], [ 76.871456857499879, 22.11795865551289 ], [ 76.836459953413964, 22.128369764673614 ], [ 76.826701201313085, 22.15671111738892 ], [ 76.84150758381098, 22.15844630224904 ], [ 76.847228231594244, 22.171749386176632 ], [ 76.83612344472084, 22.193149999451453 ], [ 76.849920301139321, 22.22582931431706 ], [ 76.844872670742319, 22.239132398244653 ], [ 76.855640948922598, 22.244627150301703 ], [ 76.843190127276642, 22.254459864509052 ], [ 76.857660001081399, 22.254459864509052 ], [ 76.857996509774523, 22.255038259462424 ], [ 76.874148927044956, 22.284247204607791 ], [ 76.894339448632977, 22.293212326385081 ], [ 76.891983887781038, 22.294658313768515 ], [ 76.869437805341079, 22.309696582556228 ], [ 76.869437805341079, 22.317215716950084 ], [ 76.869101296647941, 22.322421271530445 ], [ 76.851939353298121, 22.331097195831049 ], [ 76.824682149154285, 22.31403454470653 ], [ 76.817951975291606, 22.337170342841471 ], [ 76.800790031941787, 22.331386393307735 ], [ 76.780936019046891, 22.344111082281955 ], [ 76.793386840692847, 22.425664770707627 ], [ 76.801126540634925, 22.431737917718049 ], [ 76.908472813744595, 22.483215068568295 ], [ 76.919914109311151, 22.48813142567197 ], [ 77.026250856341434, 22.49333698025233 ], [ 77.078409703777169, 22.508953643993419 ], [ 77.078409703777169, 22.508953643993419 ], [ 77.129895533826641, 22.555514437739991 ], [ 77.129895533826641, 22.555514437739991 ], [ 77.160517824901817, 22.579228630828304 ], [ 77.165565455298818, 22.578071840921559 ], [ 77.175660716092835, 22.57604745858475 ], [ 77.218397320120829, 22.566793139330773 ], [ 77.221089389665892, 22.569106719144269 ], [ 77.213349689723813, 22.561876782227099 ], [ 77.23421322869811, 22.550887278113002 ], [ 77.257432328524345, 22.553490055403181 ], [ 77.271565693635964, 22.539030181568844 ], [ 77.247673576423466, 22.520521543060891 ], [ 77.263152976307623, 22.518497160724081 ], [ 77.282333971816243, 22.497385744925946 ], [ 77.281660954429981, 22.463549640153595 ], [ 77.29242923261026, 22.447932976412506 ], [ 77.279978410964304, 22.435497484914976 ], [ 77.308918158573817, 22.436654274821723 ], [ 77.301178458631739, 22.412940081733407 ], [ 77.323051523685436, 22.373320027427319 ], [ 77.313965788970819, 22.352208611629184 ], [ 77.357375410385089, 22.316926519473395 ], [ 77.354346832146874, 22.290031154141527 ], [ 77.370499249417307, 22.283668809654415 ], [ 77.363096058168352, 22.247519125068568 ], [ 77.38597864930145, 22.244627150301703 ], [ 77.390016753619065, 22.222937339550192 ] ] ] } },
{ "type": "Feature", "properties": { "dt_code": "440", "district": "Khargone", "st_code": "23", "year": "2011_c", "st_nm": "Madhya Pradesh" }, "geometry": { "type": "Polygon", "coordinates": [ [ [ 76.076959833010989, 21.572243017004936 ], [ 76.061480433126832, 21.573110609434998 ], [ 76.023118442109578, 21.549107218869995 ], [ 75.951778599165223, 21.547950428963247 ], [ 75.948077003540746, 21.490110933625893 ], [ 75.989804081489339, 21.488086551289083 ], [ 76.008985076997959, 21.469867110257816 ], [ 76.008312059611697, 21.417811564454198 ], [ 75.986775503251138, 21.368647993417444 ], [ 75.986775503251138, 21.368647993417444 ], [ 75.962883386038641, 21.389470211738892 ], [ 75.910388029909768, 21.382529472298408 ], [ 75.887168930083533, 21.393808173889195 ], [ 75.885486386617856, 21.394675766319253 ], [ 75.833327539182122, 21.376745522764676 ], [ 75.728673335617515, 21.388602619308831 ], [ 75.670457331705364, 21.374721140427866 ], [ 75.622336588587231, 21.375877930334614 ], [ 75.618971501655892, 21.379059102578168 ], [ 75.608539732168751, 21.390048606692265 ], [ 75.621663571200969, 21.390916199122326 ], [ 75.62368262335977, 21.392072989029074 ], [ 75.602482575692335, 21.397278543609435 ], [ 75.606184171316812, 21.417522366977511 ], [ 75.590368262739517, 21.438922980252332 ], [ 75.610558784327552, 21.458010013713661 ], [ 75.583301580183715, 21.475651059791552 ], [ 75.498837898207128, 21.486929761382338 ], [ 75.462831468041813, 21.514981916620954 ], [ 75.464850520200613, 21.556047958310479 ], [ 75.502202985138467, 21.613598256171148 ], [ 75.447352068157656, 21.641361213933077 ], [ 75.438602842136177, 21.675775713658805 ], [ 75.391491625097444, 21.681559663192541 ], [ 75.350774073228266, 21.67085935655513 ], [ 75.322170834311891, 21.66189423477784 ], [ 75.292894578009253, 21.634998869445969 ], [ 75.283808843294636, 21.65292911300055 ], [ 75.259916726082139, 21.662761827207898 ], [ 75.268329443410479, 21.686476020296215 ], [ 75.217516630747284, 21.694573549643444 ], [ 75.208767404725805, 21.708455028524412 ], [ 75.207757878646404, 21.728409654415799 ], [ 75.222227752451147, 21.742291133296764 ], [ 75.276069143352558, 21.738531566099837 ], [ 75.270685004262418, 21.765137733955019 ], [ 75.282126299828974, 21.772078473395503 ], [ 75.272367547728081, 21.801287418540866 ], [ 75.295250138861192, 21.811120132748218 ], [ 75.293231086702377, 21.824712414152497 ], [ 75.310056521359073, 21.843510250137136 ], [ 75.297942208406255, 21.863175678551837 ], [ 75.27674216073882, 21.866067653318705 ], [ 75.276069143352558, 21.886022279210096 ], [ 75.287846947612238, 21.892095426220518 ], [ 75.283472334601498, 21.915809619308831 ], [ 75.297605699713117, 21.922461161272629 ], [ 75.307364451813996, 21.907422892484917 ], [ 75.332602603799032, 21.909158077345037 ], [ 75.33832325158231, 21.945886156884256 ], [ 75.352793125387066, 21.956008068568295 ], [ 75.350437564535127, 21.982035841470104 ], [ 75.398221798960122, 21.984638618760286 ], [ 75.405624990209077, 22.002568862314867 ], [ 75.443650472533193, 22.025993857926494 ], [ 75.414037707537418, 22.02281268568294 ], [ 75.413701198844279, 22.058673172792101 ], [ 75.456774311565411, 22.059251567745473 ], [ 75.451390172475271, 22.072554651673066 ], [ 75.394856712028783, 22.080073786066922 ], [ 75.380723346917165, 22.102052794295119 ], [ 75.357504247090944, 22.098293227098189 ], [ 75.354812177545867, 22.11275310093253 ], [ 75.321834325618752, 22.122875012616568 ], [ 75.316450186528613, 22.133286121777292 ], [ 75.32755497340203, 22.134442911684037 ], [ 75.487060093947449, 22.153529945145365 ], [ 75.490761689571926, 22.153819142622051 ], [ 75.520710963260825, 22.173195373560066 ], [ 75.515999841556962, 22.186209260010973 ], [ 75.53551734575872, 22.234216041140979 ], [ 75.533161784906781, 22.263424986286342 ], [ 75.517682385022624, 22.279620044980803 ], [ 75.518691911102025, 22.326180838727375 ], [ 75.490088672185649, 22.326180838727375 ], [ 75.496482337355189, 22.339773120131653 ], [ 75.509269667694284, 22.339194725178277 ], [ 75.508596650308007, 22.373609224904005 ], [ 75.522393506726502, 22.375344409764125 ], [ 75.536863380531244, 22.356835771256172 ], [ 75.564793602061357, 22.375922804717501 ], [ 75.56210153251628, 22.377079594624245 ], [ 75.575225371548498, 22.377657989577621 ], [ 75.592723823591456, 22.360884535929788 ], [ 75.610222275634413, 22.363776510696656 ], [ 75.61089529302069, 22.346713859572134 ], [ 75.599790506147272, 22.340640712561711 ], [ 75.615606414724553, 22.337748737794843 ], [ 75.640844566709589, 22.3562573763028 ], [ 75.653631897048683, 22.331964788261107 ], [ 75.654641423128083, 22.342665094898521 ], [ 75.721606653061698, 22.369560460230389 ], [ 75.721606653061698, 22.369271262753703 ], [ 75.722279670447975, 22.369560460230389 ], [ 75.746171787660472, 22.360016943499726 ], [ 75.759968644078953, 22.362908918266594 ], [ 75.818857665377365, 22.399347800329128 ], [ 75.82188624361558, 22.405999342292926 ], [ 75.834337065261522, 22.408891317059791 ], [ 75.857219656394619, 22.381706754251233 ], [ 75.860921252019097, 22.380839161821175 ], [ 75.894235612639335, 22.385177123971477 ], [ 75.906013416899029, 22.387201506308283 ], [ 75.914089625534231, 22.420459216127263 ], [ 75.960864333879826, 22.430581127811301 ], [ 75.99384218580694, 22.413518476686782 ], [ 76.006629516146035, 22.421905203510697 ], [ 76.008648568304835, 22.444462606692266 ], [ 76.031867668131056, 22.43694347229841 ], [ 76.039270859380011, 22.452560136039494 ], [ 76.041962928925074, 22.458054888096544 ], [ 76.046001033242689, 22.456319703236424 ], [ 76.052058189719091, 22.459790072956665 ], [ 76.050712154946552, 22.478298711464618 ], [ 76.023791459495854, 22.495072165112454 ], [ 76.027829563813455, 22.528908269884806 ], [ 76.027829563813455, 22.528908269884806 ], [ 76.060470907047431, 22.533535429511794 ], [ 76.076286815624727, 22.523702715304445 ], [ 76.080661428635466, 22.539030181568844 ], [ 76.082680480794266, 22.537294996708724 ], [ 76.087055093805006, 22.53382462698848 ], [ 76.101188458916624, 22.470490379594075 ], [ 76.212236327650771, 22.417856438837081 ], [ 76.233099866625068, 22.392407060888647 ], [ 76.234782410090745, 22.390093481075152 ], [ 76.222331588444789, 22.36319811574328 ], [ 76.21997602759285, 22.357703363686234 ], [ 76.219303010206588, 22.356546573779486 ], [ 76.215264905888986, 22.3562573763028 ], [ 76.203823610322431, 22.353076204059242 ], [ 76.211563310264509, 22.339483922654964 ], [ 76.213918871116448, 22.334856763027975 ], [ 76.21459188850271, 22.333699973121231 ], [ 76.212236327650771, 22.329940405924301 ], [ 76.211226801571371, 22.327626826110809 ], [ 76.181614036575596, 22.275860477783873 ], [ 76.158731445442498, 22.2556166544158 ], [ 76.099169406757824, 22.249543507405377 ], [ 76.012686672622436, 22.21165863795941 ], [ 76.024800985575254, 22.196909566648383 ], [ 76.082680480794266, 22.185630865057597 ], [ 76.102197984996025, 22.213104625342844 ], [ 76.153683815045497, 22.213104625342844 ], [ 76.150655236807296, 22.17840092814043 ], [ 76.121715489197783, 22.170881793746574 ], [ 76.117340876187043, 22.159024697202415 ], [ 76.13820441516134, 22.110150323642348 ], [ 76.093112250281408, 22.089906500274274 ], [ 76.095804319826485, 22.053467618211741 ], [ 76.138877432547616, 22.055492000548547 ], [ 76.151664762886696, 22.065613912232585 ], [ 76.154020323738635, 22.077181811300054 ], [ 76.13719488908194, 22.080652181020298 ], [ 76.133493293457462, 22.093087672517829 ], [ 76.134839328230001, 22.094244462424577 ], [ 76.141569502092679, 22.102052794295119 ], [ 76.154356832431759, 22.117091063082832 ], [ 76.171855284474717, 22.120850630279758 ], [ 76.175220371406056, 22.121429025233134 ], [ 76.176229897485456, 22.12171822270982 ], [ 76.176902914871732, 22.120850630279758 ], [ 76.198775979925429, 22.097136437191445 ], [ 76.219639518899726, 22.099739214481623 ], [ 76.224350640603589, 22.074868231486562 ], [ 76.225023657989865, 22.071976256719694 ], [ 76.200122014697968, 22.067059899616019 ], [ 76.198775979925429, 22.04450249643445 ], [ 76.19440136691469, 22.044213298957764 ], [ 76.165125110612053, 22.04276731157433 ], [ 76.164452093225776, 22.042478114097641 ], [ 76.152337780272958, 22.032067004936916 ], [ 76.165125110612053, 22.012401576522215 ], [ 76.142579028172079, 21.97711948436643 ], [ 76.160413988908175, 21.968154362589139 ], [ 76.148636184648495, 21.946753749314318 ], [ 76.169163214929654, 21.886311476686782 ], [ 76.169499723622792, 21.886022279210096 ], [ 76.168490197543377, 21.886022279210096 ], [ 76.12541708482226, 21.870694812945693 ], [ 76.124744067435984, 21.854788951727922 ], [ 76.100515441530362, 21.855078149204608 ], [ 76.110947211017503, 21.794925074053758 ], [ 76.093112250281408, 21.791743901810204 ], [ 76.092775741588284, 21.770632486012069 ], [ 76.126763119594798, 21.760221376851344 ], [ 76.124071050049722, 21.74981026769062 ], [ 76.100515441530362, 21.745183108063632 ], [ 76.104553545847963, 21.723493297312125 ], [ 76.12642661090166, 21.721179717498629 ], [ 76.14998221942102, 21.734771998902907 ], [ 76.170172741009054, 21.720890520021943 ], [ 76.171182267088454, 21.699779104223808 ], [ 76.152001271579834, 21.694284352166758 ], [ 76.152001271579834, 21.677221701042239 ], [ 76.133156784764338, 21.691103179923203 ], [ 76.107918632779302, 21.691103179923203 ], [ 76.069556641762048, 21.663340222161274 ], [ 76.076623324317865, 21.574556596818432 ], [ 76.076959833010989, 21.572243017004936 ] ] ] } },
{ "type": "Feature", "properties": { "dt_code": "466", "district": "Khandwa", "st_code": "23", "year": "2011_c", "st_nm": "Madhya Pradesh" }, "geometry": { "type": "Polygon", "coordinates": [ [ [ 76.781272527740029, 21.558939933077347 ], [ 76.768148688707811, 21.555180365880418 ], [ 76.753342306209916, 21.556337155787165 ], [ 76.751659762744254, 21.556337155787165 ], [ 76.751323254051115, 21.556337155787165 ], [ 76.745266097574714, 21.574845794295118 ], [ 76.70993268479566, 21.559807525507406 ], [ 76.611672146400593, 21.573399806911684 ], [ 76.51273859061925, 21.56125351289084 ], [ 76.485481386475414, 21.577737769061986 ], [ 76.451830517162037, 21.582075731212289 ], [ 76.435678099891618, 21.597114 ], [ 76.427601891256401, 21.583232521119037 ], [ 76.407074860975243, 21.598849184860121 ], [ 76.377125587286343, 21.59798159243006 ], [ 76.374433517741267, 21.580629743828855 ], [ 76.359627135243386, 21.580051348875479 ], [ 76.365011274333526, 21.572532214481626 ], [ 76.364338256947249, 21.572243017004936 ], [ 76.364001748254125, 21.572243017004936 ], [ 76.35256045268757, 21.56674826494789 ], [ 76.342801700586691, 21.56848344980801 ], [ 76.299055570479297, 21.575424189248491 ], [ 76.293334922696019, 21.576291781678552 ], [ 76.293334922696019, 21.576580979155239 ], [ 76.294680957468557, 21.592197642896327 ], [ 76.295017466161696, 21.594800420186505 ], [ 76.28559522275394, 21.595378815139881 ], [ 76.286268240140217, 21.584967705979157 ], [ 76.21358236242331, 21.571086227098192 ], [ 76.213245853730172, 21.561542710367526 ], [ 76.196756927766629, 21.560385920460778 ], [ 76.197766453846029, 21.550264008776743 ], [ 76.176902914871732, 21.541588084476139 ], [ 76.154693341124897, 21.548239626439933 ], [ 76.14998221942102, 21.578316164015359 ], [ 76.138877432547616, 21.575424189248491 ], [ 76.14459808033088, 21.57021863466813 ], [ 76.135848854309401, 21.560675117937468 ], [ 76.11262975448318, 21.578026966538673 ], [ 76.076959833010989, 21.572243017004936 ], [ 76.076623324317865, 21.574556596818432 ], [ 76.069556641762048, 21.663340222161274 ], [ 76.107918632779302, 21.691103179923203 ], [ 76.133156784764338, 21.691103179923203 ], [ 76.152001271579834, 21.677221701042239 ], [ 76.152001271579834, 21.694284352166758 ], [ 76.171182267088454, 21.699779104223808 ], [ 76.170172741009054, 21.720890520021943 ], [ 76.14998221942102, 21.734771998902907 ], [ 76.12642661090166, 21.721179717498629 ], [ 76.104553545847963, 21.723493297312125 ], [ 76.100515441530362, 21.745183108063632 ], [ 76.124071050049722, 21.74981026769062 ], [ 76.126763119594798, 21.760221376851344 ], [ 76.092775741588284, 21.770632486012069 ], [ 76.093112250281408, 21.791743901810204 ], [ 76.110947211017503, 21.794925074053758 ], [ 76.100515441530362, 21.855078149204608 ], [ 76.124744067435984, 21.854788951727922 ], [ 76.12541708482226, 21.870694812945693 ], [ 76.168490197543377, 21.886022279210096 ], [ 76.169499723622792, 21.886022279210096 ], [ 76.169163214929654, 21.886311476686782 ], [ 76.148636184648495, 21.946753749314318 ], [ 76.160413988908175, 21.968154362589139 ], [ 76.142579028172079, 21.97711948436643 ], [ 76.165125110612053, 22.012401576522215 ], [ 76.152337780272958, 22.032067004936916 ], [ 76.164452093225776, 22.042478114097641 ], [ 76.165125110612053, 22.04276731157433 ], [ 76.19440136691469, 22.044213298957764 ], [ 76.198775979925429, 22.04450249643445 ], [ 76.200122014697968, 22.067059899616019 ], [ 76.225023657989865, 22.071976256719694 ], [ 76.224350640603589, 22.074868231486562 ], [ 76.219639518899726, 22.099739214481623 ], [ 76.198775979925429, 22.097136437191445 ], [ 76.176902914871732, 22.120850630279758 ], [ 76.176229897485456, 22.12171822270982 ], [ 76.175220371406056, 22.121429025233134 ], [ 76.171855284474717, 22.120850630279758 ], [ 76.154356832431759, 22.117091063082832 ], [ 76.141569502092679, 22.102052794295119 ], [ 76.134839328230001, 22.094244462424577 ], [ 76.133493293457462, 22.093087672517829 ], [ 76.13719488908194, 22.080652181020298 ], [ 76.154020323738635, 22.077181811300054 ], [ 76.151664762886696, 22.065613912232585 ], [ 76.138877432547616, 22.055492000548547 ], [ 76.095804319826485, 22.053467618211741 ], [ 76.093112250281408, 22.089906500274274 ], [ 76.13820441516134, 22.110150323642348 ], [ 76.117340876187043, 22.159024697202415 ], [ 76.121715489197783, 22.170881793746574 ], [ 76.150655236807296, 22.17840092814043 ], [ 76.153683815045497, 22.213104625342844 ], [ 76.102197984996025, 22.213104625342844 ], [ 76.082680480794266, 22.185630865057597 ], [ 76.024800985575254, 22.196909566648383 ], [ 76.012686672622436, 22.21165863795941 ], [ 76.099169406757824, 22.249543507405377 ], [ 76.158731445442498, 22.2556166544158 ], [ 76.181614036575596, 22.275860477783873 ], [ 76.211226801571371, 22.327626826110809 ], [ 76.211563310264509, 22.327337628634119 ], [ 76.251607844747426, 22.289741956664837 ], [ 76.326649283316272, 22.298417880965442 ], [ 76.399671669726303, 22.337459540318157 ], [ 76.443754308526835, 22.342665094898521 ], [ 76.436014608584756, 22.363776510696656 ], [ 76.443417799833696, 22.382863544157981 ], [ 76.49793220812137, 22.411783291826659 ], [ 76.498268716814508, 22.411783291826659 ], [ 76.49894173420077, 22.411783291826659 ], [ 76.553792651181581, 22.398769405375756 ], [ 76.603259429072253, 22.40542094733955 ], [ 76.603932446458515, 22.40542094733955 ], [ 76.622440424580873, 22.373030829950633 ], [ 76.655418276507987, 22.360595338453098 ], [ 76.664504011222604, 22.345557069665386 ], [ 76.655081767814849, 22.330518800877673 ], [ 76.682675480651824, 22.296682696105321 ], [ 76.719354928203401, 22.3102749775096 ], [ 76.742237519336499, 22.292055536478333 ], [ 76.768485197400935, 22.316348124520022 ], [ 76.780936019046891, 22.344111082281955 ], [ 76.800790031941787, 22.331386393307735 ], [ 76.817951975291606, 22.337170342841471 ], [ 76.824682149154285, 22.31403454470653 ], [ 76.851939353298121, 22.331097195831049 ], [ 76.869101296647941, 22.322421271530445 ], [ 76.869437805341079, 22.317215716950084 ], [ 76.869437805341079, 22.309696582556228 ], [ 76.891983887781038, 22.294658313768515 ], [ 76.894339448632977, 22.293212326385081 ], [ 76.874148927044956, 22.284247204607791 ], [ 76.857996509774523, 22.255038259462424 ], [ 76.857660001081399, 22.254459864509052 ], [ 76.843190127276642, 22.254459864509052 ], [ 76.855640948922598, 22.244627150301703 ], [ 76.844872670742319, 22.239132398244653 ], [ 76.849920301139321, 22.22582931431706 ], [ 76.83612344472084, 22.193149999451453 ], [ 76.847228231594244, 22.171749386176632 ], [ 76.84150758381098, 22.15844630224904 ], [ 76.826701201313085, 22.15671111738892 ], [ 76.836459953413964, 22.128369764673614 ], [ 76.871456857499879, 22.11795865551289 ], [ 76.857996509774523, 22.107258348875479 ], [ 76.857996509774523, 22.090195697750961 ], [ 76.845209179435443, 22.084411748217224 ], [ 76.840161549038442, 22.060119160175535 ], [ 76.8596790532402, 22.028596635216676 ], [ 76.86809177056854, 22.025415462973122 ], [ 76.887272766077174, 21.984060223806914 ], [ 76.906117252892656, 21.992157753154142 ], [ 76.904771218120132, 22.006617626988483 ], [ 76.938758596126647, 21.99157935820077 ], [ 76.954237996010789, 22.004593244651673 ], [ 76.955584030783328, 22.005750034558421 ], [ 76.963660239418545, 22.004304047174987 ], [ 76.972072956746885, 22.002858059791553 ], [ 76.976447569757624, 22.002279664838181 ], [ 76.992599987028044, 21.976541089413058 ], [ 77.024904821568896, 21.99129016072408 ], [ 77.073698582073291, 21.981168249040046 ], [ 77.137971742461843, 21.994471332967635 ], [ 77.16421942052628, 21.979722261656612 ], [ 77.169267050923295, 21.967286770159077 ], [ 77.173978172627159, 21.955718871091609 ], [ 77.213686198416951, 21.921015173889195 ], [ 77.221089389665892, 21.914652829402087 ], [ 77.218733828813953, 21.910025669775095 ], [ 77.220079863586491, 21.906555300054855 ], [ 77.218733828813953, 21.905976905101483 ], [ 77.213013181030689, 21.899036165660998 ], [ 77.208975076713074, 21.893541413603948 ], [ 77.201235376770995, 21.875032775095995 ], [ 77.212340163644413, 21.868959628085573 ], [ 77.169267050923295, 21.868092035655515 ], [ 77.16623847268508, 21.867802838178825 ], [ 77.166574981378218, 21.863754073505213 ], [ 77.169267050923295, 21.813144515085025 ], [ 77.191476624670116, 21.806782170597916 ], [ 77.185755976886853, 21.795214271530444 ], [ 77.199552833305333, 21.79029791442677 ], [ 77.150086055414661, 21.772367670872189 ], [ 77.142682864165721, 21.785381557323095 ], [ 77.121819325191424, 21.775259645639057 ], [ 77.099609751444589, 21.785092359846409 ], [ 77.103647855762205, 21.776127238069119 ], [ 77.079419229856569, 21.770343288535383 ], [ 77.067977934290013, 21.74981026769062 ], [ 77.07605414292523, 21.730144839275919 ], [ 77.074371599459568, 21.729566444322547 ], [ 77.060574743041073, 21.734771998902907 ], [ 77.061920777813611, 21.711925398244652 ], [ 77.040047712759915, 21.697465524410312 ], [ 77.040047712759915, 21.697465524410312 ], [ 77.033317538897236, 21.723493297312125 ], [ 77.01447305208174, 21.719444532638509 ], [ 77.013127017309216, 21.719155335161823 ], [ 77.023558786796357, 21.688211205156335 ], [ 77.0060603347534, 21.678667688425673 ], [ 76.998993652197584, 21.691970772353265 ], [ 76.992599987028044, 21.666521394404828 ], [ 76.928999844025768, 21.624298562808558 ], [ 76.902752165961331, 21.597692394953373 ], [ 76.879533066135096, 21.604633134393858 ], [ 76.85429491415006, 21.613309058694462 ], [ 76.853621896763798, 21.6124414662644 ], [ 76.832758357789501, 21.589016470652769 ], [ 76.795742401544771, 21.594222025233133 ], [ 76.795405892851647, 21.593932827756447 ], [ 76.793723349385971, 21.590173260559517 ], [ 76.781272527740029, 21.56472388261108 ], [ 76.782282053819429, 21.56125351289084 ], [ 76.781272527740029, 21.558939933077347 ] ] ] } },
{ "type": "Feature", "properties": { "dt_code": "457", "district": "Balaghat", "st_code": "23", "year": "2011_c", "st_nm": "Madhya Pradesh" }, "geometry": { "type": "Polygon", "coordinates": [ [ [ 79.510021520361974, 21.595957210093253 ], [ 79.536605707119534, 21.604054739440482 ], [ 79.54266286359595, 21.60868189906747 ], [ 79.54064381143715, 21.630950104772353 ], [ 79.592802658872884, 21.646566768513441 ], [ 79.588764554555283, 21.66015904991772 ], [ 79.608618567450179, 21.679246083379045 ], [ 79.599532832735562, 21.709611818431156 ], [ 79.672891727838731, 21.696308734503567 ], [ 79.656402801875174, 21.738242368623148 ], [ 79.682313971246472, 21.746918292923752 ], [ 79.690726688574813, 21.800419826110808 ], [ 79.76980623146126, 21.809095750411409 ], [ 79.793698348673757, 21.836858708173342 ], [ 79.7772094227102, 21.859994506308283 ], [ 79.818936500658793, 21.870405615469007 ], [ 79.83879051355369, 21.88544388425672 ], [ 79.841482583098752, 21.905398510148107 ], [ 79.877152504570944, 21.908001287438289 ], [ 79.890949360989424, 21.93142628304992 ], [ 79.84080956571249, 21.937499430060342 ], [ 79.840136548326228, 21.945307761930884 ], [ 79.863355648152449, 21.958321648381791 ], [ 79.861336595993649, 21.966419177729019 ], [ 79.923254195530276, 21.973649114646189 ], [ 79.926282773768477, 22.032356202413606 ], [ 79.91719703905386, 22.034669782227098 ], [ 79.934022473710556, 22.069084281952826 ], [ 79.990219425463891, 22.06879508447614 ], [ 80.001324212337309, 22.082387365880418 ], [ 80.067279916191538, 22.077471008776744 ], [ 80.033629046878161, 22.181582100383984 ], [ 80.033629046878161, 22.18187129786067 ], [ 80.059876724942598, 22.212237032912782 ], [ 80.086124403007034, 22.221780549643444 ], [ 80.083095824768819, 22.232480856280855 ], [ 80.098575224652976, 22.245783940208447 ], [ 80.081076772610018, 22.296682696105321 ], [ 80.099921259425514, 22.335435157981351 ], [ 80.101603802891177, 22.338905527701591 ], [ 80.103286346356853, 22.342665094898521 ], [ 80.159819806803327, 22.346135464618762 ], [ 80.172270628449283, 22.340062317608339 ], [ 80.168232524131668, 22.325313246297313 ], [ 80.228131071509495, 22.31374534722984 ], [ 80.235197754065297, 22.301599053208996 ], [ 80.273223236389413, 22.307383002742732 ], [ 80.279280392865829, 22.323288863960506 ], [ 80.323026522973223, 22.346135464618762 ], [ 80.346245622799458, 22.327048431157433 ], [ 80.336150362005441, 22.298996275918817 ], [ 80.399750505007731, 22.304491027975864 ], [ 80.420950552675151, 22.278174057597369 ], [ 80.415566413585012, 22.244337952825013 ], [ 80.446861722046449, 22.246073137685134 ], [ 80.450899826364065, 22.263424986286342 ], [ 80.465033191475683, 22.2642925787164 ], [ 80.462341121930606, 22.280776834887547 ], [ 80.487579273915642, 22.270076528250137 ], [ 80.507769795503677, 22.275571280307187 ], [ 80.515509495445755, 22.262268196379594 ], [ 80.526277773626035, 22.26458177619309 ], [ 80.532334930102436, 22.240578385628087 ], [ 80.579782655834308, 22.226407709270433 ], [ 80.645738359688522, 22.227564499177181 ], [ 80.706309924452611, 22.202115121228744 ], [ 80.728519498199447, 22.22033456226001 ], [ 80.703617854907549, 22.254749061985738 ], [ 80.703954363600673, 22.270654923203512 ], [ 80.744671915469866, 22.284536402084477 ], [ 80.773611663079379, 22.317215716950084 ], [ 80.787745028190997, 22.31374534722984 ], [ 80.80221490199574, 22.366379287986835 ], [ 80.795484728133061, 22.399926195282504 ], [ 80.811300636710357, 22.40195057761931 ], [ 80.814665723641696, 22.390093481075152 ], [ 80.86581504499803, 22.378814779484365 ], [ 80.865478536304892, 22.364933300603401 ], [ 80.893745266528143, 22.350473426769064 ], [ 80.882976988347849, 22.347292254525509 ], [ 80.881630953575325, 22.333699973121231 ], [ 80.908888157719161, 22.342954292375207 ], [ 80.93143424015912, 22.331097195831049 ], [ 80.909561175105424, 22.317794111903456 ], [ 80.903840527322146, 22.297550288535383 ], [ 80.914945314195563, 22.279041650027427 ], [ 80.936481870556122, 22.277884860120682 ], [ 80.938164414021799, 22.287717574328031 ], [ 80.958354935609819, 22.2752820828305 ], [ 81.006475678727952, 22.283668809654415 ], [ 81.044837669745206, 22.240578385628087 ], [ 81.044837669745206, 22.240578385628087 ], [ 81.01959951776017, 22.221202154690072 ], [ 81.031713830712988, 22.199801541415251 ], [ 81.030704304633588, 22.187366049917721 ], [ 81.016570939521969, 22.185630865057597 ], [ 81.026666200315987, 22.166543831596272 ], [ 81.021955078612109, 22.132707726823917 ], [ 80.994697874468272, 22.135599701590785 ], [ 80.977872439811591, 22.122585815139878 ], [ 80.980901018049792, 22.110150323642348 ], [ 80.990323261457533, 22.113620693362591 ], [ 81.01118680043183, 22.095690449808011 ], [ 81.001428048330951, 22.083544155787166 ], [ 81.009167748273029, 22.070819466812946 ], [ 81.005129643955428, 22.062432739989031 ], [ 81.003783609182889, 22.060119160175535 ], [ 81.003110591796613, 22.058383975315415 ], [ 81.002101065717213, 22.057805580362043 ], [ 80.988977226684995, 22.051154038398245 ], [ 80.984266104981131, 22.048551261108063 ], [ 80.970132739869513, 22.057516382885353 ], [ 80.971815283335175, 22.0849901431706 ], [ 80.957008900837295, 22.110439521119034 ], [ 80.92201199675138, 22.1199830378497 ], [ 80.907878631639761, 22.109571928688975 ], [ 80.896773844766344, 22.064457122325837 ], [ 80.882640479654725, 22.058962370268787 ], [ 80.856729310283413, 21.964973190345585 ], [ 80.84764357556881, 21.955718871091609 ], [ 80.825434001821975, 21.958321648381791 ], [ 80.845961032103133, 21.942415787164016 ], [ 80.843941979944333, 21.935764245200222 ], [ 80.839230858240455, 21.918701594075699 ], [ 80.833173701764053, 21.896433388370816 ], [ 80.834183227843454, 21.88920345145365 ], [ 80.852691205965812, 21.873586787712561 ], [ 80.852354697272673, 21.873008392759189 ], [ 80.842932453864933, 21.865489258365333 ], [ 80.84225943647867, 21.864910863411961 ], [ 80.852354697272673, 21.854210556774547 ], [ 80.839230858240455, 21.848137409764124 ], [ 80.839230858240455, 21.847848212287438 ], [ 80.842932453864933, 21.835412720789908 ], [ 80.845624523410009, 21.834545128359846 ], [ 80.844278488637471, 21.830785561162919 ], [ 80.844614997330609, 21.829339573779485 ], [ 80.816684775800496, 21.761667364234778 ], [ 80.819713354038697, 21.7480750828305 ], [ 80.785389467339058, 21.740266750959957 ], [ 80.778322784783242, 21.754726624794294 ], [ 80.756113211036421, 21.762245759188151 ], [ 80.726163937347508, 21.713660583104772 ], [ 80.73424014598271, 21.694573549643444 ], [ 80.714386133087828, 21.661605037301154 ], [ 80.730875059051385, 21.617357823368074 ], [ 80.715395659167228, 21.584967705979157 ], [ 80.72885600689257, 21.572532214481626 ], [ 80.720106780871092, 21.554891168403731 ], [ 80.740633811152264, 21.539274504662643 ], [ 80.727509972120046, 21.496184080636315 ], [ 80.737605232914049, 21.473048282501374 ], [ 80.70664643314575, 21.431982240811848 ], [ 80.705973415759473, 21.427933476138236 ], [ 80.700589276669334, 21.398146136039497 ], [ 80.699243241896795, 21.390916199122326 ], [ 80.684436859398915, 21.363153241360397 ], [ 80.676024142070574, 21.347247380142623 ], [ 80.670976511673558, 21.338282258365332 ], [ 80.660208233493279, 21.334233493691716 ], [ 80.660208233493279, 21.334233493691716 ], [ 80.660544742186417, 21.333655098738344 ], [ 80.621509733782901, 21.320352014810751 ], [ 80.599973177422328, 21.32671435929786 ], [ 80.589541407935187, 21.343487812945696 ], [ 80.566658816802089, 21.345512195282502 ], [ 80.570360412426552, 21.357658489303347 ], [ 80.543103208282716, 21.370672375754253 ], [ 80.527623808398573, 21.394675766319253 ], [ 80.457630000226743, 21.402773295666485 ], [ 80.448544265512126, 21.372118363137687 ], [ 80.412201326653673, 21.376745522764676 ], [ 80.396048909383254, 21.407978850246845 ], [ 80.42229658744769, 21.440368967635766 ], [ 80.383934596430436, 21.490110933625893 ], [ 80.376194896488357, 21.523947038398244 ], [ 80.330766222915301, 21.547950428963247 ], [ 80.339178940243642, 21.554891168403731 ], [ 80.320670962121284, 21.576291781678552 ], [ 80.298124879681325, 21.57571338672518 ], [ 80.294423284056847, 21.592776037849699 ], [ 80.280962936331491, 21.596246407569939 ], [ 80.267502588606149, 21.617357823368074 ], [ 80.221400897646816, 21.620828193088318 ], [ 80.204575462990121, 21.635288066922655 ], [ 80.20255641083132, 21.635288066922655 ], [ 80.154772176406325, 21.606368319253978 ], [ 80.121457815786073, 21.610995478880966 ], [ 80.116073676695933, 21.593065235326385 ], [ 80.101267294198053, 21.589884063082831 ], [ 80.069298968350338, 21.556626353263852 ], [ 80.066606898805261, 21.55402357597367 ], [ 80.032956029491885, 21.556047958310479 ], [ 79.999641668871647, 21.534358147558969 ], [ 79.998632142792246, 21.53349055512891 ], [ 79.980124164669888, 21.549974811300057 ], [ 79.970365412569009, 21.5577831431706 ], [ 79.954886012684852, 21.556915550740538 ], [ 79.935368508483094, 21.555180365880418 ], [ 79.918543073826399, 21.52452543335162 ], [ 79.918543073826399, 21.52452543335162 ], [ 79.892295395761963, 21.518163088864508 ], [ 79.891285869682562, 21.518163088864508 ], [ 79.890612852296286, 21.518163088864508 ], [ 79.831050813611611, 21.546793639056499 ], [ 79.792015805208095, 21.586702890839277 ], [ 79.739183940386084, 21.60347634448711 ], [ 79.661113923579052, 21.576870176631925 ], [ 79.652701206250697, 21.556047958310479 ], [ 79.652028188864435, 21.556047958310479 ], [ 79.633856719435201, 21.556915550740538 ], [ 79.619723354323582, 21.557493945693913 ], [ 79.61905033693732, 21.557493945693913 ], [ 79.580688345920066, 21.541588084476139 ], [ 79.580015328533804, 21.541298886999453 ], [ 79.544681915754751, 21.542455676906201 ], [ 79.538961267971473, 21.541009689522767 ], [ 79.540307302744012, 21.547082836533189 ], [ 79.544008898368489, 21.55951832803072 ], [ 79.541989846209674, 21.56125351289084 ], [ 79.512040572520775, 21.584100113549095 ], [ 79.510021520361974, 21.595957210093253 ] ] ] } },
{ "type": "Feature", "properties": { "dt_code": "441", "district": "Barwani", "st_code": "23", "year": "2011_c", "st_nm": "Madhya Pradesh" }, "geometry": { "type": "Polygon", "coordinates": [ [ [ 74.432778358359272, 22.029753425123424 ], [ 74.432105340972996, 22.030331820076796 ], [ 74.501762640451702, 22.045659286341195 ], [ 74.502435657837964, 22.04450249643445 ], [ 74.532048422833739, 22.051443235874931 ], [ 74.562334205215777, 22.023391080636316 ], [ 74.591946970211552, 22.023391080636316 ], [ 74.637712152477746, 22.036983362040594 ], [ 74.679102721733202, 22.03553737465716 ], [ 74.778709294900807, 22.078338601206802 ], [ 74.83423322926788, 22.062143542512342 ], [ 74.909947685222988, 22.082387365880418 ], [ 75.188240374444632, 22.104655571585301 ], [ 75.238043661028442, 22.123742605046626 ], [ 75.238716678414704, 22.124031802523312 ], [ 75.316450186528613, 22.133286121777292 ], [ 75.321834325618752, 22.122875012616568 ], [ 75.354812177545867, 22.11275310093253 ], [ 75.357504247090944, 22.098293227098189 ], [ 75.380723346917165, 22.102052794295119 ], [ 75.394856712028783, 22.080073786066922 ], [ 75.451390172475271, 22.072554651673066 ], [ 75.456774311565411, 22.059251567745473 ], [ 75.413701198844279, 22.058673172792101 ], [ 75.414037707537418, 22.02281268568294 ], [ 75.443650472533193, 22.025993857926494 ], [ 75.405624990209077, 22.002568862314867 ], [ 75.398221798960122, 21.984638618760286 ], [ 75.350437564535127, 21.982035841470104 ], [ 75.352793125387066, 21.956008068568295 ], [ 75.33832325158231, 21.945886156884256 ], [ 75.332602603799032, 21.909158077345037 ], [ 75.307364451813996, 21.907422892484917 ], [ 75.297605699713117, 21.922461161272629 ], [ 75.283472334601498, 21.915809619308831 ], [ 75.287846947612238, 21.892095426220518 ], [ 75.276069143352558, 21.886022279210096 ], [ 75.27674216073882, 21.866067653318705 ], [ 75.297942208406255, 21.863175678551837 ], [ 75.310056521359073, 21.843510250137136 ], [ 75.293231086702377, 21.824712414152497 ], [ 75.295250138861192, 21.811120132748218 ], [ 75.272367547728081, 21.801287418540866 ], [ 75.282126299828974, 21.772078473395503 ], [ 75.270685004262418, 21.765137733955019 ], [ 75.276069143352558, 21.738531566099837 ], [ 75.222227752451147, 21.742291133296764 ], [ 75.207757878646404, 21.728409654415799 ], [ 75.208767404725805, 21.708455028524412 ], [ 75.217516630747284, 21.694573549643444 ], [ 75.268329443410479, 21.686476020296215 ], [ 75.259916726082139, 21.662761827207898 ], [ 75.283808843294636, 21.65292911300055 ], [ 75.292894578009253, 21.634998869445969 ], [ 75.322170834311891, 21.66189423477784 ], [ 75.350774073228266, 21.67085935655513 ], [ 75.391491625097444, 21.681559663192541 ], [ 75.438602842136177, 21.675775713658805 ], [ 75.447352068157656, 21.641361213933077 ], [ 75.502202985138467, 21.613598256171148 ], [ 75.464850520200613, 21.556047958310479 ], [ 75.462831468041813, 21.514981916620954 ], [ 75.498837898207128, 21.486929761382338 ], [ 75.583301580183715, 21.475651059791552 ], [ 75.610558784327552, 21.458010013713661 ], [ 75.590368262739517, 21.438922980252332 ], [ 75.606184171316812, 21.417522366977511 ], [ 75.602482575692335, 21.397278543609435 ], [ 75.62368262335977, 21.392072989029074 ], [ 75.621663571200969, 21.390916199122326 ], [ 75.608539732168751, 21.390048606692265 ], [ 75.606857188703074, 21.391783791552388 ], [ 75.601473049612935, 21.389759409215579 ], [ 75.574552354162236, 21.37992669500823 ], [ 75.569168215072096, 21.37790231267142 ], [ 75.54393006308706, 21.368358795940757 ], [ 75.520037945874563, 21.38686743444871 ], [ 75.425815511797097, 21.39062700164564 ], [ 75.382405890382842, 21.379348300054854 ], [ 75.357167738397806, 21.400748913329679 ], [ 75.351447090614528, 21.39062700164564 ], [ 75.307364451813996, 21.39236218650576 ], [ 75.299624751871931, 21.384553854635218 ], [ 75.295923156247454, 21.413473602303895 ], [ 75.295250138861192, 21.413184404827209 ], [ 75.273377073807495, 21.407111257816787 ], [ 75.254532586991999, 21.401905703236423 ], [ 75.233332539324564, 21.414919589687329 ], [ 75.211795982964006, 21.4111600224904 ], [ 75.107814796785661, 21.46234797586396 ], [ 75.089979836049565, 21.515271114097644 ], [ 75.051617845032311, 21.5664590674712 ], [ 75.019986027877735, 21.56848344980801 ], [ 74.979268476008556, 21.595089617663191 ], [ 74.910284193916127, 21.614465848601206 ], [ 74.901871476587772, 21.629214919912233 ], [ 74.90119845920151, 21.629214919912233 ], [ 74.90119845920151, 21.629214919912233 ], [ 74.862836468184256, 21.634420474492597 ], [ 74.822455425008201, 21.610417083927594 ], [ 74.780055329673345, 21.614755046077896 ], [ 74.775344207969468, 21.615333441031268 ], [ 74.764912438482327, 21.617357823368074 ], [ 74.697274191162435, 21.629793314865609 ], [ 74.664296339235321, 21.652350718047174 ], [ 74.582188218110673, 21.664786209544708 ], [ 74.580505674645011, 21.683294848052661 ], [ 74.554257996580574, 21.681270465715855 ], [ 74.557623083511899, 21.70411706637411 ], [ 74.547191314024758, 21.719444532638509 ], [ 74.505464236076165, 21.726096074602303 ], [ 74.514213462097644, 21.765716128908394 ], [ 74.498397553520363, 21.790008716950084 ], [ 74.523972214198523, 21.910893262205157 ], [ 74.523972214198523, 21.911471657158529 ], [ 74.50950234039378, 21.920725976412509 ], [ 74.508492814314366, 21.937499430060342 ], [ 74.484600697101868, 21.945886156884256 ], [ 74.488638801419484, 21.956297266044981 ], [ 74.469121297217711, 21.959767635765221 ], [ 74.469794314603988, 21.966997572682391 ], [ 74.45330538864043, 21.962081215578717 ], [ 74.43950853222195, 21.976830286889744 ], [ 74.432441849666134, 21.999387690071313 ], [ 74.45229586256103, 22.004304047174987 ], [ 74.451959353867892, 22.004593244651673 ], [ 74.451622845174754, 22.005171639605049 ], [ 74.443546636539551, 22.023101883159626 ], [ 74.432778358359272, 22.029753425123424 ], [ 74.432778358359272, 22.029753425123424 ] ] ] } },
{ "type": "Feature", "properties": { "dt_code": "447", "district": "Betul", "st_code": "23", "year": "2011_c", "st_nm": "Madhya Pradesh" }, "geometry": { "type": "MultiPolygon", "coordinates": [ [ [ [ 76.998993652197584, 21.691970772353265 ], [ 77.0060603347534, 21.678667688425673 ], [ 76.999330160890722, 21.673751331321998 ], [ 76.998993652197584, 21.691970772353265 ] ] ], [ [ [ 77.023558786796357, 21.688211205156335 ], [ 77.013127017309216, 21.719155335161823 ], [ 77.01447305208174, 21.719444532638509 ], [ 77.033317538897236, 21.723493297312125 ], [ 77.040047712759915, 21.697465524410312 ], [ 77.035673099749175, 21.694573549643444 ], [ 77.023558786796357, 21.688211205156335 ] ] ], [ [ [ 78.270323494857067, 22.40195057761931 ], [ 78.274025090481544, 22.39819101042238 ], [ 78.277726686106007, 22.394431443225454 ], [ 78.279745738264808, 22.350184229292374 ], [ 78.245085342872031, 22.320396889193638 ], [ 78.245085342872031, 22.320396889193638 ], [ 78.259555216676787, 22.301020658255624 ], [ 78.262583794914988, 22.263424986286342 ], [ 78.287821946900024, 22.263424986286342 ], [ 78.293542594683302, 22.254170667032366 ], [ 78.263929829687527, 22.212815427866154 ], [ 78.260564742756188, 22.208477465715852 ], [ 78.26123776014245, 22.188233642347779 ], [ 78.263929829687527, 22.187655247394407 ], [ 78.263929829687527, 22.175798150850248 ], [ 78.258882199290525, 22.165097844212838 ], [ 78.264266338380665, 22.162784264399342 ], [ 78.264266338380665, 22.132996924300603 ], [ 78.277053668719745, 22.133575319253978 ], [ 78.276380651333483, 22.090484895227647 ], [ 78.276717160026607, 22.090774092704333 ], [ 78.276717160026607, 22.090195697750961 ], [ 78.347047476891575, 22.108125941305541 ], [ 78.337625233483834, 22.090774092704333 ], [ 78.347720494277837, 22.073711441579814 ], [ 78.345364933425898, 22.050575643444873 ], [ 78.359161789844393, 22.047394471201319 ], [ 78.356469720299316, 22.035248177180474 ], [ 78.37565071580795, 22.036694164563905 ], [ 78.371949120183473, 22.029464227646738 ], [ 78.400888867792986, 22.004882442128359 ], [ 78.400888867792986, 21.985217013713658 ], [ 78.384736450522553, 21.963527202962151 ], [ 78.38843804614703, 21.925353136039497 ], [ 78.388774554840168, 21.923617951179374 ], [ 78.391803133078369, 21.924774741086122 ], [ 78.39584123739597, 21.926220728469556 ], [ 78.397523780861647, 21.926799123422931 ], [ 78.395504728702846, 21.939234614920462 ], [ 78.408628567735065, 21.93663183763028 ], [ 78.424444476312345, 21.959767635765221 ], [ 78.431847667561286, 21.949934921557873 ], [ 78.442279437048441, 21.960924425671969 ], [ 78.449346119604243, 21.953116093801427 ], [ 78.466171554260939, 21.963238005485465 ], [ 78.484679532383296, 21.938945417443776 ], [ 78.51462880607221, 21.93663183763028 ], [ 78.518666910389811, 21.908290484914975 ], [ 78.538520923284707, 21.90713369500823 ], [ 78.549289201464987, 21.873297590235875 ], [ 78.523714540786813, 21.835123523313221 ], [ 78.490063671473436, 21.831363956116292 ], [ 78.467181080340339, 21.813433712561711 ], [ 78.498476388801777, 21.792322296763576 ], [ 78.469873149885416, 21.785381557323095 ], [ 78.470882675964816, 21.764559339001647 ], [ 78.459104871705122, 21.76253495666484 ], [ 78.466508062954077, 21.74258033077345 ], [ 78.459777889091399, 21.717998545255075 ], [ 78.427136545857422, 21.718287742731761 ], [ 78.427136545857422, 21.696308734503567 ], [ 78.425454002391746, 21.694573549643444 ], [ 78.393149167850908, 21.671148554031817 ], [ 78.393485676544032, 21.666521394404828 ], [ 78.39382218523717, 21.655531890290732 ], [ 78.394158693930308, 21.642518003839825 ], [ 78.379688820125551, 21.638180041689523 ], [ 78.364882437627671, 21.619093008228194 ], [ 78.346037950812175, 21.621695785518376 ], [ 78.345364933425898, 21.621695785518376 ], [ 78.342672863880836, 21.589016470652769 ], [ 78.343009372573974, 21.588727273176083 ], [ 78.343009372573974, 21.588727273176083 ], [ 78.308012468488059, 21.57021863466813 ], [ 78.306329925022382, 21.569929437191444 ], [ 78.302964838091043, 21.583810916072409 ], [ 78.266621899232604, 21.591619247942951 ], [ 78.266285390539466, 21.591330050466265 ], [ 78.26022823406305, 21.579183756445421 ], [ 78.274025090481544, 21.568772647284696 ], [ 78.223548786511472, 21.552577588590236 ], [ 78.181821708562879, 21.556626353263852 ], [ 78.171389939075738, 21.524814630828306 ], [ 78.182831234642279, 21.511222349424028 ], [ 78.176437569472739, 21.499076055403183 ], [ 78.029719779266401, 21.421281934174438 ], [ 77.942564027744751, 21.396410951179377 ], [ 77.941217992972213, 21.385710644541966 ], [ 77.883001989060077, 21.375877930334614 ], [ 77.884011515139477, 21.384264657158532 ], [ 77.801230376628553, 21.409424837630279 ], [ 77.796519254924689, 21.38889181678552 ], [ 77.750081055272219, 21.382818669775098 ], [ 77.73695721624, 21.362285648930335 ], [ 77.710036520789302, 21.357369291826661 ], [ 77.691865051360068, 21.397567741086121 ], [ 77.669655477613247, 21.36893719089413 ], [ 77.653503060342828, 21.391205396599013 ], [ 77.605718825917819, 21.390916199122326 ], [ 77.60773787807662, 21.364599228743831 ], [ 77.587210847795461, 21.362574846407021 ], [ 77.563318730582964, 21.36893719089413 ], [ 77.561972695810425, 21.395832556226001 ], [ 77.532023422121526, 21.418968354360945 ], [ 77.514524970078568, 21.375877930334614 ], [ 77.487604274627856, 21.37443194295118 ], [ 77.473470909516237, 21.454539643993417 ], [ 77.441839092361661, 21.47131309764125 ], [ 77.4431851271342, 21.487218958859025 ], [ 77.422321588159903, 21.517006298957764 ], [ 77.425686675091242, 21.537828517279209 ], [ 77.44957879230374, 21.541298886999453 ], [ 77.454626422700755, 21.553734378496983 ], [ 77.503083674512013, 21.552288391113549 ], [ 77.575096534842643, 21.526549815688426 ], [ 77.611775982394235, 21.538406912232585 ], [ 77.595287056430678, 21.55951832803072 ], [ 77.577115587001444, 21.554891168403731 ], [ 77.575433043535782, 21.620828193088318 ], [ 77.545820278540006, 21.69862231431706 ], [ 77.543801226381206, 21.703827868897424 ], [ 77.543128208994943, 21.70411706637411 ], [ 77.542118682915543, 21.706141448710916 ], [ 77.52596626564511, 21.712503793198024 ], [ 77.525629756951986, 21.724360889742183 ], [ 77.502747165818874, 21.745761503017004 ], [ 77.479528065992653, 21.754148229840922 ], [ 77.479191557299515, 21.767162116291829 ], [ 77.479191557299515, 21.770054091058697 ], [ 77.404150118730684, 21.752413044980802 ], [ 77.280651428350581, 21.75877538946791 ], [ 77.287381602213259, 21.722047309928691 ], [ 77.271565693635964, 21.728120456939113 ], [ 77.259787889376284, 21.713949780581459 ], [ 77.226810037449169, 21.716841755348327 ], [ 77.22781956352857, 21.699489906747122 ], [ 77.210321111485612, 21.689657192539769 ], [ 77.188111537738777, 21.701803486560614 ], [ 77.191476624670116, 21.720601322545257 ], [ 77.175997224785959, 21.725806877125617 ], [ 77.16522894660568, 21.710768608337904 ], [ 77.129559025133503, 21.722336507405377 ], [ 77.073362073380153, 21.719444532638509 ], [ 77.068987460369414, 21.716841755348327 ], [ 77.061920777813611, 21.711925398244652 ], [ 77.060574743041073, 21.734771998902907 ], [ 77.074371599459568, 21.729566444322547 ], [ 77.07605414292523, 21.730144839275919 ], [ 77.067977934290013, 21.74981026769062 ], [ 77.079419229856569, 21.770343288535383 ], [ 77.103647855762205, 21.776127238069119 ], [ 77.099609751444589, 21.785092359846409 ], [ 77.121819325191424, 21.775259645639057 ], [ 77.142682864165721, 21.785381557323095 ], [ 77.150086055414661, 21.772367670872189 ], [ 77.199552833305333, 21.79029791442677 ], [ 77.185755976886853, 21.795214271530444 ], [ 77.191476624670116, 21.806782170597916 ], [ 77.169267050923295, 21.813144515085025 ], [ 77.166574981378218, 21.863754073505213 ], [ 77.16623847268508, 21.867802838178825 ], [ 77.169267050923295, 21.868092035655515 ], [ 77.212340163644413, 21.868959628085573 ], [ 77.201235376770995, 21.875032775095995 ], [ 77.208975076713074, 21.893541413603948 ], [ 77.213013181030689, 21.899036165660998 ], [ 77.218733828813953, 21.905976905101483 ], [ 77.220079863586491, 21.906555300054855 ], [ 77.246664050344066, 21.913785236972025 ], [ 77.276276815339841, 21.964394795392213 ], [ 77.323724541071698, 21.969311152495887 ], [ 77.358384936464489, 21.99157935820077 ], [ 77.380931018904448, 21.99157935820077 ], [ 77.395400892709205, 21.999098492594626 ], [ 77.397419944868005, 22.02107750082282 ], [ 77.444867670599862, 22.0193423159627 ], [ 77.453280387928217, 22.039296941854086 ], [ 77.471115348664298, 22.039875336807462 ], [ 77.478855048606377, 22.02483706801975 ], [ 77.50577574405709, 22.03004262260011 ], [ 77.510150357067829, 22.07573582391662 ], [ 77.460683579177157, 22.083254958310476 ], [ 77.460010561790895, 22.083254958310476 ], [ 77.461020087870295, 22.086146933077345 ], [ 77.474816944288776, 22.11795865551289 ], [ 77.465731209574159, 22.13241852934723 ], [ 77.472797892129975, 22.164230251782776 ], [ 77.42400413162558, 22.170881793746574 ], [ 77.422321588159903, 22.17290617608338 ], [ 77.38160403629071, 22.217153390016456 ], [ 77.390016753619065, 22.222937339550192 ], [ 77.400785031799344, 22.222069747120131 ], [ 77.410880292593362, 22.224383326933626 ], [ 77.418283483842302, 22.22033456226001 ], [ 77.452607370541941, 22.217153390016456 ], [ 77.458328018325219, 22.248386717498629 ], [ 77.477845522526977, 22.250700297312122 ], [ 77.486931257241594, 22.272100910586946 ], [ 77.508131304909028, 22.280776834887547 ], [ 77.507458287522752, 22.31201016236972 ], [ 77.548175839391945, 22.35249780910587 ], [ 77.549185365471345, 22.35596817882611 ], [ 77.551540926323284, 22.3562573763028 ], [ 77.553559978482085, 22.3562573763028 ], [ 77.556252048027162, 22.356546573779486 ], [ 77.557261574106562, 22.336013552934723 ], [ 77.591585460806201, 22.34353268732858 ], [ 77.597306108589478, 22.332253985737797 ], [ 77.624563312733315, 22.332543183214483 ], [ 77.624563312733315, 22.321553679100383 ], [ 77.638023660458671, 22.322999666483817 ], [ 77.655185603808491, 22.306515410312674 ], [ 77.682442807952327, 22.312877754799782 ], [ 77.683452334031728, 22.322132074053759 ], [ 77.71676669465198, 22.321553679100383 ], [ 77.720468290276443, 22.313166952276468 ], [ 77.74974454657908, 22.325891641250685 ], [ 77.756474720441759, 22.338616330224905 ], [ 77.744360407488941, 22.347292254525509 ], [ 77.753446142203558, 22.353943796489304 ], [ 77.789789081062011, 22.335435157981351 ], [ 77.854735258836826, 22.368982065277017 ], [ 77.86853211525532, 22.35076262424575 ], [ 77.865503537017119, 22.288585166758093 ], [ 77.884684532525739, 22.287428376851345 ], [ 77.946602132062353, 22.341219107515087 ], [ 77.954005323311307, 22.332832380691169 ], [ 78.011211801144043, 22.337748737794843 ], [ 78.033421374890878, 22.329940405924301 ], [ 78.187542356346157, 22.398769405375756 ], [ 78.187542356346157, 22.398769405375756 ], [ 78.266958407925728, 22.39819101042238 ], [ 78.270323494857067, 22.40195057761931 ] ] ] ] } },
{ "type": "Feature", "properties": { "dt_code": "419", "district": "Morena", "st_code": "23", "year": "2011_c", "st_nm": "Madhya Pradesh" }, "geometry": { "type": "Polygon", "coordinates": [ [ [ 78.545251097147386, 26.763626921009326 ], [ 78.53919394067097, 26.732682791003839 ], [ 78.525733592945613, 26.738466740537575 ], [ 78.513282771299671, 26.721404089413056 ], [ 78.524724066866213, 26.710125387822274 ], [ 78.526743119025014, 26.675710888096546 ], [ 78.511263719140871, 26.686411194733957 ], [ 78.494438284484175, 26.66992693856281 ], [ 78.485016041076435, 26.678602862863414 ], [ 78.482660480224496, 26.671083728469554 ], [ 78.47121918465794, 26.680048850246848 ], [ 78.459777889091399, 26.67339730828305 ], [ 78.467854097726601, 26.649104720241361 ], [ 78.440933402275903, 26.645345153044431 ], [ 78.433193702333824, 26.63117447668678 ], [ 78.440596893582764, 26.6242337372463 ], [ 78.426127019778022, 26.616425405375754 ], [ 78.434203228413224, 26.611798245748766 ], [ 78.414012706825204, 26.601676334064727 ], [ 78.421752406767283, 26.593289607240813 ], [ 78.418387319835944, 26.591843619857379 ], [ 78.417041285063405, 26.591265224904006 ], [ 78.411657145973265, 26.588951645090511 ], [ 78.407955550348788, 26.594446397147561 ], [ 78.380025328818689, 26.603989913878223 ], [ 78.390120589612707, 26.587794855183763 ], [ 78.389111063533292, 26.587794855183763 ], [ 78.370603085410934, 26.588373250137138 ], [ 78.370603085410934, 26.587794855183763 ], [ 78.366901489786471, 26.570732204059244 ], [ 78.338971268256358, 26.559453502468457 ], [ 78.344018898653374, 26.544704431157434 ], [ 78.339980794335759, 26.545282826110807 ], [ 78.31104104672626, 26.550488380691171 ], [ 78.305993416329244, 26.587794855183763 ], [ 78.296907681614641, 26.590397632473945 ], [ 78.289504490365701, 26.57102140153593 ], [ 78.280755264344222, 26.57651615359298 ], [ 78.280755264344222, 26.565815846955569 ], [ 78.270996512243329, 26.565815846955569 ], [ 78.278063194799145, 26.556561527701589 ], [ 78.267294916618866, 26.533136532089962 ], [ 78.239028186395629, 26.545572023587493 ], [ 78.22926943429475, 26.532847334613276 ], [ 78.236336116850552, 26.527930977509602 ], [ 78.240037712475029, 26.525617397696106 ], [ 78.215472577876255, 26.529376964893032 ], [ 78.210424947479254, 26.519255053208997 ], [ 78.221193225659533, 26.516363078442129 ], [ 78.241383747247568, 26.463439940208449 ], [ 78.265275864460065, 26.464018335161821 ], [ 78.25484409497291, 26.442039326933628 ], [ 78.291187033831363, 26.438858154690074 ], [ 78.293206085990164, 26.404732852441033 ], [ 78.259218707983649, 26.358750453647833 ], [ 78.268977460084528, 26.3529665041141 ], [ 78.257872673211125, 26.329541508502469 ], [ 78.257199655824849, 26.328095521119035 ], [ 78.263929829687527, 26.313924844761381 ], [ 78.204367791002852, 26.304670525507404 ], [ 78.204367791002852, 26.304670525507404 ], [ 78.204367791002852, 26.304670525507404 ], [ 78.201002704071513, 26.317973609434997 ], [ 78.163313730440521, 26.326938731212287 ], [ 78.150189891408303, 26.341398605046628 ], [ 78.119231091639989, 26.338795827756446 ], [ 78.11048186561851, 26.324046756445419 ], [ 78.073802418066933, 26.331855088315962 ], [ 78.067745261590517, 26.313057252331323 ], [ 78.052602370399498, 26.309876080087768 ], [ 78.028373744493877, 26.308140895227648 ], [ 78.005154644667641, 26.326360336258915 ], [ 78.000443522963764, 26.29281342896325 ], [ 78.011548309837181, 26.272280408118487 ], [ 77.988665718704084, 26.265050471201317 ], [ 77.995395892566762, 26.242493068019748 ], [ 77.962418040639648, 26.259555719144267 ], [ 77.951649762459368, 26.241336278113003 ], [ 77.947948166834891, 26.2523257822271 ], [ 77.912278245362714, 26.251747387273724 ], [ 77.901846475875558, 26.231214366428965 ], [ 77.875598797811122, 26.230635971475589 ], [ 77.863484484858304, 26.212127332967636 ], [ 77.847668576281023, 26.212994925397698 ], [ 77.835890772021344, 26.228322391662097 ], [ 77.845313015429085, 26.248855412506856 ], [ 77.816036759126447, 26.255217756993968 ], [ 77.781376363733671, 26.219357269884807 ], [ 77.770608085553377, 26.181761597915525 ], [ 77.74335088140954, 26.160939379594076 ], [ 77.740995320557602, 26.122186917718047 ], [ 77.772627137712192, 26.114667783324194 ], [ 77.760512824759374, 26.082277665935273 ], [ 77.775655715950393, 26.049309153592979 ], [ 77.761522350838774, 26.037162859572135 ], [ 77.72854449891166, 26.046417178826111 ], [ 77.706334925164825, 26.006797124520023 ], [ 77.705661907778563, 26.005640334613275 ], [ 77.703979364312886, 26.004483544706527 ], [ 77.668645951533847, 25.968044662643994 ], [ 77.667636425454447, 25.965731082830501 ], [ 77.667972934147571, 25.962839108063633 ], [ 77.680760264486665, 25.913386339550193 ], [ 77.696239664370808, 25.901529243006035 ], [ 77.679077721020988, 25.913097142073507 ], [ 77.642398273469411, 25.898348070762481 ], [ 77.655522112501629, 25.910205167306639 ], [ 77.608410895462896, 25.918302696653868 ], [ 77.549858382857607, 25.900372453099287 ], [ 77.538080578597928, 25.944041272078991 ], [ 77.56500127404864, 25.926978620954472 ], [ 77.602017230293356, 25.960236330773451 ], [ 77.648791938638951, 25.961682318156885 ], [ 77.644080816935073, 25.991180460778935 ], [ 77.653503060342828, 26.009978296763578 ], [ 77.625572838812715, 26.013448666483818 ], [ 77.614804560632436, 26.029065330224903 ], [ 77.638360169151795, 26.048730758639607 ], [ 77.631966503982255, 26.070131371914428 ], [ 77.669655477613247, 26.06897458200768 ], [ 77.664271338523108, 26.095580749862865 ], [ 77.640715730003734, 26.092977972572683 ], [ 77.604036282452157, 26.069263779484366 ], [ 77.613458525859897, 26.036006069665387 ], [ 77.582836234784722, 26.013448666483818 ], [ 77.519909109168708, 26.045260388919363 ], [ 77.509813848374691, 26.064636619857378 ], [ 77.426359692477504, 26.123343707624795 ], [ 77.426359692477504, 26.138960371365883 ], [ 77.398092962254267, 26.15544462753703 ], [ 77.313965788970819, 26.142719938562809 ], [ 77.311946736812018, 26.134333211738891 ], [ 77.276949832726103, 26.125078892484915 ], [ 77.253394224206744, 26.086904825562261 ], [ 77.233876720004986, 26.078518098738343 ], [ 77.226473528756031, 26.095869947339551 ], [ 77.208302059326812, 26.103389081733408 ], [ 77.200898868077871, 26.140406358749317 ], [ 77.175660716092835, 26.165566539221064 ], [ 77.180708346489837, 26.174531660998355 ], [ 77.148403511948999, 26.165566539221064 ], [ 77.135616181609905, 26.174242463521669 ], [ 77.14705747717646, 26.192172707076249 ], [ 77.119463764339486, 26.214151715304446 ], [ 77.128886007747241, 26.227454799232035 ], [ 77.171959120468358, 26.238444303346135 ], [ 77.174651190013435, 26.239022698299507 ], [ 77.177343259558498, 26.238444303346135 ], [ 77.203927446316072, 26.230057576522217 ], [ 77.209311585406212, 26.232949551289085 ], [ 77.221762407052168, 26.239890290729569 ], [ 77.270556167556563, 26.267364051014813 ], [ 77.287718110906383, 26.283848307185959 ], [ 77.30420703686994, 26.299464970927044 ], [ 77.316321349822758, 26.311322067471203 ], [ 77.321368980219773, 26.323179164015361 ], [ 77.338867432262717, 26.34747175205705 ], [ 77.374873862428046, 26.365401995611631 ], [ 77.379921492825048, 26.362510020844763 ], [ 77.380931018904448, 26.361931625891387 ], [ 77.4441946532136, 26.361642428414701 ], [ 77.437464479350922, 26.403286865057598 ], [ 77.538417087291066, 26.411384394404827 ], [ 77.558607608879086, 26.43538778496983 ], [ 77.613458525859897, 26.452739633571039 ], [ 77.633312538754794, 26.478767406472848 ], [ 77.675376125396525, 26.503059994514537 ], [ 77.726188938059721, 26.502192402084475 ], [ 77.744696916182079, 26.538342086670326 ], [ 77.783395415892471, 26.552223565551291 ], [ 77.823776459068526, 26.550488380691171 ], [ 77.835890772021344, 26.577094548546352 ], [ 77.827478054692989, 26.595892384530995 ], [ 77.847332067587885, 26.611798245748766 ], [ 77.894443284626618, 26.615268615469006 ], [ 77.903529019341235, 26.65893743444871 ], [ 77.953668814618169, 26.659226631925399 ], [ 78.000443522963764, 26.694797921557871 ], [ 78.055294439944575, 26.683808417443775 ], [ 78.074475435453195, 26.670505333516182 ], [ 78.089954835337352, 26.675421690619856 ], [ 78.096011991813768, 26.727766433900165 ], [ 78.123605704650728, 26.746853467361493 ], [ 78.10307867436957, 26.765940500822822 ], [ 78.101732639597031, 26.76680809325288 ], [ 78.103751691755846, 26.772592042786616 ], [ 78.110818374311648, 26.791679076247945 ], [ 78.112164409084187, 26.794860248491499 ], [ 78.117885056867465, 26.793992656061437 ], [ 78.183504252028555, 26.783870744377403 ], [ 78.183840760721679, 26.784159941854089 ], [ 78.185523304187356, 26.796884630828306 ], [ 78.184177269414818, 26.798909013165115 ], [ 78.167351834758122, 26.815393269336258 ], [ 78.170043904303199, 26.820020428963247 ], [ 78.171389939075738, 26.82175561382337 ], [ 78.1730724825414, 26.824647588590238 ], [ 78.218501156114471, 26.829853143170599 ], [ 78.22287576912521, 26.830720735600657 ], [ 78.222202751738934, 26.831877525507405 ], [ 78.225231329977134, 26.830720735600657 ], [ 78.225231329977134, 26.830720735600657 ], [ 78.265275864460065, 26.813947281952828 ], [ 78.268977460084528, 26.815393269336258 ], [ 78.273352073095268, 26.826671970927045 ], [ 78.283447333889285, 26.854434928688974 ], [ 78.357479246378716, 26.868894802523315 ], [ 78.358488772458117, 26.869184 ], [ 78.371949120183473, 26.86397844541964 ], [ 78.395168220009708, 26.817128454196379 ], [ 78.433530211026962, 26.825804378496983 ], [ 78.460787415170799, 26.787630311574329 ], [ 78.52102247124175, 26.780689572133845 ], [ 78.545251097147386, 26.763626921009326 ] ] ] } },
{ "type": "Feature", "properties": { "dt_code": "420", "district": "Bhind", "st_code": "23", "year": "2011_c", "st_nm": "Madhya Pradesh" }, "geometry": { "type": "Polygon", "coordinates": [ [ [ 78.257872673211125, 26.329541508502469 ], [ 78.268977460084528, 26.3529665041141 ], [ 78.259218707983649, 26.358750453647833 ], [ 78.293206085990164, 26.404732852441033 ], [ 78.291187033831363, 26.438858154690074 ], [ 78.25484409497291, 26.442039326933628 ], [ 78.265275864460065, 26.464018335161821 ], [ 78.241383747247568, 26.463439940208449 ], [ 78.221193225659533, 26.516363078442129 ], [ 78.210424947479254, 26.519255053208997 ], [ 78.215472577876255, 26.529376964893032 ], [ 78.240037712475029, 26.525617397696106 ], [ 78.236336116850552, 26.527930977509602 ], [ 78.22926943429475, 26.532847334613276 ], [ 78.239028186395629, 26.545572023587493 ], [ 78.267294916618866, 26.533136532089962 ], [ 78.278063194799145, 26.556561527701589 ], [ 78.270996512243329, 26.565815846955569 ], [ 78.280755264344222, 26.565815846955569 ], [ 78.280755264344222, 26.57651615359298 ], [ 78.289504490365701, 26.57102140153593 ], [ 78.296907681614641, 26.590397632473945 ], [ 78.305993416329244, 26.587794855183763 ], [ 78.31104104672626, 26.550488380691171 ], [ 78.339980794335759, 26.545282826110807 ], [ 78.344018898653374, 26.544704431157434 ], [ 78.338971268256358, 26.559453502468457 ], [ 78.366901489786471, 26.570732204059244 ], [ 78.370603085410934, 26.587794855183763 ], [ 78.370603085410934, 26.588373250137138 ], [ 78.389111063533292, 26.587794855183763 ], [ 78.390120589612707, 26.587794855183763 ], [ 78.380025328818689, 26.603989913878223 ], [ 78.407955550348788, 26.594446397147561 ], [ 78.411657145973265, 26.588951645090511 ], [ 78.417041285063405, 26.591265224904006 ], [ 78.418387319835944, 26.591843619857379 ], [ 78.421752406767283, 26.593289607240813 ], [ 78.414012706825204, 26.601676334064727 ], [ 78.434203228413224, 26.611798245748766 ], [ 78.426127019778022, 26.616425405375754 ], [ 78.440596893582764, 26.6242337372463 ], [ 78.433193702333824, 26.63117447668678 ], [ 78.440933402275903, 26.645345153044431 ], [ 78.467854097726601, 26.649104720241361 ], [ 78.459777889091399, 26.67339730828305 ], [ 78.47121918465794, 26.680048850246848 ], [ 78.482660480224496, 26.671083728469554 ], [ 78.485016041076435, 26.678602862863414 ], [ 78.494438284484175, 26.66992693856281 ], [ 78.511263719140871, 26.686411194733957 ], [ 78.526743119025014, 26.675710888096546 ], [ 78.524724066866213, 26.710125387822274 ], [ 78.513282771299671, 26.721404089413056 ], [ 78.525733592945613, 26.738466740537575 ], [ 78.53919394067097, 26.732682791003839 ], [ 78.545251097147386, 26.763626921009326 ], [ 78.577555931688224, 26.748588652221613 ], [ 78.609524257535938, 26.751480626988482 ], [ 78.627359218272019, 26.77230284530993 ], [ 78.629041761737696, 26.772013647833241 ], [ 78.672114874458828, 26.764205315962698 ], [ 78.672451383151952, 26.764494513439388 ], [ 78.676152978776429, 26.772881240263303 ], [ 78.682210135252831, 26.786762719144267 ], [ 78.682546643945969, 26.787630311574329 ], [ 78.68658474826357, 26.788497904004387 ], [ 78.713841952407407, 26.794571051014813 ], [ 78.722591178428885, 26.796306235874933 ], [ 78.722927687122024, 26.795727840921558 ], [ 78.728648334905301, 26.779243584750411 ], [ 78.729657860984702, 26.775773215030171 ], [ 78.751530926038399, 26.786762719144267 ], [ 78.776769078023435, 26.769121673066376 ], [ 78.780807182341036, 26.768543278113 ], [ 78.815804086426951, 26.762470131102578 ], [ 78.871664529487163, 26.697979093801429 ], [ 78.909690011811279, 26.706944215578716 ], [ 78.955455194077473, 26.691905946791003 ], [ 78.945359933283456, 26.654888669775097 ], [ 78.980020328676247, 26.675710888096546 ], [ 78.981366363448785, 26.675710888096546 ], [ 78.999537832878005, 26.672818913329678 ], [ 79.007277532820083, 26.671372925946244 ], [ 79.006941024126945, 26.670794530992872 ], [ 78.993480676401589, 26.641007190894133 ], [ 79.016699776227824, 26.600519544157983 ], [ 78.989106063390849, 26.595603187054309 ], [ 78.989779080777126, 26.579118930883162 ], [ 79.007277532820083, 26.565526649478883 ], [ 79.014344215375885, 26.550777578167857 ], [ 79.007614041513207, 26.543836838727373 ], [ 79.028477580487504, 26.546728813494241 ], [ 79.039582367360921, 26.515206288535381 ], [ 79.048668102075538, 26.51809826330225 ], [ 79.056407802017617, 26.494962465167308 ], [ 79.068185606277297, 26.496697650027428 ], [ 79.071550693208636, 26.478767406472848 ], [ 79.05270620639314, 26.453607226001097 ], [ 79.069868149742973, 26.442039326933628 ], [ 79.095106301727995, 26.442328524410314 ], [ 79.099817423431872, 26.452450436094352 ], [ 79.135150836210926, 26.440014944596818 ], [ 79.126065101496309, 26.411384394404827 ], [ 79.095106301727995, 26.412541184311575 ], [ 79.089049145251593, 26.396635323093804 ], [ 79.089049145251593, 26.396635323093804 ], [ 79.089049145251593, 26.396346125617114 ], [ 79.095779319114271, 26.374077919912231 ], [ 79.089049145251593, 26.364534403181569 ], [ 79.085011040933992, 26.359039651124519 ], [ 79.084338023547716, 26.358172058694461 ], [ 79.137506397062864, 26.33850663027976 ], [ 79.134814327517788, 26.324914348875481 ], [ 79.115633332009168, 26.320576386725179 ], [ 79.125055575416908, 26.311611264947889 ], [ 79.11731587547483, 26.298886575973672 ], [ 79.101836475590673, 26.3069841053209 ], [ 79.090731688717256, 26.269966828304995 ], [ 79.076934832298775, 26.280667134942405 ], [ 79.055734784631341, 26.258977324190894 ], [ 79.045639523837337, 26.260423311574328 ], [ 79.069531641049835, 26.245674240263302 ], [ 79.063474484573419, 26.226008811848601 ], [ 79.034871245657058, 26.225430416895229 ], [ 79.019391845772901, 26.247698622600112 ], [ 78.991798132935926, 26.239022698299507 ], [ 78.996509254639804, 26.228033194185411 ], [ 79.025785510942441, 26.220224862314865 ], [ 79.026458528328703, 26.191305114646187 ], [ 78.993817185094727, 26.196799866703238 ], [ 78.983048906914448, 26.184364375205707 ], [ 79.004585463275006, 26.169326106417994 ], [ 79.004921971968145, 26.14792549314317 ], [ 78.966896489644029, 26.150239072956666 ], [ 78.949061528907933, 26.128549262205155 ], [ 78.975982224358631, 26.109173031267144 ], [ 78.997518780719204, 26.093556367526055 ], [ 79.011652145830823, 26.083434455842021 ], [ 79.011652145830823, 26.082856060888645 ], [ 78.948388511521671, 26.027619342841472 ], [ 78.953436141918672, 26.015183851343942 ], [ 78.944686915897194, 26.006218729566648 ], [ 78.956801228850011, 25.996675212835985 ], [ 78.934591655103176, 25.980480154141524 ], [ 78.933918637716914, 25.980480154141524 ], [ 78.933918637716914, 25.979901759188152 ], [ 78.933582129023776, 25.977588179374656 ], [ 78.930553550785575, 25.959079540866703 ], [ 78.936947215955115, 25.955030776193091 ], [ 78.937283724648253, 25.952717196379595 ], [ 78.936947215955115, 25.952717196379595 ], [ 78.938293250727654, 25.942884482172246 ], [ 78.926851955161098, 25.946933246845859 ], [ 78.884788368519381, 25.913964734503566 ], [ 78.885461385905643, 25.912518747120131 ], [ 78.880413755508641, 25.910494364783325 ], [ 78.870655003407762, 25.906445600109709 ], [ 78.865607373010747, 25.911361957213387 ], [ 78.837677151480648, 25.93883571749863 ], [ 78.841378747105125, 25.950403616566099 ], [ 78.804026282167271, 25.944041272078991 ], [ 78.801334212622194, 25.959947133296765 ], [ 78.778115112795973, 25.969201452550742 ], [ 78.778115112795973, 25.969201452550742 ], [ 78.786864338817438, 25.986842498628633 ], [ 78.777778604102835, 26.002748359846407 ], [ 78.786864338817438, 26.012002679100384 ], [ 78.772730973705819, 26.018075826110806 ], [ 78.788210373589976, 26.031089712561712 ], [ 78.785854812738037, 26.043525204059243 ], [ 78.817486629892613, 26.042657611629185 ], [ 78.790229425748777, 26.053647115743281 ], [ 78.829937451538569, 26.068685384530994 ], [ 78.799988177849656, 26.086037233132203 ], [ 78.825226329834692, 26.100786304443226 ], [ 78.835658099321847, 26.091531985189249 ], [ 78.845416851422726, 26.111775808557326 ], [ 78.82017869943769, 26.128549262205155 ], [ 78.826908873300368, 26.137514383982449 ], [ 78.816140595120089, 26.161228577070762 ], [ 78.798642143077132, 26.166434131651126 ], [ 78.823543786369029, 26.190437522216129 ], [ 78.83296602977677, 26.199691841470106 ], [ 78.828591416766031, 26.202005421283598 ], [ 78.815131069040689, 26.202294618760284 ], [ 78.789892917055653, 26.223406034558423 ], [ 78.807054860405472, 26.251458189797038 ], [ 78.809073912564273, 26.254639362040592 ], [ 78.815467577733813, 26.257242139330774 ], [ 78.827245381993492, 26.265918063631378 ], [ 78.823543786369029, 26.284137504662645 ], [ 78.795277056145792, 26.289343059243006 ], [ 78.784172269272375, 26.279221147558971 ], [ 78.780134164954774, 26.271991210641801 ], [ 78.772730973705819, 26.268810038398247 ], [ 78.764318256377479, 26.265050471201317 ], [ 78.750521399958998, 26.258977324190894 ], [ 78.744464243482582, 26.249723004936918 ], [ 78.755905539049138, 26.243649857926496 ], [ 78.751867434731537, 26.238155105869446 ], [ 78.740762647858119, 26.223406034558423 ], [ 78.696006991671325, 26.217622085024686 ], [ 78.69196888735371, 26.192751102029622 ], [ 78.702737165533989, 26.175688450905103 ], [ 78.694660956898787, 26.162963761930882 ], [ 78.647886248553192, 26.169326106417994 ], [ 78.637117970372913, 26.162963761930882 ], [ 78.627359218272019, 26.157179812397146 ], [ 78.627022709578895, 26.157179812397146 ], [ 78.624330640033818, 26.178580425671971 ], [ 78.627022709578895, 26.203451408667032 ], [ 78.618946500943679, 26.217622085024686 ], [ 78.608178222763399, 26.191594312122874 ], [ 78.606159170604599, 26.204319001097094 ], [ 78.582603562085225, 26.216465295117938 ], [ 78.564768601349144, 26.200559433900168 ], [ 78.54558760584051, 26.199691841470106 ], [ 78.54121299282977, 26.218200479978059 ], [ 78.517320875617273, 26.227454799232035 ], [ 78.520349453855474, 26.239311895776193 ], [ 78.504870053971331, 26.244517450356554 ], [ 78.500158932267453, 26.263604483817883 ], [ 78.478958884600019, 26.266496458584751 ], [ 78.471892202044216, 26.249723004936918 ], [ 78.44026038488964, 26.260134114097642 ], [ 78.441942928355303, 26.279510345035657 ], [ 78.412666672052666, 26.296572996160176 ], [ 78.421079389381006, 26.330409100932528 ], [ 78.358152263764993, 26.334457865606144 ], [ 78.324164885758478, 26.347182554580364 ], [ 78.295225138148965, 26.335614655512892 ], [ 78.291187033831363, 26.348339344487108 ], [ 78.290850525138225, 26.348050147010422 ], [ 78.257872673211125, 26.329541508502469 ] ] ] } },
{ "type": "Feature", "properties": { "dt_code": "421", "district": "Gwalior", "st_code": "23", "year": "2011_c", "st_nm": "Madhya Pradesh" }, "geometry": { "type": "Polygon", "coordinates": [ [ [ 77.696239664370808, 25.901529243006035 ], [ 77.680760264486665, 25.913386339550193 ], [ 77.667972934147571, 25.962839108063633 ], [ 77.667636425454447, 25.965731082830501 ], [ 77.668645951533847, 25.968044662643994 ], [ 77.703979364312886, 26.004483544706527 ], [ 77.705661907778563, 26.005640334613275 ], [ 77.706334925164825, 26.006797124520023 ], [ 77.72854449891166, 26.046417178826111 ], [ 77.761522350838774, 26.037162859572135 ], [ 77.775655715950393, 26.049309153592979 ], [ 77.760512824759374, 26.082277665935273 ], [ 77.772627137712192, 26.114667783324194 ], [ 77.740995320557602, 26.122186917718047 ], [ 77.74335088140954, 26.160939379594076 ], [ 77.770608085553377, 26.181761597915525 ], [ 77.781376363733671, 26.219357269884807 ], [ 77.816036759126447, 26.255217756993968 ], [ 77.845313015429085, 26.248855412506856 ], [ 77.835890772021344, 26.228322391662097 ], [ 77.847668576281023, 26.212994925397698 ], [ 77.863484484858304, 26.212127332967636 ], [ 77.875598797811122, 26.230635971475589 ], [ 77.901846475875558, 26.231214366428965 ], [ 77.912278245362714, 26.251747387273724 ], [ 77.947948166834891, 26.2523257822271 ], [ 77.951649762459368, 26.241336278113003 ], [ 77.962418040639648, 26.259555719144267 ], [ 77.995395892566762, 26.242493068019748 ], [ 77.988665718704084, 26.265050471201317 ], [ 78.011548309837181, 26.272280408118487 ], [ 78.000443522963764, 26.29281342896325 ], [ 78.005154644667641, 26.326360336258915 ], [ 78.028373744493877, 26.308140895227648 ], [ 78.052602370399498, 26.309876080087768 ], [ 78.067745261590517, 26.313057252331323 ], [ 78.073802418066933, 26.331855088315962 ], [ 78.11048186561851, 26.324046756445419 ], [ 78.119231091639989, 26.338795827756446 ], [ 78.150189891408303, 26.341398605046628 ], [ 78.163313730440521, 26.326938731212287 ], [ 78.201002704071513, 26.317973609434997 ], [ 78.204367791002852, 26.304670525507404 ], [ 78.204367791002852, 26.304670525507404 ], [ 78.204367791002852, 26.304670525507404 ], [ 78.263929829687527, 26.313924844761381 ], [ 78.257199655824849, 26.328095521119035 ], [ 78.257872673211125, 26.329541508502469 ], [ 78.290850525138225, 26.348050147010422 ], [ 78.291187033831363, 26.348339344487108 ], [ 78.295225138148965, 26.335614655512892 ], [ 78.324164885758478, 26.347182554580364 ], [ 78.358152263764993, 26.334457865606144 ], [ 78.421079389381006, 26.330409100932528 ], [ 78.412666672052666, 26.296572996160176 ], [ 78.441942928355303, 26.279510345035657 ], [ 78.44026038488964, 26.260134114097642 ], [ 78.471892202044216, 26.249723004936918 ], [ 78.478958884600019, 26.266496458584751 ], [ 78.500158932267453, 26.263604483817883 ], [ 78.504870053971331, 26.244517450356554 ], [ 78.520349453855474, 26.239311895776193 ], [ 78.517320875617273, 26.227454799232035 ], [ 78.54121299282977, 26.218200479978059 ], [ 78.54558760584051, 26.199691841470106 ], [ 78.564768601349144, 26.200559433900168 ], [ 78.582603562085225, 26.216465295117938 ], [ 78.606159170604599, 26.204319001097094 ], [ 78.608178222763399, 26.191594312122874 ], [ 78.618946500943679, 26.217622085024686 ], [ 78.627022709578895, 26.203451408667032 ], [ 78.624330640033818, 26.178580425671971 ], [ 78.627022709578895, 26.157179812397146 ], [ 78.627359218272019, 26.157179812397146 ], [ 78.639473531224837, 26.128260064728472 ], [ 78.652260861563931, 26.126524879868349 ], [ 78.644521161621853, 26.12016253538124 ], [ 78.636444952986636, 26.122186917718047 ], [ 78.632406848669035, 26.123343707624795 ], [ 78.613898870546677, 26.127970867251783 ], [ 78.607168696683999, 26.1057026615469 ], [ 78.606832187990861, 26.100786304443226 ], [ 78.639473531224837, 26.081988468458587 ], [ 78.631397322589635, 26.072155754251234 ], [ 78.644184652928715, 26.060587855183762 ], [ 78.603467101059522, 26.046706376302797 ], [ 78.584959122937164, 26.005640334613275 ], [ 78.556692392713927, 25.993783238069117 ], [ 78.542559027602309, 25.97382861217773 ], [ 78.482323971531358, 25.961971515633572 ], [ 78.472901728123617, 25.910205167306639 ], [ 78.387765028760768, 25.855257646736149 ], [ 78.388774554840168, 25.837327403181568 ], [ 78.388101537453892, 25.837327403181568 ], [ 78.377333259273612, 25.83645981075151 ], [ 78.330558550928018, 25.832989441031266 ], [ 78.324501394451616, 25.829519071311026 ], [ 78.307675959794921, 25.811588827756445 ], [ 78.326856955303541, 25.79770734887548 ], [ 78.295898155535241, 25.785850252331322 ], [ 78.262583794914988, 25.782958277564454 ], [ 78.214799560489993, 25.738132668678006 ], [ 78.192926495436296, 25.73928945858475 ], [ 78.177447095552139, 25.739867853538126 ], [ 78.176101060779601, 25.740157051014812 ], [ 78.157929591350381, 25.719913227646735 ], [ 78.133700965444746, 25.726275572133847 ], [ 78.053611896478898, 25.708634526055953 ], [ 78.022989605403723, 25.716442857926495 ], [ 77.997414944725563, 25.739000261108064 ], [ 78.001116540350026, 25.765606428963249 ], [ 77.961408514560247, 25.749122172792102 ], [ 77.960398988480847, 25.748832975315416 ], [ 77.916989367066577, 25.754038529895777 ], [ 77.915979840987177, 25.754038529895777 ], [ 77.89309724985408, 25.741024643444874 ], [ 77.877281341276799, 25.738711063631378 ], [ 77.874589271731722, 25.740157051014812 ], [ 77.876608323890522, 25.756062912232586 ], [ 77.876608323890522, 25.756062912232586 ], [ 77.876608323890522, 25.756062912232586 ], [ 77.864157502244581, 25.758954886999454 ], [ 77.874589271731722, 25.762425256719695 ], [ 77.874589271731722, 25.762714454196381 ], [ 77.875598797811122, 25.771968773450357 ], [ 77.876608323890522, 25.7797771053209 ], [ 77.876608323890522, 25.7797771053209 ], [ 77.866849571789643, 25.78180148765771 ], [ 77.876944832583661, 25.788453029621504 ], [ 77.866176554403381, 25.807540063082833 ], [ 77.800220850549152, 25.820843147010422 ], [ 77.783058907199333, 25.856125239166211 ], [ 77.763877911690713, 25.846292524958859 ], [ 77.760176316066236, 25.861619991223257 ], [ 77.747388985727156, 25.861041596269885 ], [ 77.750081055272219, 25.883309801974768 ], [ 77.749071529192818, 25.883309801974768 ], [ 77.749071529192818, 25.88388819692814 ], [ 77.702633329540362, 25.880707024684586 ], [ 77.696239664370808, 25.901529243006035 ] ] ] } },
{ "type": "Feature", "properties": { "dt_code": "418", "district": "Sheopur", "st_code": "23", "year": "2011_c", "st_nm": "Madhya Pradesh" }, "geometry": { "type": "Polygon", "coordinates": [ [ [ 77.119463764339486, 26.214151715304446 ], [ 77.14705747717646, 26.192172707076249 ], [ 77.135616181609905, 26.174242463521669 ], [ 77.148403511948999, 26.165566539221064 ], [ 77.180708346489837, 26.174531660998355 ], [ 77.175660716092835, 26.165566539221064 ], [ 77.200898868077871, 26.140406358749317 ], [ 77.208302059326812, 26.103389081733408 ], [ 77.226473528756031, 26.095869947339551 ], [ 77.233876720004986, 26.078518098738343 ], [ 77.253394224206744, 26.086904825562261 ], [ 77.276949832726103, 26.125078892484915 ], [ 77.311946736812018, 26.134333211738891 ], [ 77.313965788970819, 26.142719938562809 ], [ 77.398092962254267, 26.15544462753703 ], [ 77.426359692477504, 26.138960371365883 ], [ 77.426359692477504, 26.123343707624795 ], [ 77.509813848374691, 26.064636619857378 ], [ 77.519909109168708, 26.045260388919363 ], [ 77.582836234784722, 26.013448666483818 ], [ 77.613458525859897, 26.036006069665387 ], [ 77.604036282452157, 26.069263779484366 ], [ 77.640715730003734, 26.092977972572683 ], [ 77.664271338523108, 26.095580749862865 ], [ 77.669655477613247, 26.06897458200768 ], [ 77.631966503982255, 26.070131371914428 ], [ 77.638360169151795, 26.048730758639607 ], [ 77.614804560632436, 26.029065330224903 ], [ 77.625572838812715, 26.013448666483818 ], [ 77.653503060342828, 26.009978296763578 ], [ 77.644080816935073, 25.991180460778935 ], [ 77.648791938638951, 25.961682318156885 ], [ 77.602017230293356, 25.960236330773451 ], [ 77.56500127404864, 25.926978620954472 ], [ 77.538080578597928, 25.944041272078991 ], [ 77.549858382857607, 25.900372453099287 ], [ 77.608410895462896, 25.918302696653868 ], [ 77.655522112501629, 25.910205167306639 ], [ 77.642398273469411, 25.898348070762481 ], [ 77.642398273469411, 25.898348070762481 ], [ 77.642398273469411, 25.898348070762481 ], [ 77.641725256083134, 25.895745293472299 ], [ 77.637350643072395, 25.867403940756994 ], [ 77.617496630177499, 25.859884806363137 ], [ 77.610766456314835, 25.857571226549645 ], [ 77.580144165239659, 25.863065978606691 ], [ 77.581490200012183, 25.823445924300604 ], [ 77.558271100185962, 25.811010432803073 ], [ 77.544137735074344, 25.823445924300604 ], [ 77.548175839391945, 25.835881415798134 ], [ 77.524620230872586, 25.838773390565002 ], [ 77.521928161327509, 25.850919684585847 ], [ 77.473134400823113, 25.857571226549645 ], [ 77.443521635827338, 25.890539738891938 ], [ 77.423331114239303, 25.892274923752058 ], [ 77.407515205662023, 25.8804178272079 ], [ 77.417610466456026, 25.869428323093803 ], [ 77.408861240434547, 25.811588827756445 ], [ 77.435445427192121, 25.793369386725178 ], [ 77.4431851271342, 25.773993155787164 ], [ 77.329445188854976, 25.790766609434996 ], [ 77.335165836638254, 25.771679575973671 ], [ 77.321368980219773, 25.765606428963249 ], [ 77.318340401981558, 25.731191929237522 ], [ 77.300168932552339, 25.736686681294572 ], [ 77.276613324032965, 25.719624030170049 ], [ 77.27863237619178, 25.706031748765771 ], [ 77.300841949938601, 25.697645021941856 ], [ 77.326080101923637, 25.667857681843117 ], [ 77.308581649880679, 25.660627744925947 ], [ 77.275940306646703, 25.674220026330225 ], [ 77.253394224206744, 25.656000585298958 ], [ 77.258441854603745, 25.641251513987932 ], [ 77.283680006588781, 25.629105219967087 ], [ 77.257432328524345, 25.582833623697205 ], [ 77.273584745794764, 25.583412018650577 ], [ 77.270556167556563, 25.560854615469008 ], [ 77.306899106415017, 25.555359863411958 ], [ 77.299495915166062, 25.534248447613823 ], [ 77.178689294331036, 25.511691044432254 ], [ 77.171959120468358, 25.485374074053759 ], [ 77.183736924728038, 25.46628704059243 ], [ 77.150759072800938, 25.465997843115744 ], [ 77.144028898938259, 25.458767906198574 ], [ 77.141000320700059, 25.455297536478334 ], [ 77.136962216382443, 25.451248771804718 ], [ 77.14604795109706, 25.421750629182668 ], [ 77.103984364455329, 25.410471927591882 ], [ 77.109368503545468, 25.393120078990677 ], [ 77.097590699285789, 25.3838657597367 ], [ 77.039038186680514, 25.382998167306638 ], [ 77.016492104240541, 25.383576562260011 ], [ 77.016155595547417, 25.382708969829952 ], [ 77.01346352600234, 25.368538293472298 ], [ 77.010771456457277, 25.353210827207899 ], [ 77.01245399992294, 25.352921629731213 ], [ 77.045768360543192, 25.341353730663741 ], [ 77.08143828201537, 25.353500024684585 ], [ 77.08143828201537, 25.352632432254527 ], [ 77.083120825481046, 25.33614817608338 ], [ 77.083120825481046, 25.33614817608338 ], [ 77.071343021221352, 25.320531512342292 ], [ 77.071006512528228, 25.320242314865606 ], [ 77.045768360543192, 25.319374722435548 ], [ 77.031298486738436, 25.294503739440483 ], [ 76.973755500212562, 25.300287688974219 ], [ 76.958949117714667, 25.291611764673615 ], [ 76.945488769989311, 25.283514235326386 ], [ 76.93707605266097, 25.2832250378497 ], [ 76.92327919624249, 25.285538617663192 ], [ 76.929336352718892, 25.302890466264401 ], [ 76.902079148575055, 25.32342348710916 ], [ 76.857323492388261, 25.332677806363137 ], [ 76.761755023538271, 25.319663919912234 ], [ 76.729450188997419, 25.328629041689524 ], [ 76.70051044138792, 25.351475642347779 ], [ 76.669888150312744, 25.348872865057597 ], [ 76.640275385316968, 25.383576562260011 ], [ 76.623449950660273, 25.37663582281953 ], [ 76.598548307368375, 25.392252486560615 ], [ 76.596865763902699, 25.408158347778389 ], [ 76.594173694357636, 25.408158347778389 ], [ 76.589462572653758, 25.424931801426222 ], [ 76.585760977029295, 25.433029330773451 ], [ 76.56355140328246, 25.448067599561163 ], [ 76.555811703340382, 25.452983956664838 ], [ 76.555475194647244, 25.453273154141527 ], [ 76.555475194647244, 25.483060494240263 ], [ 76.516440186243727, 25.527307708173343 ], [ 76.516440186243727, 25.527596905650029 ], [ 76.520141781868205, 25.54726233406473 ], [ 76.505671908063448, 25.579652451453647 ], [ 76.510719538460449, 25.628237627537029 ], [ 76.496922682041969, 25.642697501371366 ], [ 76.503989364597771, 25.670171261656613 ], [ 76.480433756078412, 25.683185148107516 ], [ 76.480097247385274, 25.684052740537577 ], [ 76.479087721305874, 25.684341938014263 ], [ 76.478414703919611, 25.68810150521119 ], [ 76.47437659960201, 25.70429656390565 ], [ 76.473030564829472, 25.709212921009325 ], [ 76.500624277666446, 25.728010756993967 ], [ 76.522160834027005, 25.728299954470653 ], [ 76.520814799254467, 25.791634201865058 ], [ 76.520814799254467, 25.79250179429512 ], [ 76.535957690445485, 25.811878025233135 ], [ 76.563887911975598, 25.848606104772355 ], [ 76.546725968625765, 25.839062588041692 ], [ 76.580040329246017, 25.867693138233683 ], [ 76.582395890097956, 25.870295915523862 ], [ 76.583068907484218, 25.870295915523862 ], [ 76.621430898501472, 25.869139125617117 ], [ 76.641621420089507, 25.907313192539771 ], [ 76.641957928782631, 25.907891587493143 ], [ 76.662821467756928, 25.905578007679651 ], [ 76.7153168238858, 25.901818440482721 ], [ 76.731805749849357, 25.908469982446519 ], [ 76.754351832289316, 25.920616276467364 ], [ 76.757380410527531, 25.924086646187604 ], [ 76.754015323596192, 25.930159793198026 ], [ 76.746948641040376, 25.939124914975316 ], [ 76.749304201892315, 25.939414112452003 ], [ 76.757380410527531, 25.940570902358751 ], [ 76.787666192909569, 25.944041272078991 ], [ 76.800790031941787, 25.956476763576525 ], [ 76.804155118873126, 25.960814725726824 ], [ 76.805164644952526, 25.986842498628633 ], [ 76.807183697111327, 25.988866880965443 ], [ 76.807183697111327, 25.990023670872191 ], [ 76.839825040345303, 26.026173355458038 ], [ 76.850256809832459, 26.031089712561712 ], [ 76.851266335911859, 26.03224650246846 ], [ 76.885253713918374, 26.047863166209545 ], [ 76.900733113802517, 26.092688775095997 ], [ 76.901069622495655, 26.092977972572683 ], [ 76.948180839534388, 26.102810686780032 ], [ 76.998993652197584, 26.129995249588589 ], [ 77.006396843446538, 26.151106665386727 ], [ 77.031298486738436, 26.172507278661548 ], [ 77.097590699285789, 26.184075177729021 ], [ 77.115425660021884, 26.217043690071311 ], [ 77.115425660021884, 26.217332887547997 ], [ 77.119463764339486, 26.214151715304446 ] ] ] } },
{ "type": "Feature", "properties": { "dt_code": "423", "district": "Shivpuri", "st_code": "23", "year": "2011_c", "st_nm": "Madhya Pradesh" }, "geometry": { "type": "Polygon", "coordinates": [ [ [ 77.642398273469411, 25.898348070762481 ], [ 77.679077721020988, 25.913097142073507 ], [ 77.696239664370808, 25.901529243006035 ], [ 77.702633329540362, 25.880707024684586 ], [ 77.749071529192818, 25.88388819692814 ], [ 77.749071529192818, 25.883309801974768 ], [ 77.750081055272219, 25.883309801974768 ], [ 77.747388985727156, 25.861041596269885 ], [ 77.760176316066236, 25.861619991223257 ], [ 77.763877911690713, 25.846292524958859 ], [ 77.783058907199333, 25.856125239166211 ], [ 77.800220850549152, 25.820843147010422 ], [ 77.866176554403381, 25.807540063082833 ], [ 77.876944832583661, 25.788453029621504 ], [ 77.866849571789643, 25.78180148765771 ], [ 77.876608323890522, 25.7797771053209 ], [ 77.876608323890522, 25.7797771053209 ], [ 77.875598797811122, 25.771968773450357 ], [ 77.874589271731722, 25.762714454196381 ], [ 77.874589271731722, 25.762425256719695 ], [ 77.864157502244581, 25.758954886999454 ], [ 77.876608323890522, 25.756062912232586 ], [ 77.876608323890522, 25.756062912232586 ], [ 77.876608323890522, 25.756062912232586 ], [ 77.874589271731722, 25.740157051014812 ], [ 77.877281341276799, 25.738711063631378 ], [ 77.89309724985408, 25.741024643444874 ], [ 77.915979840987177, 25.754038529895777 ], [ 77.916989367066577, 25.754038529895777 ], [ 77.960398988480847, 25.748832975315416 ], [ 77.961408514560247, 25.749122172792102 ], [ 78.001116540350026, 25.765606428963249 ], [ 77.997414944725563, 25.739000261108064 ], [ 78.022989605403723, 25.716442857926495 ], [ 78.053611896478898, 25.708634526055953 ], [ 78.133700965444746, 25.726275572133847 ], [ 78.157929591350381, 25.719913227646735 ], [ 78.176101060779601, 25.740157051014812 ], [ 78.177447095552139, 25.739867853538126 ], [ 78.192926495436296, 25.73928945858475 ], [ 78.214799560489993, 25.738132668678006 ], [ 78.262583794914988, 25.782958277564454 ], [ 78.295898155535241, 25.785850252331322 ], [ 78.285129877354962, 25.768209206253431 ], [ 78.294552120762702, 25.762136059243005 ], [ 78.289504490365701, 25.752881739989029 ], [ 78.267967934005128, 25.752592542512343 ], [ 78.22825990821535, 25.728299954470653 ], [ 78.216482103955656, 25.694174652221612 ], [ 78.249796464575908, 25.68810150521119 ], [ 78.248786938496508, 25.721937609983545 ], [ 78.264602847073789, 25.721070017553483 ], [ 78.284793368661823, 25.70082619418541 ], [ 78.308685485874321, 25.707766933625891 ], [ 78.309021994567459, 25.68463113549095 ], [ 78.32382837706534, 25.668436076796489 ], [ 78.343345881267098, 25.658314165112451 ], [ 78.354114159447377, 25.670460459133299 ], [ 78.376323733194212, 25.65860336258914 ], [ 78.384736450522553, 25.612620963795941 ], [ 78.409974602507589, 25.600474669775096 ], [ 78.407619041655664, 25.597871892484918 ], [ 78.389784080919569, 25.576471279210093 ], [ 78.410311111200727, 25.564035787712562 ], [ 78.412330163359528, 25.56345739275919 ], [ 78.441269910969041, 25.597293497531542 ], [ 78.468527115112877, 25.584279611080639 ], [ 78.465162028181538, 25.564614182665935 ], [ 78.451701680456182, 25.572133317059794 ], [ 78.449346119604243, 25.573290106966539 ], [ 78.434203228413224, 25.551600296215032 ], [ 78.420069863301606, 25.531356472846955 ], [ 78.419060337222206, 25.529910485463525 ], [ 78.415022232904604, 25.528175300603401 ], [ 78.388774554840168, 25.51747499396599 ], [ 78.38742852006763, 25.516318204059246 ], [ 78.398196798247909, 25.490001233680747 ], [ 78.394495202623432, 25.485663271530445 ], [ 78.40021585040671, 25.463684263302248 ], [ 78.416368267677143, 25.476408952276469 ], [ 78.39483171131657, 25.444308032364233 ], [ 78.397187272168509, 25.456165128908395 ], [ 78.367574507172733, 25.457900313768512 ], [ 78.362190368082594, 25.46281667087219 ], [ 78.355123685526792, 25.451537969281404 ], [ 78.342672863880836, 25.431583343390017 ], [ 78.340317303028897, 25.433029330773451 ], [ 78.326520446610417, 25.439970070213935 ], [ 78.307675959794921, 25.417701864509052 ], [ 78.308685485874321, 25.417123469555676 ], [ 78.328876007462355, 25.412785507405378 ], [ 78.339644285642635, 25.415966679648932 ], [ 78.339644285642635, 25.415966679648932 ], [ 78.340990320415159, 25.416255877125618 ], [ 78.340653811722035, 25.399482423477785 ], [ 78.316761694509538, 25.378660205156336 ], [ 78.310031520646859, 25.380684587493143 ], [ 78.307002942408658, 25.378660205156336 ], [ 78.302628329397919, 25.36593551618212 ], [ 78.300945785932242, 25.360151566648383 ], [ 78.327529972689817, 25.352632432254527 ], [ 78.343682389960236, 25.328339844212838 ], [ 78.311714064112522, 25.303179663741087 ], [ 78.354450668140515, 25.29219015962699 ], [ 78.350076055129776, 25.277441088315964 ], [ 78.372622137569749, 25.259800042238069 ], [ 78.359834807230655, 25.242158996160178 ], [ 78.410984128586989, 25.212660853538125 ], [ 78.390793606998969, 25.206298509051017 ], [ 78.381371363591228, 25.203406534284149 ], [ 78.340990320415159, 25.222204370268788 ], [ 78.339644285642635, 25.222782765222163 ], [ 78.300609277239104, 25.201960546900715 ], [ 78.310368029339998, 25.184897895776196 ], [ 78.294888629455841, 25.14383185408667 ], [ 78.292533068603902, 25.128504387822272 ], [ 78.327193463996679, 25.112309329127811 ], [ 78.348730020357237, 25.138047904552934 ], [ 78.349066529050376, 25.139493891936368 ], [ 78.334260146552495, 25.1475914212836 ], [ 78.334260146552495, 25.147880618760286 ], [ 78.334596655245619, 25.148748211190345 ], [ 78.342672863880836, 25.166967652221615 ], [ 78.353104633367977, 25.172462404278662 ], [ 78.354787176833653, 25.173329996708723 ], [ 78.355123685526792, 25.173619194185409 ], [ 78.379015802739289, 25.161472900164565 ], [ 78.379688820125551, 25.138337102029624 ], [ 78.364545928934533, 25.119539266044981 ], [ 78.373968172342273, 25.098717047723532 ], [ 78.367574507172733, 25.09640346791004 ], [ 78.338634759563234, 25.08570316127263 ], [ 78.337625233483834, 25.085413963795943 ], [ 78.328202990076079, 25.09466828304992 ], [ 78.309695011953721, 25.088884333516184 ], [ 78.297244190307765, 25.100741430060342 ], [ 78.269986986163929, 25.088305938562808 ], [ 78.303637855477319, 25.053602241360394 ], [ 78.335606181325019, 25.068929707624797 ], [ 78.344691916039636, 25.016006569391113 ], [ 78.345364933425898, 25.0119578047175 ], [ 78.339980794335759, 25.007041447613823 ], [ 78.308685485874321, 24.976675712561711 ], [ 78.294552120762702, 24.963083431157433 ], [ 78.22388529520461, 24.915365847504116 ], [ 78.210424947479254, 24.894832826659353 ], [ 78.172399465155138, 24.876034990674711 ], [ 78.171389939075738, 24.869383448710916 ], [ 78.173408991234538, 24.846536848052661 ], [ 78.189561408504957, 24.841042095995611 ], [ 78.111491391697911, 24.836125738891937 ], [ 78.110818374311648, 24.836414936368623 ], [ 78.110145356925386, 24.836125738891937 ], [ 78.047891248695635, 24.858972339550192 ], [ 78.028037235800738, 24.836414936368623 ], [ 78.009529257678381, 24.838150121228743 ], [ 77.991357788249147, 24.855501969829952 ], [ 77.977224423137528, 24.847982835436095 ], [ 77.972176792740527, 24.884421717498629 ], [ 77.989338736090346, 24.885867704882063 ], [ 77.983618088307082, 24.9113170828305 ], [ 78.017941975006721, 24.955853494240266 ], [ 77.961072005867109, 24.963951023587494 ], [ 77.960735497173971, 24.983327254525509 ], [ 77.95030372768683, 24.986797624245749 ], [ 77.911605227976438, 24.981302872188699 ], [ 77.904875054113774, 25.000389905650028 ], [ 77.888049619457078, 25.007330645090512 ], [ 77.853052715371163, 24.994605956116292 ], [ 77.852379697984901, 24.996341140976412 ], [ 77.849014611053562, 25.006752250137136 ], [ 77.848678102360424, 25.007619842567198 ], [ 77.831179650317466, 25.000389905650028 ], [ 77.814690724353909, 24.95874546900713 ], [ 77.802239902707953, 24.953250716950084 ], [ 77.801230376628553, 24.934163683488755 ], [ 77.788443046289473, 24.935898868348875 ], [ 77.774646189870992, 24.902062763576524 ], [ 77.755465194362358, 24.898592393856283 ], [ 77.738976268398801, 24.857237154690072 ], [ 77.72114130766272, 24.867069868897424 ], [ 77.707007942551101, 24.851742402633022 ], [ 77.676049142782787, 24.863310301700494 ], [ 77.654512586422229, 24.891073259462424 ], [ 77.619179173643175, 24.909871095447066 ], [ 77.613122017166774, 24.926933746571585 ], [ 77.594614039044401, 24.926644549094899 ], [ 77.601007704213956, 24.952383124520022 ], [ 77.588556882568, 24.965975405924301 ], [ 77.541782174222405, 24.914209057597368 ], [ 77.549185365471345, 24.898013998902908 ], [ 77.586537830409199, 24.887892087218869 ], [ 77.587210847795461, 24.887892087218869 ], [ 77.576442569615182, 24.880083755348327 ], [ 77.564664765355502, 24.871697028524412 ], [ 77.53774406990479, 24.880662150301703 ], [ 77.52596626564511, 24.871986226001098 ], [ 77.478518539913253, 24.876613385628087 ], [ 77.45799150963208, 24.917101032364236 ], [ 77.460683579177157, 24.930114918815139 ], [ 77.451934353155679, 24.928379733955019 ], [ 77.412226327365886, 24.947177569939662 ], [ 77.399775505719944, 24.940815225452553 ], [ 77.395737401402329, 24.933296091058693 ], [ 77.37420084504177, 24.927222944048275 ], [ 77.370499249417307, 24.926066154141527 ], [ 77.370162740724169, 24.926066154141527 ], [ 77.357711919078213, 24.946020780032914 ], [ 77.362086532088952, 24.960480653867251 ], [ 77.347280149591072, 24.966553800877676 ], [ 77.350645236522411, 24.975518922654963 ], [ 77.336848380103916, 24.9922923763028 ], [ 77.339203940955855, 25.026996073505213 ], [ 77.319686436754097, 25.040877552386178 ], [ 77.321368980219773, 25.065748535381239 ], [ 77.309927684653218, 25.071532484914975 ], [ 77.311273719425756, 25.075581249588591 ], [ 77.313292771584557, 25.080786804168952 ], [ 77.314638806357095, 25.084546371365882 ], [ 77.323724541071698, 25.086281556226002 ], [ 77.357711919078213, 25.093800690619858 ], [ 77.393045331857266, 25.119250068568295 ], [ 77.406505679582622, 25.111730934174439 ], [ 77.390689771005327, 25.123009635765222 ], [ 77.393381840550404, 25.159448517827755 ], [ 77.400112014413068, 25.183741105869448 ], [ 77.426696201170643, 25.188079068019746 ], [ 77.411553309979624, 25.223939555128908 ], [ 77.355356358226274, 25.263559609434999 ], [ 77.354346832146874, 25.273392323642348 ], [ 77.37420084504177, 25.274549113549096 ], [ 77.380931018904448, 25.292768554580363 ], [ 77.38059451021131, 25.294503739440483 ], [ 77.370162740724169, 25.32544786944597 ], [ 77.368143688565368, 25.327761449259462 ], [ 77.342232519194056, 25.32168830224904 ], [ 77.36679765379283, 25.360729961601756 ], [ 77.351318253908673, 25.379238600109709 ], [ 77.349972219136134, 25.380395390016457 ], [ 77.350981745215535, 25.381552179923204 ], [ 77.350981745215535, 25.385311747120134 ], [ 77.369153214644768, 25.407290755348328 ], [ 77.36780717987223, 25.410182730115196 ], [ 77.314302297663957, 25.431294145913331 ], [ 77.291083197837722, 25.422618221612726 ], [ 77.248683102502866, 25.380684587493143 ], [ 77.23421322869811, 25.378949402633022 ], [ 77.224454476597231, 25.335280583653319 ], [ 77.234549737391248, 25.333545398793198 ], [ 77.223108441824692, 25.318796327482172 ], [ 77.21503223318949, 25.319663919912234 ], [ 77.217387794041429, 25.329496634119586 ], [ 77.205609989781735, 25.326604659352718 ], [ 77.209311585406212, 25.306071638507955 ], [ 77.164892437912556, 25.308385218321447 ], [ 77.125184412122763, 25.33065342402633 ], [ 77.083120825481046, 25.33614817608338 ], [ 77.083120825481046, 25.33614817608338 ], [ 77.08143828201537, 25.352632432254527 ], [ 77.08143828201537, 25.353500024684585 ], [ 77.045768360543192, 25.341353730663741 ], [ 77.01245399992294, 25.352921629731213 ], [ 77.010771456457277, 25.353210827207899 ], [ 77.01346352600234, 25.368538293472298 ], [ 77.016155595547417, 25.382708969829952 ], [ 77.016492104240541, 25.383576562260011 ], [ 77.039038186680514, 25.382998167306638 ], [ 77.097590699285789, 25.3838657597367 ], [ 77.109368503545468, 25.393120078990677 ], [ 77.103984364455329, 25.410471927591882 ], [ 77.14604795109706, 25.421750629182668 ], [ 77.136962216382443, 25.451248771804718 ], [ 77.141000320700059, 25.455297536478334 ], [ 77.144028898938259, 25.458767906198574 ], [ 77.150759072800938, 25.465997843115744 ], [ 77.183736924728038, 25.46628704059243 ], [ 77.171959120468358, 25.485374074053759 ], [ 77.178689294331036, 25.511691044432254 ], [ 77.299495915166062, 25.534248447613823 ], [ 77.306899106415017, 25.555359863411958 ], [ 77.270556167556563, 25.560854615469008 ], [ 77.273584745794764, 25.583412018650577 ], [ 77.257432328524345, 25.582833623697205 ], [ 77.283680006588781, 25.629105219967087 ], [ 77.258441854603745, 25.641251513987932 ], [ 77.253394224206744, 25.656000585298958 ], [ 77.275940306646703, 25.674220026330225 ], [ 77.308581649880679, 25.660627744925947 ], [ 77.326080101923637, 25.667857681843117 ], [ 77.300841949938601, 25.697645021941856 ], [ 77.27863237619178, 25.706031748765771 ], [ 77.276613324032965, 25.719624030170049 ], [ 77.300168932552339, 25.736686681294572 ], [ 77.318340401981558, 25.731191929237522 ], [ 77.321368980219773, 25.765606428963249 ], [ 77.335165836638254, 25.771679575973671 ], [ 77.329445188854976, 25.790766609434996 ], [ 77.4431851271342, 25.773993155787164 ], [ 77.435445427192121, 25.793369386725178 ], [ 77.408861240434547, 25.811588827756445 ], [ 77.417610466456026, 25.869428323093803 ], [ 77.407515205662023, 25.8804178272079 ], [ 77.423331114239303, 25.892274923752058 ], [ 77.443521635827338, 25.890539738891938 ], [ 77.473134400823113, 25.857571226549645 ], [ 77.521928161327509, 25.850919684585847 ], [ 77.524620230872586, 25.838773390565002 ], [ 77.548175839391945, 25.835881415798134 ], [ 77.544137735074344, 25.823445924300604 ], [ 77.558271100185962, 25.811010432803073 ], [ 77.581490200012183, 25.823445924300604 ], [ 77.580144165239659, 25.863065978606691 ], [ 77.610766456314835, 25.857571226549645 ], [ 77.617496630177499, 25.859884806363137 ], [ 77.637350643072395, 25.867403940756994 ], [ 77.641725256083134, 25.895745293472299 ], [ 77.642398273469411, 25.898348070762481 ], [ 77.642398273469411, 25.898348070762481 ], [ 77.642398273469411, 25.898348070762481 ] ] ] } },
{ "type": "Feature", "properties": { "dt_code": "424", "district": "Tikamgarh", "st_code": "23", "year": "2011_c", "st_nm": "Madhya Pradesh" }, "geometry": { "type": "Polygon", "coordinates": [ [ [ 78.880413755508641, 25.157713332967639 ], [ 78.9009407857898, 25.168992034558421 ], [ 78.9029598379486, 25.170438021941855 ], [ 78.909016994425016, 25.179692341195832 ], [ 78.930553550785575, 25.207166101481075 ], [ 78.941658337658993, 25.212950051014811 ], [ 78.961848859247013, 25.215263630828304 ], [ 79.005931498047545, 25.195019807460231 ], [ 79.001220376343667, 25.23377226933626 ], [ 78.97631873305177, 25.240134613823368 ], [ 78.994490202480989, 25.273103126165662 ], [ 79.017709302307225, 25.269343558968735 ], [ 79.022420424011102, 25.264427201865058 ], [ 79.02174740662484, 25.241869798683489 ], [ 79.022420424011102, 25.241869798683489 ], [ 79.022083915317964, 25.241291403730116 ], [ 79.03991887605406, 25.243026588590237 ], [ 79.03352521088452, 25.234061466812946 ], [ 79.063474484573419, 25.221915172792102 ], [ 79.059772888948956, 25.190681845309928 ], [ 79.048668102075538, 25.193863017553483 ], [ 79.052369697700016, 25.207744496434451 ], [ 79.030833141339443, 25.184897895776196 ], [ 79.03991887605406, 25.171305614371917 ], [ 79.031169650032581, 25.138337102029624 ], [ 79.050687154234339, 25.134288337356008 ], [ 79.090731688717256, 25.190971042786614 ], [ 79.095779319114271, 25.175065181568844 ], [ 79.126065101496309, 25.161183702687879 ], [ 79.115969840702292, 25.139783089413058 ], [ 79.132122257972725, 25.127347597915524 ], [ 79.123373031951246, 25.115490501371369 ], [ 79.13111273189331, 25.109417354360943 ], [ 79.185963648874122, 25.114912106417993 ], [ 79.176204896773243, 25.140072286889744 ], [ 79.192357314043662, 25.146145433900166 ], [ 79.204471626996479, 25.139783089413058 ], [ 79.214903396483635, 25.111441736697753 ], [ 79.227354218129577, 25.121852845858477 ], [ 79.244852670172534, 25.113755316511245 ], [ 79.260332070056691, 25.153086173340647 ], [ 79.268744787385032, 25.138337102029624 ], [ 79.259995561363553, 25.125323215578717 ], [ 79.282878152496664, 25.117225686231485 ], [ 79.286243239427989, 25.131107165112454 ], [ 79.307106778402286, 25.12937198025233 ], [ 79.322922686979581, 25.14932660614372 ], [ 79.323595704365843, 25.147880618760286 ], [ 79.341094156408801, 25.082811186505761 ], [ 79.328643334762859, 25.034804405375755 ], [ 79.345132260726416, 24.903797948436644 ], [ 79.304751217550361, 24.797951671969283 ], [ 79.320230617434504, 24.751390878222711 ], [ 79.302732165391546, 24.710903231486562 ], [ 79.303068674084685, 24.68776743335162 ], [ 79.272782891702647, 24.66434243773999 ], [ 79.225671674663914, 24.663185647833242 ], [ 79.219951026880636, 24.662896450356556 ], [ 79.218268483414974, 24.662896450356556 ], [ 79.216249431256173, 24.655088118486013 ], [ 79.195385892281877, 24.612865286889743 ], [ 79.091068197410394, 24.633398307734502 ], [ 79.063474484573419, 24.621830408667034 ], [ 79.070877675822373, 24.59435664838179 ], [ 79.04193792821286, 24.555604186505761 ], [ 79.023093441397364, 24.546349867251784 ], [ 78.98574097645951, 24.441371183214482 ], [ 78.98574097645951, 24.441660380691168 ], [ 78.947378985442271, 24.436454826110808 ], [ 78.939975794193316, 24.453517477235327 ], [ 78.914064624822018, 24.459590624245749 ], [ 78.920458289991558, 24.498921481075151 ], [ 78.937283724648253, 24.491113149204608 ], [ 78.927188463854236, 24.482148027427318 ], [ 78.937620233341391, 24.478677657707077 ], [ 78.971607611347892, 24.494294321448162 ], [ 78.947378985442271, 24.502391850795394 ], [ 78.943677389817793, 24.534492770707626 ], [ 78.953099633225534, 24.546928262205157 ], [ 78.920121781298434, 24.574691219967089 ], [ 78.883105825053704, 24.641495837081735 ], [ 78.867962933862685, 24.6400498496983 ], [ 78.859886725227483, 24.617492446516732 ], [ 78.843397799263926, 24.623276396050468 ], [ 78.834648573242447, 24.604478560065825 ], [ 78.803353264780995, 24.603610967635767 ], [ 78.783835760579237, 24.588572698848054 ], [ 78.751867434731537, 24.600140597915527 ], [ 78.74379122609632, 24.653931328579265 ], [ 78.781143691034174, 24.705986874382887 ], [ 78.770375412853895, 24.788408155238617 ], [ 78.789892917055653, 24.810965558420186 ], [ 78.770038904160756, 24.858972339550192 ], [ 78.676489487469553, 24.898592393856283 ], [ 78.663365648437349, 24.938501645639057 ], [ 78.631733831282759, 24.957588679100386 ], [ 78.650241809405117, 25.040299157432806 ], [ 78.652597370257055, 25.050710266593526 ], [ 78.640483057304237, 25.068351312671421 ], [ 78.639473531224837, 25.071243287438289 ], [ 78.68658474826357, 25.073846064728471 ], [ 78.728984843598425, 25.096114270433354 ], [ 78.746483295641383, 25.080786804168952 ], [ 78.776769078023435, 25.09466828304992 ], [ 78.777105586716559, 25.09466828304992 ], [ 78.785518304044913, 25.086570753702688 ], [ 78.792584986600716, 25.079630014262207 ], [ 78.792921495293854, 25.079340816785518 ], [ 78.794267530066392, 25.079630014262207 ], [ 78.845080342729588, 25.097849455293474 ], [ 78.886807420678181, 25.160316110257817 ], [ 78.880413755508641, 25.157713332967639 ] ] ] } },
{ "type": "Feature", "properties": { "dt_code": "432", "district": "Neemuch", "st_code": "23", "year": "2011_c", "st_nm": "Madhya Pradesh" }, "geometry": { "type": "Polygon", "coordinates": [ [ [ 75.549650710870338, 24.703094899616019 ], [ 75.550996745642863, 24.700492122325837 ], [ 75.569168215072096, 24.670126387273726 ], [ 75.570514249844635, 24.669258794843664 ], [ 75.608539732168751, 24.646122996708723 ], [ 75.581619036718038, 24.642074232035107 ], [ 75.572196793310297, 24.621830408667034 ], [ 75.588685719273855, 24.606213744925945 ], [ 75.590031754046393, 24.519454501919913 ], [ 75.518018893715762, 24.459301426769063 ], [ 75.430863142194099, 24.357503914975318 ], [ 75.429517107421574, 24.356057927591884 ], [ 75.425815511797097, 24.334657314317059 ], [ 75.421440898786358, 24.332054537026881 ], [ 75.365243947033008, 24.315281083379048 ], [ 75.351447090614528, 24.336970894130555 ], [ 75.333612129878432, 24.338127684037303 ], [ 75.315777169142351, 24.333211326933625 ], [ 75.309046995279672, 24.317305465715854 ], [ 75.205402317794466, 24.30862954141525 ], [ 75.125986266214881, 24.333211326933625 ], [ 75.122621179283541, 24.342465646187605 ], [ 75.133052948770697, 24.348249595721338 ], [ 75.132379931384435, 24.348538793198024 ], [ 75.129014844453096, 24.349984780581458 ], [ 75.112525918489538, 24.357214717498628 ], [ 75.108824322865061, 24.356925520021942 ], [ 75.088633801277041, 24.356057927591884 ], [ 75.058684527588127, 24.325692192539769 ], [ 75.041859092931432, 24.323667810202963 ], [ 75.039167023386369, 24.334078919363687 ], [ 75.05599245804305, 24.355768730115194 ], [ 75.02402413219535, 24.370517801426221 ], [ 75.023687623502212, 24.369939406472849 ], [ 74.997776454130914, 24.332343734503567 ], [ 74.988017702030035, 24.34188725123423 ], [ 74.987344684643759, 24.340441263850796 ], [ 74.985325632484958, 24.34188725123423 ], [ 74.97859545862228, 24.335235709270435 ], [ 74.975566880384079, 24.337260091607241 ], [ 74.969846232600801, 24.327138179923203 ], [ 74.95302079794412, 24.297061642347778 ], [ 74.952684289250982, 24.29619404991772 ], [ 74.952684289250982, 24.295904852441033 ], [ 74.962779550044999, 24.266985104772353 ], [ 74.925427085107145, 24.235173382336807 ], [ 74.907928633064188, 24.211459189248494 ], [ 74.897496863577032, 24.219556718595722 ], [ 74.89682384619077, 24.227075852989579 ], [ 74.867884098581271, 24.242981714207353 ], [ 74.754480668995171, 24.242114121777291 ], [ 74.749769547291308, 24.256284798134942 ], [ 74.781401364445884, 24.288964113000549 ], [ 74.781401364445884, 24.289831705430608 ], [ 74.781064855752746, 24.338416881513989 ], [ 74.801928394727042, 24.358660704882062 ], [ 74.807312533817182, 24.380639713110259 ], [ 74.8214458989288, 24.379482923203511 ], [ 74.825147494553278, 24.400015944048274 ], [ 74.855096768242177, 24.424308532089963 ], [ 74.855096768242177, 24.425754519473397 ], [ 74.854760259549053, 24.431827666483819 ], [ 74.854087242162777, 24.444552355458036 ], [ 74.851731681310838, 24.443973960504664 ], [ 74.813706198986722, 24.436744023587494 ], [ 74.822118916315063, 24.45322827975864 ], [ 74.815052233759261, 24.468555746023039 ], [ 74.786785503536024, 24.472026115743283 ], [ 74.776690242742006, 24.460169019199125 ], [ 74.744385408201168, 24.468555746023039 ], [ 74.727559973544473, 24.488799569391116 ], [ 74.697610699855559, 24.483304817334066 ], [ 74.715109151898517, 24.502391850795394 ], [ 74.719483764909256, 24.507308207899069 ], [ 74.744721916894292, 24.513381354909491 ], [ 74.74404889950803, 24.53217919089413 ], [ 74.75582670376771, 24.534492770707626 ], [ 74.743375882121768, 24.571510047723535 ], [ 74.786448994842885, 24.585680724081186 ], [ 74.779718820980207, 24.615468064179925 ], [ 74.813706198986722, 24.655666513439385 ], [ 74.815725251145523, 24.657690895776195 ], [ 74.81404270767986, 24.660293673066374 ], [ 74.810677620748521, 24.665499227646738 ], [ 74.810341112055383, 24.666366820076796 ], [ 74.771642612345005, 24.661450462973121 ], [ 74.787122012229148, 24.703673294569391 ], [ 74.779382312287083, 24.731436252331324 ], [ 74.803947446885843, 24.735195819528251 ], [ 74.799909342568242, 24.779153835984641 ], [ 74.808995077282844, 24.780599823368075 ], [ 74.836252281426695, 24.706276071859573 ], [ 74.888747637555554, 24.633687505211192 ], [ 74.894468285338831, 24.644387811848603 ], [ 74.901534967894648, 24.63281991278113 ], [ 74.905236563519111, 24.641206639605048 ], [ 74.943262045843241, 24.637736269884805 ], [ 74.942252519763841, 24.647279786615471 ], [ 74.961433515272461, 24.656534105869447 ], [ 74.960087480499922, 24.67880231157433 ], [ 75.001478049755377, 24.686321445968186 ], [ 74.992392315040775, 24.693262185408667 ], [ 74.992392315040775, 24.73172544980801 ], [ 75.016284432253272, 24.732014647284696 ], [ 75.006862188845517, 24.771923899067474 ], [ 75.002487575834778, 24.770767109160726 ], [ 74.988017702030035, 24.767296739440482 ], [ 74.977922441236018, 24.764693962150304 ], [ 74.935185837208024, 24.778286243554582 ], [ 74.933503293742362, 24.777707848601207 ], [ 74.930474715504147, 24.778575441031268 ], [ 74.914658806926866, 24.769031924300606 ], [ 74.879998411534075, 24.797373277015907 ], [ 74.860817416025455, 24.798530066922655 ], [ 74.860817416025455, 24.778864638507955 ], [ 74.850385646538314, 24.776261861217773 ], [ 74.846684050913836, 24.780889020844761 ], [ 74.837934824892358, 24.797373277015907 ], [ 74.860817416025455, 24.80547080636314 ], [ 74.861153924718593, 24.80547080636314 ], [ 74.860480907332317, 24.81270074328031 ], [ 74.858798363866654, 24.839017713658805 ], [ 74.858798363866654, 24.840174503565553 ], [ 74.82582051193954, 24.899459986286342 ], [ 74.833560211881618, 24.959613061437192 ], [ 74.842982455289359, 24.968867380691169 ], [ 74.859134872559792, 24.962794233680746 ], [ 74.869903150740072, 24.924909364234779 ], [ 74.881007937613489, 24.937344855732309 ], [ 74.902881002667186, 24.929825721338453 ], [ 74.916677859085667, 24.885867704882063 ], [ 74.931820750276685, 24.875456595721339 ], [ 74.95302079794412, 24.880372952825013 ], [ 74.948309676240243, 24.864467091607242 ], [ 74.95840493703426, 24.858104747120134 ], [ 75.038830514693231, 24.845380058145913 ], [ 75.060030562360666, 24.86359949917718 ], [ 75.055655949349926, 24.871986226001098 ], [ 75.065751210143944, 24.868226658804168 ], [ 75.076519488324223, 24.880662150301703 ], [ 75.088297292583903, 24.878926965441579 ], [ 75.087287766504502, 24.87082943609435 ], [ 75.116900531500278, 24.877770175534835 ], [ 75.113535444568939, 24.966842998354362 ], [ 75.129687861839358, 24.969156578167855 ], [ 75.141465666099037, 24.978410897421831 ], [ 75.132043422691297, 24.983616452002195 ], [ 75.166367309390935, 25.002703485463524 ], [ 75.153243470358717, 25.03249082556226 ], [ 75.174443518026152, 25.046372304443224 ], [ 75.190932443989709, 25.036539590235876 ], [ 75.190932443989709, 25.037117985189248 ], [ 75.192278478762248, 25.036539590235876 ], [ 75.192614987455372, 25.033358417992321 ], [ 75.196989600466111, 25.033647615469008 ], [ 75.208094387339528, 25.034515207899069 ], [ 75.295250138861192, 25.039431565002744 ], [ 75.350101055841989, 25.033647615469008 ], [ 75.35111058192139, 25.018898544157981 ], [ 75.33832325158231, 25.018609346681295 ], [ 75.324862903856953, 25.011668607240814 ], [ 75.32015178215309, 25.009355027427318 ], [ 75.317796221301151, 25.007909040043884 ], [ 75.317123203914889, 25.004149472846954 ], [ 75.31375811698355, 24.981592069665389 ], [ 75.313421608290412, 24.980146082281955 ], [ 75.314094625676674, 24.979278489851893 ], [ 75.316113677835475, 24.976964910038397 ], [ 75.336304199423509, 24.952672321996708 ], [ 75.31375811698355, 24.885289309928691 ], [ 75.305008890962071, 24.928379733955019 ], [ 75.281789791135836, 24.952961519473398 ], [ 75.285154878067175, 24.965686208447615 ], [ 75.259243708695863, 24.96076985134394 ], [ 75.294240612781778, 24.909003503017004 ], [ 75.266983408637941, 24.89888159133297 ], [ 75.263281813013478, 24.874878200767967 ], [ 75.309383503972811, 24.856080364783324 ], [ 75.32654544732263, 24.874878200767967 ], [ 75.373656664361363, 24.867648263850796 ], [ 75.421440898786358, 24.882686532638509 ], [ 75.423796459638297, 24.875167398244653 ], [ 75.420431372706958, 24.863021104223808 ], [ 75.408653568447278, 24.849718020296216 ], [ 75.328564499481431, 24.819063087767418 ], [ 75.311066047438473, 24.800843646736151 ], [ 75.278424704204497, 24.839885306088867 ], [ 75.224246804609948, 24.843934070762479 ], [ 75.225256330689362, 24.834101356555131 ], [ 75.24914844790186, 24.830052591881515 ], [ 75.252513534833199, 24.812989940756996 ], [ 75.215497578588469, 24.802578831596271 ], [ 75.184538778820169, 24.748498903455843 ], [ 75.197662617852387, 24.743293348875483 ], [ 75.217853139440408, 24.705408479429511 ], [ 75.219535682906084, 24.702516504662643 ], [ 75.228284908927563, 24.717554773450356 ], [ 75.264627847786016, 24.717554773450356 ], [ 75.455428276792873, 24.68053749643445 ], [ 75.490088672185649, 24.686899840921559 ], [ 75.533834802293043, 24.712349218869996 ], [ 75.549650710870338, 24.703094899616019 ], [ 75.549650710870338, 24.703094899616019 ] ] ] } },
{ "type": "Feature", "properties": { "dt_code": "430", "district": "Rewa", "st_code": "23", "year": "2011_c", "st_nm": "Madhya Pradesh" }, "geometry": { "type": "Polygon", "coordinates": [ [ [ 82.296650008202931, 24.605924547449259 ], [ 82.303380182065609, 24.59435664838179 ], [ 82.305062725531272, 24.591464673614922 ], [ 82.277469012694297, 24.589729488754799 ], [ 82.276795995308035, 24.590307883708174 ], [ 82.252230860709261, 24.610840904552937 ], [ 82.249538791164198, 24.602743375205705 ], [ 82.175506878674767, 24.616335656609984 ], [ 82.174497352595367, 24.616335656609984 ], [ 82.182910069923707, 24.602743375205705 ], [ 82.122338505159618, 24.589729488754799 ], [ 82.117290874762617, 24.598116215578717 ], [ 82.070852675110146, 24.602454177729019 ], [ 82.067487588178807, 24.57613720735052 ], [ 82.018020810288149, 24.570353257816787 ], [ 81.953411141206459, 24.545482274821723 ], [ 81.95105558035452, 24.575269614920462 ], [ 81.919760271893082, 24.569774862863412 ], [ 81.916058676268605, 24.558785358749315 ], [ 81.89283957644237, 24.553869001645641 ], [ 81.895868154680585, 24.544036287438288 ], [ 81.863563320139733, 24.535649560614374 ], [ 81.86625538968481, 24.524081661546902 ], [ 81.8174616291804, 24.509910985189251 ], [ 81.798953651058042, 24.514538144816239 ], [ 81.818807663952938, 24.533335980800878 ], [ 81.79188696850224, 24.530154808557324 ], [ 81.763620238279003, 24.516851724629731 ], [ 81.760591660040788, 24.500367468458585 ], [ 81.749486873167371, 24.494005123971476 ], [ 81.74746782100857, 24.492848334064728 ], [ 81.744775751463507, 24.491402346681294 ], [ 81.736699542828291, 24.510778577619309 ], [ 81.71650902124027, 24.507308207899069 ], [ 81.629353269718607, 24.465374573779485 ], [ 81.504508544565979, 24.424019334613277 ], [ 81.449657627585168, 24.389315637410864 ], [ 81.31673669379731, 24.336103301700494 ], [ 81.314381132945385, 24.324535402633025 ], [ 81.305968415617031, 24.323667810202963 ], [ 81.305295398230768, 24.322800217772901 ], [ 81.297219189595552, 24.322800217772901 ], [ 81.272654054996792, 24.323378612726277 ], [ 81.283422333177072, 24.356057927591884 ], [ 81.268279441986053, 24.376301750959957 ], [ 81.272990563689916, 24.384399280307186 ], [ 81.285104876642734, 24.378326133296763 ], [ 81.291835050505412, 24.39654557432803 ], [ 81.260539742043974, 24.420838162369719 ], [ 81.260203233350836, 24.43356285134394 ], [ 81.249098446477419, 24.430092481623699 ], [ 81.22857141619626, 24.452360687328579 ], [ 81.234628572672676, 24.472315313219969 ], [ 81.222850768412982, 24.468844943499725 ], [ 81.223187277106121, 24.490823951727922 ], [ 81.157231573251892, 24.497764691168406 ], [ 81.13939661251581, 24.511935367526057 ], [ 81.15655855586563, 24.522346476686781 ], [ 81.15756808194503, 24.568328875479978 ], [ 81.167663342739047, 24.563701715852989 ], [ 81.158914116717568, 24.577583194733954 ], [ 81.167999851432185, 24.624433185957216 ], [ 81.161606186262631, 24.637157874931432 ], [ 81.183142742623204, 24.698756937465717 ], [ 81.156895064558768, 24.707432861766321 ], [ 81.109447338826897, 24.750523285792649 ], [ 81.090602852011401, 24.774815873834338 ], [ 81.088920308545738, 24.793324512342295 ], [ 81.072431382582181, 24.774237478880966 ], [ 81.045174178438344, 24.797084079539221 ], [ 81.055605947925486, 24.807784386176632 ], [ 81.070075821730242, 24.800265251782776 ], [ 81.064691682640102, 24.823690247394406 ], [ 81.072094873889043, 24.833233764125069 ], [ 81.095313973715278, 24.831209381788263 ], [ 81.111129882292573, 24.880372952825013 ], [ 81.125263247404192, 24.885578507405377 ], [ 81.119542599620914, 24.902930356006582 ], [ 81.139733121208934, 24.887602889742183 ], [ 81.145453768992212, 24.910449490400438 ], [ 81.160260151490107, 24.913630662643996 ], [ 81.167999851432185, 24.95527509928689 ], [ 81.20737136852884, 24.930404116291829 ], [ 81.193911020803483, 24.925776956664841 ], [ 81.194920546882884, 24.925487759188151 ], [ 81.215111068470918, 24.928090536478333 ], [ 81.218476155402243, 24.931850103675259 ], [ 81.207034859835701, 24.964529418540867 ], [ 81.220495207561058, 24.977254107515087 ], [ 81.209053911994502, 24.992581573779486 ], [ 81.22655236403746, 25.001546695556776 ], [ 81.263904828975313, 25.053023846407022 ], [ 81.268952459372315, 25.067483720241363 ], [ 81.259530215964574, 25.075870447065277 ], [ 81.266933407213514, 25.084546371365882 ], [ 81.252127024715634, 25.102187417443773 ], [ 81.264914355054714, 25.117225686231485 ], [ 81.266260389827252, 25.139493891936368 ], [ 81.281739789711395, 25.151929383433902 ], [ 81.277701685393794, 25.166100059791553 ], [ 81.313371606865985, 25.163786479978057 ], [ 81.321447815501188, 25.112887724081187 ], [ 81.331206567602067, 25.114622908941307 ], [ 81.319428763342387, 25.156845740537577 ], [ 81.334571654533406, 25.169281232035107 ], [ 81.360482823904704, 25.160605307734503 ], [ 81.375289206402599, 25.141807471749864 ], [ 81.370914593391859, 25.13486673230938 ], [ 81.392787658445556, 25.131107165112454 ], [ 81.399517832308234, 25.119250068568295 ], [ 81.414324214806115, 25.120985253428415 ], [ 81.406248006170912, 25.13139636258914 ], [ 81.438216332018612, 25.130528770159081 ], [ 81.438216332018612, 25.130528770159081 ], [ 81.447638575426367, 25.107103774547451 ], [ 81.412305162647314, 25.103922602303896 ], [ 81.464800518776187, 25.090041123422928 ], [ 81.489702162068085, 25.073267669775099 ], [ 81.498787896782702, 25.07644884201865 ], [ 81.50114345763464, 25.077894829402084 ], [ 81.500470440248364, 25.09640346791004 ], [ 81.51830540098446, 25.101030627537028 ], [ 81.490375179454361, 25.109706551837633 ], [ 81.479943409967206, 25.132263955019198 ], [ 81.496768844623901, 25.12937198025233 ], [ 81.499460914168964, 25.148748211190345 ], [ 81.524699066154, 25.14383185408667 ], [ 81.523689540074599, 25.146434631376852 ], [ 81.523353031381461, 25.1475914212836 ], [ 81.523016522688337, 25.148169816236972 ], [ 81.536476870413679, 25.160605307734503 ], [ 81.514603805359982, 25.173619194185409 ], [ 81.514603805359982, 25.175932773998902 ], [ 81.514603805359982, 25.180559933625894 ], [ 81.514603805359982, 25.183741105869448 ], [ 81.516622857518797, 25.183451908392762 ], [ 81.539841957345018, 25.18084913110258 ], [ 81.540178466038157, 25.188657462973122 ], [ 81.551956270297836, 25.184897895776196 ], [ 81.572483300578995, 25.192127832693362 ], [ 81.576857913589734, 25.190392647833242 ], [ 81.594356365632692, 25.1825843159627 ], [ 81.595365891712106, 25.182005921009328 ], [ 81.595365891712106, 25.182005921009328 ], [ 81.588635717849428, 25.165810862314867 ], [ 81.615556413300126, 25.168992034558421 ], [ 81.626324691480406, 25.160894505211189 ], [ 81.623296113242205, 25.140939879319802 ], [ 81.597721452564031, 25.13139636258914 ], [ 81.608153222051186, 25.096114270433354 ], [ 81.624305639321605, 25.120117660998353 ], [ 81.640794565285162, 25.099006245200222 ], [ 81.600077013415969, 25.074135262205157 ], [ 81.617238956765789, 25.061121375754251 ], [ 81.611518308982525, 25.056205018650576 ], [ 81.6411310739783, 25.056783413603952 ], [ 81.66670573465646, 25.075002854635215 ], [ 81.667042243349599, 25.061410573230937 ], [ 81.693626430107173, 25.048975081733406 ], [ 81.689924834482696, 25.038853170049371 ], [ 81.713480443002055, 25.035961195282503 ], [ 81.731651912431289, 25.04868588425672 ], [ 81.792559985888502, 25.004438670323644 ], [ 81.835296589916496, 25.017163359297861 ], [ 81.891830050362969, 24.989111204059242 ], [ 81.893176085135508, 24.990846388919365 ], [ 81.89923324161191, 25.00472786780033 ], [ 81.895868154680585, 25.009933422380691 ], [ 81.900915785077586, 25.00819823752057 ], [ 81.901588802463849, 25.007909040043884 ], [ 81.906972941553988, 25.006173855183764 ], [ 81.903271345929525, 24.993159968732858 ], [ 81.905626906781464, 24.973205342841471 ], [ 81.919760271893082, 24.928090536478333 ], [ 81.902934837236387, 24.891651654415799 ], [ 81.933893637004701, 24.87082943609435 ], [ 81.94264286302618, 24.845958453099289 ], [ 81.965188945466139, 24.827160617114647 ], [ 81.971582610635679, 24.839017713658805 ], [ 82.017011284208749, 24.845958453099289 ], [ 82.094071774936381, 24.817617100383984 ], [ 82.097773370560859, 24.81617111300055 ], [ 82.100801948799059, 24.810387163466814 ], [ 82.10383052703726, 24.80720599122326 ], [ 82.115608331296954, 24.784359390565005 ], [ 82.133779800726174, 24.788118957761931 ], [ 82.138827431123175, 24.799397659352717 ], [ 82.167094161346412, 24.785516180471753 ], [ 82.178871965606106, 24.795059697202415 ], [ 82.166757652653288, 24.800843646736151 ], [ 82.203773608898004, 24.819352285244104 ], [ 82.184256104696246, 24.795638092155787 ], [ 82.216224430543946, 24.794192104772353 ], [ 82.209157747988144, 24.778575441031268 ], [ 82.217906974009622, 24.776840256171148 ], [ 82.196370417649064, 24.777997046077893 ], [ 82.203100591511728, 24.758042420186506 ], [ 82.177862439526706, 24.732882239714755 ], [ 82.213868869692021, 24.734328227098189 ], [ 82.221272060940962, 24.721892735600658 ], [ 82.207138695829343, 24.747342113549095 ], [ 82.215887921850822, 24.754572050466265 ], [ 82.229348269576164, 24.745028533735603 ], [ 82.224637147872301, 24.75775322270982 ], [ 82.234059391280041, 24.760645197476688 ], [ 82.245500686846597, 24.744160941305541 ], [ 82.250884825936737, 24.769899516730664 ], [ 82.250211808550461, 24.697021752605597 ], [ 82.229684778269302, 24.681694286341198 ], [ 82.239107021677057, 24.661161265496435 ], [ 82.24920228247106, 24.671283177180474 ], [ 82.26098008673074, 24.661450462973121 ], [ 82.267373751900294, 24.677067126714206 ], [ 82.262999138889555, 24.67880231157433 ], [ 82.268719786672818, 24.683429471201318 ], [ 82.269392804059095, 24.682561878771256 ], [ 82.287564273488314, 24.666366820076796 ], [ 82.303043673372471, 24.666945215030172 ], [ 82.302707164679333, 24.66607762260011 ], [ 82.302707164679333, 24.665499227646738 ], [ 82.300688112520533, 24.650750156335711 ], [ 82.295303973430393, 24.608527324739441 ], [ 82.296650008202931, 24.605924547449259 ], [ 82.296650008202931, 24.605924547449259 ] ] ] } },
{ "type": "Feature", "properties": { "dt_code": "429", "district": "Satna", "st_code": "23", "year": "2011_c", "st_nm": "Madhya Pradesh" }, "geometry": { "type": "Polygon", "coordinates": [ [ [ 81.119542599620914, 24.902930356006582 ], [ 81.125263247404192, 24.885578507405377 ], [ 81.111129882292573, 24.880372952825013 ], [ 81.095313973715278, 24.831209381788263 ], [ 81.072094873889043, 24.833233764125069 ], [ 81.064691682640102, 24.823690247394406 ], [ 81.070075821730242, 24.800265251782776 ], [ 81.055605947925486, 24.807784386176632 ], [ 81.045174178438344, 24.797084079539221 ], [ 81.072431382582181, 24.774237478880966 ], [ 81.088920308545738, 24.793324512342295 ], [ 81.090602852011401, 24.774815873834338 ], [ 81.109447338826897, 24.750523285792649 ], [ 81.156895064558768, 24.707432861766321 ], [ 81.183142742623204, 24.698756937465717 ], [ 81.161606186262631, 24.637157874931432 ], [ 81.167999851432185, 24.624433185957216 ], [ 81.158914116717568, 24.577583194733954 ], [ 81.167663342739047, 24.563701715852989 ], [ 81.15756808194503, 24.568328875479978 ], [ 81.15655855586563, 24.522346476686781 ], [ 81.13939661251581, 24.511935367526057 ], [ 81.157231573251892, 24.497764691168406 ], [ 81.223187277106121, 24.490823951727922 ], [ 81.222850768412982, 24.468844943499725 ], [ 81.234628572672676, 24.472315313219969 ], [ 81.22857141619626, 24.452360687328579 ], [ 81.249098446477419, 24.430092481623699 ], [ 81.260203233350836, 24.43356285134394 ], [ 81.260539742043974, 24.420838162369719 ], [ 81.291835050505412, 24.39654557432803 ], [ 81.285104876642734, 24.378326133296763 ], [ 81.272990563689916, 24.384399280307186 ], [ 81.268279441986053, 24.376301750959957 ], [ 81.283422333177072, 24.356057927591884 ], [ 81.272654054996792, 24.323378612726277 ], [ 81.297219189595552, 24.322800217772901 ], [ 81.305295398230768, 24.322800217772901 ], [ 81.325149411125665, 24.29069929786067 ], [ 81.346012950099961, 24.292145285244104 ], [ 81.349041528338162, 24.274215041689523 ], [ 81.340965319702946, 24.27016627701591 ], [ 81.350051054417563, 24.253103625891388 ], [ 81.38774002804854, 24.265828314865608 ], [ 81.388749554127955, 24.266117512342294 ], [ 81.388413045434817, 24.265539117388919 ], [ 81.387067010662278, 24.260622760285244 ], [ 81.37495269770946, 24.218110731212288 ], [ 81.361828858677242, 24.203361659901262 ], [ 81.352406615269501, 24.192661353263851 ], [ 81.348032002258762, 24.187744996160177 ], [ 81.281739789711395, 24.190058575973669 ], [ 81.239676203069678, 24.163452408118488 ], [ 81.22756189011686, 24.155354878771256 ], [ 81.224869820571797, 24.128170315962699 ], [ 81.202660246824962, 24.109661677454746 ], [ 81.202323738131824, 24.109661677454746 ], [ 81.185498303475143, 24.110818467361494 ], [ 81.15857760802443, 24.134243462973121 ], [ 81.146463295071612, 24.135111055403183 ], [ 81.13401247342567, 24.135111055403183 ], [ 81.104736217123019, 24.12556753867252 ], [ 81.010513783045567, 24.091442236423479 ], [ 81.002101065717213, 24.081031127262754 ], [ 81.002774083103489, 24.091731433900165 ], [ 80.973834335493976, 24.068306438288538 ], [ 80.963739074699959, 24.066282055951728 ], [ 80.961047005154896, 24.064546871091608 ], [ 80.957345409530419, 24.064836068568294 ], [ 80.903167509935884, 24.07062001810203 ], [ 80.893072249141866, 24.063100883708174 ], [ 80.869516640622507, 24.078428349972572 ], [ 80.836538788695393, 24.0231916319254 ], [ 80.819713354038697, 24.02839718650576 ], [ 80.799522832450677, 24.016250892484916 ], [ 80.7968307629056, 24.006418178277563 ], [ 80.811637145403495, 23.995717871640153 ], [ 80.810964128017218, 23.995139476686781 ], [ 80.801541884609478, 23.988198737246297 ], [ 80.807262532392755, 23.96997929621503 ], [ 80.807262532392755, 23.969690098738344 ], [ 80.806926023699617, 23.96997929621503 ], [ 80.765198945751024, 23.991958304443227 ], [ 80.764525928364762, 23.992247501919913 ], [ 80.764525928364762, 23.992247501919913 ], [ 80.769573558761763, 24.005261388370819 ], [ 80.754094158877606, 24.025794409215578 ], [ 80.774284680465641, 24.039097493143171 ], [ 80.801205375916339, 24.037073110806364 ], [ 80.790100589042922, 24.049219404827209 ], [ 80.802887919382016, 24.060787303894681 ], [ 80.775630715238179, 24.06888483324191 ], [ 80.756786228422683, 24.060208908941306 ], [ 80.722798850416169, 24.077560757542514 ], [ 80.723808376495569, 24.06512526604498 ], [ 80.712367080929027, 24.064836068568294 ], [ 80.69587815496547, 24.083923102029622 ], [ 80.738951267686588, 24.105902110257816 ], [ 80.745008424163004, 24.116891614371916 ], [ 80.737268724220925, 24.131351488206253 ], [ 80.673332072525497, 24.105034517827757 ], [ 80.683090824626376, 24.073801190345584 ], [ 80.657179655255078, 24.091731433900165 ], [ 80.63665262497392, 24.08507989193637 ], [ 80.648430429233599, 24.044013850246849 ], [ 80.626557364179902, 24.075536375205704 ], [ 80.543439716975854, 24.031289161272628 ], [ 80.543776225668992, 24.045170640153593 ], [ 80.554544503849272, 24.048930207350523 ], [ 80.537382560499452, 24.07062001810203 ], [ 80.515509495445755, 24.049219404827209 ], [ 80.531661912716174, 24.02839718650576 ], [ 80.513153934593817, 24.012491325287989 ], [ 80.468734787100146, 23.991090712013165 ], [ 80.418594991823213, 23.984728367526056 ], [ 80.390328261599976, 23.967376518924851 ], [ 80.359369461831676, 23.969111703784971 ], [ 80.354658340127799, 23.969400901261658 ], [ 80.3586964444454, 23.973449665935274 ], [ 80.389318735520575, 24.002369413603951 ], [ 80.385617139896112, 24.038519098189798 ], [ 80.385280631202974, 24.040832678003291 ], [ 80.385280631202974, 24.042278665386725 ], [ 80.44147758295631, 24.036205518376303 ], [ 80.441141074263186, 24.092599026330227 ], [ 80.476810995735363, 24.066571253428414 ], [ 80.508442812889939, 24.076982362589138 ], [ 80.559928642939411, 24.109661677454746 ], [ 80.55589053862181, 24.120940379045528 ], [ 80.577090586289231, 24.120361984092156 ], [ 80.596944599184127, 24.135400252879869 ], [ 80.609395420830083, 24.148703336807461 ], [ 80.596271581797865, 24.15333049643445 ], [ 80.611414472988884, 24.1588252484915 ], [ 80.608385894750683, 24.168947160175534 ], [ 80.62487482071424, 24.157090063631379 ], [ 80.616798612079023, 24.169236357652224 ], [ 80.632951029349442, 24.175020307185957 ], [ 80.63126848588378, 24.183985428963247 ], [ 80.649103446619861, 24.181671849149755 ], [ 80.648430429233599, 24.173574319802523 ], [ 80.6514590074718, 24.186877403730115 ], [ 80.678716211615637, 24.198156105320901 ], [ 80.642036764064059, 24.187744996160177 ], [ 80.629585942418103, 24.197577710367526 ], [ 80.619154172930962, 24.181093454196379 ], [ 80.623192277248563, 24.199602092704335 ], [ 80.603338264353667, 24.203072462424576 ], [ 80.58146519929997, 24.244138504114098 ], [ 80.570360412426552, 24.242981714207353 ], [ 80.550169890838532, 24.263803932528798 ], [ 80.551852434304195, 24.271323066922655 ], [ 80.56766834288149, 24.256284798134942 ], [ 80.584830286231309, 24.257730785518376 ], [ 80.558246099473749, 24.266985104772353 ], [ 80.576417568902968, 24.30139960449808 ], [ 80.536373034420052, 24.317594663192541 ], [ 80.539065103965115, 24.332922129456939 ], [ 80.511807899821278, 24.343911633571039 ], [ 80.512817425900678, 24.360685087218872 ], [ 80.500030095561598, 24.374855763576523 ], [ 80.470417330565823, 24.375144961053209 ], [ 80.465706208861945, 24.401751128908394 ], [ 80.473445908804024, 24.415343410312673 ], [ 80.456956982840467, 24.421127359846409 ], [ 80.466715734941346, 24.422284149753153 ], [ 80.460322069771806, 24.436744023587494 ], [ 80.422633096140828, 24.443106368074602 ], [ 80.435420426479908, 24.506440615469007 ], [ 80.458976034999267, 24.510489380142623 ], [ 80.465706208861945, 24.52147888425672 ], [ 80.461668104544344, 24.53217919089413 ], [ 80.44248710903571, 24.53391437575425 ], [ 80.460658578464944, 24.552712211738893 ], [ 80.456620474147343, 24.574691219967089 ], [ 80.469407804486423, 24.613732879319805 ], [ 80.415566413585012, 24.611997694459681 ], [ 80.423979130913352, 24.629927938014262 ], [ 80.413547361426211, 24.647568984092157 ], [ 80.376531405181495, 24.681405088864508 ], [ 80.354994848820922, 24.67330755951728 ], [ 80.344563079333781, 24.695864962698849 ], [ 80.36710916177374, 24.689791815688427 ], [ 80.382252052964773, 24.711481626439934 ], [ 80.403452100632194, 24.70830045419638 ], [ 80.409172748415472, 24.72623069775096 ], [ 80.394029857224453, 24.744739336258913 ], [ 80.411864817960549, 24.778575441031268 ], [ 80.43609344386617, 24.746763718595723 ], [ 80.468398278407022, 24.76671834448711 ], [ 80.477820521814763, 24.755439642896327 ], [ 80.475464960962825, 24.766429147010424 ], [ 80.485560221756842, 24.762091184860122 ], [ 80.492963413005782, 24.781756613274823 ], [ 80.508779321583077, 24.770767109160726 ], [ 80.507096778117401, 24.788986550191993 ], [ 80.533680964874975, 24.80344642402633 ], [ 80.529979369250498, 24.810965558420186 ], [ 80.518538073683956, 24.806049201316512 ], [ 80.524931738853496, 24.822533457487658 ], [ 80.536036525726914, 24.805760003839826 ], [ 80.572379464585367, 24.820509075150852 ], [ 80.575408042823568, 24.810387163466814 ], [ 80.579109638448031, 24.822822654964344 ], [ 80.603674773046805, 24.830920184311577 ], [ 80.597617616570403, 24.8456692556226 ], [ 80.63126848588378, 24.866202276467362 ], [ 80.629585942418103, 24.878348570488207 ], [ 80.613433525147684, 24.876034990674711 ], [ 80.57608106020983, 24.901195171146462 ], [ 80.538728595271976, 24.900327578716404 ], [ 80.517528547604556, 24.917101032364236 ], [ 80.501039621640999, 24.899170788809656 ], [ 80.506760269424277, 24.891940851892485 ], [ 80.486569747836242, 24.884421717498629 ], [ 80.487242765222504, 24.860996721886998 ], [ 80.49767453470966, 24.859261537026878 ], [ 80.478157030507901, 24.844223268239165 ], [ 80.479839573973564, 24.885000112452005 ], [ 80.494645956471459, 24.9113170828305 ], [ 80.490607852153843, 24.94457479264948 ], [ 80.471090347952085, 24.966842998354362 ], [ 80.470753839258961, 24.967421393307735 ], [ 80.476137978349101, 24.974651330224905 ], [ 80.477147504428501, 24.976386515085025 ], [ 80.499357078175322, 25.006173855183764 ], [ 80.54949687345227, 25.002414287986834 ], [ 80.546131786520931, 25.03249082556226 ], [ 80.500703112947861, 25.04145594733955 ], [ 80.509115830276215, 25.058807795940758 ], [ 80.496328499937121, 25.072978472298409 ], [ 80.506760269424277, 25.083967976412509 ], [ 80.47950306528044, 25.09640346791004 ], [ 80.484550695677441, 25.09640346791004 ], [ 80.500366604254737, 25.096692665386726 ], [ 80.514163460673217, 25.096692665386726 ], [ 80.514836478059479, 25.094957480526606 ], [ 80.521230143229019, 25.077894829402084 ], [ 80.521903160615295, 25.075870447065277 ], [ 80.525604756239758, 25.074135262205157 ], [ 80.547141312600331, 25.064880942951181 ], [ 80.56228420379135, 25.069797300054855 ], [ 80.564976273336413, 25.071532484914975 ], [ 80.568341360267752, 25.086859951179378 ], [ 80.613097016454546, 25.065748535381239 ], [ 80.606703351285006, 25.086859951179378 ], [ 80.597954125263527, 25.079340816785518 ], [ 80.592233477480249, 25.090330320899618 ], [ 80.597617616570403, 25.114044513987935 ], [ 80.607376368671282, 25.117804081184861 ], [ 80.594925547025326, 25.127347597915524 ], [ 80.605357316512467, 25.148169816236972 ], [ 80.606703351285006, 25.150483396050468 ], [ 80.607376368671282, 25.146723828853538 ], [ 80.611414472988884, 25.127925992868899 ], [ 80.626557364179902, 25.132842349972574 ], [ 80.628912925031841, 25.133420744925946 ], [ 80.63025895980438, 25.131107165112454 ], [ 80.635306590201381, 25.122142043335163 ], [ 80.638335168439582, 25.116647291278113 ], [ 80.635643098894519, 25.115201303894679 ], [ 80.633960555428843, 25.114044513987935 ], [ 80.607376368671282, 25.09813865277016 ], [ 80.625547838100502, 25.084546371365882 ], [ 80.636316116280781, 25.089462728469556 ], [ 80.640354220598383, 25.09264390071311 ], [ 80.641363746677797, 25.092065505759738 ], [ 80.659198707413879, 25.083389581459134 ], [ 80.661890776958955, 25.067483720241363 ], [ 80.672995563832373, 25.082521989029075 ], [ 80.684773368092053, 25.077027236972025 ], [ 80.674005089911773, 25.060542980800879 ], [ 80.679725737695037, 25.04868588425672 ], [ 80.713376607008428, 25.060832178277565 ], [ 80.715395659167228, 25.065170140427867 ], [ 80.717078202632891, 25.069218905101483 ], [ 80.736259198141525, 25.053602241360394 ], [ 80.736595706834649, 25.053313043883708 ], [ 80.787408519497859, 25.061699770707627 ], [ 80.783370415180258, 25.075870447065277 ], [ 80.757122737115822, 25.0819435940757 ], [ 80.753084632798206, 25.09090871585299 ], [ 80.725490919961231, 25.091487110806362 ], [ 80.724144885188707, 25.118382476138233 ], [ 80.70765595922515, 25.117804081184861 ], [ 80.707319450532012, 25.119250068568295 ], [ 80.705300398373211, 25.125034018102031 ], [ 80.704290872293811, 25.128504387822272 ], [ 80.704963889680073, 25.128793585298958 ], [ 80.730538550358247, 25.146723828853538 ], [ 80.741979845924789, 25.123588030718597 ], [ 80.778322784783242, 25.142385866703236 ], [ 80.786398993418459, 25.12937198025233 ], [ 80.808272058472156, 25.13689111464619 ], [ 80.809281584551556, 25.133999139879322 ], [ 80.811973654096619, 25.124166425671969 ], [ 80.819040336652435, 25.122720438288535 ], [ 80.826780036594513, 25.121563648381787 ], [ 80.829808614832714, 25.100163035106966 ], [ 80.842932453864933, 25.112309329127811 ], [ 80.836538788695393, 25.133999139879322 ], [ 80.842932453864933, 25.148748211190345 ], [ 80.843268962558071, 25.172462404278662 ], [ 80.838221332161055, 25.180559933625894 ], [ 80.843268962558071, 25.185765488206254 ], [ 80.843605471251195, 25.18634388315963 ], [ 80.844278488637471, 25.186922278113002 ], [ 80.869516640622507, 25.174486786615468 ], [ 80.884659531813526, 25.187211475589688 ], [ 80.912926262036763, 25.159159320351073 ], [ 80.894754792607543, 25.133999139879322 ], [ 80.879611901416524, 25.138337102029624 ], [ 80.868507114543107, 25.115779698848051 ], [ 80.879611901416524, 25.099295442676908 ], [ 80.867497588463706, 25.075292052111905 ], [ 80.877929357950848, 25.065459337904553 ], [ 80.831827666991515, 25.032780023038946 ], [ 80.85504676681775, 25.003860275370268 ], [ 80.852354697272673, 24.988822006582556 ], [ 80.824087967049437, 24.967710590784421 ], [ 80.792119641201737, 24.964818616017553 ], [ 80.820049862731835, 24.933006893582007 ], [ 80.812310162789757, 24.922595784421283 ], [ 80.83586577130913, 24.919414612177729 ], [ 80.837548314774793, 24.928379733955019 ], [ 80.860767414601028, 24.928668931431709 ], [ 80.892735740448728, 24.945442385079541 ], [ 80.906869105560361, 24.935320473395503 ], [ 80.899129405618282, 24.948623557323096 ], [ 80.945904113963877, 24.966264603400987 ], [ 80.945904113963877, 24.965975405924301 ], [ 80.957345409530419, 24.917968624794295 ], [ 80.974170844187114, 24.934163683488755 ], [ 80.98662166583307, 24.923174179374659 ], [ 81.004456626569151, 24.937055658255623 ], [ 81.022964604691509, 24.927512141524961 ], [ 81.029021761167925, 24.933296091058693 ], [ 81.015897922135707, 24.951226334613274 ], [ 81.025320165543448, 24.940236830499178 ], [ 81.031713830712988, 24.949491149753154 ], [ 81.033732882871789, 24.952672321996708 ], [ 81.033732882871789, 24.952672321996708 ], [ 81.034069391564927, 24.952672321996708 ], [ 81.085891730307537, 24.946599174986286 ], [ 81.089593325932, 24.9463099775096 ], [ 81.0885837998526, 24.940236830499178 ], [ 81.093631430249616, 24.927512141524961 ], [ 81.118196564848375, 24.90755751563357 ], [ 81.119542599620914, 24.902930356006582 ] ] ] } },
{ "type": "Feature", "properties": { "dt_code": "458", "district": "Guna", "st_code": "23", "year": "2011_c", "st_nm": "Madhya Pradesh" }, "geometry": { "type": "Polygon", "coordinates": [ [ [ 77.313292771584557, 25.080786804168952 ], [ 77.311273719425756, 25.075581249588591 ], [ 77.309927684653218, 25.071532484914975 ], [ 77.321368980219773, 25.065748535381239 ], [ 77.319686436754097, 25.040877552386178 ], [ 77.339203940955855, 25.026996073505213 ], [ 77.336848380103916, 24.9922923763028 ], [ 77.350645236522411, 24.975518922654963 ], [ 77.347280149591072, 24.966553800877676 ], [ 77.362086532088952, 24.960480653867251 ], [ 77.357711919078213, 24.946020780032914 ], [ 77.370162740724169, 24.926066154141527 ], [ 77.370499249417307, 24.926066154141527 ], [ 77.37420084504177, 24.927222944048275 ], [ 77.395737401402329, 24.933296091058693 ], [ 77.399775505719944, 24.940815225452553 ], [ 77.412226327365886, 24.947177569939662 ], [ 77.451934353155679, 24.928379733955019 ], [ 77.460683579177157, 24.930114918815139 ], [ 77.45799150963208, 24.917101032364236 ], [ 77.478518539913253, 24.876613385628087 ], [ 77.52596626564511, 24.871986226001098 ], [ 77.53774406990479, 24.880662150301703 ], [ 77.564664765355502, 24.871697028524412 ], [ 77.562309204503563, 24.869383448710916 ], [ 77.520245617861832, 24.827160617114647 ], [ 77.523274196100047, 24.795059697202415 ], [ 77.557261574106562, 24.762380382336808 ], [ 77.555579030640885, 24.727098290181022 ], [ 77.534378982973465, 24.692105395501919 ], [ 77.498709061501273, 24.666366820076796 ], [ 77.481883626844592, 24.633398307734502 ], [ 77.474816944288776, 24.587415908941306 ], [ 77.486594748548455, 24.580475169500822 ], [ 77.486931257241594, 24.514538144816239 ], [ 77.498036044115011, 24.472604510696655 ], [ 77.474816944288776, 24.465085376302799 ], [ 77.475489961675038, 24.43529803620406 ], [ 77.50140113104635, 24.428646494240265 ], [ 77.511496391840353, 24.402907918815142 ], [ 77.536734543825389, 24.4037755112452 ], [ 77.590912443419938, 24.374855763576523 ], [ 77.600671195520817, 24.375723356006581 ], [ 77.635668099606733, 24.428357296763579 ], [ 77.655858621194753, 24.420548964893033 ], [ 77.656195129887891, 24.402907918815142 ], [ 77.680760264486665, 24.400015944048274 ], [ 77.707007942551101, 24.410427053208998 ], [ 77.709700012096164, 24.428068099286889 ], [ 77.7349381640812, 24.428068099286889 ], [ 77.735274672774338, 24.428068099286889 ], [ 77.735611181467462, 24.428068099286889 ], [ 77.72114130766272, 24.386712860120682 ], [ 77.690519016587544, 24.39134001974767 ], [ 77.66595388198877, 24.363866259462426 ], [ 77.620861717108838, 24.344200831047726 ], [ 77.618842664950037, 24.337260091607241 ], [ 77.621534734495114, 24.331476142073505 ], [ 77.651147499490889, 24.324246205156335 ], [ 77.65215702557029, 24.313835095995614 ], [ 77.648455429945813, 24.314413490948986 ], [ 77.622544260574514, 24.29619404991772 ], [ 77.598315634668879, 24.29792923477784 ], [ 77.595287056430678, 24.267563499725728 ], [ 77.575433043535782, 24.269009487109162 ], [ 77.554569504561485, 24.246452083927593 ], [ 77.502074148432612, 24.253103625891388 ], [ 77.497699535421873, 24.266117512342294 ], [ 77.446550214065539, 24.238643752057051 ], [ 77.441502583668537, 24.238932949533737 ], [ 77.400448523106206, 24.27190146187603 ], [ 77.407515205662023, 24.300242814591336 ], [ 77.394054857936666, 24.306315961601754 ], [ 77.407851714355147, 24.329451759736699 ], [ 77.369489723337892, 24.34709280581459 ], [ 77.365451619020291, 24.348827990674714 ], [ 77.36242304078209, 24.344490028524412 ], [ 77.321368980219773, 24.287518125617115 ], [ 77.333146784479453, 24.254260415798136 ], [ 77.326753119309913, 24.245295294020845 ], [ 77.353000797374349, 24.214929558968734 ], [ 77.331464241013776, 24.216664743828854 ], [ 77.345934114818533, 24.182539441579813 ], [ 77.301178458631739, 24.1675011727921 ], [ 77.312956262891419, 24.150438521667581 ], [ 77.300505441245477, 24.126724328579265 ], [ 77.287381602213259, 24.123832353812396 ], [ 77.297476863007262, 24.083923102029622 ], [ 77.259787889376284, 24.068017240811848 ], [ 77.259787889376284, 24.043146257816787 ], [ 77.295794319541599, 24.037940703236423 ], [ 77.27762285011238, 24.018853669775098 ], [ 77.296467336927861, 24.02116724958859 ], [ 77.312283245505157, 24.007285770707625 ], [ 77.29141970653086, 23.996874661546901 ], [ 77.303870528176816, 23.992247501919913 ], [ 77.302187984711139, 23.98790953976961 ], [ 77.311946736812018, 23.98270398518925 ], [ 77.31161022811888, 23.98096880032913 ], [ 77.293775267382799, 23.97547404827208 ], [ 77.308581649880679, 23.96997929621503 ], [ 77.296467336927861, 23.954941027427317 ], [ 77.309254667266956, 23.951759855183763 ], [ 77.307572123801279, 23.931805229292376 ], [ 77.296803845621, 23.925732082281954 ], [ 77.30959117596008, 23.927178069665388 ], [ 77.307908632494417, 23.916477763027977 ], [ 77.320695962833497, 23.913296590784423 ], [ 77.31699436720902, 23.890739187602854 ], [ 77.319013419367835, 23.890449990126164 ], [ 77.318676910674697, 23.884955238069118 ], [ 77.318676910674697, 23.884376843115746 ], [ 77.318003893288434, 23.884376843115746 ], [ 77.296130828234737, 23.894209557323094 ], [ 77.294111776075923, 23.895077149753156 ], [ 77.278295867498642, 23.886401225452552 ], [ 77.226137020062907, 23.890160792649478 ], [ 77.189457572511316, 23.89276356993966 ], [ 77.185755976886853, 23.930937636862314 ], [ 77.165565455298818, 23.947132695556775 ], [ 77.184746450807438, 24.001501821173889 ], [ 77.176333733479098, 24.01769687986835 ], [ 77.187438520352515, 24.029553976412508 ], [ 77.178016276944774, 24.048351812397147 ], [ 77.182727398648638, 24.079295942402634 ], [ 77.13225109467858, 24.093466618760285 ], [ 77.07706366900463, 24.078428349972572 ], [ 77.025577838955158, 24.083055509599561 ], [ 76.989571408789843, 24.047773417443775 ], [ 76.971399939360623, 24.044592245200221 ], [ 76.917222039766074, 24.101853345584203 ], [ 76.889964835622237, 24.106480505211191 ], [ 76.889291818235975, 24.107058900164564 ], [ 76.887609274770298, 24.10937247997806 ], [ 76.877850522669419, 24.122675563905652 ], [ 76.879196557441958, 24.130483895776194 ], [ 76.881215609600758, 24.130194698299508 ], [ 76.901406131188793, 24.128170315962699 ], [ 76.916212513686673, 24.187744996160177 ], [ 76.935393509195308, 24.183985428963247 ], [ 76.947171313454987, 24.201048080087769 ], [ 76.922606178856213, 24.211459189248494 ], [ 76.912174409369072, 24.238065357103675 ], [ 76.888955309542837, 24.244716899067473 ], [ 76.863044140171539, 24.273058251782775 ], [ 76.856650475001999, 24.304580776741634 ], [ 76.84150758381098, 24.322511020296215 ], [ 76.832421849096363, 24.35808230992869 ], [ 76.851939353298121, 24.370806998902907 ], [ 76.837469479493365, 24.408402670872189 ], [ 76.850256809832459, 24.423440939659901 ], [ 76.843863144662905, 24.436165628634122 ], [ 76.844872670742319, 24.436165628634122 ], [ 76.85328538807066, 24.466820561162919 ], [ 76.816269431825944, 24.533625178277564 ], [ 76.824345640461146, 24.536227955567746 ], [ 76.862034614092138, 24.549241842018652 ], [ 76.884244187838959, 24.52147888425672 ], [ 76.901742639881917, 24.545771472298409 ], [ 76.917558548459212, 24.543457892484916 ], [ 76.91688553107295, 24.483304817334066 ], [ 76.918568074538612, 24.481569632473946 ], [ 76.920923635390551, 24.47925605266045 ], [ 76.925971265787553, 24.474050498080089 ], [ 76.932364930957092, 24.472604510696655 ], [ 76.977793604530163, 24.461325809105869 ], [ 76.983514252313441, 24.472893708173341 ], [ 77.003704773901461, 24.473761300603403 ], [ 77.004714299980861, 24.476074880416895 ], [ 77.011780982536678, 24.492269939111356 ], [ 77.029279434579635, 24.496897098738344 ], [ 77.029615943272759, 24.496897098738344 ], [ 77.031971504124698, 24.508754195282503 ], [ 77.036682625828576, 24.527262833790456 ], [ 77.054854095257795, 24.526395241360397 ], [ 77.06865095167629, 24.557339371365881 ], [ 77.06865095167629, 24.561677333516183 ], [ 77.065622373438089, 24.633687505211192 ], [ 77.064949356051812, 24.643809416895227 ], [ 77.034663573669775, 24.708589651673066 ], [ 77.031971504124698, 24.709168046626441 ], [ 76.998993652197584, 24.717843970927042 ], [ 76.996301582652521, 24.732014647284696 ], [ 76.974092008905686, 24.736063411958312 ], [ 76.963660239418545, 24.756596432803072 ], [ 76.955920539476466, 24.757464025233133 ], [ 76.951882435158865, 24.758042420186506 ], [ 76.946834804761849, 24.758620815139881 ], [ 76.906790270278933, 24.731436252331324 ], [ 76.890637853008514, 24.746763718595723 ], [ 76.855640948922598, 24.743582546352169 ], [ 76.84790124898052, 24.765272357103676 ], [ 76.846555214207982, 24.769321121777292 ], [ 76.846218705514843, 24.769899516730664 ], [ 76.804155118873126, 24.808073583653318 ], [ 76.800117014555511, 24.824557839824465 ], [ 76.828047236085624, 24.836414936368623 ], [ 76.897704535564316, 24.838728516182119 ], [ 76.926307774480691, 24.84740444048272 ], [ 76.927990317946353, 24.847693637959409 ], [ 76.92967286141203, 24.848272032912782 ], [ 76.949526874306926, 24.869383448710916 ], [ 76.91251091806221, 24.888181284695559 ], [ 76.919577600618013, 24.914209057597368 ], [ 76.920250618004289, 24.916522637410861 ], [ 76.890301344315375, 24.919414612177729 ], [ 76.889628326929113, 24.933874486012069 ], [ 76.862034614092138, 24.961348246297312 ], [ 76.867755261875416, 24.983616452002195 ], [ 76.856986983695123, 25.002414287986834 ], [ 76.875494961817481, 25.007330645090512 ], [ 76.876167979203757, 25.04145594733955 ], [ 76.968034852429284, 25.050710266593526 ], [ 76.974765026291962, 25.066326930334615 ], [ 77.000339686970122, 25.074713657158529 ], [ 77.085476386332971, 25.055048228743829 ], [ 77.095571647126988, 25.065459337904553 ], [ 77.122828851270825, 25.066905325287987 ], [ 77.148067003255861, 25.095246678003292 ], [ 77.149749546721537, 25.086570753702688 ], [ 77.166911490071357, 25.084835568842568 ], [ 77.174651190013435, 25.111730934174439 ], [ 77.238587841708849, 25.106814577070764 ], [ 77.269883150170301, 25.115779698848051 ], [ 77.273584745794764, 25.112309329127811 ], [ 77.311273719425756, 25.079630014262207 ], [ 77.313292771584557, 25.080786804168952 ] ] ] } },
{ "type": "Feature", "properties": { "dt_code": "459", "district": "Ashoknagar", "st_code": "23", "year": "2011_c", "st_nm": "Madhya Pradesh" }, "geometry": { "type": "Polygon", "coordinates": [ [ [ 77.564664765355502, 24.871697028524412 ], [ 77.576442569615182, 24.880083755348327 ], [ 77.587210847795461, 24.887892087218869 ], [ 77.586537830409199, 24.887892087218869 ], [ 77.549185365471345, 24.898013998902908 ], [ 77.541782174222405, 24.914209057597368 ], [ 77.588556882568, 24.965975405924301 ], [ 77.601007704213956, 24.952383124520022 ], [ 77.594614039044401, 24.926644549094899 ], [ 77.613122017166774, 24.926933746571585 ], [ 77.619179173643175, 24.909871095447066 ], [ 77.654512586422229, 24.891073259462424 ], [ 77.676049142782787, 24.863310301700494 ], [ 77.707007942551101, 24.851742402633022 ], [ 77.72114130766272, 24.867069868897424 ], [ 77.738976268398801, 24.857237154690072 ], [ 77.755465194362358, 24.898592393856283 ], [ 77.774646189870992, 24.902062763576524 ], [ 77.788443046289473, 24.935898868348875 ], [ 77.801230376628553, 24.934163683488755 ], [ 77.802239902707953, 24.953250716950084 ], [ 77.814690724353909, 24.95874546900713 ], [ 77.831179650317466, 25.000389905650028 ], [ 77.848678102360424, 25.007619842567198 ], [ 77.849014611053562, 25.006752250137136 ], [ 77.852379697984901, 24.996341140976412 ], [ 77.853052715371163, 24.994605956116292 ], [ 77.888049619457078, 25.007330645090512 ], [ 77.904875054113774, 25.000389905650028 ], [ 77.911605227976438, 24.981302872188699 ], [ 77.95030372768683, 24.986797624245749 ], [ 77.960735497173971, 24.983327254525509 ], [ 77.961072005867109, 24.963951023587494 ], [ 78.017941975006721, 24.955853494240266 ], [ 77.983618088307082, 24.9113170828305 ], [ 77.989338736090346, 24.885867704882063 ], [ 77.972176792740527, 24.884421717498629 ], [ 77.977224423137528, 24.847982835436095 ], [ 77.991357788249147, 24.855501969829952 ], [ 78.009529257678381, 24.838150121228743 ], [ 78.028037235800738, 24.836414936368623 ], [ 78.047891248695635, 24.858972339550192 ], [ 78.110145356925386, 24.836125738891937 ], [ 78.110818374311648, 24.836414936368623 ], [ 78.111491391697911, 24.836125738891937 ], [ 78.189561408504957, 24.841042095995611 ], [ 78.197301108447036, 24.838439318705433 ], [ 78.235326590771152, 24.772502294020846 ], [ 78.225567838670273, 24.748209705979157 ], [ 78.226240856056535, 24.747052916072409 ], [ 78.246094868951431, 24.714084403730116 ], [ 78.276380651333483, 24.663185647833242 ], [ 78.262583794914988, 24.646122996708723 ], [ 78.278063194799145, 24.614600471749863 ], [ 78.264602847073789, 24.552133816785521 ], [ 78.229942451681012, 24.53767394295118 ], [ 78.229605942987874, 24.537384745474494 ], [ 78.22825990821535, 24.533335980800878 ], [ 78.225904347363411, 24.524370859023588 ], [ 78.225231329977134, 24.522346476686781 ], [ 78.246094868951431, 24.509621787712561 ], [ 78.245758360258307, 24.486196792100934 ], [ 78.275034616560944, 24.474050498080089 ], [ 78.264266338380665, 24.455541859572136 ], [ 78.267294916618866, 24.450625502468458 ], [ 78.267294916618866, 24.450336304991772 ], [ 78.266958407925728, 24.450625502468458 ], [ 78.211097964865516, 24.409848658255623 ], [ 78.208742404013577, 24.408402670872189 ], [ 78.163986747826783, 24.395677981897972 ], [ 78.145478769704425, 24.354901137685136 ], [ 78.091637378803028, 24.321065032912781 ], [ 78.085243713633474, 24.294458865057599 ], [ 78.085243713633474, 24.29416966758091 ], [ 78.085580222326612, 24.293302075150851 ], [ 78.094665957041229, 24.25917677290181 ], [ 78.09130087010989, 24.25744158804169 ], [ 78.082551644088412, 24.258309180471752 ], [ 78.083561170167812, 24.259465970378496 ], [ 78.057313492103376, 24.260333562808558 ], [ 78.042843618298619, 24.281444978606693 ], [ 78.020634044551798, 24.282023373560065 ], [ 78.017268957620459, 24.282023373560065 ], [ 78.01491339676852, 24.236330172243555 ], [ 77.963427566719048, 24.246452083927593 ], [ 77.943573553824152, 24.230546222709819 ], [ 77.94290053643789, 24.230835420186505 ], [ 77.927421136553733, 24.267563499725728 ], [ 77.884348023832601, 24.277396213933077 ], [ 77.893770267240356, 24.311232318705432 ], [ 77.838582841566407, 24.312678306088866 ], [ 77.81771930259211, 24.29966441963796 ], [ 77.78575097674441, 24.314991885902359 ], [ 77.771617611632777, 24.301110407021394 ], [ 77.755128685669234, 24.307472751508502 ], [ 77.719458764197043, 24.299375222161274 ], [ 77.65215702557029, 24.313835095995614 ], [ 77.651147499490889, 24.324246205156335 ], [ 77.621534734495114, 24.331476142073505 ], [ 77.618842664950037, 24.337260091607241 ], [ 77.620861717108838, 24.344200831047726 ], [ 77.66595388198877, 24.363866259462426 ], [ 77.690519016587544, 24.39134001974767 ], [ 77.72114130766272, 24.386712860120682 ], [ 77.735611181467462, 24.428068099286889 ], [ 77.735274672774338, 24.428068099286889 ], [ 77.7349381640812, 24.428068099286889 ], [ 77.709700012096164, 24.428068099286889 ], [ 77.707007942551101, 24.410427053208998 ], [ 77.680760264486665, 24.400015944048274 ], [ 77.656195129887891, 24.402907918815142 ], [ 77.655858621194753, 24.420548964893033 ], [ 77.635668099606733, 24.428357296763579 ], [ 77.600671195520817, 24.375723356006581 ], [ 77.590912443419938, 24.374855763576523 ], [ 77.536734543825389, 24.4037755112452 ], [ 77.511496391840353, 24.402907918815142 ], [ 77.50140113104635, 24.428646494240265 ], [ 77.475489961675038, 24.43529803620406 ], [ 77.474816944288776, 24.465085376302799 ], [ 77.498036044115011, 24.472604510696655 ], [ 77.486931257241594, 24.514538144816239 ], [ 77.486594748548455, 24.580475169500822 ], [ 77.474816944288776, 24.587415908941306 ], [ 77.481883626844592, 24.633398307734502 ], [ 77.498709061501273, 24.666366820076796 ], [ 77.534378982973465, 24.692105395501919 ], [ 77.555579030640885, 24.727098290181022 ], [ 77.557261574106562, 24.762380382336808 ], [ 77.523274196100047, 24.795059697202415 ], [ 77.520245617861832, 24.827160617114647 ], [ 77.562309204503563, 24.869383448710916 ], [ 77.564664765355502, 24.871697028524412 ] ] ] } },
{ "type": "Feature", "properties": { "dt_code": "433", "district": "Mandsaur", "st_code": "23", "year": "2011_c", "st_nm": "Madhya Pradesh" }, "geometry": { "type": "Polygon", "coordinates": [ [ [ 74.907928633064188, 24.211459189248494 ], [ 74.925427085107145, 24.235173382336807 ], [ 74.962779550044999, 24.266985104772353 ], [ 74.952684289250982, 24.295904852441033 ], [ 74.952684289250982, 24.29619404991772 ], [ 74.95302079794412, 24.297061642347778 ], [ 74.969846232600801, 24.327138179923203 ], [ 74.975566880384079, 24.337260091607241 ], [ 74.97859545862228, 24.335235709270435 ], [ 74.985325632484958, 24.34188725123423 ], [ 74.987344684643759, 24.340441263850796 ], [ 74.988017702030035, 24.34188725123423 ], [ 74.997776454130914, 24.332343734503567 ], [ 75.023687623502212, 24.369939406472849 ], [ 75.02402413219535, 24.370517801426221 ], [ 75.05599245804305, 24.355768730115194 ], [ 75.039167023386369, 24.334078919363687 ], [ 75.041859092931432, 24.323667810202963 ], [ 75.058684527588127, 24.325692192539769 ], [ 75.088633801277041, 24.356057927591884 ], [ 75.108824322865061, 24.356925520021942 ], [ 75.112525918489538, 24.357214717498628 ], [ 75.129014844453096, 24.349984780581458 ], [ 75.132379931384435, 24.348538793198024 ], [ 75.133052948770697, 24.348249595721338 ], [ 75.122621179283541, 24.342465646187605 ], [ 75.125986266214881, 24.333211326933625 ], [ 75.205402317794466, 24.30862954141525 ], [ 75.309046995279672, 24.317305465715854 ], [ 75.315777169142351, 24.333211326933625 ], [ 75.333612129878432, 24.338127684037303 ], [ 75.351447090614528, 24.336970894130555 ], [ 75.365243947033008, 24.315281083379048 ], [ 75.421440898786358, 24.332054537026881 ], [ 75.425815511797097, 24.334657314317059 ], [ 75.429517107421574, 24.356057927591884 ], [ 75.430863142194099, 24.357503914975318 ], [ 75.518018893715762, 24.459301426769063 ], [ 75.590031754046393, 24.519454501919913 ], [ 75.588685719273855, 24.606213744925945 ], [ 75.572196793310297, 24.621830408667034 ], [ 75.581619036718038, 24.642074232035107 ], [ 75.608539732168751, 24.646122996708723 ], [ 75.570514249844635, 24.669258794843664 ], [ 75.569168215072096, 24.670126387273726 ], [ 75.550996745642863, 24.700492122325837 ], [ 75.549650710870338, 24.703094899616019 ], [ 75.582965071490577, 24.713216811300057 ], [ 75.609212749555013, 24.681405088864508 ], [ 75.626711201597971, 24.68227268129457 ], [ 75.63007628852931, 24.683429471201318 ], [ 75.651949353583007, 24.691237803071861 ], [ 75.657670001366284, 24.693551382885353 ], [ 75.683244662044444, 24.724206315414154 ], [ 75.75727657453389, 24.761512789906746 ], [ 75.75727657453389, 24.761512789906746 ], [ 75.78487028737085, 24.761801987383436 ], [ 75.790254426461004, 24.75775322270982 ], [ 75.802032230720684, 24.756307235326386 ], [ 75.834000556568398, 24.731436252331324 ], [ 75.833327539182122, 24.72825508008777 ], [ 75.825251330546919, 24.667523609983544 ], [ 75.848133921680017, 24.663185647833242 ], [ 75.849143447759417, 24.647568984092157 ], [ 75.849143447759417, 24.647568984092157 ], [ 75.845105343441801, 24.627035963247394 ], [ 75.825924347933181, 24.613732879319805 ], [ 75.836692626113461, 24.606213744925945 ], [ 75.835683100034061, 24.598405413055403 ], [ 75.849143447759417, 24.610840904552937 ], [ 75.871689530199376, 24.606502942402635 ], [ 75.878756212755192, 24.58336714426769 ], [ 75.914762642920508, 24.572377640153594 ], [ 75.906686434285291, 24.54663906472847 ], [ 75.91106104729603, 24.543457892484916 ], [ 75.91745471246557, 24.540855115194734 ], [ 75.920819799396909, 24.54316869500823 ], [ 75.920483290703771, 24.536806350521118 ], [ 75.920483290703771, 24.529865611080638 ], [ 75.912743590761693, 24.515984132199673 ], [ 75.909715012523492, 24.513670552386177 ], [ 75.890870525707996, 24.518586909489851 ], [ 75.888178456162933, 24.507886602852441 ], [ 75.888514964856071, 24.507597405375755 ], [ 75.911734064682292, 24.49169154415798 ], [ 75.911397555989168, 24.491113149204608 ], [ 75.900292769115751, 24.442238775644544 ], [ 75.835683100034061, 24.414765015359301 ], [ 75.809771930662762, 24.433852048820626 ], [ 75.813810034980364, 24.461904204059245 ], [ 75.78924490038159, 24.471447720789907 ], [ 75.786216322143389, 24.45322827975864 ], [ 75.747517822433011, 24.424308532089963 ], [ 75.755257522375089, 24.406378288535382 ], [ 75.728000318231253, 24.396256376851344 ], [ 75.729346353003777, 24.378036935820077 ], [ 75.740114631184056, 24.376880145913329 ], [ 75.738095579025256, 24.334657314317059 ], [ 75.739778122490932, 24.332632931980253 ], [ 75.766362309248493, 24.298218432254526 ], [ 75.810781456742163, 24.295904852441033 ], [ 75.818521156684241, 24.280577386176631 ], [ 75.814483052366626, 24.244427701590784 ], [ 75.830298960943921, 24.233438197476687 ], [ 75.77645757004251, 24.208278017004936 ], [ 75.774102009190571, 24.180804256719693 ], [ 75.75088290936435, 24.143497782227101 ], [ 75.770400413566108, 24.115445626988482 ], [ 75.782514726518926, 24.116024021941854 ], [ 75.792946496006067, 24.091731433900165 ], [ 75.805733826345147, 24.099539765770707 ], [ 75.816502104525441, 24.085369089413057 ], [ 75.835010082647798, 24.091731433900165 ], [ 75.836692626113461, 24.057027736697751 ], [ 75.78285123521205, 24.043435455293473 ], [ 75.783187743905188, 24.021745644541966 ], [ 75.773428991804309, 24.007574968184311 ], [ 75.76266071362403, 24.009888547997807 ], [ 75.765352783169092, 23.992825896873285 ], [ 75.742133683342871, 23.992536699396599 ], [ 75.741124157263471, 23.976920035655514 ], [ 75.717568548744097, 23.966798123971476 ], [ 75.701752640166816, 23.966508926494789 ], [ 75.698724061928601, 23.98790953976961 ], [ 75.686946257668922, 23.988777132199672 ], [ 75.687619275055184, 24.005261388370819 ], [ 75.672812892557303, 24.016540089961602 ], [ 75.670793840398503, 24.017986077345036 ], [ 75.639835040630189, 23.998031451453649 ], [ 75.595752401829671, 23.989933922106417 ], [ 75.521047471953963, 24.024637619308834 ], [ 75.521047471953963, 24.024637619308834 ], [ 75.521047471953963, 24.024637619308834 ], [ 75.47393625491523, 23.981836392759188 ], [ 75.473599746222092, 23.98067960285244 ], [ 75.462831468041813, 23.917634552934725 ], [ 75.46013939849675, 23.919080540318156 ], [ 75.458456855031073, 23.918212947888097 ], [ 75.457110820258535, 23.911850603400989 ], [ 75.444323489919455, 23.910115418540869 ], [ 75.422786933558896, 23.897390729566649 ], [ 75.414037707537418, 23.88582283049918 ], [ 75.375002699133901, 23.869916969281405 ], [ 75.34471691675185, 23.802823154690071 ], [ 75.341688338513649, 23.803401549643446 ], [ 75.329237516867693, 23.805425931980253 ], [ 75.334621655957832, 23.840708024136042 ], [ 75.292558069316115, 23.852275923203511 ], [ 75.274386599886896, 23.842732406472848 ], [ 75.27034849556928, 23.822777780581461 ], [ 75.255878621764538, 23.822777780581461 ], [ 75.242081765346043, 23.856035490400441 ], [ 75.235351591483365, 23.863265427317607 ], [ 75.217180122054145, 23.858059872737247 ], [ 75.200018178704326, 23.829429322545256 ], [ 75.132379931384435, 23.83087530992869 ], [ 75.120602127124741, 23.850540738343391 ], [ 75.115554496727739, 23.829140125068569 ], [ 75.101421131616121, 23.829140125068569 ], [ 75.093344922980904, 23.816704633571039 ], [ 75.052627371111726, 23.825958952825015 ], [ 75.047916249407848, 23.813812658804171 ], [ 75.058011510201865, 23.796171612726276 ], [ 75.039503532079507, 23.782868528798684 ], [ 75.026716201740413, 23.783446923752059 ], [ 75.017630467025811, 23.813523461327485 ], [ 74.995757401972114, 23.79761760010971 ], [ 74.967490671748862, 23.798774390016458 ], [ 74.948646184933381, 23.765516680197479 ], [ 74.948309676240243, 23.765227482720789 ], [ 74.94763665885398, 23.765227482720789 ], [ 74.940569976298164, 23.764649087767417 ], [ 74.940233467605026, 23.764649087767417 ], [ 74.924417559027745, 23.796460810202962 ], [ 74.903554020053448, 23.79414723038947 ], [ 74.913649280847466, 23.842443208996162 ], [ 74.902544493974048, 23.873098141524959 ], [ 74.920715963403268, 23.919369737794845 ], [ 74.916004841699404, 23.930937636862314 ], [ 74.931147732890423, 23.957543804717499 ], [ 74.958741445727384, 23.97200367855184 ], [ 74.965471619590062, 24.006707375754253 ], [ 74.982297054246757, 24.025794409215578 ], [ 74.973884336918417, 24.039675888096546 ], [ 74.939223941525626, 24.053846564454197 ], [ 74.940233467605026, 24.069752425671972 ], [ 74.920715963403268, 24.077560757542514 ], [ 74.918023893858205, 24.097804580910587 ], [ 74.90321751136031, 24.109083282501373 ], [ 74.89581432011137, 24.157668458584752 ], [ 74.879661902840951, 24.173574319802523 ], [ 74.90759212437105, 24.210880794295118 ], [ 74.907928633064188, 24.211459189248494 ] ] ] } },
{ "type": "Feature", "properties": { "dt_code": "463", "district": "Singrauli", "st_code": "23", "year": "2011_c", "st_nm": "Madhya Pradesh" }, "geometry": { "type": "Polygon", "coordinates": [ [ [ 82.303380182065609, 24.59435664838179 ], [ 82.296650008202931, 24.605924547449259 ], [ 82.300688112520533, 24.605924547449259 ], [ 82.30001509513427, 24.607081337356007 ], [ 82.319532599336029, 24.606213744925945 ], [ 82.338713594844648, 24.6203844212836 ], [ 82.364961272909085, 24.597537820625345 ], [ 82.371354938078625, 24.596670228195283 ], [ 82.418466155117358, 24.59435664838179 ], [ 82.419475681196758, 24.595802635765224 ], [ 82.409043911709617, 24.625300778387274 ], [ 82.418466155117358, 24.651906946242459 ], [ 82.40635184216454, 24.681405088864508 ], [ 82.407361368243954, 24.68227268129457 ], [ 82.430916976763314, 24.701648912232585 ], [ 82.431926502842714, 24.702516504662643 ], [ 82.453126550510149, 24.688635025781679 ], [ 82.44976146357881, 24.674753546900714 ], [ 82.522783849988841, 24.676199534284148 ], [ 82.523793376068241, 24.67677792923752 ], [ 82.524129884761379, 24.6750427443774 ], [ 82.529514023851519, 24.652774538672517 ], [ 82.538599758566122, 24.648725773998905 ], [ 82.53994579333866, 24.648147379045529 ], [ 82.540618810724936, 24.647858181568843 ], [ 82.671184183660841, 24.697021752605597 ], [ 82.701469966042879, 24.6750427443774 ], [ 82.698104879111554, 24.646990589138781 ], [ 82.706517596439895, 24.636290282501371 ], [ 82.773819335066648, 24.641785034558421 ], [ 82.779539982849926, 24.614022076796491 ], [ 82.765406617738307, 24.595802635765224 ], [ 82.802759082676161, 24.596959425671969 ], [ 82.797374943586021, 24.576715602303896 ], [ 82.748244674388474, 24.561388136039497 ], [ 82.742860535298348, 24.546928262205157 ], [ 82.719304926778975, 24.552423014262207 ], [ 82.731082731038654, 24.534781968184312 ], [ 82.720650961551513, 24.52870882117389 ], [ 82.720650961551513, 24.513670552386177 ], [ 82.74353355268461, 24.496318703784972 ], [ 82.730073204959254, 24.472604510696655 ], [ 82.732428765811193, 24.431249271530444 ], [ 82.739831957060133, 24.430092481623699 ], [ 82.721660487630913, 24.413608225452553 ], [ 82.713584278995697, 24.380350515633573 ], [ 82.725362083255391, 24.368204221612729 ], [ 82.760022478648168, 24.377458540866705 ], [ 82.769444722055908, 24.370806998902907 ], [ 82.765406617738307, 24.3141242934723 ], [ 82.772809808987247, 24.307761948985188 ], [ 82.755647865637428, 24.262068747668678 ], [ 82.758676443875629, 24.236619369720241 ], [ 82.734784326663132, 24.217243138782226 ], [ 82.744206570070872, 24.165476790455294 ], [ 82.728054152800453, 24.135689450356555 ], [ 82.700460439963479, 24.139159820076799 ], [ 82.682961987920521, 24.154776483817884 ], [ 82.664790518491301, 24.128170315962699 ], [ 82.664454009798163, 24.127591921009326 ], [ 82.707190613826157, 24.096936988480529 ], [ 82.713920787688835, 24.074668782775646 ], [ 82.774155843759786, 24.07582557268239 ], [ 82.766416143817708, 24.046327430060341 ], [ 82.747235148309073, 24.026951199122326 ], [ 82.750936743933551, 24.012491325287989 ], [ 82.751273252626689, 24.011912930334613 ], [ 82.803768608755561, 24.003526203510699 ], [ 82.812181326083902, 23.961881766867801 ], [ 82.809825765231963, 23.961881766867801 ], [ 82.801749556596761, 23.961592569391115 ], [ 82.788625717564543, 23.944819115743282 ], [ 82.783578087167527, 23.94048115359298 ], [ 82.75430183086489, 23.934118809105868 ], [ 82.752282778706089, 23.919948132748218 ], [ 82.698777896497816, 23.924864489851892 ], [ 82.693057248714538, 23.919080540318156 ], [ 82.68430802269306, 23.910404616017555 ], [ 82.661425431559962, 23.907801838727373 ], [ 82.652339696845345, 23.891606780032912 ], [ 82.668492114115764, 23.871941351618212 ], [ 82.660415905480562, 23.855167897970379 ], [ 82.646955557755206, 23.859216662643995 ], [ 82.635177753495526, 23.837816049369174 ], [ 82.588739553843055, 23.821620990674713 ], [ 82.533215619475982, 23.822199385628085 ], [ 82.551387088905216, 23.790676860669226 ], [ 82.530860058624057, 23.78865247833242 ], [ 82.524466393454503, 23.783736121228745 ], [ 82.497882206696943, 23.784892911135493 ], [ 82.497545698003805, 23.784892911135493 ], [ 82.465913880849229, 23.812077473944051 ], [ 82.39356451182546, 23.799931179923206 ], [ 82.374047007623702, 23.812077473944051 ], [ 82.334675490527047, 23.802533957213384 ], [ 82.260643578037616, 23.821331793198027 ], [ 82.231367321734979, 23.806582721887001 ], [ 82.225646673951701, 23.820175003291279 ], [ 82.206802187136205, 23.828272532638508 ], [ 82.215214904464545, 23.840997221612728 ], [ 82.211513308840082, 23.84880555348327 ], [ 82.209494256681268, 23.852854318156886 ], [ 82.214205378385145, 23.858349070213933 ], [ 82.216560939237084, 23.866735797037851 ], [ 82.240453056449581, 23.88929320021942 ], [ 82.222954604406624, 23.900282704333517 ], [ 82.233722882586903, 23.917923750411411 ], [ 82.212859343612621, 23.925732082281954 ], [ 82.201418048046065, 23.949735472846957 ], [ 82.213868869692021, 23.963038556774549 ], [ 82.214878395771422, 23.987620342292924 ], [ 82.187957700320709, 23.982125590235874 ], [ 82.168776704812089, 24.000634228743831 ], [ 82.16541161788075, 23.980101207899068 ], [ 82.153297304927932, 23.97373886341196 ], [ 82.122001996466494, 23.996296266593529 ], [ 82.092389231470719, 23.988777132199672 ], [ 82.085659057608041, 24.018275274821722 ], [ 82.076573322893424, 24.003815400987385 ], [ 82.049989136135849, 24.002658611080637 ], [ 82.018693827674412, 24.030710766319256 ], [ 82.004223953869655, 24.011623732857927 ], [ 81.993119166996252, 24.020010459681842 ], [ 81.968890541090616, 24.013358917718048 ], [ 81.95744924552406, 24.023480829402086 ], [ 81.963169893307338, 24.041989467910039 ], [ 81.953074632513321, 24.062522488754801 ], [ 81.908655485019665, 24.083055509599561 ], [ 81.906972941553988, 24.113999639605048 ], [ 81.878033193944489, 24.126724328579265 ], [ 81.878369702637627, 24.127591921009326 ], [ 81.897887206839385, 24.16576598793198 ], [ 81.896541172066847, 24.185142218869995 ], [ 81.911684063257866, 24.194107340647285 ], [ 81.919087254506806, 24.21521875644542 ], [ 81.935912689163501, 24.217532336258916 ], [ 81.939277776094841, 24.236908567196927 ], [ 81.955766702058398, 24.232859802523315 ], [ 81.955093684672121, 24.255128008228198 ], [ 81.978649293191495, 24.231703012616567 ], [ 82.000858866938316, 24.235173382336807 ], [ 82.041239910114371, 24.281155781130007 ], [ 82.034173227558568, 24.304291579264948 ], [ 82.055373275226003, 24.308918738891936 ], [ 82.066814570792545, 24.301110407021394 ], [ 82.113252770445015, 24.318462255622599 ], [ 82.106859105275475, 24.338127684037303 ], [ 82.116281348683216, 24.358371507405376 ], [ 82.165748126573888, 24.35808230992869 ], [ 82.150605235382855, 24.388158847504116 ], [ 82.181564035151169, 24.381796503017007 ], [ 82.202427574125466, 24.390472427317608 ], [ 82.189303735093247, 24.423730137136587 ], [ 82.17079575697089, 24.43356285134394 ], [ 82.233386373893779, 24.439635998354362 ], [ 82.239443530370181, 24.467977351069667 ], [ 82.255932456333738, 24.465952968732857 ], [ 82.289583325647115, 24.501813455842019 ], [ 82.319532599336029, 24.499499876028526 ], [ 82.32558975581243, 24.50268104827208 ], [ 82.354866012115082, 24.529287216127265 ], [ 82.377748603248179, 24.556760976412509 ], [ 82.379094638020703, 24.559363753702687 ], [ 82.379431146713841, 24.559942148656063 ], [ 82.342415190469126, 24.574980417443776 ], [ 82.312465916780212, 24.586837513987934 ], [ 82.307754795076349, 24.59435664838179 ], [ 82.306745268996934, 24.594935043335163 ], [ 82.303380182065609, 24.59435664838179 ] ] ] } },
{ "type": "Feature", "properties": { "dt_code": "462", "district": "Sidhi", "st_code": "23", "year": "2011_c", "st_nm": "Madhya Pradesh" }, "geometry": { "type": "Polygon", "coordinates": [ [ [ 81.305295398230768, 24.322800217772901 ], [ 81.305968415617031, 24.323667810202963 ], [ 81.314381132945385, 24.324535402633025 ], [ 81.31673669379731, 24.336103301700494 ], [ 81.449657627585168, 24.389315637410864 ], [ 81.504508544565979, 24.424019334613277 ], [ 81.629353269718607, 24.465374573779485 ], [ 81.71650902124027, 24.507308207899069 ], [ 81.736699542828291, 24.510778577619309 ], [ 81.744775751463507, 24.491402346681294 ], [ 81.74746782100857, 24.492848334064728 ], [ 81.749486873167371, 24.494005123971476 ], [ 81.760591660040788, 24.500367468458585 ], [ 81.763620238279003, 24.516851724629731 ], [ 81.79188696850224, 24.530154808557324 ], [ 81.818807663952938, 24.533335980800878 ], [ 81.798953651058042, 24.514538144816239 ], [ 81.8174616291804, 24.509910985189251 ], [ 81.86625538968481, 24.524081661546902 ], [ 81.863563320139733, 24.535649560614374 ], [ 81.895868154680585, 24.544036287438288 ], [ 81.89283957644237, 24.553869001645641 ], [ 81.916058676268605, 24.558785358749315 ], [ 81.919760271893082, 24.569774862863412 ], [ 81.95105558035452, 24.575269614920462 ], [ 81.953411141206459, 24.545482274821723 ], [ 82.018020810288149, 24.570353257816787 ], [ 82.067487588178807, 24.57613720735052 ], [ 82.070852675110146, 24.602454177729019 ], [ 82.117290874762617, 24.598116215578717 ], [ 82.122338505159618, 24.589729488754799 ], [ 82.182910069923707, 24.602743375205705 ], [ 82.174497352595367, 24.616335656609984 ], [ 82.175506878674767, 24.616335656609984 ], [ 82.249538791164198, 24.602743375205705 ], [ 82.252230860709261, 24.610840904552937 ], [ 82.276795995308035, 24.590307883708174 ], [ 82.277469012694297, 24.589729488754799 ], [ 82.305062725531272, 24.591464673614922 ], [ 82.303380182065609, 24.59435664838179 ], [ 82.306745268996934, 24.594935043335163 ], [ 82.307754795076349, 24.59435664838179 ], [ 82.312465916780212, 24.586837513987934 ], [ 82.342415190469126, 24.574980417443776 ], [ 82.379431146713841, 24.559942148656063 ], [ 82.379094638020703, 24.559363753702687 ], [ 82.377748603248179, 24.556760976412509 ], [ 82.354866012115082, 24.529287216127265 ], [ 82.32558975581243, 24.50268104827208 ], [ 82.319532599336029, 24.499499876028526 ], [ 82.289583325647115, 24.501813455842019 ], [ 82.255932456333738, 24.465952968732857 ], [ 82.239443530370181, 24.467977351069667 ], [ 82.233386373893779, 24.439635998354362 ], [ 82.17079575697089, 24.43356285134394 ], [ 82.189303735093247, 24.423730137136587 ], [ 82.202427574125466, 24.390472427317608 ], [ 82.181564035151169, 24.381796503017007 ], [ 82.150605235382855, 24.388158847504116 ], [ 82.165748126573888, 24.35808230992869 ], [ 82.116281348683216, 24.358371507405376 ], [ 82.106859105275475, 24.338127684037303 ], [ 82.113252770445015, 24.318462255622599 ], [ 82.066814570792545, 24.301110407021394 ], [ 82.055373275226003, 24.308918738891936 ], [ 82.034173227558568, 24.304291579264948 ], [ 82.041239910114371, 24.281155781130007 ], [ 82.000858866938316, 24.235173382336807 ], [ 81.978649293191495, 24.231703012616567 ], [ 81.955093684672121, 24.255128008228198 ], [ 81.955766702058398, 24.232859802523315 ], [ 81.939277776094841, 24.236908567196927 ], [ 81.935912689163501, 24.217532336258916 ], [ 81.919087254506806, 24.21521875644542 ], [ 81.911684063257866, 24.194107340647285 ], [ 81.896541172066847, 24.185142218869995 ], [ 81.897887206839385, 24.16576598793198 ], [ 81.878369702637627, 24.127591921009326 ], [ 81.878033193944489, 24.126724328579265 ], [ 81.906972941553988, 24.113999639605048 ], [ 81.908655485019665, 24.083055509599561 ], [ 81.953074632513321, 24.062522488754801 ], [ 81.963169893307338, 24.041989467910039 ], [ 81.95744924552406, 24.023480829402086 ], [ 81.968890541090616, 24.013358917718048 ], [ 81.993119166996252, 24.020010459681842 ], [ 82.004223953869655, 24.011623732857927 ], [ 82.018693827674412, 24.030710766319256 ], [ 82.049989136135849, 24.002658611080637 ], [ 82.076573322893424, 24.003815400987385 ], [ 82.085659057608041, 24.018275274821722 ], [ 82.092389231470719, 23.988777132199672 ], [ 82.122001996466494, 23.996296266593529 ], [ 82.153297304927932, 23.97373886341196 ], [ 82.16541161788075, 23.980101207899068 ], [ 82.168776704812089, 24.000634228743831 ], [ 82.187957700320709, 23.982125590235874 ], [ 82.214878395771422, 23.987620342292924 ], [ 82.213868869692021, 23.963038556774549 ], [ 82.201418048046065, 23.949735472846957 ], [ 82.212859343612621, 23.925732082281954 ], [ 82.233722882586903, 23.917923750411411 ], [ 82.222954604406624, 23.900282704333517 ], [ 82.240453056449581, 23.88929320021942 ], [ 82.216560939237084, 23.866735797037851 ], [ 82.214205378385145, 23.858349070213933 ], [ 82.209494256681268, 23.852854318156886 ], [ 82.180891017764907, 23.83637006198574 ], [ 82.171468774357152, 23.818150620954473 ], [ 82.08162095329044, 23.816415436094349 ], [ 82.03922085795557, 23.826248150301701 ], [ 82.044268488352586, 23.8415756165661 ], [ 82.007589040800994, 23.861819439934173 ], [ 81.957785754217198, 23.852275923203511 ], [ 81.921442815358745, 23.871073759188153 ], [ 81.889474489511031, 23.836948456939112 ], [ 81.885772893886568, 23.835502469555678 ], [ 81.867601424457334, 23.834056482172244 ], [ 81.832268011678295, 23.813234263850795 ], [ 81.819144172646077, 23.808028709270435 ], [ 81.81005843793146, 23.808317906747121 ], [ 81.725594755954873, 23.83984043170598 ], [ 81.731988421124413, 23.856613885353813 ], [ 81.707423286525653, 23.861241044980801 ], [ 81.707423286525653, 23.882352460778936 ], [ 81.690261343175834, 23.884666040592432 ], [ 81.687569273630757, 23.906645048820625 ], [ 81.668051769428999, 23.925153687328581 ], [ 81.609835765516848, 23.904042271530447 ], [ 81.603778609040447, 23.884955238069118 ], [ 81.568445196261393, 23.912139800877675 ], [ 81.543880061662634, 23.913007393307737 ], [ 81.538832431265618, 23.941637943499728 ], [ 81.556667392001714, 23.957543804717499 ], [ 81.538159413879356, 23.981547195282502 ], [ 81.50753712280418, 23.981836392759188 ], [ 81.502489492407165, 23.997742253976963 ], [ 81.513594279280582, 24.020010459681842 ], [ 81.483645005591683, 24.03562712342293 ], [ 81.515613331439397, 24.04112187547998 ], [ 81.535130835641155, 24.066571253428414 ], [ 81.559022952853653, 24.073511992868898 ], [ 81.558349935467376, 24.073801190345584 ], [ 81.543880061662634, 24.084790694459684 ], [ 81.521670487915799, 24.075536375205704 ], [ 81.509556174962981, 24.081609522216127 ], [ 81.509219666269843, 24.113710442128362 ], [ 81.485327549057345, 24.146100559517279 ], [ 81.499797422862102, 24.163452408118488 ], [ 81.469848149173188, 24.174441912232584 ], [ 81.483645005591683, 24.197866907844215 ], [ 81.481962462126006, 24.231413815139881 ], [ 81.470857675252589, 24.253103625891388 ], [ 81.456387801447846, 24.281155781130007 ], [ 81.456051292754708, 24.282023373560065 ], [ 81.456051292754708, 24.281734176083379 ], [ 81.45773383622037, 24.267274302249042 ], [ 81.445956031960691, 24.25917677290181 ], [ 81.388413045434817, 24.265539117388919 ], [ 81.388749554127955, 24.266117512342294 ], [ 81.38774002804854, 24.265828314865608 ], [ 81.350051054417563, 24.253103625891388 ], [ 81.340965319702946, 24.27016627701591 ], [ 81.349041528338162, 24.274215041689523 ], [ 81.346012950099961, 24.292145285244104 ], [ 81.325149411125665, 24.29069929786067 ], [ 81.305295398230768, 24.322800217772901 ] ] ] } },
{ "type": "Feature", "properties": { "dt_code": "427", "district": "Sagar", "st_code": "23", "year": "2011_c", "st_nm": "Madhya Pradesh" }, "geometry": { "type": "Polygon", "coordinates": [ [ [ 78.082551644088412, 24.258309180471752 ], [ 78.09130087010989, 24.25744158804169 ], [ 78.094665957041229, 24.25917677290181 ], [ 78.085580222326612, 24.293302075150851 ], [ 78.085243713633474, 24.29416966758091 ], [ 78.085243713633474, 24.294458865057599 ], [ 78.091637378803028, 24.321065032912781 ], [ 78.145478769704425, 24.354901137685136 ], [ 78.163986747826783, 24.395677981897972 ], [ 78.208742404013577, 24.408402670872189 ], [ 78.211097964865516, 24.409848658255623 ], [ 78.266958407925728, 24.450625502468458 ], [ 78.267294916618866, 24.450336304991772 ], [ 78.267631425312004, 24.450047107515086 ], [ 78.340653811722035, 24.40204032638508 ], [ 78.349066529050376, 24.387291255074054 ], [ 78.365891963707071, 24.38584526769062 ], [ 78.369593559331534, 24.374855763576523 ], [ 78.329212516155479, 24.327138179923203 ], [ 78.345364933425898, 24.309497133845312 ], [ 78.361853859389456, 24.292145285244104 ], [ 78.387765028760768, 24.264382327482174 ], [ 78.388774554840168, 24.263514735052112 ], [ 78.415022232904604, 24.276239424026329 ], [ 78.418723828529068, 24.284915348326933 ], [ 78.431174650175024, 24.284047755896875 ], [ 78.443961980514104, 24.319329848052661 ], [ 78.477949358520618, 24.338995276467362 ], [ 78.474247762896141, 24.35634712506857 ], [ 78.493765267097913, 24.381507305540318 ], [ 78.502177984426254, 24.390183229840922 ], [ 78.518666910389811, 24.387869650027429 ], [ 78.529771697263229, 24.368204221612729 ], [ 78.585968649016564, 24.353744347778388 ], [ 78.60380360975266, 24.314413490948986 ], [ 78.628368744351434, 24.303713184311576 ], [ 78.619956027023079, 24.293012877674165 ], [ 78.625676674806357, 24.280577386176631 ], [ 78.638464005145437, 24.285204545803623 ], [ 78.660337070199134, 24.267563499725728 ], [ 78.668749787527489, 24.240089739440485 ], [ 78.703073674227127, 24.226786655512893 ], [ 78.725619756667101, 24.236330172243555 ], [ 78.734368982688579, 24.252525230938016 ], [ 78.748502347800198, 24.233149 ], [ 78.76196269552554, 24.259465970378496 ], [ 78.781816708420436, 24.195842525507405 ], [ 78.789556408362515, 24.182539441579813 ], [ 78.803689773474133, 24.179069071859573 ], [ 78.806718351712334, 24.179647466812945 ], [ 78.815131069040689, 24.207121227098192 ], [ 78.82657236460723, 24.195264130554033 ], [ 78.847099394888389, 24.213772769061986 ], [ 78.862915303465684, 24.20972400438837 ], [ 78.884451859826243, 24.219845916072408 ], [ 78.884451859826243, 24.250500848601206 ], [ 78.916756694367095, 24.269009487109162 ], [ 78.909690011811279, 24.29792923477784 ], [ 78.971607611347892, 24.347671200767966 ], [ 78.96992506788223, 24.369071814042787 ], [ 78.991125115549664, 24.417656990126165 ], [ 78.991125115549664, 24.417367792649479 ], [ 79.008623567592622, 24.369361011519473 ], [ 79.020064863159163, 24.383242490400441 ], [ 79.053379223779416, 24.369071814042787 ], [ 79.073233236674298, 24.406667486012068 ], [ 79.100826949511273, 24.401751128908394 ], [ 79.101836475590673, 24.412451435545805 ], [ 79.132458766665849, 24.409848658255623 ], [ 79.180579509783982, 24.432984456390564 ], [ 79.209855766086619, 24.414765015359301 ], [ 79.24350663540001, 24.414765015359301 ], [ 79.24889077449015, 24.390472427317608 ], [ 79.254947930966551, 24.411294645639057 ], [ 79.272446383009509, 24.382374897970379 ], [ 79.294992465449468, 24.374855763576523 ], [ 79.276820996020248, 24.355768730115194 ], [ 79.257640000511628, 24.369650208996163 ], [ 79.246198704945073, 24.35808230992869 ], [ 79.232401848526592, 24.361841877125617 ], [ 79.233074865912855, 24.334946511793746 ], [ 79.210865292166034, 24.330030154690071 ], [ 79.20009701398574, 24.334078919363687 ], [ 79.198750979213216, 24.355479532638508 ], [ 79.158369936037161, 24.373409776193089 ], [ 79.16812868813804, 24.406667486012068 ], [ 79.152312779560745, 24.405510696105321 ], [ 79.155341357798946, 24.375144961053209 ], [ 79.140534975301065, 24.364733851892485 ], [ 79.159715970809685, 24.362131074602303 ], [ 79.159715970809685, 24.361841877125617 ], [ 79.160052479502824, 24.361841877125617 ], [ 79.178560457625181, 24.331476142073505 ], [ 79.18730968364666, 24.323957007679649 ], [ 79.185963648874122, 24.319040650575975 ], [ 79.18529063148786, 24.31585947833242 ], [ 79.183944596715321, 24.310653923752056 ], [ 79.171157266376241, 24.308340343938564 ], [ 79.175195370693842, 24.277685411409763 ], [ 79.149284201322544, 24.268141894679101 ], [ 79.139861957914789, 24.254549613274822 ], [ 79.137506397062864, 24.251079243554582 ], [ 79.113277771157229, 24.265828314865608 ], [ 79.096452336500533, 24.242114121777291 ], [ 79.093423758262333, 24.243270911684039 ], [ 79.083665006161453, 24.247898071311027 ], [ 79.081309445309515, 24.248765663741086 ], [ 79.081309445309515, 24.249054861217772 ], [ 79.082655480082053, 24.26293634009874 ], [ 79.068185606277297, 24.261201155238616 ], [ 79.065830045425358, 24.224762273176083 ], [ 79.045976032530461, 24.221581100932529 ], [ 79.055061767245078, 24.212326781678552 ], [ 79.054052241165678, 24.17126073998903 ], [ 79.079626901843852, 24.146968151947341 ], [ 79.072560219288036, 24.131929883159629 ], [ 79.096788845193672, 24.126145933625892 ], [ 79.113277771157229, 24.122386366428962 ], [ 79.113950788543491, 24.122386366428962 ], [ 79.12471906672377, 24.102431740537575 ], [ 79.126065101496309, 24.101853345584203 ], [ 79.144573079618667, 24.101564148107517 ], [ 79.146592131777467, 24.101564148107517 ], [ 79.147938166550006, 24.097804580910587 ], [ 79.154331831719546, 24.076982362589138 ], [ 79.160388988195962, 24.065703660998356 ], [ 79.176541405466381, 24.053846564454197 ], [ 79.18630015756726, 24.011912930334613 ], [ 79.187646192339798, 24.011045337904555 ], [ 79.186636666260398, 24.010466942951179 ], [ 79.149957218708806, 23.996296266593529 ], [ 79.129430188427648, 23.974028060888646 ], [ 79.117652384167968, 23.977498430608886 ], [ 79.056407802017617, 23.918212947888097 ], [ 79.073569745367436, 23.903174679100385 ], [ 79.083328497468315, 23.907223443774001 ], [ 79.079626901843852, 23.919658935271531 ], [ 79.093760266955471, 23.919369737794845 ], [ 79.109576175532752, 23.899125914426769 ], [ 79.108566649453351, 23.881484868348878 ], [ 79.149620710015682, 23.847359566099836 ], [ 79.174858862000704, 23.850251540866704 ], [ 79.177214422852643, 23.834634877125616 ], [ 79.192020805350538, 23.832899692265496 ], [ 79.220287535573775, 23.844178393856282 ], [ 79.250573317955812, 23.82538055787164 ], [ 79.236776461537332, 23.818439818431159 ], [ 79.219614518187512, 23.783736121228745 ], [ 79.272782891702647, 23.752791991223258 ], [ 79.27749401340651, 23.739778104772356 ], [ 79.292973413290667, 23.747875634119584 ], [ 79.284224187269189, 23.736018537575426 ], [ 79.300713113232746, 23.705652802523314 ], [ 79.282541643803526, 23.69871206308283 ], [ 79.301386130619022, 23.676733054854637 ], [ 79.351189417202818, 23.664586760833792 ], [ 79.336383034704937, 23.630750656061437 ], [ 79.305760743629762, 23.643475345035657 ], [ 79.300376604539622, 23.632196643444871 ], [ 79.300713113232746, 23.600963315962701 ], [ 79.318548073968842, 23.588238626988481 ], [ 79.297011517608283, 23.580430295117939 ], [ 79.299030569767083, 23.562210854086672 ], [ 79.325614756524658, 23.551221349972572 ], [ 79.331335404307922, 23.524036787164015 ], [ 79.299703587153346, 23.516517652770158 ], [ 79.287589274200528, 23.479211178277566 ], [ 79.266725735226231, 23.482103153044434 ], [ 79.258313017897891, 23.463016119583106 ], [ 79.226008183357052, 23.460124144816238 ], [ 79.220287535573775, 23.436699149204607 ], [ 79.198750979213216, 23.440458716401537 ], [ 79.18091601847712, 23.425998842567196 ], [ 79.201779557451417, 23.415587733406475 ], [ 79.18529063148786, 23.404019834339003 ], [ 79.191684296657399, 23.365845767416346 ], [ 79.216922448642435, 23.36729175479978 ], [ 79.217258957335574, 23.350229103675261 ], [ 79.238795513696132, 23.340396389467912 ], [ 79.209855766086619, 23.319284973669774 ], [ 79.232065339833454, 23.291232818431158 ], [ 79.212884344324834, 23.260867083379047 ], [ 79.172839809841904, 23.251901961601757 ], [ 79.173176318535042, 23.247274801974768 ], [ 79.177887440238919, 23.225006596269886 ], [ 79.188992227112323, 23.223271411409765 ], [ 79.190338261884861, 23.223271411409765 ], [ 79.190001753191737, 23.222403818979704 ], [ 79.19908748790634, 23.19493005869446 ], [ 79.198414470520078, 23.19493005869446 ], [ 79.198077961826939, 23.19493005869446 ], [ 79.166109635979225, 23.1897245041141 ], [ 79.166109635979225, 23.176710617663193 ], [ 79.153322305640145, 23.179313394953375 ], [ 79.149284201322544, 23.167745495885903 ], [ 79.125055575416908, 23.175843025233132 ], [ 79.113950788543491, 23.165431916072407 ], [ 79.105874579908289, 23.206787155238619 ], [ 79.091741214796656, 23.19493005869446 ], [ 79.071550693208636, 23.205919562808557 ], [ 79.064484010652819, 23.194351663741088 ], [ 79.023766458783641, 23.192905676357654 ], [ 79.023766458783641, 23.192905676357654 ], [ 78.995836237253528, 23.216909066922657 ], [ 78.980356837369371, 23.20042481075151 ], [ 78.962521876633289, 23.214884684585847 ], [ 78.943677389817793, 23.209389932528801 ], [ 78.938293250727654, 23.23368252057049 ], [ 78.90733445095934, 23.227030978606692 ], [ 78.897575698858461, 23.212571104772355 ], [ 78.848781938354065, 23.225006596269886 ], [ 78.834648573242447, 23.250745171695009 ], [ 78.809410421257411, 23.235706902907296 ], [ 78.80638184301921, 23.236863692814044 ], [ 78.791575460521315, 23.243804432254528 ], [ 78.761626186832416, 23.247563999451454 ], [ 78.760616660753016, 23.247274801974768 ], [ 78.760616660753016, 23.247563999451454 ], [ 78.763308730298078, 23.284292078990674 ], [ 78.773067482398957, 23.293546398244651 ], [ 78.758597608594201, 23.310319851892487 ], [ 78.747829330413921, 23.309452259462425 ], [ 78.733695965302303, 23.339239599561164 ], [ 78.708121304624143, 23.361218607789358 ], [ 78.708794322010405, 23.353699473395501 ], [ 78.664375174516749, 23.332009662643994 ], [ 78.631397322589635, 23.361507805266047 ], [ 78.625340166113219, 23.41674452331322 ], [ 78.601111540207583, 23.42397446023039 ], [ 78.628705253044558, 23.451159023038947 ], [ 78.663365648437349, 23.447110258365331 ], [ 78.677499013548967, 23.493381854635217 ], [ 78.696680009057587, 23.50119018650576 ], [ 78.701054622068327, 23.517096047723534 ], [ 78.715187987179945, 23.517963640153592 ], [ 78.719226091497546, 23.535604686231487 ], [ 78.737734069619904, 23.531266724081185 ], [ 78.738070578313042, 23.531845119034561 ], [ 78.739416613085581, 23.568284001097094 ], [ 78.736724543540504, 23.578405912781129 ], [ 78.702064148147727, 23.576959925397695 ], [ 78.702064148147727, 23.576959925397695 ], [ 78.680527591787168, 23.560764866703238 ], [ 78.650241809405117, 23.563367643993416 ], [ 78.640819565997376, 23.546015795392211 ], [ 78.577555931688224, 23.551510547449261 ], [ 78.567797179587345, 23.567705606143718 ], [ 78.536838379819031, 23.563656841470106 ], [ 78.535155836353368, 23.550353757542513 ], [ 78.519676436469211, 23.553245732309382 ], [ 78.516647858231011, 23.537050673614921 ], [ 78.503524019198792, 23.530977526604499 ], [ 78.498812897494915, 23.584768257268241 ], [ 78.51563833215161, 23.608482450356554 ], [ 78.506552597436993, 23.636245408118487 ], [ 78.515301823458472, 23.657935218869994 ], [ 78.485352549769559, 23.636245408118487 ], [ 78.474247762896141, 23.64954849204608 ], [ 78.467517589033477, 23.643764542512343 ], [ 78.47020965857854, 23.677311449808009 ], [ 78.446990558752304, 23.69148212616566 ], [ 78.429828615402485, 23.744116066922658 ], [ 78.367911015865872, 23.727921008228197 ], [ 78.353441142061115, 23.70420681513988 ], [ 78.358488772458117, 23.69177132364235 ], [ 78.343682389960236, 23.677889844761381 ], [ 78.358488772458117, 23.671816697750963 ], [ 78.379688820125551, 23.694084903455842 ], [ 78.386418993988229, 23.688590151398795 ], [ 78.392812659157769, 23.697266075699396 ], [ 78.381707872284352, 23.700158050466264 ], [ 78.381371363591228, 23.714328726823918 ], [ 78.398869815634185, 23.714907121777291 ], [ 78.399879341713586, 23.729945390565003 ], [ 78.399879341713586, 23.730234588041689 ], [ 78.40021585040671, 23.730234588041689 ], [ 78.425790511084884, 23.720980268787713 ], [ 78.429492106709347, 23.719534281404279 ], [ 78.428482580629947, 23.718955886450907 ], [ 78.406946024269388, 23.701025642896326 ], [ 78.408628567735065, 23.686276571585299 ], [ 78.432184176254424, 23.673262685134393 ], [ 78.396850763475371, 23.677022252331323 ], [ 78.40660951557625, 23.653886454196382 ], [ 78.419733354608468, 23.650705281952824 ], [ 78.419733354608468, 23.650705281952824 ], [ 78.419733354608468, 23.650416084476138 ], [ 78.397523780861647, 23.632485840921557 ], [ 78.375987224501074, 23.65677842896325 ], [ 78.364209420241394, 23.648680899616018 ], [ 78.341999846494573, 23.658224416346684 ], [ 78.338971268256358, 23.659381206253428 ], [ 78.339980794335759, 23.677600647284695 ], [ 78.322818850985939, 23.692928113549094 ], [ 78.310704538033121, 23.686276571585299 ], [ 78.292533068603902, 23.676154659901261 ], [ 78.290850525138225, 23.675576264947889 ], [ 78.280082246957946, 23.690325336258915 ], [ 78.284120351275561, 23.700158050466264 ], [ 78.262920303608126, 23.718377491497531 ], [ 78.262920303608126, 23.718377491497531 ], [ 78.262920303608126, 23.718666688974217 ], [ 78.264939355766927, 23.721269466264399 ], [ 78.268304442698266, 23.725896625891387 ], [ 78.258545690597387, 23.724450638507953 ], [ 78.252825042814109, 23.705363605046628 ], [ 78.252488534120971, 23.705652802523314 ], [ 78.251479008041571, 23.706231197476686 ], [ 78.238691677702491, 23.714039529347232 ], [ 78.240710729861291, 23.719534281404279 ], [ 78.250805990655309, 23.746718844212836 ], [ 78.266285390539466, 23.748743226549642 ], [ 78.251815516734709, 23.75712995337356 ], [ 78.269313968777666, 23.779398159078443 ], [ 78.255517112359186, 23.778819764125068 ], [ 78.258882199290525, 23.791833650575974 ], [ 78.276717160026607, 23.79588241524959 ], [ 78.268640951391404, 23.787206490948986 ], [ 78.288494964286286, 23.783736121228745 ], [ 78.286139403434362, 23.811209881513989 ], [ 78.266285390539466, 23.808607104223807 ], [ 78.262583794914988, 23.816126238617663 ], [ 78.288494964286286, 23.813812658804171 ], [ 78.299599751159704, 23.827983335161822 ], [ 78.294888629455841, 23.848227158529895 ], [ 78.273015564402144, 23.84331080142622 ], [ 78.259555216676787, 23.858349070213933 ], [ 78.278399703492283, 23.863843822270983 ], [ 78.278063194799145, 23.889871595172792 ], [ 78.294888629455841, 23.909826221064179 ], [ 78.289167981672563, 23.925442884805268 ], [ 78.261910777528726, 23.943662325836534 ], [ 78.286475912127486, 23.962460161821173 ], [ 78.278736212185407, 23.971136086121778 ], [ 78.289504490365701, 23.987620342292924 ], [ 78.278399703492283, 24.027818791552388 ], [ 78.214799560489993, 24.070330820625344 ], [ 78.192926495436296, 24.054135761930883 ], [ 78.183504252028555, 24.010177745474493 ], [ 78.162640713054259, 24.010466942951179 ], [ 78.157256573964119, 24.025505211738892 ], [ 78.133027948058484, 24.041411072956667 ], [ 78.119231091639989, 24.043435455293473 ], [ 78.115192987322388, 24.027240396599012 ], [ 78.075821470225733, 24.046038232583655 ], [ 78.091973887496152, 24.068595635765224 ], [ 78.105434235221509, 24.061076501371367 ], [ 78.10206914829017, 24.048641009873833 ], [ 78.117212039481188, 24.046327430060341 ], [ 78.134710491524146, 24.120651181568842 ], [ 78.118558074253727, 24.126435131102578 ], [ 78.096348500506892, 24.155933273724632 ], [ 78.104424709142108, 24.166922777838728 ], [ 78.128989843740868, 24.163741605595174 ], [ 78.131008895899683, 24.195264130554033 ], [ 78.145815278397563, 24.201915672517828 ], [ 78.126297774195805, 24.214640361492048 ], [ 78.10947233953911, 24.217243138782226 ], [ 78.107116778687185, 24.208567214481626 ], [ 78.083561170167812, 24.214351164015362 ], [ 78.065726209431716, 24.226497458036206 ], [ 78.060342070341576, 24.229967827756447 ], [ 78.059669052955314, 24.230546222709819 ], [ 78.067745261590517, 24.243849306637411 ], [ 78.097021517893168, 24.228521840373013 ], [ 78.096348500506892, 24.245006096544159 ], [ 78.089954835337352, 24.245295294020845 ], [ 78.085916731019751, 24.241535726823919 ], [ 78.072456383294394, 24.245873688974218 ], [ 78.071110348521856, 24.246162886450907 ], [ 78.069427805056193, 24.24674128140428 ], [ 78.073465909373795, 24.248765663741086 ], [ 78.082551644088412, 24.258309180471752 ] ] ] } },
{ "type": "Feature", "properties": { "dt_code": "428", "district": "Damoh", "st_code": "23", "year": "2011_c", "st_nm": "Madhya Pradesh" }, "geometry": { "type": "Polygon", "coordinates": [ [ [ 79.190338261884861, 23.223271411409765 ], [ 79.188992227112323, 23.223271411409765 ], [ 79.177887440238919, 23.225006596269886 ], [ 79.173176318535042, 23.247274801974768 ], [ 79.172839809841904, 23.251901961601757 ], [ 79.212884344324834, 23.260867083379047 ], [ 79.232065339833454, 23.291232818431158 ], [ 79.209855766086619, 23.319284973669774 ], [ 79.238795513696132, 23.340396389467912 ], [ 79.217258957335574, 23.350229103675261 ], [ 79.216922448642435, 23.36729175479978 ], [ 79.191684296657399, 23.365845767416346 ], [ 79.18529063148786, 23.404019834339003 ], [ 79.201779557451417, 23.415587733406475 ], [ 79.18091601847712, 23.425998842567196 ], [ 79.198750979213216, 23.440458716401537 ], [ 79.220287535573775, 23.436699149204607 ], [ 79.226008183357052, 23.460124144816238 ], [ 79.258313017897891, 23.463016119583106 ], [ 79.266725735226231, 23.482103153044434 ], [ 79.287589274200528, 23.479211178277566 ], [ 79.299703587153346, 23.516517652770158 ], [ 79.331335404307922, 23.524036787164015 ], [ 79.325614756524658, 23.551221349972572 ], [ 79.299030569767083, 23.562210854086672 ], [ 79.297011517608283, 23.580430295117939 ], [ 79.318548073968842, 23.588238626988481 ], [ 79.300713113232746, 23.600963315962701 ], [ 79.300376604539622, 23.632196643444871 ], [ 79.305760743629762, 23.643475345035657 ], [ 79.336383034704937, 23.630750656061437 ], [ 79.351189417202818, 23.664586760833792 ], [ 79.301386130619022, 23.676733054854637 ], [ 79.282541643803526, 23.69871206308283 ], [ 79.300713113232746, 23.705652802523314 ], [ 79.284224187269189, 23.736018537575426 ], [ 79.292973413290667, 23.747875634119584 ], [ 79.27749401340651, 23.739778104772356 ], [ 79.272782891702647, 23.752791991223258 ], [ 79.219614518187512, 23.783736121228745 ], [ 79.236776461537332, 23.818439818431159 ], [ 79.250573317955812, 23.82538055787164 ], [ 79.220287535573775, 23.844178393856282 ], [ 79.192020805350538, 23.832899692265496 ], [ 79.177214422852643, 23.834634877125616 ], [ 79.174858862000704, 23.850251540866704 ], [ 79.149620710015682, 23.847359566099836 ], [ 79.108566649453351, 23.881484868348878 ], [ 79.109576175532752, 23.899125914426769 ], [ 79.093760266955471, 23.919369737794845 ], [ 79.079626901843852, 23.919658935271531 ], [ 79.083328497468315, 23.907223443774001 ], [ 79.073569745367436, 23.903174679100385 ], [ 79.056407802017617, 23.918212947888097 ], [ 79.117652384167968, 23.977498430608886 ], [ 79.129430188427648, 23.974028060888646 ], [ 79.149957218708806, 23.996296266593529 ], [ 79.186636666260398, 24.010466942951179 ], [ 79.187646192339798, 24.011045337904555 ], [ 79.18630015756726, 24.011912930334613 ], [ 79.176541405466381, 24.053846564454197 ], [ 79.160388988195962, 24.065703660998356 ], [ 79.154331831719546, 24.076982362589138 ], [ 79.147938166550006, 24.097804580910587 ], [ 79.146592131777467, 24.101564148107517 ], [ 79.144573079618667, 24.101564148107517 ], [ 79.147265149163744, 24.106191307734505 ], [ 79.150630236095083, 24.11110766483818 ], [ 79.157696918650885, 24.122097168952276 ], [ 79.183944596715321, 24.118626799232036 ], [ 79.222306587732575, 24.131929883159629 ], [ 79.225335165970776, 24.138581425123423 ], [ 79.236439952844194, 24.144076177180473 ], [ 79.261005087442967, 24.144365374657159 ], [ 79.31350044357184, 24.137424635216675 ], [ 79.314173460958102, 24.137135437739989 ], [ 79.31450996965124, 24.137424635216675 ], [ 79.315519495730641, 24.137713832693365 ], [ 79.32628777391092, 24.144076177180473 ], [ 79.329989369535383, 24.152752101481077 ], [ 79.330325878228521, 24.153041298957763 ], [ 79.330325878228521, 24.15333049643445 ], [ 79.302395656698422, 24.16403080307186 ], [ 79.300376604539622, 24.180515059243007 ], [ 79.382484725664256, 24.195264130554033 ], [ 79.375081534415315, 24.209434806911684 ], [ 79.386522829981871, 24.214929558968734 ], [ 79.397627616855289, 24.268141894679101 ], [ 79.388205373447533, 24.278842201316511 ], [ 79.398637142934689, 24.284047755896875 ], [ 79.404694299411091, 24.311521516182118 ], [ 79.395945073389612, 24.326848982446517 ], [ 79.413780034125708, 24.350273978058148 ], [ 79.392243477765135, 24.367625826659353 ], [ 79.392916495151411, 24.372252986286341 ], [ 79.395945073389612, 24.383531687877127 ], [ 79.428249907930464, 24.389026439934174 ], [ 79.441710255655806, 24.412162238069119 ], [ 79.457526164233101, 24.40753507844213 ], [ 79.473005564117258, 24.3841100828305 ], [ 79.508675485589436, 24.397413166758092 ], [ 79.559488298252631, 24.383531687877127 ], [ 79.566891489501586, 24.391050822270984 ], [ 79.545354933141013, 24.419681372462975 ], [ 79.566891489501586, 24.427200506856831 ], [ 79.569247050353525, 24.445130750411412 ], [ 79.606599515291364, 24.418235385079541 ], [ 79.621742406482383, 24.418235385079541 ], [ 79.628809089038199, 24.398859154141526 ], [ 79.616694776085382, 24.378615330773449 ], [ 79.624770984720598, 24.372542183763027 ], [ 79.63722180636654, 24.382085700493693 ], [ 79.659767888806513, 24.363866259462426 ], [ 79.661450432272176, 24.382374897970379 ], [ 79.681304445167072, 24.375434158529895 ], [ 79.68063142778081, 24.395967179374658 ], [ 79.704187036300169, 24.376590948436643 ], [ 79.724714066581328, 24.402618721338452 ], [ 79.727069627433266, 24.4037755112452 ], [ 79.750961744645764, 24.410427053208998 ], [ 79.772498301006337, 24.381796503017007 ], [ 79.795044383446296, 24.373988171146461 ], [ 79.795380892139434, 24.374277368623151 ], [ 79.800765031229574, 24.363577061985737 ], [ 79.820955552817594, 24.350273978058148 ], [ 79.820955552817594, 24.350273978058148 ], [ 79.799418996457035, 24.317305465715854 ], [ 79.83239684838415, 24.319329848052661 ], [ 79.857635000369186, 24.298218432254526 ], [ 79.856961982982909, 24.297640037301154 ], [ 79.840136548326228, 24.283469360943499 ], [ 79.808504731171652, 24.283469360943499 ], [ 79.806149170319713, 24.263514735052112 ], [ 79.843838143950691, 24.245295294020845 ], [ 79.835088917929212, 24.232570605046625 ], [ 79.841146074405628, 24.218978323642347 ], [ 79.83441590054295, 24.202494067471203 ], [ 79.810523783330453, 24.199312895227649 ], [ 79.811869818102991, 24.159982038398244 ], [ 79.792352313901219, 24.149281731760833 ], [ 79.795044383446296, 24.133086673066373 ], [ 79.78158403572094, 24.131929883159629 ], [ 79.78360308787974, 24.113710442128362 ], [ 79.763749074984858, 24.105902110257816 ], [ 79.762066531519181, 24.073511992868898 ], [ 79.740193466465485, 24.073511992868898 ], [ 79.737501396920422, 24.06714964838179 ], [ 79.735145836068483, 24.060498106417992 ], [ 79.742549027317423, 24.042857060340101 ], [ 79.752307779418302, 24.053268169500825 ], [ 79.753653814190841, 24.034759530992869 ], [ 79.766104635836783, 24.041989467910039 ], [ 79.844174652643829, 24.022613236972024 ], [ 79.844847670030092, 24.006996573230939 ], [ 79.83441590054295, 24.002080216127265 ], [ 79.85797150906231, 23.988487934722986 ], [ 79.832060339691012, 23.941927140976414 ], [ 79.871431856787666, 23.900571901810203 ], [ 79.854269913437847, 23.853143515633572 ], [ 79.864701682924988, 23.828850927591883 ], [ 79.868739787242589, 23.819307410861217 ], [ 79.85359689605157, 23.808317906747121 ], [ 79.855952456903509, 23.795014822819528 ], [ 79.856288965596647, 23.794436427866156 ], [ 79.832060339691012, 23.777373776741634 ], [ 79.832060339691012, 23.757419150850247 ], [ 79.815234905034316, 23.740067302249042 ], [ 79.822974604976395, 23.720980268787713 ], [ 79.836098444008613, 23.723293848601209 ], [ 79.827685726680272, 23.69524169336259 ], [ 79.866720735083788, 23.700447247942954 ], [ 79.867057243776927, 23.690903731212288 ], [ 79.889266817523762, 23.682806201865059 ], [ 79.936041525869356, 23.681938609434997 ], [ 79.955559030071115, 23.658802811300056 ], [ 79.955222521377976, 23.658224416346684 ], [ 79.943444717118297, 23.645210529895778 ], [ 79.951520925753513, 23.622363929237522 ], [ 79.940416138880096, 23.624099114097643 ], [ 79.928638334620416, 23.601541710916074 ], [ 79.92897484331354, 23.599517328579267 ], [ 79.929311352006678, 23.597203748765772 ], [ 79.929647860699816, 23.595179366428965 ], [ 79.90340018263538, 23.585925047174989 ], [ 79.84720323088203, 23.504082161272628 ], [ 79.815234905034316, 23.512758085573232 ], [ 79.814561887648054, 23.490489879868349 ], [ 79.802111066002098, 23.465908094349974 ], [ 79.787304683504217, 23.459834947339552 ], [ 79.78898722696988, 23.446531863411959 ], [ 79.78898722696988, 23.446242665935273 ], [ 79.724377557888204, 23.425420447613824 ], [ 79.733126783909682, 23.409225388919364 ], [ 79.71259975362851, 23.371629716950082 ], [ 79.703514018913907, 23.375100086670326 ], [ 79.702841001527631, 23.361507805266047 ], [ 79.674574271304394, 23.338372007131102 ], [ 79.532231094108795, 23.259710293472299 ], [ 79.515742168145238, 23.268386217772903 ], [ 79.488148455308277, 23.264048255622601 ], [ 79.486802420535739, 23.249588381788261 ], [ 79.423538786226587, 23.194351663741088 ], [ 79.371043430097714, 23.167456298409217 ], [ 79.371379938790852, 23.165142718595721 ], [ 79.368351360552637, 23.166299508502469 ], [ 79.366332308393837, 23.165431916072407 ], [ 79.355227521520419, 23.171505063082833 ], [ 79.35186243458908, 23.155888399341745 ], [ 79.332008421694198, 23.150682844761384 ], [ 79.306433761016024, 23.231368940756994 ], [ 79.26807176999877, 23.216619869445967 ], [ 79.263360648294892, 23.239466470104226 ], [ 79.247881248410749, 23.248720789358202 ], [ 79.236776461537332, 23.251034369171695 ], [ 79.232065339833454, 23.251323566648381 ], [ 79.227690726822715, 23.225874188699947 ], [ 79.196731927054401, 23.240044865057598 ], [ 79.191684296657399, 23.223560608886451 ], [ 79.190338261884861, 23.223271411409765 ] ] ] } },
{ "type": "Feature", "properties": { "dt_code": "436", "district": "Shajapur", "st_code": "23", "year": "2011_c", "st_nm": "Madhya Pradesh" }, "geometry": { "type": "Polygon", "coordinates": [ [ [ 77.049806464860794, 23.467064884256722 ], [ 77.015819086854279, 23.445085876028525 ], [ 77.014136543388616, 23.441615506308285 ], [ 77.013127017309216, 23.441037111354909 ], [ 76.988225374017304, 23.396789897421833 ], [ 76.99428253049372, 23.382040826110806 ], [ 76.979139639302701, 23.310898246845859 ], [ 76.987552356631042, 23.285738066374108 ], [ 76.939431613512909, 23.236285297860668 ], [ 76.905444235506394, 23.22818776851344 ], [ 76.901742639881917, 23.227030978606692 ], [ 76.902415657268193, 23.214884684585847 ], [ 76.902079148575055, 23.213438697202413 ], [ 76.893329922553576, 23.208522340098739 ], [ 76.888955309542837, 23.205630365331871 ], [ 76.888618800849699, 23.205341167855185 ], [ 76.898714061643716, 23.178735 ], [ 76.895685483405515, 23.13651216840373 ], [ 76.881215609600758, 23.121184702139331 ], [ 76.854967931536322, 23.107592420735052 ], [ 76.821990079609208, 23.114822357652223 ], [ 76.826028183926823, 23.127836244103129 ], [ 76.80348210148685, 23.125233466812947 ], [ 76.788675718988969, 23.152128832144818 ], [ 76.767475671321534, 23.156755991771806 ], [ 76.774542353877351, 23.172083458036205 ], [ 76.746612132347238, 23.183940554580364 ], [ 76.752332780130516, 23.157045189248493 ], [ 76.742910536722775, 23.141428525507408 ], [ 76.731469241156219, 23.142296117937466 ], [ 76.72272001513474, 23.15820197915524 ], [ 76.698154880535981, 23.157623584201865 ], [ 76.685367550196887, 23.194062466264398 ], [ 76.655081767814849, 23.187121726823918 ], [ 76.647005559179647, 23.200135613274824 ], [ 76.630180124522951, 23.197532835984642 ], [ 76.628161072364151, 23.138825748217226 ], [ 76.613354689866256, 23.136801365880416 ], [ 76.598884816061513, 23.120606307185959 ], [ 76.588453046574358, 23.113954765222161 ], [ 76.542014846921901, 23.130728218869997 ], [ 76.541678338228763, 23.130439021393308 ], [ 76.540332303456225, 23.131017416346683 ], [ 76.542687864308164, 23.140560933077346 ], [ 76.526871955730883, 23.14721247504114 ], [ 76.51172906453985, 23.180180987383434 ], [ 76.511392555846726, 23.180180987383434 ], [ 76.425582839097601, 23.194062466264398 ], [ 76.413805034837921, 23.219222646736149 ], [ 76.376116061206929, 23.229633755896874 ], [ 76.365011274333526, 23.232814928140428 ], [ 76.36097317001591, 23.229633755896874 ], [ 76.338763596269089, 23.229633755896874 ], [ 76.320255618146732, 23.233971718047176 ], [ 76.275499961959937, 23.229344558420188 ], [ 76.252280862133702, 23.216619869445967 ], [ 76.226706201455528, 23.22645258365332 ], [ 76.163106058453238, 23.224717398793199 ], [ 76.128445663060461, 23.243804432254528 ], [ 76.121042471811521, 23.243515234777838 ], [ 76.120705963118382, 23.243515234777838 ], [ 76.133156784764338, 23.281400104223806 ], [ 76.158058428056236, 23.283713684037302 ], [ 76.159404462828775, 23.273302574876578 ], [ 76.181950545268734, 23.269253810202962 ], [ 76.205506153788107, 23.342999166758091 ], [ 76.214928397195848, 23.350807498628633 ], [ 76.227379218841804, 23.33779361217773 ], [ 76.252280862133702, 23.351675091058695 ], [ 76.245887196964162, 23.392741132748217 ], [ 76.212909345037048, 23.384643603400988 ], [ 76.21358236242331, 23.417033720789906 ], [ 76.204496627708693, 23.4150093384531 ], [ 76.20079503208423, 23.42773402742732 ], [ 76.214928397195848, 23.452605010422381 ], [ 76.197093436459753, 23.465329699396598 ], [ 76.207861714640032, 23.485573522764675 ], [ 76.212236327650771, 23.489333089961601 ], [ 76.246223705657286, 23.496852224355457 ], [ 76.252280862133702, 23.515071665386728 ], [ 76.252617370826826, 23.515939257816786 ], [ 76.216274431968387, 23.532134316511247 ], [ 76.199448997311691, 23.500900989029073 ], [ 76.160413988908175, 23.506974136039496 ], [ 76.157385410669974, 23.519988022490402 ], [ 76.158058428056236, 23.52085561492046 ], [ 76.178921967030533, 23.55613770707625 ], [ 76.163779075839514, 23.57233276577071 ], [ 76.154356832431759, 23.569440791003842 ], [ 76.175893388792332, 23.585635849698299 ], [ 76.20079503208423, 23.567705606143718 ], [ 76.237474479635807, 23.569729988480528 ], [ 76.234109392704468, 23.595757761382337 ], [ 76.233772884011344, 23.597203748765772 ], [ 76.275836470653061, 23.603855290729566 ], [ 76.28256664451574, 23.624966706527701 ], [ 76.297709535706758, 23.624966706527701 ], [ 76.296700009627358, 23.612820412506856 ], [ 76.33977312234849, 23.629304668678003 ], [ 76.369385887344265, 23.627280286341197 ], [ 76.387557356773485, 23.609639240263302 ], [ 76.434668573812218, 23.632775038398247 ], [ 76.43635111727788, 23.626701891387825 ], [ 76.451830517162037, 23.621785534284147 ], [ 76.460916251876654, 23.598360538672519 ], [ 76.460243234490378, 23.594022576522217 ], [ 76.457887673638453, 23.595179366428965 ], [ 76.452840043241437, 23.604433685682942 ], [ 76.438370169436681, 23.605590475589686 ], [ 76.446109869378759, 23.582165479978059 ], [ 76.43635111727788, 23.545437400438839 ], [ 76.454186078013976, 23.544280610532091 ], [ 76.483462334316613, 23.51217969061986 ], [ 76.483798843009751, 23.51217969061986 ], [ 76.506681434142848, 23.511601295666484 ], [ 76.486827421247952, 23.541677833241909 ], [ 76.51172906453985, 23.530399131651127 ], [ 76.502643329825247, 23.56683801371366 ], [ 76.526535447037745, 23.575803135490951 ], [ 76.575665716235278, 23.549486165112452 ], [ 76.586433994415557, 23.548040177729018 ], [ 76.600230850834038, 23.563656841470106 ], [ 76.631189650602352, 23.541967030718595 ], [ 76.65171668088351, 23.540521043335161 ], [ 76.662148450370665, 23.532134316511247 ], [ 76.653735733042311, 23.500611791552387 ], [ 76.685704058890025, 23.497141421832147 ], [ 76.693443758832103, 23.485862720241361 ], [ 76.760072480072594, 23.496563026878771 ], [ 76.793386840692847, 23.456942972572683 ], [ 76.814923397053406, 23.46793247668678 ], [ 76.809202749270128, 23.482392350521121 ], [ 76.818288483984745, 23.487019510148109 ], [ 76.842853618583504, 23.488176300054857 ], [ 76.842853618583504, 23.498298211738891 ], [ 76.876167979203757, 23.497719816785519 ], [ 76.888618800849699, 23.522590799780581 ], [ 76.915539496300411, 23.513625678003294 ], [ 76.903761692040732, 23.494827842018651 ], [ 76.920923635390551, 23.490779077345035 ], [ 76.933710965729631, 23.47169204388371 ], [ 76.967698343736146, 23.506106543609434 ], [ 77.028606417193359, 23.482970745474493 ], [ 77.036682625828576, 23.463016119583106 ], [ 77.049806464860794, 23.467064884256722 ] ] ] } },
{ "type": "Feature", "properties": { "dt_code": "443", "district": "Vidisha", "st_code": "23", "year": "2011_c", "st_nm": "Madhya Pradesh" }, "geometry": { "type": "Polygon", "coordinates": [ [ [ 77.319013419367835, 23.890449990126164 ], [ 77.31699436720902, 23.890739187602854 ], [ 77.320695962833497, 23.913296590784423 ], [ 77.307908632494417, 23.916477763027977 ], [ 77.30959117596008, 23.927178069665388 ], [ 77.296803845621, 23.925732082281954 ], [ 77.307572123801279, 23.931805229292376 ], [ 77.309254667266956, 23.951759855183763 ], [ 77.296467336927861, 23.954941027427317 ], [ 77.308581649880679, 23.96997929621503 ], [ 77.293775267382799, 23.97547404827208 ], [ 77.31161022811888, 23.98096880032913 ], [ 77.311946736812018, 23.98270398518925 ], [ 77.302187984711139, 23.98790953976961 ], [ 77.303870528176816, 23.992247501919913 ], [ 77.29141970653086, 23.996874661546901 ], [ 77.312283245505157, 24.007285770707625 ], [ 77.296467336927861, 24.02116724958859 ], [ 77.27762285011238, 24.018853669775098 ], [ 77.295794319541599, 24.037940703236423 ], [ 77.259787889376284, 24.043146257816787 ], [ 77.259787889376284, 24.068017240811848 ], [ 77.297476863007262, 24.083923102029622 ], [ 77.287381602213259, 24.123832353812396 ], [ 77.300505441245477, 24.126724328579265 ], [ 77.312956262891419, 24.150438521667581 ], [ 77.301178458631739, 24.1675011727921 ], [ 77.345934114818533, 24.182539441579813 ], [ 77.331464241013776, 24.216664743828854 ], [ 77.353000797374349, 24.214929558968734 ], [ 77.326753119309913, 24.245295294020845 ], [ 77.333146784479453, 24.254260415798136 ], [ 77.321368980219773, 24.287518125617115 ], [ 77.36242304078209, 24.344490028524412 ], [ 77.365451619020291, 24.348827990674714 ], [ 77.369489723337892, 24.34709280581459 ], [ 77.407851714355147, 24.329451759736699 ], [ 77.394054857936666, 24.306315961601754 ], [ 77.407515205662023, 24.300242814591336 ], [ 77.400448523106206, 24.27190146187603 ], [ 77.441502583668537, 24.238932949533737 ], [ 77.446550214065539, 24.238643752057051 ], [ 77.497699535421873, 24.266117512342294 ], [ 77.502074148432612, 24.253103625891388 ], [ 77.554569504561485, 24.246452083927593 ], [ 77.575433043535782, 24.269009487109162 ], [ 77.595287056430678, 24.267563499725728 ], [ 77.598315634668879, 24.29792923477784 ], [ 77.622544260574514, 24.29619404991772 ], [ 77.648455429945813, 24.314413490948986 ], [ 77.65215702557029, 24.313835095995614 ], [ 77.719458764197043, 24.299375222161274 ], [ 77.755128685669234, 24.307472751508502 ], [ 77.771617611632777, 24.301110407021394 ], [ 77.78575097674441, 24.314991885902359 ], [ 77.81771930259211, 24.29966441963796 ], [ 77.838582841566407, 24.312678306088866 ], [ 77.893770267240356, 24.311232318705432 ], [ 77.884348023832601, 24.277396213933077 ], [ 77.927421136553733, 24.267563499725728 ], [ 77.94290053643789, 24.230835420186505 ], [ 77.943573553824152, 24.230546222709819 ], [ 77.963427566719048, 24.246452083927593 ], [ 78.01491339676852, 24.236330172243555 ], [ 78.017268957620459, 24.282023373560065 ], [ 78.020634044551798, 24.282023373560065 ], [ 78.042843618298619, 24.281444978606693 ], [ 78.057313492103376, 24.260333562808558 ], [ 78.083561170167812, 24.259465970378496 ], [ 78.082551644088412, 24.258309180471752 ], [ 78.073465909373795, 24.248765663741086 ], [ 78.069427805056193, 24.24674128140428 ], [ 78.071110348521856, 24.246162886450907 ], [ 78.072456383294394, 24.245873688974218 ], [ 78.085916731019751, 24.241535726823919 ], [ 78.089954835337352, 24.245295294020845 ], [ 78.096348500506892, 24.245006096544159 ], [ 78.097021517893168, 24.228521840373013 ], [ 78.067745261590517, 24.243849306637411 ], [ 78.059669052955314, 24.230546222709819 ], [ 78.060342070341576, 24.229967827756447 ], [ 78.065726209431716, 24.226497458036206 ], [ 78.083561170167812, 24.214351164015362 ], [ 78.107116778687185, 24.208567214481626 ], [ 78.10947233953911, 24.217243138782226 ], [ 78.126297774195805, 24.214640361492048 ], [ 78.145815278397563, 24.201915672517828 ], [ 78.131008895899683, 24.195264130554033 ], [ 78.128989843740868, 24.163741605595174 ], [ 78.104424709142108, 24.166922777838728 ], [ 78.096348500506892, 24.155933273724632 ], [ 78.118558074253727, 24.126435131102578 ], [ 78.134710491524146, 24.120651181568842 ], [ 78.117212039481188, 24.046327430060341 ], [ 78.10206914829017, 24.048641009873833 ], [ 78.105434235221509, 24.061076501371367 ], [ 78.091973887496152, 24.068595635765224 ], [ 78.075821470225733, 24.046038232583655 ], [ 78.115192987322388, 24.027240396599012 ], [ 78.119231091639989, 24.043435455293473 ], [ 78.133027948058484, 24.041411072956667 ], [ 78.157256573964119, 24.025505211738892 ], [ 78.162640713054259, 24.010466942951179 ], [ 78.183504252028555, 24.010177745474493 ], [ 78.192926495436296, 24.054135761930883 ], [ 78.214799560489993, 24.070330820625344 ], [ 78.278399703492283, 24.027818791552388 ], [ 78.289504490365701, 23.987620342292924 ], [ 78.278736212185407, 23.971136086121778 ], [ 78.286475912127486, 23.962460161821173 ], [ 78.261910777528726, 23.943662325836534 ], [ 78.289167981672563, 23.925442884805268 ], [ 78.294888629455841, 23.909826221064179 ], [ 78.278063194799145, 23.889871595172792 ], [ 78.278399703492283, 23.863843822270983 ], [ 78.259555216676787, 23.858349070213933 ], [ 78.273015564402144, 23.84331080142622 ], [ 78.294888629455841, 23.848227158529895 ], [ 78.299599751159704, 23.827983335161822 ], [ 78.288494964286286, 23.813812658804171 ], [ 78.262583794914988, 23.816126238617663 ], [ 78.266285390539466, 23.808607104223807 ], [ 78.286139403434362, 23.811209881513989 ], [ 78.288494964286286, 23.783736121228745 ], [ 78.268640951391404, 23.787206490948986 ], [ 78.276717160026607, 23.79588241524959 ], [ 78.258882199290525, 23.791833650575974 ], [ 78.255517112359186, 23.778819764125068 ], [ 78.269313968777666, 23.779398159078443 ], [ 78.251815516734709, 23.75712995337356 ], [ 78.266285390539466, 23.748743226549642 ], [ 78.250805990655309, 23.746718844212836 ], [ 78.240710729861291, 23.719534281404279 ], [ 78.238691677702491, 23.714039529347232 ], [ 78.251479008041571, 23.706231197476686 ], [ 78.252488534120971, 23.705652802523314 ], [ 78.252825042814109, 23.705363605046628 ], [ 78.258545690597387, 23.724450638507953 ], [ 78.268304442698266, 23.725896625891387 ], [ 78.264939355766927, 23.721269466264399 ], [ 78.262920303608126, 23.718666688974217 ], [ 78.262920303608126, 23.718377491497531 ], [ 78.262920303608126, 23.718377491497531 ], [ 78.284120351275561, 23.700158050466264 ], [ 78.280082246957946, 23.690325336258915 ], [ 78.290850525138225, 23.675576264947889 ], [ 78.292533068603902, 23.676154659901261 ], [ 78.29387910337644, 23.674419475041141 ], [ 78.293206085990164, 23.672684290181021 ], [ 78.290177507751963, 23.670370710367528 ], [ 78.287821946900024, 23.659381206253428 ], [ 78.277390177412883, 23.609350042786616 ], [ 78.24306629071323, 23.583322269884807 ], [ 78.243402799406368, 23.565681223806912 ], [ 78.225567838670273, 23.561054064179924 ], [ 78.230951977760412, 23.546594190345584 ], [ 78.22287576912521, 23.528085551837631 ], [ 78.206050334468515, 23.527796354360945 ], [ 78.197301108447036, 23.544859005485463 ], [ 78.180139165097216, 23.52461518211739 ], [ 78.135383508910422, 23.518252837630282 ], [ 78.135383508910422, 23.517963640153592 ], [ 78.135383508910422, 23.482681547997807 ], [ 78.144805752318163, 23.474584018650578 ], [ 78.112164409084187, 23.472559636313768 ], [ 78.084570696247212, 23.450291430608885 ], [ 78.044189653071157, 23.468800069116842 ], [ 78.000443522963764, 23.467064884256722 ], [ 77.988665718704084, 23.452894207899067 ], [ 77.997414944725563, 23.413563351069666 ], [ 78.048564266081897, 23.402284649478883 ], [ 78.057650000796514, 23.386667985737795 ], [ 78.052265861706374, 23.36382138507954 ], [ 78.023662622789999, 23.344734351618214 ], [ 78.019961027165522, 23.346180339001645 ], [ 78.00212606642944, 23.364110582556226 ], [ 77.958379936322046, 23.373075704333516 ], [ 77.960062479787709, 23.420793287986836 ], [ 77.930449714791934, 23.421082485463522 ], [ 77.913624280135252, 23.448845443225451 ], [ 77.86954164133472, 23.436120754251235 ], [ 77.839928876338945, 23.441904703784971 ], [ 77.828824089465527, 23.458388959956118 ], [ 77.811662146115708, 23.455496985189249 ], [ 77.786423994130672, 23.487308707624795 ], [ 77.772963646405316, 23.484995127811302 ], [ 77.771954120325915, 23.502636173889194 ], [ 77.756474720441759, 23.507552530992868 ], [ 77.764214420383837, 23.522301602303894 ], [ 77.72316035982152, 23.535315488754801 ], [ 77.707680959937363, 23.564524433900164 ], [ 77.677058668862188, 23.518542035106968 ], [ 77.661579268978031, 23.524325984640704 ], [ 77.651484008184013, 23.543991413055405 ], [ 77.625909347505853, 23.552667337356006 ], [ 77.625572838812715, 23.526061169500824 ], [ 77.647445903866412, 23.509287715852992 ], [ 77.650137973411489, 23.484705930334613 ], [ 77.624226804040177, 23.465040501919912 ], [ 77.600671195520817, 23.487308707624795 ], [ 77.569039378366242, 23.490489879868349 ], [ 77.566010800128041, 23.505238951179376 ], [ 77.566010800128041, 23.505238951179376 ], [ 77.56500127404864, 23.505528148656062 ], [ 77.518226565703031, 23.507263333516182 ], [ 77.516880530930507, 23.507263333516182 ], [ 77.505439235363951, 23.524036787164015 ], [ 77.505439235363951, 23.52461518211739 ], [ 77.506112252750214, 23.567127211190346 ], [ 77.506112252750214, 23.56857319857378 ], [ 77.53135040473525, 23.580141097641253 ], [ 77.555242521947747, 23.592576589138783 ], [ 77.573750500070119, 23.647813307185956 ], [ 77.629947451823455, 23.657935218869994 ], [ 77.648118921252689, 23.712015147010423 ], [ 77.648118921252689, 23.712304344487109 ], [ 77.615141069325574, 23.712882739440484 ], [ 77.616823612791237, 23.724739835984643 ], [ 77.601007704213956, 23.726475020844763 ], [ 77.610093438928558, 23.747008041689522 ], [ 77.573413991376981, 23.766962667580913 ], [ 77.541109156836129, 23.755105571036754 ], [ 77.499718587580674, 23.775349394404827 ], [ 77.474480435595638, 23.756551558420188 ], [ 77.453953405314479, 23.761178718047177 ], [ 77.454289914007617, 23.771879024684587 ], [ 77.434099392419583, 23.780265751508502 ], [ 77.445204179293, 23.794725625342842 ], [ 77.415254905604101, 23.799641982446516 ], [ 77.407178696968884, 23.827115742731763 ], [ 77.389343736232789, 23.833478087218872 ], [ 77.401458049185607, 23.847359566099836 ], [ 77.383623088449525, 23.861530242457487 ], [ 77.377229423279971, 23.884087645639056 ], [ 77.323724541071698, 23.889871595172792 ], [ 77.319013419367835, 23.890449990126164 ] ] ] } },
{ "type": "Feature", "properties": { "dt_code": "442", "district": "Rajgarh", "st_code": "23", "year": "2011_c", "st_nm": "Madhya Pradesh" }, "geometry": { "type": "Polygon", "coordinates": [ [ [ 76.881215609600758, 24.130194698299508 ], [ 76.879196557441958, 24.130483895776194 ], [ 76.877850522669419, 24.122675563905652 ], [ 76.887609274770298, 24.10937247997806 ], [ 76.889291818235975, 24.107058900164564 ], [ 76.889964835622237, 24.106480505211191 ], [ 76.917222039766074, 24.101853345584203 ], [ 76.971399939360623, 24.044592245200221 ], [ 76.989571408789843, 24.047773417443775 ], [ 77.025577838955158, 24.083055509599561 ], [ 77.07706366900463, 24.078428349972572 ], [ 77.13225109467858, 24.093466618760285 ], [ 77.182727398648638, 24.079295942402634 ], [ 77.178016276944774, 24.048351812397147 ], [ 77.187438520352515, 24.029553976412508 ], [ 77.176333733479098, 24.01769687986835 ], [ 77.184746450807438, 24.001501821173889 ], [ 77.165565455298818, 23.947132695556775 ], [ 77.185755976886853, 23.930937636862314 ], [ 77.189457572511316, 23.89276356993966 ], [ 77.226137020062907, 23.890160792649478 ], [ 77.224454476597231, 23.847937961053209 ], [ 77.21402270711009, 23.840129629182666 ], [ 77.223781459210969, 23.832899692265496 ], [ 77.223781459210969, 23.826537347778387 ], [ 77.223781459210969, 23.818150620954473 ], [ 77.223781459210969, 23.812945066374109 ], [ 77.221762407052168, 23.808028709270435 ], [ 77.196524255067132, 23.744405264399344 ], [ 77.169603559616419, 23.676733054854637 ], [ 77.168594033537019, 23.674997869994517 ], [ 77.167584507457619, 23.673841080087769 ], [ 77.167247998764481, 23.674130277564455 ], [ 77.161190842288079, 23.665454353263851 ], [ 77.128549499054103, 23.619182756993965 ], [ 77.126530446895302, 23.616579979703786 ], [ 77.143692390245121, 23.588238626988481 ], [ 77.134606655530504, 23.573489555677455 ], [ 77.13864475984812, 23.547750980252331 ], [ 77.118454238260085, 23.537918266044983 ], [ 77.094898629740726, 23.490200682391663 ], [ 77.049806464860794, 23.467064884256722 ], [ 77.036682625828576, 23.463016119583106 ], [ 77.028606417193359, 23.482970745474493 ], [ 76.967698343736146, 23.506106543609434 ], [ 76.933710965729631, 23.47169204388371 ], [ 76.920923635390551, 23.490779077345035 ], [ 76.903761692040732, 23.494827842018651 ], [ 76.915539496300411, 23.513625678003294 ], [ 76.888618800849699, 23.522590799780581 ], [ 76.876167979203757, 23.497719816785519 ], [ 76.842853618583504, 23.498298211738891 ], [ 76.842853618583504, 23.488176300054857 ], [ 76.818288483984745, 23.487019510148109 ], [ 76.809202749270128, 23.482392350521121 ], [ 76.814923397053406, 23.46793247668678 ], [ 76.793386840692847, 23.456942972572683 ], [ 76.760072480072594, 23.496563026878771 ], [ 76.693443758832103, 23.485862720241361 ], [ 76.685704058890025, 23.497141421832147 ], [ 76.653735733042311, 23.500611791552387 ], [ 76.662148450370665, 23.532134316511247 ], [ 76.65171668088351, 23.540521043335161 ], [ 76.631189650602352, 23.541967030718595 ], [ 76.600230850834038, 23.563656841470106 ], [ 76.586433994415557, 23.548040177729018 ], [ 76.575665716235278, 23.549486165112452 ], [ 76.526535447037745, 23.575803135490951 ], [ 76.502643329825247, 23.56683801371366 ], [ 76.51172906453985, 23.530399131651127 ], [ 76.486827421247952, 23.541677833241909 ], [ 76.506681434142848, 23.511601295666484 ], [ 76.483798843009751, 23.51217969061986 ], [ 76.483462334316613, 23.51217969061986 ], [ 76.454186078013976, 23.544280610532091 ], [ 76.43635111727788, 23.545437400438839 ], [ 76.446109869378759, 23.582165479978059 ], [ 76.438370169436681, 23.605590475589686 ], [ 76.452840043241437, 23.604433685682942 ], [ 76.457887673638453, 23.595179366428965 ], [ 76.460243234490378, 23.594022576522217 ], [ 76.460916251876654, 23.598360538672519 ], [ 76.451830517162037, 23.621785534284147 ], [ 76.43635111727788, 23.626701891387825 ], [ 76.434668573812218, 23.632775038398247 ], [ 76.42894792602894, 23.654175651673068 ], [ 76.401690721885103, 23.676733054854637 ], [ 76.412122491372259, 23.719534281404279 ], [ 76.400344687112565, 23.729366995611631 ], [ 76.395970074101825, 23.766384272627537 ], [ 76.374433517741267, 23.7759277893582 ], [ 76.381836708990207, 23.810053091607241 ], [ 76.356598557005171, 23.819018213384531 ], [ 76.356262048312047, 23.849094750959956 ], [ 76.328668335475072, 23.864133019747669 ], [ 76.326649283316272, 23.887847212835986 ], [ 76.298382553093035, 23.897679927043335 ], [ 76.314534970363454, 23.923129304991772 ], [ 76.303093674796898, 23.961014174437739 ], [ 76.255645949065041, 23.981257997805816 ], [ 76.254636422985641, 24.038519098189798 ], [ 76.203487101629293, 24.037940703236423 ], [ 76.191036279983351, 24.083923102029622 ], [ 76.190363262597074, 24.087393471749863 ], [ 76.191372788676489, 24.087393471749863 ], [ 76.227379218841804, 24.086815076796491 ], [ 76.218293484127187, 24.103588530444323 ], [ 76.237810988328945, 24.134821857926497 ], [ 76.232763357931944, 24.146389756993965 ], [ 76.214928397195848, 24.150149324190895 ], [ 76.212572836343909, 24.20972400438837 ], [ 76.227715727534928, 24.214640361492048 ], [ 76.281220609743201, 24.206832029621502 ], [ 76.287277766219617, 24.229967827756447 ], [ 76.321601652919256, 24.245295294020845 ], [ 76.357608083084571, 24.239800541963795 ], [ 76.412459000065382, 24.200180487657708 ], [ 76.420871717393737, 24.208567214481626 ], [ 76.416497104382984, 24.22071350850247 ], [ 76.452167025855175, 24.209145609434998 ], [ 76.470675003977533, 24.225919063082831 ], [ 76.480433756078412, 24.20798881952825 ], [ 76.504998890677172, 24.203072462424576 ], [ 76.513411608005526, 24.165476790455294 ], [ 76.527544973117145, 24.157090063631379 ], [ 76.576675242314678, 24.177912281952825 ], [ 76.564224420668722, 24.191215365880417 ], [ 76.570281577145138, 24.209145609434998 ], [ 76.594846711743898, 24.222737890839277 ], [ 76.584751450949895, 24.243849306637411 ], [ 76.611335637707455, 24.238354554580361 ], [ 76.616383268104471, 24.257730785518376 ], [ 76.63354521145429, 24.257730785518376 ], [ 76.643303963555169, 24.269298684585848 ], [ 76.666523063381405, 24.262357945145364 ], [ 76.695462810990904, 24.282312571036755 ], [ 76.702192984853582, 24.241535726823919 ], [ 76.675945306789146, 24.190926168403731 ], [ 76.698827897922243, 24.168368765222162 ], [ 76.719354928203401, 24.1588252484915 ], [ 76.726085102066079, 24.168657962698848 ], [ 76.756370884448131, 24.168947160175534 ], [ 76.802136066714326, 24.11660241689523 ], [ 76.869774314034217, 24.133375870543063 ], [ 76.880879100907634, 24.131351488206253 ], [ 76.881215609600758, 24.130194698299508 ] ] ] } },
{ "type": "Feature", "properties": { "dt_code": "460", "district": "Shahdol", "st_code": "23", "year": "2011_c", "st_nm": "Madhya Pradesh" }, "geometry": { "type": "Polygon", "coordinates": [ [ [ 81.002101065717213, 24.081031127262754 ], [ 81.010513783045567, 24.091442236423479 ], [ 81.104736217123019, 24.12556753867252 ], [ 81.13401247342567, 24.135111055403183 ], [ 81.146463295071612, 24.135111055403183 ], [ 81.15857760802443, 24.134243462973121 ], [ 81.185498303475143, 24.110818467361494 ], [ 81.202323738131824, 24.109661677454746 ], [ 81.202660246824962, 24.109661677454746 ], [ 81.224869820571797, 24.128170315962699 ], [ 81.22756189011686, 24.155354878771256 ], [ 81.239676203069678, 24.163452408118488 ], [ 81.281739789711395, 24.190058575973669 ], [ 81.348032002258762, 24.187744996160177 ], [ 81.352406615269501, 24.192661353263851 ], [ 81.361828858677242, 24.203361659901262 ], [ 81.37495269770946, 24.218110731212288 ], [ 81.387067010662278, 24.260622760285244 ], [ 81.388413045434817, 24.265539117388919 ], [ 81.445956031960691, 24.25917677290181 ], [ 81.45773383622037, 24.267274302249042 ], [ 81.456051292754708, 24.281734176083379 ], [ 81.456051292754708, 24.282023373560065 ], [ 81.456387801447846, 24.281155781130007 ], [ 81.470857675252589, 24.253103625891388 ], [ 81.481962462126006, 24.231413815139881 ], [ 81.483645005591683, 24.197866907844215 ], [ 81.469848149173188, 24.174441912232584 ], [ 81.499797422862102, 24.163452408118488 ], [ 81.485327549057345, 24.146100559517279 ], [ 81.509219666269843, 24.113710442128362 ], [ 81.509556174962981, 24.081609522216127 ], [ 81.521670487915799, 24.075536375205704 ], [ 81.543880061662634, 24.084790694459684 ], [ 81.558349935467376, 24.073801190345584 ], [ 81.559022952853653, 24.073511992868898 ], [ 81.535130835641155, 24.066571253428414 ], [ 81.515613331439397, 24.04112187547998 ], [ 81.483645005591683, 24.03562712342293 ], [ 81.513594279280582, 24.020010459681842 ], [ 81.502489492407165, 23.997742253976963 ], [ 81.50753712280418, 23.981836392759188 ], [ 81.538159413879356, 23.981547195282502 ], [ 81.556667392001714, 23.957543804717499 ], [ 81.538832431265618, 23.941637943499728 ], [ 81.543880061662634, 23.913007393307737 ], [ 81.568445196261393, 23.912139800877675 ], [ 81.603778609040447, 23.884955238069118 ], [ 81.603778609040447, 23.884666040592432 ], [ 81.621613569776542, 23.870784561711467 ], [ 81.603778609040447, 23.859795057597367 ], [ 81.611181800289387, 23.836948456939112 ], [ 81.635410426195023, 23.834634877125616 ], [ 81.645842195682164, 23.812077473944051 ], [ 81.651226334772304, 23.799931179923206 ], [ 81.64449616090964, 23.770143839824467 ], [ 81.681848625847479, 23.753370386176634 ], [ 81.67848353891614, 23.739488907295666 ], [ 81.695981990959098, 23.721269466264399 ], [ 81.684204186699418, 23.690903731212288 ], [ 81.655600947783043, 23.681938609434997 ], [ 81.655264439089919, 23.663140773450358 ], [ 81.614546887220726, 23.662851575973669 ], [ 81.611854817675649, 23.595179366428965 ], [ 81.589645243928828, 23.596046958859024 ], [ 81.57652140489661, 23.585346652221613 ], [ 81.58392459614555, 23.553534929786068 ], [ 81.610172274209987, 23.554980917169502 ], [ 81.611518308982525, 23.512468888096546 ], [ 81.626997708866682, 23.482103153044434 ], [ 81.644159652216501, 23.481813955567745 ], [ 81.662331121645721, 23.51391487547998 ], [ 81.658966034714382, 23.528953144267692 ], [ 81.699683586583575, 23.522012404827208 ], [ 81.746794803622308, 23.569440791003842 ], [ 81.758236099188849, 23.549775362589138 ], [ 81.809048911852059, 23.549196967635766 ], [ 81.820826716111739, 23.515360862863414 ], [ 81.836306115995896, 23.511022900713112 ], [ 81.87567763309255, 23.512758085573232 ], [ 81.916395184961743, 23.533869501371367 ], [ 81.920769797972483, 23.533291106417991 ], [ 81.926826954448885, 23.527796354360945 ], [ 81.957785754217198, 23.500322594075701 ], [ 81.955093684672121, 23.467064884256722 ], [ 81.980331836657157, 23.447110258365331 ], [ 81.976630241032694, 23.42397446023039 ], [ 81.985379467054173, 23.414430943499728 ], [ 81.985379467054173, 23.414720140976414 ], [ 81.985715975747297, 23.414141746023041 ], [ 81.985715975747297, 23.414141746023041 ], [ 81.971582610635679, 23.373654099286892 ], [ 81.93725872393604, 23.377413666483818 ], [ 81.935912689163501, 23.341842376851346 ], [ 81.920433289279345, 23.338950402084478 ], [ 81.913703115416666, 23.300776335161821 ], [ 81.912357080644128, 23.300487137685135 ], [ 81.877023667865089, 23.296727570488208 ], [ 81.863899828832871, 23.312633431705979 ], [ 81.806020333613858, 23.31986336862315 ], [ 81.812413998783398, 23.294124793198026 ], [ 81.840007711620373, 23.296149175534833 ], [ 81.841017237699774, 23.279086524410314 ], [ 81.869620476616149, 23.272434982446519 ], [ 81.879379228717028, 23.24611801206802 ], [ 81.858179181049593, 23.24611801206802 ], [ 81.847074394176175, 23.258842701042241 ], [ 81.786839338105224, 23.256529121228745 ], [ 81.764629764358403, 23.240334062534284 ], [ 81.756890064416325, 23.214595487109161 ], [ 81.719201090785333, 23.20215999561163 ], [ 81.668051769428999, 23.208522340098739 ], [ 81.649543791306641, 23.194062466264398 ], [ 81.612527835061925, 23.19868962589139 ], [ 81.633054865343084, 23.230501348326936 ], [ 81.60108653949537, 23.224139003839824 ], [ 81.578876965748549, 23.140850130554032 ], [ 81.563397565864392, 23.142874512890842 ], [ 81.565753126716331, 23.132463403730117 ], [ 81.537149887799956, 23.113087172792103 ], [ 81.587626191770028, 23.077226685682941 ], [ 81.605797661199247, 23.041944593527155 ], [ 81.558349935467376, 23.024303547449261 ], [ 81.545899113821434, 23.028930707076249 ], [ 81.549264200752773, 23.042812185957214 ], [ 81.526381609619676, 23.050620517827756 ], [ 81.539505448651894, 23.06305600932529 ], [ 81.557003900694852, 23.058139652221612 ], [ 81.536813379106817, 23.077226685682941 ], [ 81.516959366211921, 23.082143042786615 ], [ 81.437879823325488, 23.057272059791554 ], [ 81.395479727990619, 23.061031626988481 ], [ 81.374279680323198, 23.086770202413604 ], [ 81.319092254649249, 23.103543656061436 ], [ 81.328177989363866, 23.147790869994516 ], [ 81.30495888953763, 23.149815252331322 ], [ 81.299238241754352, 23.178156605046627 ], [ 81.266933407213514, 23.186543331870546 ], [ 81.251117498636233, 23.212281907295669 ], [ 81.252463533408758, 23.211414314865607 ], [ 81.256838146419497, 23.212571104772355 ], [ 81.265587372440976, 23.220957831596269 ], [ 81.284095350563334, 23.220090239166211 ], [ 81.298901733061228, 23.246407209544707 ], [ 81.301257293913167, 23.250745171695009 ], [ 81.30293983737883, 23.253637146461877 ], [ 81.318082728569848, 23.25161276412507 ], [ 81.319092254649249, 23.25161276412507 ], [ 81.324139885046264, 23.292389608337906 ], [ 81.340292302316684, 23.305114297312123 ], [ 81.353079632655763, 23.354567065825563 ], [ 81.332216093681467, 23.370472927043338 ], [ 81.340628811009822, 23.38348681349424 ], [ 81.327504971977604, 23.400549464618763 ], [ 81.336927215385344, 23.409225388919364 ], [ 81.307987467775831, 23.423106867800328 ], [ 81.314717641638509, 23.430626002194185 ], [ 81.301257293913167, 23.447977850795393 ], [ 81.292508067891688, 23.494249447065279 ], [ 81.297892206981828, 23.559318879319804 ], [ 81.249098446477419, 23.581297887547997 ], [ 81.241022237842216, 23.661116391113548 ], [ 81.227225381423722, 23.679046634668129 ], [ 81.245396850852956, 23.696109285792652 ], [ 81.247752411704894, 23.723004651124519 ], [ 81.238666676990277, 23.736596932528798 ], [ 81.213428525005241, 23.74469446187603 ], [ 81.179104638305589, 23.797039205156338 ], [ 81.188190373020205, 23.819596608337903 ], [ 81.231263485741337, 23.822199385628085 ], [ 81.263568320282175, 23.831453704882062 ], [ 81.268279441986053, 23.841864814042786 ], [ 81.257847672498897, 23.85430030554032 ], [ 81.222850768412982, 23.854878700493693 ], [ 81.204342790290625, 23.884087645639056 ], [ 81.168672868818447, 23.882352460778936 ], [ 81.160933168876369, 23.898836716950083 ], [ 81.176412568760526, 23.915031775644543 ], [ 81.133675964732532, 23.932383624245748 ], [ 81.128628334335531, 23.970846888645092 ], [ 81.069739313037104, 23.965641334064728 ], [ 81.058298017470563, 24.003237006034009 ], [ 81.001764557024089, 24.072933597915526 ], [ 80.998735978785874, 24.076693165112452 ], [ 81.002101065717213, 24.081031127262754 ] ] ] } },
{ "type": "Feature", "properties": { "dt_code": "450", "district": "Katni", "st_code": "23", "year": "2011_c", "st_nm": "Madhya Pradesh" }, "geometry": { "type": "Polygon", "coordinates": [ [ [ 80.359369461831676, 23.969111703784971 ], [ 80.390328261599976, 23.967376518924851 ], [ 80.418594991823213, 23.984728367526056 ], [ 80.468734787100146, 23.991090712013165 ], [ 80.513153934593817, 24.012491325287989 ], [ 80.531661912716174, 24.02839718650576 ], [ 80.515509495445755, 24.049219404827209 ], [ 80.537382560499452, 24.07062001810203 ], [ 80.554544503849272, 24.048930207350523 ], [ 80.543776225668992, 24.045170640153593 ], [ 80.543439716975854, 24.031289161272628 ], [ 80.626557364179902, 24.075536375205704 ], [ 80.648430429233599, 24.044013850246849 ], [ 80.63665262497392, 24.08507989193637 ], [ 80.657179655255078, 24.091731433900165 ], [ 80.683090824626376, 24.073801190345584 ], [ 80.673332072525497, 24.105034517827757 ], [ 80.737268724220925, 24.131351488206253 ], [ 80.745008424163004, 24.116891614371916 ], [ 80.738951267686588, 24.105902110257816 ], [ 80.69587815496547, 24.083923102029622 ], [ 80.712367080929027, 24.064836068568294 ], [ 80.723808376495569, 24.06512526604498 ], [ 80.722798850416169, 24.077560757542514 ], [ 80.756786228422683, 24.060208908941306 ], [ 80.775630715238179, 24.06888483324191 ], [ 80.802887919382016, 24.060787303894681 ], [ 80.790100589042922, 24.049219404827209 ], [ 80.801205375916339, 24.037073110806364 ], [ 80.774284680465641, 24.039097493143171 ], [ 80.754094158877606, 24.025794409215578 ], [ 80.769573558761763, 24.005261388370819 ], [ 80.764525928364762, 23.992247501919913 ], [ 80.764525928364762, 23.992247501919913 ], [ 80.765198945751024, 23.991958304443227 ], [ 80.806926023699617, 23.96997929621503 ], [ 80.807262532392755, 23.969690098738344 ], [ 80.807262532392755, 23.96997929621503 ], [ 80.801541884609478, 23.988198737246297 ], [ 80.810964128017218, 23.995139476686781 ], [ 80.811637145403495, 23.995717871640153 ], [ 80.7968307629056, 24.006418178277563 ], [ 80.799522832450677, 24.016250892484916 ], [ 80.819713354038697, 24.02839718650576 ], [ 80.836538788695393, 24.0231916319254 ], [ 80.869516640622507, 24.078428349972572 ], [ 80.893072249141866, 24.063100883708174 ], [ 80.903167509935884, 24.07062001810203 ], [ 80.957345409530419, 24.064836068568294 ], [ 80.926050101068981, 24.058473724081185 ], [ 80.929751696693458, 24.052111379594077 ], [ 80.931097731465982, 24.050086997257267 ], [ 80.931770748852259, 24.049219404827209 ], [ 80.904513544708422, 24.041989467910039 ], [ 80.906532596867223, 24.01769687986835 ], [ 80.875573797098909, 23.986752749862866 ], [ 80.874900779712647, 23.961881766867801 ], [ 80.84663404948941, 23.966219729018103 ], [ 80.836538788695393, 23.949735472846957 ], [ 80.84764357556881, 23.93325121667581 ], [ 80.845288014716871, 23.906066653867253 ], [ 80.876246814485185, 23.906066653867253 ], [ 80.882303970961587, 23.897390729566649 ], [ 80.862786466759829, 23.8765685112452 ], [ 80.900475440390807, 23.861530242457487 ], [ 80.893408757835005, 23.840418826659352 ], [ 80.91763738374064, 23.790098465715854 ], [ 80.915954840274964, 23.769276247394405 ], [ 80.892062723062466, 23.768697852441033 ], [ 80.908551649026023, 23.704785210093252 ], [ 80.905186562094684, 23.677889844761381 ], [ 80.822741932276898, 23.670081512890839 ], [ 80.807935549779017, 23.682227806911683 ], [ 80.77125610222744, 23.672105895227649 ], [ 80.759814806660884, 23.715485516730666 ], [ 80.73424014598271, 23.725896625891387 ], [ 80.71505915047409, 23.759443533187056 ], [ 80.710684537463351, 23.735440142622053 ], [ 80.690830524568455, 23.732548167855185 ], [ 80.681744789853852, 23.713750331870543 ], [ 80.672322546446097, 23.692349718595722 ], [ 80.674678107298035, 23.681360214481625 ], [ 80.676024142070574, 23.673551882611083 ], [ 80.676360650763698, 23.672395092704335 ], [ 80.645401850995398, 23.650126886999452 ], [ 80.655160603096277, 23.635377815688425 ], [ 80.654824094403139, 23.635088618211739 ], [ 80.655160603096277, 23.635088618211739 ], [ 80.62487482071424, 23.613688004936918 ], [ 80.624201803327963, 23.593154984092156 ], [ 80.602328738274267, 23.589684614371915 ], [ 80.598290633956665, 23.575224740537575 ], [ 80.561611186405074, 23.567127211190346 ], [ 80.560265151632549, 23.551510547449261 ], [ 80.548487347372856, 23.544859005485463 ], [ 80.55589053862181, 23.530399131651127 ], [ 80.541757173510192, 23.493671052111903 ], [ 80.566322308108951, 23.467064884256722 ], [ 80.558582608166873, 23.436988346681296 ], [ 80.538728595271976, 23.435253161821173 ], [ 80.528633334477973, 23.410960573779484 ], [ 80.543776225668992, 23.393608725178279 ], [ 80.543776225668992, 23.393608725178279 ], [ 80.523585704080958, 23.378859653867252 ], [ 80.484550695677441, 23.392451935271531 ], [ 80.482195134825503, 23.373943296763578 ], [ 80.467725261020746, 23.369894532089962 ], [ 80.458303017613005, 23.344155956664839 ], [ 80.410182274494872, 23.340974784421284 ], [ 80.394702874610715, 23.351385893582009 ], [ 80.390664770293114, 23.338661204607789 ], [ 80.364080583535539, 23.32882849040044 ], [ 80.36710916177374, 23.305114297312123 ], [ 80.326391609904562, 23.305403494788809 ], [ 80.328074153370224, 23.314657814042789 ], [ 80.296778844908786, 23.338661204607789 ], [ 80.291731214511771, 23.384065208447616 ], [ 80.317305875189945, 23.409803783872739 ], [ 80.298797897067587, 23.422528472846956 ], [ 80.296442336215648, 23.441037111354909 ], [ 80.273223236389413, 23.436409951727921 ], [ 80.254715258267055, 23.450291430608885 ], [ 80.266493062526735, 23.456075380142622 ], [ 80.268175605992411, 23.480367968184311 ], [ 80.200200849979382, 23.486441115194737 ], [ 80.190105589185364, 23.507841728469558 ], [ 80.200200849979382, 23.516228455293472 ], [ 80.193807184809842, 23.535604686231487 ], [ 80.211978654239061, 23.533869501371367 ], [ 80.210969128159661, 23.523458392210642 ], [ 80.227458054123218, 23.530688329127813 ], [ 80.237553314917236, 23.551510547449261 ], [ 80.220054862874278, 23.559897274273176 ], [ 80.233178701906496, 23.557294496982998 ], [ 80.236207280144697, 23.574357148107516 ], [ 80.20895007600086, 23.575513938014264 ], [ 80.197172271741181, 23.589684614371915 ], [ 80.173280154528683, 23.563656841470106 ], [ 80.158473772030788, 23.582165479978059 ], [ 80.139629285215307, 23.57233276577071 ], [ 80.139965793908431, 23.590263009325287 ], [ 80.11876574624101, 23.584768257268241 ], [ 80.091172033404035, 23.593444181568842 ], [ 80.071991037895401, 23.5703083834339 ], [ 79.99795912540597, 23.570886778387276 ], [ 79.99358451239523, 23.583322269884807 ], [ 79.969692395182733, 23.573489555677455 ], [ 79.969355886489595, 23.586214244651675 ], [ 79.968682869103333, 23.613398807460232 ], [ 79.968682869103333, 23.61426639989029 ], [ 79.968682869103333, 23.61426639989029 ], [ 79.929311352006678, 23.597203748765772 ], [ 79.92897484331354, 23.599517328579267 ], [ 79.928638334620416, 23.601541710916074 ], [ 79.940416138880096, 23.624099114097643 ], [ 79.951520925753513, 23.622363929237522 ], [ 79.943444717118297, 23.645210529895778 ], [ 79.955222521377976, 23.658224416346684 ], [ 79.955559030071115, 23.658802811300056 ], [ 79.936041525869356, 23.681938609434997 ], [ 79.889266817523762, 23.682806201865059 ], [ 79.867057243776927, 23.690903731212288 ], [ 79.866720735083788, 23.700447247942954 ], [ 79.827685726680272, 23.69524169336259 ], [ 79.836098444008613, 23.723293848601209 ], [ 79.822974604976395, 23.720980268787713 ], [ 79.815234905034316, 23.740067302249042 ], [ 79.832060339691012, 23.757419150850247 ], [ 79.832060339691012, 23.777373776741634 ], [ 79.856288965596647, 23.794436427866156 ], [ 79.855952456903509, 23.795014822819528 ], [ 79.85359689605157, 23.808317906747121 ], [ 79.868739787242589, 23.819307410861217 ], [ 79.864701682924988, 23.828850927591883 ], [ 79.901717639169703, 23.821331793198027 ], [ 79.939743121493819, 23.83087530992869 ], [ 79.946473295356498, 23.823356175534833 ], [ 79.958587608309315, 23.837816049369174 ], [ 79.951520925753513, 23.849962343390018 ], [ 79.986517829839428, 23.89449875479978 ], [ 79.991901968929568, 23.930070044432256 ], [ 80.015794086142066, 23.956097817334065 ], [ 80.015794086142066, 23.976630838178828 ], [ 80.040022712047701, 23.97894441799232 ], [ 80.053146551079919, 23.99166910696654 ], [ 80.084441859541357, 23.974028060888646 ], [ 80.102276820277453, 23.979812010422382 ], [ 80.11876574624101, 23.967376518924851 ], [ 80.119102254934134, 23.950313867800329 ], [ 80.146695967771109, 23.937589178826112 ], [ 80.164867437200343, 23.957833002194185 ], [ 80.171597611063007, 23.996585464070215 ], [ 80.179673819698223, 24.004104598464071 ], [ 80.181692871857024, 24.004972190894129 ], [ 80.232842193213358, 23.982125590235874 ], [ 80.240581893155436, 23.971714481075153 ], [ 80.231159649747696, 23.959278989577619 ], [ 80.22173740633994, 23.978655220515634 ], [ 80.214334215091, 23.964773741634669 ], [ 80.232169175827096, 23.945975905650027 ], [ 80.268512114685549, 23.939902758639604 ], [ 80.306874105702803, 23.909537023587493 ], [ 80.33951544893678, 23.908380233680745 ], [ 80.329083679449624, 23.928913254525508 ], [ 80.362061531376739, 23.943083930883162 ], [ 80.362061531376739, 23.944819115743282 ], [ 80.361052005297338, 23.954073434997259 ], [ 80.359369461831676, 23.969111703784971 ] ] ] } },
{ "type": "Feature", "properties": { "dt_code": "431", "district": "Umaria", "st_code": "23", "year": "2011_c", "st_nm": "Madhya Pradesh" }, "geometry": { "type": "Polygon", "coordinates": [ [ [ 80.957345409530419, 24.064836068568294 ], [ 80.961047005154896, 24.064546871091608 ], [ 80.963739074699959, 24.066282055951728 ], [ 80.973834335493976, 24.068306438288538 ], [ 81.002774083103489, 24.091731433900165 ], [ 81.002101065717213, 24.081031127262754 ], [ 80.998735978785874, 24.076693165112452 ], [ 81.001764557024089, 24.072933597915526 ], [ 81.058298017470563, 24.003237006034009 ], [ 81.069739313037104, 23.965641334064728 ], [ 81.128628334335531, 23.970846888645092 ], [ 81.133675964732532, 23.932383624245748 ], [ 81.176412568760526, 23.915031775644543 ], [ 81.160933168876369, 23.898836716950083 ], [ 81.168672868818447, 23.882352460778936 ], [ 81.204342790290625, 23.884087645639056 ], [ 81.222850768412982, 23.854878700493693 ], [ 81.257847672498897, 23.85430030554032 ], [ 81.268279441986053, 23.841864814042786 ], [ 81.263568320282175, 23.831453704882062 ], [ 81.231263485741337, 23.822199385628085 ], [ 81.188190373020205, 23.819596608337903 ], [ 81.179104638305589, 23.797039205156338 ], [ 81.213428525005241, 23.74469446187603 ], [ 81.238666676990277, 23.736596932528798 ], [ 81.247752411704894, 23.723004651124519 ], [ 81.245396850852956, 23.696109285792652 ], [ 81.227225381423722, 23.679046634668129 ], [ 81.241022237842216, 23.661116391113548 ], [ 81.249098446477419, 23.581297887547997 ], [ 81.297892206981828, 23.559318879319804 ], [ 81.292508067891688, 23.494249447065279 ], [ 81.301257293913167, 23.447977850795393 ], [ 81.314717641638509, 23.430626002194185 ], [ 81.307987467775831, 23.423106867800328 ], [ 81.336927215385344, 23.409225388919364 ], [ 81.327504971977604, 23.400549464618763 ], [ 81.340628811009822, 23.38348681349424 ], [ 81.332216093681467, 23.370472927043338 ], [ 81.353079632655763, 23.354567065825563 ], [ 81.340292302316684, 23.305114297312123 ], [ 81.324139885046264, 23.292389608337906 ], [ 81.319092254649249, 23.25161276412507 ], [ 81.318082728569848, 23.25161276412507 ], [ 81.30293983737883, 23.253637146461877 ], [ 81.301257293913167, 23.250745171695009 ], [ 81.298901733061228, 23.246407209544707 ], [ 81.284095350563334, 23.220090239166211 ], [ 81.265587372440976, 23.220957831596269 ], [ 81.256838146419497, 23.212571104772355 ], [ 81.252463533408758, 23.211414314865607 ], [ 81.251117498636233, 23.212281907295669 ], [ 81.228234907503122, 23.222403818979704 ], [ 81.228234907503122, 23.222982213933079 ], [ 81.232273011820737, 23.250455974218323 ], [ 81.22116822494732, 23.264626650575973 ], [ 81.193911020803483, 23.291522015907844 ], [ 81.182133216543804, 23.286027263850798 ], [ 81.163288729728308, 23.299908742731763 ], [ 81.177422094839926, 23.318128183763029 ], [ 81.174393516601725, 23.324201330773452 ], [ 81.169345886204709, 23.328539292923754 ], [ 81.157904590638168, 23.320441763576522 ], [ 81.137714069050134, 23.32333373834339 ], [ 81.135695016891333, 23.237731285244102 ], [ 81.135358508198195, 23.233393323093804 ], [ 81.133675964732532, 23.231368940756994 ], [ 81.126609282176716, 23.209968327482173 ], [ 81.122571177859115, 23.217776659352715 ], [ 81.106755269281834, 23.203027588041689 ], [ 81.104399708429895, 23.202449193088317 ], [ 81.067720260878303, 23.194351663741088 ], [ 81.052240860994146, 23.208522340098739 ], [ 81.030367795940464, 23.209679130005487 ], [ 80.991332787536933, 23.237442087767416 ], [ 80.995034383161411, 23.248720789358202 ], [ 80.964075583393097, 23.259999490948985 ], [ 80.955999374757894, 23.279375721887 ], [ 80.93580885316986, 23.290365226001096 ], [ 80.921338979365103, 23.283424486560616 ], [ 80.912589753343624, 23.258553503565551 ], [ 80.864805518918629, 23.233104125617114 ], [ 80.865478536304892, 23.22269301645639 ], [ 80.831154649605253, 23.230790545803622 ], [ 80.833173701764053, 23.24062326001097 ], [ 80.812310162789757, 23.249009986834889 ], [ 80.811973654096619, 23.252769554031815 ], [ 80.804906971540817, 23.251901961601757 ], [ 80.801878393302616, 23.25161276412507 ], [ 80.792456149894861, 23.250455974218323 ], [ 80.783370415180258, 23.234550113000548 ], [ 80.769910067454902, 23.222403818979704 ], [ 80.761160841433423, 23.225006596269886 ], [ 80.746690967628666, 23.23165813823368 ], [ 80.742652863311065, 23.258842701042241 ], [ 80.725490919961231, 23.260288688425671 ], [ 80.717751220019167, 23.28487047394405 ], [ 80.735249672062125, 23.294992385628085 ], [ 80.724144885188707, 23.304825099835437 ], [ 80.754094158877606, 23.320730961053208 ], [ 80.750056054560005, 23.329696082830502 ], [ 80.761833858819685, 23.344734351618214 ], [ 80.735586180755249, 23.344155956664839 ], [ 80.704627380986949, 23.371629716950082 ], [ 80.701935311441872, 23.374232494240264 ], [ 80.700589276669334, 23.373943296763578 ], [ 80.599300160036066, 23.348783116291827 ], [ 80.57608106020983, 23.351964288535381 ], [ 80.542430190896454, 23.353699473395501 ], [ 80.55589053862181, 23.37799206143719 ], [ 80.55488101254241, 23.379148851343938 ], [ 80.546468295214055, 23.390427552934725 ], [ 80.543776225668992, 23.393608725178279 ], [ 80.528633334477973, 23.410960573779484 ], [ 80.538728595271976, 23.435253161821173 ], [ 80.558582608166873, 23.436988346681296 ], [ 80.566322308108951, 23.467064884256722 ], [ 80.541757173510192, 23.493671052111903 ], [ 80.55589053862181, 23.530399131651127 ], [ 80.548487347372856, 23.544859005485463 ], [ 80.560265151632549, 23.551510547449261 ], [ 80.561611186405074, 23.567127211190346 ], [ 80.598290633956665, 23.575224740537575 ], [ 80.602328738274267, 23.589684614371915 ], [ 80.624201803327963, 23.593154984092156 ], [ 80.62487482071424, 23.613688004936918 ], [ 80.655160603096277, 23.635088618211739 ], [ 80.654824094403139, 23.635088618211739 ], [ 80.655160603096277, 23.635377815688425 ], [ 80.645401850995398, 23.650126886999452 ], [ 80.676360650763698, 23.672395092704335 ], [ 80.676024142070574, 23.673551882611083 ], [ 80.674678107298035, 23.681360214481625 ], [ 80.672322546446097, 23.692349718595722 ], [ 80.681744789853852, 23.713750331870543 ], [ 80.690830524568455, 23.732548167855185 ], [ 80.710684537463351, 23.735440142622053 ], [ 80.71505915047409, 23.759443533187056 ], [ 80.73424014598271, 23.725896625891387 ], [ 80.759814806660884, 23.715485516730666 ], [ 80.77125610222744, 23.672105895227649 ], [ 80.807935549779017, 23.682227806911683 ], [ 80.822741932276898, 23.670081512890839 ], [ 80.905186562094684, 23.677889844761381 ], [ 80.908551649026023, 23.704785210093252 ], [ 80.892062723062466, 23.768697852441033 ], [ 80.915954840274964, 23.769276247394405 ], [ 80.91763738374064, 23.790098465715854 ], [ 80.893408757835005, 23.840418826659352 ], [ 80.900475440390807, 23.861530242457487 ], [ 80.862786466759829, 23.8765685112452 ], [ 80.882303970961587, 23.897390729566649 ], [ 80.876246814485185, 23.906066653867253 ], [ 80.845288014716871, 23.906066653867253 ], [ 80.84764357556881, 23.93325121667581 ], [ 80.836538788695393, 23.949735472846957 ], [ 80.84663404948941, 23.966219729018103 ], [ 80.874900779712647, 23.961881766867801 ], [ 80.875573797098909, 23.986752749862866 ], [ 80.906532596867223, 24.01769687986835 ], [ 80.904513544708422, 24.041989467910039 ], [ 80.931770748852259, 24.049219404827209 ], [ 80.931097731465982, 24.050086997257267 ], [ 80.929751696693458, 24.052111379594077 ], [ 80.926050101068981, 24.058473724081185 ], [ 80.957345409530419, 24.064836068568294 ] ] ] } },
{ "type": "Feature", "properties": { "dt_code": "434", "district": "Ratlam", "st_code": "23", "year": "2011_c", "st_nm": "Madhya Pradesh" }, "geometry": { "type": "Polygon", "coordinates": [ [ [ 74.940569976298164, 23.764649087767417 ], [ 74.94763665885398, 23.765227482720789 ], [ 74.948309676240243, 23.765227482720789 ], [ 74.948646184933381, 23.765516680197479 ], [ 74.967490671748862, 23.798774390016458 ], [ 74.995757401972114, 23.79761760010971 ], [ 75.017630467025811, 23.813523461327485 ], [ 75.026716201740413, 23.783446923752059 ], [ 75.039503532079507, 23.782868528798684 ], [ 75.058011510201865, 23.796171612726276 ], [ 75.047916249407848, 23.813812658804171 ], [ 75.052627371111726, 23.825958952825015 ], [ 75.093344922980904, 23.816704633571039 ], [ 75.101421131616121, 23.829140125068569 ], [ 75.115554496727739, 23.829140125068569 ], [ 75.120602127124741, 23.850540738343391 ], [ 75.132379931384435, 23.83087530992869 ], [ 75.200018178704326, 23.829429322545256 ], [ 75.217180122054145, 23.858059872737247 ], [ 75.235351591483365, 23.863265427317607 ], [ 75.242081765346043, 23.856035490400441 ], [ 75.255878621764538, 23.822777780581461 ], [ 75.27034849556928, 23.822777780581461 ], [ 75.274386599886896, 23.842732406472848 ], [ 75.292558069316115, 23.852275923203511 ], [ 75.334621655957832, 23.840708024136042 ], [ 75.329237516867693, 23.805425931980253 ], [ 75.341688338513649, 23.803401549643446 ], [ 75.34471691675185, 23.802823154690071 ], [ 75.375002699133901, 23.869916969281405 ], [ 75.414037707537418, 23.88582283049918 ], [ 75.422786933558896, 23.897390729566649 ], [ 75.444323489919455, 23.910115418540869 ], [ 75.457110820258535, 23.911850603400989 ], [ 75.458456855031073, 23.918212947888097 ], [ 75.46013939849675, 23.919080540318156 ], [ 75.462831468041813, 23.917634552934725 ], [ 75.462158450655551, 23.914453380691171 ], [ 75.472253711449568, 23.911850603400989 ], [ 75.499847424286529, 23.895366347229842 ], [ 75.505231563376668, 23.887847212835986 ], [ 75.564457093368219, 23.856324687877127 ], [ 75.579599984559238, 23.834924074602306 ], [ 75.561765023823156, 23.832321297312124 ], [ 75.559072954278079, 23.818439818431159 ], [ 75.56647614552702, 23.809474696653869 ], [ 75.589022227966993, 23.809474696653869 ], [ 75.583638088876853, 23.794725625342842 ], [ 75.654304914434945, 23.798195995063082 ], [ 75.659689053525085, 23.784314516182118 ], [ 75.67550496210238, 23.782000936368625 ], [ 75.689974835907122, 23.747008041689522 ], [ 75.690311344600261, 23.716063911684039 ], [ 75.667092244774025, 23.706231197476686 ], [ 75.644546162334066, 23.710279962150302 ], [ 75.641854092788989, 23.69697687822271 ], [ 75.627047710291109, 23.694952495885904 ], [ 75.621327062507831, 23.659959601206804 ], [ 75.582628562797453, 23.653886454196382 ], [ 75.559409462971217, 23.655621639056502 ], [ 75.556380884733017, 23.666032748217226 ], [ 75.522056998033364, 23.665743550740537 ], [ 75.503549019911006, 23.618315164563906 ], [ 75.513307772011885, 23.583900664838179 ], [ 75.498501389514004, 23.558451286889742 ], [ 75.524412558885302, 23.539364253428417 ], [ 75.506241089456068, 23.525771972024138 ], [ 75.471244185370153, 23.531266724081185 ], [ 75.461485433269274, 23.548040177729018 ], [ 75.445669524691994, 23.545437400438839 ], [ 75.441631420374392, 23.562500051563358 ], [ 75.405288481515939, 23.577249122874385 ], [ 75.398221798960122, 23.599517328579267 ], [ 75.39754878157386, 23.601541710916074 ], [ 75.395866238108184, 23.601252513439388 ], [ 75.333612129878432, 23.592576589138783 ], [ 75.333275621185308, 23.618604362040593 ], [ 75.334621655957832, 23.619471954470654 ], [ 75.343034373286187, 23.624966706527701 ], [ 75.34471691675185, 23.626123496434449 ], [ 75.342024847206787, 23.625545101481077 ], [ 75.314431134369812, 23.621785534284147 ], [ 75.312748590904135, 23.602698500822822 ], [ 75.280443756363297, 23.589684614371915 ], [ 75.274386599886896, 23.540521043335161 ], [ 75.244100817504844, 23.532712711464619 ], [ 75.239726204494104, 23.5156500603401 ], [ 75.198672143931788, 23.535893883708173 ], [ 75.18857688313777, 23.526061169500824 ], [ 75.187230848365232, 23.504949753702689 ], [ 75.177808604957491, 23.504949753702689 ], [ 75.171078431094813, 23.482970745474493 ], [ 75.17478002671929, 23.454050997805815 ], [ 75.155935539903794, 23.436120754251235 ], [ 75.156945065983194, 23.417033720789906 ], [ 75.13574501831576, 23.410960573779484 ], [ 75.134735492236359, 23.401127859572135 ], [ 75.164011748539011, 23.399103477235329 ], [ 75.191605461375971, 23.368737742183214 ], [ 75.192278478762248, 23.355434658255625 ], [ 75.205402317794466, 23.348204721338455 ], [ 75.194297530921048, 23.32709330554032 ], [ 75.216507104667883, 23.32506892320351 ], [ 75.232323013245164, 23.308873864509053 ], [ 75.258907200002739, 23.312633431705979 ], [ 75.259916726082139, 23.294992385628085 ], [ 75.325872429936354, 23.292389608337906 ], [ 75.32116130823249, 23.27590535216676 ], [ 75.260589743468401, 23.268097020296217 ], [ 75.262272286934078, 23.245250419637959 ], [ 75.280443756363297, 23.237442087767416 ], [ 75.283808843294636, 23.216041474492595 ], [ 75.240399221880381, 23.225295793746572 ], [ 75.23938969580098, 23.213727894679103 ], [ 75.226265856768762, 23.207654747668677 ], [ 75.225592839382486, 23.207365550191991 ], [ 75.240399221880381, 23.135644575973672 ], [ 75.242081765346043, 23.135355378496982 ], [ 75.242081765346043, 23.135066181020296 ], [ 75.238043661028442, 23.085613412506859 ], [ 75.109497340251323, 23.115111555128909 ], [ 75.080557592641824, 23.104700445968184 ], [ 75.006525680152393, 23.109327605595173 ], [ 74.99037326288196, 23.120895504662645 ], [ 74.992055806347636, 23.142585315414152 ], [ 74.924081050334607, 23.161961546352167 ], [ 74.890766689714368, 23.137668958310478 ], [ 74.889757163634968, 23.137958155787164 ], [ 74.88942065494183, 23.137379760833792 ], [ 74.82783956409834, 23.139404143170598 ], [ 74.816398268531799, 23.134198588590237 ], [ 74.804283955578981, 23.14027173560066 ], [ 74.789141064387962, 23.147790869994516 ], [ 74.780728347059608, 23.152128832144818 ], [ 74.782410890525284, 23.154153214481624 ], [ 74.793515677398702, 23.164564323642349 ], [ 74.798899816488841, 23.170059075699399 ], [ 74.785439468763485, 23.174975432803073 ], [ 74.767267999334265, 23.18047018486012 ], [ 74.768277525413666, 23.181337777290182 ], [ 74.785439468763485, 23.20215999561163 ], [ 74.778372786207669, 23.219511844212835 ], [ 74.787458520922286, 23.243804432254528 ], [ 74.783083907911546, 23.243226037301152 ], [ 74.73866476041789, 23.234260915523862 ], [ 74.73765523433849, 23.23368252057049 ], [ 74.73664570825909, 23.233104125617114 ], [ 74.733617130020875, 23.220957831596269 ], [ 74.732944112634613, 23.217487461876029 ], [ 74.701985312866299, 23.214595487109161 ], [ 74.691553543379158, 23.225584991223258 ], [ 74.715109151898517, 23.236863692814044 ], [ 74.699629752014374, 23.268386217772903 ], [ 74.676747160881263, 23.27388096982995 ], [ 74.638721678557147, 23.255372331321997 ], [ 74.60944542225451, 23.282267696653868 ], [ 74.585216796348874, 23.276772944596818 ], [ 74.574448518168595, 23.295281583104774 ], [ 74.546518296638496, 23.277062142073504 ], [ 74.530029370674939, 23.320730961053208 ], [ 74.514549970790782, 23.316103801426223 ], [ 74.514213462097644, 23.328250095447068 ], [ 74.539788122775818, 23.334612439934176 ], [ 74.539788122775818, 23.361797002742733 ], [ 74.557623083511899, 23.361797002742733 ], [ 74.568727870385317, 23.37625687657707 ], [ 74.572429466009794, 23.42050409051015 ], [ 74.599350161460492, 23.428890817334064 ], [ 74.610118439640772, 23.451737417992319 ], [ 74.60406128316437, 23.457521367526056 ], [ 74.632328013387607, 23.461570132199672 ], [ 74.633001030773883, 23.4696676615469 ], [ 74.651845517589365, 23.46243772462973 ], [ 74.678093195653801, 23.484705930334613 ], [ 74.681121773892002, 23.487308707624795 ], [ 74.699629752014374, 23.503214568842569 ], [ 74.700975786786898, 23.504371358749314 ], [ 74.701648804173175, 23.504082161272628 ], [ 74.727223464851335, 23.495406236972023 ], [ 74.733280621327751, 23.521723207350522 ], [ 74.761883860244126, 23.521144812397146 ], [ 74.772315629731267, 23.542834623148657 ], [ 74.772988647117529, 23.543991413055405 ], [ 74.794188694784964, 23.550932152495886 ], [ 74.802937920806443, 23.532423513987933 ], [ 74.847357068300099, 23.552088942402634 ], [ 74.902881002667186, 23.624677509051015 ], [ 74.902881002667186, 23.624677509051015 ], [ 74.91499531561999, 23.61802596708722 ], [ 74.936531871980563, 23.628437076247945 ], [ 74.921725489482668, 23.666321945693912 ], [ 74.90119845920151, 23.683095399341745 ], [ 74.899852424428971, 23.684252189248493 ], [ 74.921725489482668, 23.694663298409218 ], [ 74.920042946017006, 23.719245083927593 ], [ 74.936195363287425, 23.729656193088317 ], [ 74.924417559027745, 23.756262360943502 ], [ 74.940569976298164, 23.764649087767417 ], [ 74.940569976298164, 23.764649087767417 ] ] ] } },
{ "type": "Feature", "properties": { "dt_code": "444", "district": "Bhopal", "st_code": "23", "year": "2011_c", "st_nm": "Madhya Pradesh" }, "geometry": { "type": "Polygon", "coordinates": [ [ [ 77.226137020062907, 23.890160792649478 ], [ 77.278295867498642, 23.886401225452552 ], [ 77.294111776075923, 23.895077149753156 ], [ 77.296130828234737, 23.894209557323094 ], [ 77.318003893288434, 23.884376843115746 ], [ 77.318676910674697, 23.884376843115746 ], [ 77.318676910674697, 23.884955238069118 ], [ 77.319013419367835, 23.890449990126164 ], [ 77.323724541071698, 23.889871595172792 ], [ 77.377229423279971, 23.884087645639056 ], [ 77.383623088449525, 23.861530242457487 ], [ 77.401458049185607, 23.847359566099836 ], [ 77.389343736232789, 23.833478087218872 ], [ 77.407178696968884, 23.827115742731763 ], [ 77.415254905604101, 23.799641982446516 ], [ 77.445204179293, 23.794725625342842 ], [ 77.434099392419583, 23.780265751508502 ], [ 77.454289914007617, 23.771879024684587 ], [ 77.453953405314479, 23.761178718047177 ], [ 77.474480435595638, 23.756551558420188 ], [ 77.499718587580674, 23.775349394404827 ], [ 77.541109156836129, 23.755105571036754 ], [ 77.573413991376981, 23.766962667580913 ], [ 77.610093438928558, 23.747008041689522 ], [ 77.601007704213956, 23.726475020844763 ], [ 77.616823612791237, 23.724739835984643 ], [ 77.615141069325574, 23.712882739440484 ], [ 77.648118921252689, 23.712304344487109 ], [ 77.648118921252689, 23.712015147010423 ], [ 77.629947451823455, 23.657935218869994 ], [ 77.573750500070119, 23.647813307185956 ], [ 77.555242521947747, 23.592576589138783 ], [ 77.53135040473525, 23.580141097641253 ], [ 77.506112252750214, 23.56857319857378 ], [ 77.506112252750214, 23.567127211190346 ], [ 77.505439235363951, 23.52461518211739 ], [ 77.505439235363951, 23.524036787164015 ], [ 77.516880530930507, 23.507263333516182 ], [ 77.516544022237369, 23.507263333516182 ], [ 77.501064622353212, 23.483259942951179 ], [ 77.489286818093532, 23.416455325836534 ], [ 77.511159883147229, 23.401995452002197 ], [ 77.517217039623631, 23.414720140976414 ], [ 77.554906013254623, 23.415587733406475 ], [ 77.559617134958486, 23.401706254525507 ], [ 77.548175839391945, 23.394187120131651 ], [ 77.547166313312545, 23.378570456390566 ], [ 77.580817182625921, 23.356880645639059 ], [ 77.580817182625921, 23.341263981897971 ], [ 77.626918873585254, 23.33952879703785 ], [ 77.619179173643175, 23.329117687877126 ], [ 77.625909347505853, 23.314947011519475 ], [ 77.605382317224695, 23.309452259462425 ], [ 77.585864813022923, 23.287762448710918 ], [ 77.59495054773754, 23.224717398793199 ], [ 77.573077482683843, 23.196086848601208 ], [ 77.577452095694582, 23.183362159626988 ], [ 77.558271100185962, 23.174975432803073 ], [ 77.561299678424163, 23.137668958310478 ], [ 77.53774406990479, 23.134487786066924 ], [ 77.534715491666589, 23.118871122325839 ], [ 77.514861478771692, 23.120606307185959 ], [ 77.50140113104635, 23.09978408886451 ], [ 77.50039160496695, 23.099494891387824 ], [ 77.477845522526977, 23.09602452166758 ], [ 77.472797892129975, 23.099494891387824 ], [ 77.465058192187897, 23.09428933680746 ], [ 77.402131066571883, 23.084745820076797 ], [ 77.37958498413191, 23.072599526055953 ], [ 77.321705488912897, 23.08532421503017 ], [ 77.321368980219773, 23.100651681294572 ], [ 77.271229184942825, 23.094000139330774 ], [ 77.271565693635964, 23.124365874382885 ], [ 77.247000559037204, 23.134198588590237 ], [ 77.247673576423466, 23.149815252331322 ], [ 77.221762407052168, 23.174686235326387 ], [ 77.228156072221708, 23.18770012177729 ], [ 77.20325442892981, 23.192327281404278 ], [ 77.21402270711009, 23.205051970378499 ], [ 77.209311585406212, 23.219801041689522 ], [ 77.183736924728038, 23.212281907295669 ], [ 77.182727398648638, 23.213727894679103 ], [ 77.178016276944774, 23.223271411409765 ], [ 77.206283007168011, 23.248142394404827 ], [ 77.20325442892981, 23.265205045529349 ], [ 77.214695724496352, 23.285448868897422 ], [ 77.169603559616419, 23.302222322545255 ], [ 77.176670242172236, 23.349650708721889 ], [ 77.193159168135793, 23.352542683488757 ], [ 77.205609989781735, 23.318417381239716 ], [ 77.217724302734553, 23.320441763576522 ], [ 77.224454476597231, 23.355434658255625 ], [ 77.253394224206744, 23.377413666483818 ], [ 77.227483054835432, 23.390716750411411 ], [ 77.233540211311848, 23.403730636862317 ], [ 77.268537115397763, 23.399681872188701 ], [ 77.288054619599521, 23.426288040043886 ], [ 77.283343497895643, 23.441326308831599 ], [ 77.298149880393538, 23.46793247668678 ], [ 77.28401651528192, 23.471113648930334 ], [ 77.283680006588781, 23.487308707624795 ], [ 77.2978133717004, 23.501768581459135 ], [ 77.282333971816243, 23.553534929786068 ], [ 77.295794319541599, 23.57406795063083 ], [ 77.273584745794764, 23.581297887547997 ], [ 77.27762285011238, 23.599806526055954 ], [ 77.22344495051783, 23.621496336807461 ], [ 77.222771933131568, 23.622074731760833 ], [ 77.225800511369769, 23.653308059243006 ], [ 77.205609989781735, 23.660537996160176 ], [ 77.200225850691595, 23.648391702139332 ], [ 77.185755976886853, 23.667189538123971 ], [ 77.182390889955514, 23.665165155787165 ], [ 77.173641663934035, 23.659959601206804 ], [ 77.167584507457619, 23.673841080087769 ], [ 77.168594033537019, 23.674997869994517 ], [ 77.169603559616419, 23.676733054854637 ], [ 77.196524255067132, 23.744405264399344 ], [ 77.221762407052168, 23.808028709270435 ], [ 77.223781459210969, 23.812945066374109 ], [ 77.223781459210969, 23.818150620954473 ], [ 77.223781459210969, 23.826537347778387 ], [ 77.223781459210969, 23.832899692265496 ], [ 77.21402270711009, 23.840129629182666 ], [ 77.224454476597231, 23.847937961053209 ], [ 77.226137020062907, 23.890160792649478 ] ] ] } },
{ "type": "Feature", "properties": { "dt_code": "435", "district": "Ujjain", "st_code": "23", "year": "2011_c", "st_nm": "Madhya Pradesh" }, "geometry": { "type": "Polygon", "coordinates": [ [ [ 76.154356832431759, 23.569440791003842 ], [ 76.163779075839514, 23.57233276577071 ], [ 76.178921967030533, 23.55613770707625 ], [ 76.158058428056236, 23.52085561492046 ], [ 76.157385410669974, 23.519988022490402 ], [ 76.160413988908175, 23.506974136039496 ], [ 76.199448997311691, 23.500900989029073 ], [ 76.216274431968387, 23.532134316511247 ], [ 76.252617370826826, 23.515939257816786 ], [ 76.252280862133702, 23.515071665386728 ], [ 76.246223705657286, 23.496852224355457 ], [ 76.212236327650771, 23.489333089961601 ], [ 76.207861714640032, 23.485573522764675 ], [ 76.197093436459753, 23.465329699396598 ], [ 76.214928397195848, 23.452605010422381 ], [ 76.20079503208423, 23.42773402742732 ], [ 76.204496627708693, 23.4150093384531 ], [ 76.21358236242331, 23.417033720789906 ], [ 76.212909345037048, 23.384643603400988 ], [ 76.245887196964162, 23.392741132748217 ], [ 76.252280862133702, 23.351675091058695 ], [ 76.227379218841804, 23.33779361217773 ], [ 76.214928397195848, 23.350807498628633 ], [ 76.205506153788107, 23.342999166758091 ], [ 76.181950545268734, 23.269253810202962 ], [ 76.159404462828775, 23.273302574876578 ], [ 76.158058428056236, 23.283713684037302 ], [ 76.133156784764338, 23.281400104223806 ], [ 76.120705963118382, 23.243515234777838 ], [ 76.082007463408004, 23.242358444871094 ], [ 76.075277289545326, 23.228766163466815 ], [ 76.087728111191268, 23.225006596269886 ], [ 76.084363024259929, 23.213149499725727 ], [ 76.059797889661169, 23.218644251782777 ], [ 76.056096294036692, 23.207076352715305 ], [ 76.089074145963806, 23.198978823368076 ], [ 76.093785267667684, 23.197822033461328 ], [ 76.095131302440222, 23.201292403181569 ], [ 76.12642661090166, 23.212860302249041 ], [ 76.130464715219262, 23.213727894679103 ], [ 76.132483767378062, 23.203027588041689 ], [ 76.148972693341619, 23.199557218321448 ], [ 76.141232993399541, 23.181048579813496 ], [ 76.083353498180529, 23.166588705979155 ], [ 76.07460427215905, 23.183651357103678 ], [ 76.060134398354307, 23.18596493691717 ], [ 76.057105820116092, 23.146923277564454 ], [ 76.069893150455187, 23.145188092704334 ], [ 76.070566167841449, 23.127257849149753 ], [ 76.090420180736345, 23.124076676906199 ], [ 76.115994841414505, 23.084745820076797 ], [ 76.110274193631241, 23.050620517827756 ], [ 76.083016989487405, 23.048017740537578 ], [ 76.080661428635466, 23.066815576522217 ], [ 76.06080741574057, 23.076648290729565 ], [ 76.065855046137571, 23.102676063631378 ], [ 76.040953402845673, 23.140850130554032 ], [ 76.040953402845673, 23.181626974766868 ], [ 76.023118442109578, 23.190592096544158 ], [ 76.002927920521557, 23.237442087767416 ], [ 75.970286577287581, 23.239177272627536 ], [ 75.97163261206012, 23.262891465715853 ], [ 75.99384218580694, 23.264048255622601 ], [ 75.975334207684583, 23.302800717498631 ], [ 75.964229420811165, 23.300776335161821 ], [ 75.960864333879826, 23.32159855348327 ], [ 75.946730968768208, 23.319574171146463 ], [ 75.926203938487049, 23.274170167306639 ], [ 75.932261094963465, 23.222403818979704 ], [ 75.949759547006423, 23.225874188699947 ], [ 75.953797651324024, 23.216619869445967 ], [ 75.953797651324024, 23.213438697202413 ], [ 75.948077003540746, 23.161383151398795 ], [ 75.946394460075084, 23.156177596818431 ], [ 75.929569025418388, 23.144320500274276 ], [ 75.932597603656589, 23.131885008776742 ], [ 75.959181790414164, 23.125233466812947 ], [ 75.957835755641625, 23.103543656061436 ], [ 75.979708820695322, 23.102965261108064 ], [ 75.99182313364814, 23.072599526055953 ], [ 75.982064381547261, 23.070864341195833 ], [ 75.979708820695322, 23.038763421283598 ], [ 75.964229420811165, 23.023435955019199 ], [ 75.907695960364691, 23.027484719692815 ], [ 75.897600699570674, 23.003481329127812 ], [ 75.896927682184412, 23.001746144267692 ], [ 75.874381599744453, 23.039052618760287 ], [ 75.842076765203601, 23.028930707076249 ], [ 75.813473526287225, 23.039920211190346 ], [ 75.778140113508186, 23.027773917169501 ], [ 75.736413035559593, 23.033268669226551 ], [ 75.730019370390053, 23.024014349972575 ], [ 75.727327300844976, 23.015049228195284 ], [ 75.723962213913637, 23.014760030718598 ], [ 75.722616179141099, 23.014760030718598 ], [ 75.671803366477903, 23.014181635765222 ], [ 75.649257284037944, 23.025749534832695 ], [ 75.635460427619449, 23.019965585298959 ], [ 75.646228705799729, 23.006662501371366 ], [ 75.632431849381248, 23.006951698848052 ], [ 75.627384218984247, 23.047439345584202 ], [ 75.616279432110829, 23.052644900164566 ], [ 75.629739779836171, 23.065658786615469 ], [ 75.627720727677371, 23.081853845309929 ], [ 75.626374692904847, 23.082432240263302 ], [ 75.566139636833896, 23.085902609983545 ], [ 75.565130110754495, 23.065080391662097 ], [ 75.545612606552723, 23.062477614371915 ], [ 75.533498293599905, 23.035293051563357 ], [ 75.518018893715762, 23.040209408667032 ], [ 75.502202985138467, 23.001456946791006 ], [ 75.499510915593405, 23.001746144267692 ], [ 75.495472811275789, 23.002324539221064 ], [ 75.487733111333711, 23.003481329127812 ], [ 75.484368024402372, 23.017941202962152 ], [ 75.460475907189874, 23.006662501371366 ], [ 75.473599746222092, 23.00261373669775 ], [ 75.473599746222092, 22.986129480526607 ], [ 75.492780741730726, 22.984683493143173 ], [ 75.492780741730726, 22.984394295666483 ], [ 75.486387076561186, 22.967910039495337 ], [ 75.463504485428089, 22.969356026878771 ], [ 75.455764785486011, 22.941882266593527 ], [ 75.475955307074031, 22.939279489303345 ], [ 75.475618798380893, 22.926265602852443 ], [ 75.459466381110474, 22.925976405375756 ], [ 75.438939350829315, 22.907178569391114 ], [ 75.440958402988116, 22.86698012013165 ], [ 75.371637612202562, 22.868426107515084 ], [ 75.370628086123162, 22.846736296763577 ], [ 75.346062951524388, 22.832565620405926 ], [ 75.334285147264708, 22.836035990126167 ], [ 75.333275621185308, 22.837192780032915 ], [ 75.32654544732263, 22.914408506308284 ], [ 75.306691434427734, 22.932338749862865 ], [ 75.306018417041471, 22.955763745474492 ], [ 75.325199412550091, 22.95692053538124 ], [ 75.326208938629492, 22.986418678003293 ], [ 75.300297769258194, 22.994516207350522 ], [ 75.307027943120872, 23.029798299506311 ], [ 75.334958164650971, 23.039341816236973 ], [ 75.335631182037247, 23.058718047174988 ], [ 75.347072477603788, 23.069129156335713 ], [ 75.324526395163829, 23.068839958859023 ], [ 75.32015178215309, 23.108170815688425 ], [ 75.296932682326855, 23.109616803071859 ], [ 75.300634277951332, 23.126968651673067 ], [ 75.242081765346043, 23.135355378496982 ], [ 75.240399221880381, 23.135644575973672 ], [ 75.225592839382486, 23.207365550191991 ], [ 75.226265856768762, 23.207654747668677 ], [ 75.23938969580098, 23.213727894679103 ], [ 75.240399221880381, 23.225295793746572 ], [ 75.283808843294636, 23.216041474492595 ], [ 75.280443756363297, 23.237442087767416 ], [ 75.262272286934078, 23.245250419637959 ], [ 75.260589743468401, 23.268097020296217 ], [ 75.32116130823249, 23.27590535216676 ], [ 75.325872429936354, 23.292389608337906 ], [ 75.259916726082139, 23.294992385628085 ], [ 75.258907200002739, 23.312633431705979 ], [ 75.232323013245164, 23.308873864509053 ], [ 75.216507104667883, 23.32506892320351 ], [ 75.194297530921048, 23.32709330554032 ], [ 75.205402317794466, 23.348204721338455 ], [ 75.192278478762248, 23.355434658255625 ], [ 75.191605461375971, 23.368737742183214 ], [ 75.164011748539011, 23.399103477235329 ], [ 75.134735492236359, 23.401127859572135 ], [ 75.13574501831576, 23.410960573779484 ], [ 75.156945065983194, 23.417033720789906 ], [ 75.155935539903794, 23.436120754251235 ], [ 75.17478002671929, 23.454050997805815 ], [ 75.171078431094813, 23.482970745474493 ], [ 75.177808604957491, 23.504949753702689 ], [ 75.187230848365232, 23.504949753702689 ], [ 75.18857688313777, 23.526061169500824 ], [ 75.198672143931788, 23.535893883708173 ], [ 75.239726204494104, 23.5156500603401 ], [ 75.244100817504844, 23.532712711464619 ], [ 75.274386599886896, 23.540521043335161 ], [ 75.280443756363297, 23.589684614371915 ], [ 75.312748590904135, 23.602698500822822 ], [ 75.314431134369812, 23.621785534284147 ], [ 75.342024847206787, 23.625545101481077 ], [ 75.34471691675185, 23.626123496434449 ], [ 75.343034373286187, 23.624966706527701 ], [ 75.334621655957832, 23.619471954470654 ], [ 75.333275621185308, 23.618604362040593 ], [ 75.333612129878432, 23.592576589138783 ], [ 75.395866238108184, 23.601252513439388 ], [ 75.39754878157386, 23.601541710916074 ], [ 75.398221798960122, 23.599517328579267 ], [ 75.405288481515939, 23.577249122874385 ], [ 75.441631420374392, 23.562500051563358 ], [ 75.445669524691994, 23.545437400438839 ], [ 75.461485433269274, 23.548040177729018 ], [ 75.471244185370153, 23.531266724081185 ], [ 75.506241089456068, 23.525771972024138 ], [ 75.524412558885302, 23.539364253428417 ], [ 75.498501389514004, 23.558451286889742 ], [ 75.513307772011885, 23.583900664838179 ], [ 75.503549019911006, 23.618315164563906 ], [ 75.522056998033364, 23.665743550740537 ], [ 75.556380884733017, 23.666032748217226 ], [ 75.559409462971217, 23.655621639056502 ], [ 75.582628562797453, 23.653886454196382 ], [ 75.621327062507831, 23.659959601206804 ], [ 75.627047710291109, 23.694952495885904 ], [ 75.641854092788989, 23.69697687822271 ], [ 75.644546162334066, 23.710279962150302 ], [ 75.667092244774025, 23.706231197476686 ], [ 75.690311344600261, 23.716063911684039 ], [ 75.689974835907122, 23.747008041689522 ], [ 75.689974835907122, 23.747297239166208 ], [ 75.729009844310653, 23.75712995337356 ], [ 75.729009844310653, 23.75712995337356 ], [ 75.754247996295675, 23.722715453647833 ], [ 75.785879813450265, 23.723004651124519 ], [ 75.791936969926667, 23.708255579813496 ], [ 75.822559261001842, 23.697266075699396 ], [ 75.828616417478244, 23.731391377948437 ], [ 75.84544185213494, 23.732837365331871 ], [ 75.853518060770156, 23.713750331870543 ], [ 75.846787886907478, 23.687722558968733 ], [ 75.812127491514701, 23.66024879868349 ], [ 75.835346591340922, 23.625255904004391 ], [ 75.837365643499723, 23.588817021941853 ], [ 75.856546639008357, 23.567416408667032 ], [ 75.881111773607117, 23.558162089413056 ], [ 75.912743590761693, 23.570019185957214 ], [ 75.927549973259588, 23.55411332473944 ], [ 75.945721442688807, 23.552667337356006 ], [ 75.954134160017162, 23.552956534832695 ], [ 75.954470668710286, 23.567994803620408 ], [ 75.978699294615922, 23.563656841470106 ], [ 75.999562833590218, 23.573489555677455 ], [ 76.006293007452896, 23.55787289193637 ], [ 76.025810511654655, 23.557583694459684 ], [ 76.026820037734055, 23.56683801371366 ], [ 76.06720108091011, 23.558451286889742 ], [ 76.095804319826485, 23.573200358200769 ], [ 76.116667858800781, 23.541388635765223 ], [ 76.13921394124074, 23.56481363137685 ], [ 76.154356832431759, 23.569440791003842 ] ] ] } },
{ "type": "Feature", "properties": { "dt_code": "446", "district": "Raisen", "st_code": "23", "year": "2011_c", "st_nm": "Madhya Pradesh" }, "geometry": { "type": "Polygon", "coordinates": [ [ [ 78.292533068603902, 23.676154659901261 ], [ 78.310704538033121, 23.686276571585299 ], [ 78.322818850985939, 23.692928113549094 ], [ 78.339980794335759, 23.677600647284695 ], [ 78.338971268256358, 23.659381206253428 ], [ 78.341999846494573, 23.658224416346684 ], [ 78.364209420241394, 23.648680899616018 ], [ 78.375987224501074, 23.65677842896325 ], [ 78.397523780861647, 23.632485840921557 ], [ 78.419733354608468, 23.650416084476138 ], [ 78.419733354608468, 23.650705281952824 ], [ 78.419733354608468, 23.650705281952824 ], [ 78.40660951557625, 23.653886454196382 ], [ 78.396850763475371, 23.677022252331323 ], [ 78.432184176254424, 23.673262685134393 ], [ 78.408628567735065, 23.686276571585299 ], [ 78.406946024269388, 23.701025642896326 ], [ 78.428482580629947, 23.718955886450907 ], [ 78.429492106709347, 23.719534281404279 ], [ 78.425790511084884, 23.720980268787713 ], [ 78.40021585040671, 23.730234588041689 ], [ 78.399879341713586, 23.730234588041689 ], [ 78.399879341713586, 23.729945390565003 ], [ 78.398869815634185, 23.714907121777291 ], [ 78.381371363591228, 23.714328726823918 ], [ 78.381707872284352, 23.700158050466264 ], [ 78.392812659157769, 23.697266075699396 ], [ 78.386418993988229, 23.688590151398795 ], [ 78.379688820125551, 23.694084903455842 ], [ 78.358488772458117, 23.671816697750963 ], [ 78.343682389960236, 23.677889844761381 ], [ 78.358488772458117, 23.69177132364235 ], [ 78.353441142061115, 23.70420681513988 ], [ 78.367911015865872, 23.727921008228197 ], [ 78.429828615402485, 23.744116066922658 ], [ 78.446990558752304, 23.69148212616566 ], [ 78.47020965857854, 23.677311449808009 ], [ 78.467517589033477, 23.643764542512343 ], [ 78.474247762896141, 23.64954849204608 ], [ 78.485352549769559, 23.636245408118487 ], [ 78.515301823458472, 23.657935218869994 ], [ 78.506552597436993, 23.636245408118487 ], [ 78.51563833215161, 23.608482450356554 ], [ 78.498812897494915, 23.584768257268241 ], [ 78.503524019198792, 23.530977526604499 ], [ 78.516647858231011, 23.537050673614921 ], [ 78.519676436469211, 23.553245732309382 ], [ 78.535155836353368, 23.550353757542513 ], [ 78.536838379819031, 23.563656841470106 ], [ 78.567797179587345, 23.567705606143718 ], [ 78.577555931688224, 23.551510547449261 ], [ 78.640819565997376, 23.546015795392211 ], [ 78.650241809405117, 23.563367643993416 ], [ 78.680527591787168, 23.560764866703238 ], [ 78.702064148147727, 23.576959925397695 ], [ 78.702064148147727, 23.576959925397695 ], [ 78.736724543540504, 23.578405912781129 ], [ 78.739416613085581, 23.568284001097094 ], [ 78.738070578313042, 23.531845119034561 ], [ 78.737734069619904, 23.531266724081185 ], [ 78.719226091497546, 23.535604686231487 ], [ 78.715187987179945, 23.517963640153592 ], [ 78.701054622068327, 23.517096047723534 ], [ 78.696680009057587, 23.50119018650576 ], [ 78.677499013548967, 23.493381854635217 ], [ 78.663365648437349, 23.447110258365331 ], [ 78.628705253044558, 23.451159023038947 ], [ 78.601111540207583, 23.42397446023039 ], [ 78.625340166113219, 23.41674452331322 ], [ 78.631397322589635, 23.361507805266047 ], [ 78.664375174516749, 23.332009662643994 ], [ 78.708794322010405, 23.353699473395501 ], [ 78.708121304624143, 23.361218607789358 ], [ 78.733695965302303, 23.339239599561164 ], [ 78.747829330413921, 23.309452259462425 ], [ 78.758597608594201, 23.310319851892487 ], [ 78.773067482398957, 23.293546398244651 ], [ 78.763308730298078, 23.284292078990674 ], [ 78.760616660753016, 23.247563999451454 ], [ 78.760616660753016, 23.247274801974768 ], [ 78.761626186832416, 23.247563999451454 ], [ 78.791575460521315, 23.243804432254528 ], [ 78.80638184301921, 23.236863692814044 ], [ 78.809410421257411, 23.235706902907296 ], [ 78.811429473416212, 23.229344558420188 ], [ 78.816140595120089, 23.222114621503017 ], [ 78.815131069040689, 23.218355054306091 ], [ 78.788210373589976, 23.117425134942405 ], [ 78.80638184301921, 23.1087492106418 ], [ 78.80638184301921, 23.1087492106418 ], [ 78.80638184301921, 23.108170815688425 ], [ 78.804362790860395, 23.09978408886451 ], [ 78.801334212622194, 23.098338101481076 ], [ 78.744127734789458, 23.069707551289085 ], [ 78.743454717403182, 23.069418353812399 ], [ 78.748502347800198, 23.060453232035108 ], [ 78.731676913143502, 23.044258173340648 ], [ 78.73100389575724, 23.044258173340648 ], [ 78.670432330993151, 23.037317433900164 ], [ 78.648222757246316, 23.021989967635765 ], [ 78.647886248553192, 23.022279165112451 ], [ 78.622311587875018, 23.030376694459683 ], [ 78.594717875038043, 23.011289660998354 ], [ 78.557028901407065, 23.017362808008777 ], [ 78.47020965857854, 23.004927316511246 ], [ 78.446990558752304, 22.982659110806363 ], [ 78.446317541366042, 22.985551085573231 ], [ 78.402907919951787, 22.965596459681844 ], [ 78.397187272168509, 22.962126089961604 ], [ 78.354450668140515, 22.920481653318706 ], [ 78.320799798827139, 22.91643288864509 ], [ 78.280082246957946, 22.867847712561712 ], [ 78.259218707983649, 22.875945241908941 ], [ 78.23768215162309, 22.86726931760834 ], [ 78.216482103955656, 22.893007893033463 ], [ 78.194945547595097, 22.890694313219967 ], [ 78.183167743335417, 22.871318082281952 ], [ 78.127980317661468, 22.837192780032915 ], [ 78.124951739423267, 22.799597108063633 ], [ 78.110818374311648, 22.790631986286343 ], [ 78.10947233953911, 22.789764393856281 ], [ 78.063034139886653, 22.813189389467912 ], [ 78.029719779266401, 22.801332292923753 ], [ 78.028710253187, 22.802199885353811 ], [ 78.028037235800738, 22.801910687877125 ], [ 78.028373744493877, 22.802489082830501 ], [ 78.03207534011834, 22.821576116291826 ], [ 78.02130706193806, 22.833144015359299 ], [ 78.031402322732077, 22.841819939659903 ], [ 78.009192748985242, 22.861196170597918 ], [ 78.018951501086121, 22.882307586396053 ], [ 78.031065814038939, 22.885488758639607 ], [ 78.034767409663417, 22.912094926494788 ], [ 78.005491153360765, 22.930025170049369 ], [ 77.978906966603205, 22.91122733406473 ], [ 77.959389462401447, 22.912384123971478 ], [ 77.966792653650387, 22.92192764070214 ], [ 77.961072005867109, 22.968488434448712 ], [ 77.854735258836826, 22.948823006034011 ], [ 77.789116063675735, 22.906889371914428 ], [ 77.766906489928914, 22.913251716401536 ], [ 77.723496868514644, 22.899948632473944 ], [ 77.690182507894406, 22.884331968732859 ], [ 77.683788842724866, 22.869872094898518 ], [ 77.689509490508144, 22.852231048820627 ], [ 77.705325399085424, 22.846736296763577 ], [ 77.680087247100388, 22.852809443773999 ], [ 77.63936969523121, 22.838927964893035 ], [ 77.639033186538072, 22.838927964893035 ], [ 77.564664765355502, 22.884621166209545 ], [ 77.541782174222405, 22.856858208447616 ], [ 77.536398035132265, 22.877391229292375 ], [ 77.523947213486309, 22.880283204059243 ], [ 77.530340878655849, 22.903419002194187 ], [ 77.494334448490534, 22.892140300603401 ], [ 77.463375648722234, 22.918746468458586 ], [ 77.436118444578383, 22.90920295172792 ], [ 77.445204179293, 22.92019245584202 ], [ 77.435781935885259, 22.930314367526055 ], [ 77.441166074975399, 22.945063438837082 ], [ 77.431070814181382, 22.950847388370818 ], [ 77.43780098804406, 22.957209732857926 ], [ 77.420302536001103, 22.968777631925398 ], [ 77.406169170889484, 22.96068010257817 ], [ 77.390016753619065, 22.994805404827208 ], [ 77.338867432262717, 23.038763421283598 ], [ 77.37958498413191, 23.072599526055953 ], [ 77.402131066571883, 23.084745820076797 ], [ 77.465058192187897, 23.09428933680746 ], [ 77.472797892129975, 23.099494891387824 ], [ 77.477845522526977, 23.09602452166758 ], [ 77.50039160496695, 23.099494891387824 ], [ 77.50140113104635, 23.09978408886451 ], [ 77.514861478771692, 23.120606307185959 ], [ 77.534715491666589, 23.118871122325839 ], [ 77.53774406990479, 23.134487786066924 ], [ 77.561299678424163, 23.137668958310478 ], [ 77.558271100185962, 23.174975432803073 ], [ 77.577452095694582, 23.183362159626988 ], [ 77.573077482683843, 23.196086848601208 ], [ 77.59495054773754, 23.224717398793199 ], [ 77.585864813022923, 23.287762448710918 ], [ 77.605382317224695, 23.309452259462425 ], [ 77.625909347505853, 23.314947011519475 ], [ 77.619179173643175, 23.329117687877126 ], [ 77.626918873585254, 23.33952879703785 ], [ 77.580817182625921, 23.341263981897971 ], [ 77.580817182625921, 23.356880645639059 ], [ 77.547166313312545, 23.378570456390566 ], [ 77.548175839391945, 23.394187120131651 ], [ 77.559617134958486, 23.401706254525507 ], [ 77.554906013254623, 23.415587733406475 ], [ 77.517217039623631, 23.414720140976414 ], [ 77.511159883147229, 23.401995452002197 ], [ 77.489286818093532, 23.416455325836534 ], [ 77.501064622353212, 23.483259942951179 ], [ 77.516544022237369, 23.507263333516182 ], [ 77.516880530930507, 23.507263333516182 ], [ 77.518226565703031, 23.507263333516182 ], [ 77.56500127404864, 23.505528148656062 ], [ 77.566010800128041, 23.505238951179376 ], [ 77.566010800128041, 23.505238951179376 ], [ 77.569039378366242, 23.490489879868349 ], [ 77.600671195520817, 23.487308707624795 ], [ 77.624226804040177, 23.465040501919912 ], [ 77.650137973411489, 23.484705930334613 ], [ 77.647445903866412, 23.509287715852992 ], [ 77.625572838812715, 23.526061169500824 ], [ 77.625909347505853, 23.552667337356006 ], [ 77.651484008184013, 23.543991413055405 ], [ 77.661579268978031, 23.524325984640704 ], [ 77.677058668862188, 23.518542035106968 ], [ 77.707680959937363, 23.564524433900164 ], [ 77.72316035982152, 23.535315488754801 ], [ 77.764214420383837, 23.522301602303894 ], [ 77.756474720441759, 23.507552530992868 ], [ 77.771954120325915, 23.502636173889194 ], [ 77.772963646405316, 23.484995127811302 ], [ 77.786423994130672, 23.487308707624795 ], [ 77.811662146115708, 23.455496985189249 ], [ 77.828824089465527, 23.458388959956118 ], [ 77.839928876338945, 23.441904703784971 ], [ 77.86954164133472, 23.436120754251235 ], [ 77.913624280135252, 23.448845443225451 ], [ 77.930449714791934, 23.421082485463522 ], [ 77.960062479787709, 23.420793287986836 ], [ 77.958379936322046, 23.373075704333516 ], [ 78.00212606642944, 23.364110582556226 ], [ 78.019961027165522, 23.346180339001645 ], [ 78.023662622789999, 23.344734351618214 ], [ 78.052265861706374, 23.36382138507954 ], [ 78.057650000796514, 23.386667985737795 ], [ 78.048564266081897, 23.402284649478883 ], [ 77.997414944725563, 23.413563351069666 ], [ 77.988665718704084, 23.452894207899067 ], [ 78.000443522963764, 23.467064884256722 ], [ 78.044189653071157, 23.468800069116842 ], [ 78.084570696247212, 23.450291430608885 ], [ 78.112164409084187, 23.472559636313768 ], [ 78.144805752318163, 23.474584018650578 ], [ 78.135383508910422, 23.482681547997807 ], [ 78.135383508910422, 23.517963640153592 ], [ 78.135383508910422, 23.518252837630282 ], [ 78.180139165097216, 23.52461518211739 ], [ 78.197301108447036, 23.544859005485463 ], [ 78.206050334468515, 23.527796354360945 ], [ 78.22287576912521, 23.528085551837631 ], [ 78.230951977760412, 23.546594190345584 ], [ 78.225567838670273, 23.561054064179924 ], [ 78.243402799406368, 23.565681223806912 ], [ 78.24306629071323, 23.583322269884807 ], [ 78.277390177412883, 23.609350042786616 ], [ 78.287821946900024, 23.659381206253428 ], [ 78.290177507751963, 23.670370710367528 ], [ 78.293206085990164, 23.672684290181021 ], [ 78.29387910337644, 23.674419475041141 ], [ 78.292533068603902, 23.676154659901261 ] ] ] } },
{ "type": "Feature", "properties": { "dt_code": "445", "district": "Sehore", "st_code": "23", "year": "2011_c", "st_nm": "Madhya Pradesh" }, "geometry": { "type": "Polygon", "coordinates": [ [ [ 77.221089389665892, 22.569106719144269 ], [ 77.218397320120829, 22.566793139330773 ], [ 77.175660716092835, 22.57604745858475 ], [ 77.165565455298818, 22.578071840921559 ], [ 77.160517824901817, 22.579228630828304 ], [ 77.129895533826641, 22.555514437739991 ], [ 77.122828851270825, 22.563322769610533 ], [ 77.132587603371704, 22.576915051014812 ], [ 77.126866955588426, 22.597448071859574 ], [ 77.087158929798647, 22.619427080087767 ], [ 77.090524016729987, 22.650660407569941 ], [ 77.069323969062552, 22.657890344487111 ], [ 77.055527112644072, 22.67842336533187 ], [ 77.044758834463792, 22.665120281404278 ], [ 77.031298486738436, 22.68565330224904 ], [ 77.045095343156916, 22.699245583653319 ], [ 77.039711204066776, 22.723538171695008 ], [ 77.021539734637557, 22.72961131870543 ], [ 77.017165121626817, 22.746384772353263 ], [ 77.029279434579635, 22.770677360394956 ], [ 77.005723826060262, 22.81434617937466 ], [ 77.004041282594599, 22.878837216675809 ], [ 76.967698343736146, 22.859171788261108 ], [ 76.957939591635267, 22.868715304991774 ], [ 76.952218943851989, 22.861485368074604 ], [ 76.953564978624527, 22.875656044432255 ], [ 76.94447924390991, 22.862063763027976 ], [ 76.934383983115907, 22.873053267142073 ], [ 76.928663335332629, 22.867558515085026 ], [ 76.936403035274708, 22.860906973121228 ], [ 76.927990317946353, 22.864666540318158 ], [ 76.93169191357083, 22.853387838727372 ], [ 76.926980791866953, 22.86003938069117 ], [ 76.919241091924874, 22.841241544706527 ], [ 76.929336352718892, 22.822154511245202 ], [ 76.910491865903396, 22.829673645639058 ], [ 76.921260144083689, 22.830830435545803 ], [ 76.914193461527873, 22.840373952276469 ], [ 76.924961739708152, 22.864377342841472 ], [ 76.907463287665195, 22.859171788261108 ], [ 76.91688553107295, 22.874499254525507 ], [ 76.906453761585794, 22.87073968732858 ], [ 76.903088674654455, 22.887802338453099 ], [ 76.886936257384036, 22.875945241908941 ], [ 76.883571170452697, 22.890694313219967 ], [ 76.877514013976295, 22.878837216675809 ], [ 76.884917205225236, 22.868136910038398 ], [ 76.876840996590019, 22.863798947888096 ], [ 76.868428279261678, 22.884042771256173 ], [ 76.86809177056854, 22.864088145364782 ], [ 76.856650475001999, 22.876812834339002 ], [ 76.853958405456922, 22.861196170597918 ], [ 76.838815514265903, 22.871896477235328 ], [ 76.833767883868902, 22.855701418540868 ], [ 76.830739305630686, 22.864088145364782 ], [ 76.815596414439668, 22.860906973121228 ], [ 76.818288483984745, 22.852231048820627 ], [ 76.80449162756625, 22.849917469007131 ], [ 76.795742401544771, 22.831408830499178 ], [ 76.76612963654901, 22.819840931431706 ], [ 76.77689791472929, 22.81579216675809 ], [ 76.762091532231395, 22.81405698189797 ], [ 76.753342306209916, 22.824468091058694 ], [ 76.720364454282802, 22.81232179703785 ], [ 76.732815275928758, 22.820130128908392 ], [ 76.70353901962612, 22.81955173395502 ], [ 76.696808845763442, 22.816370561711466 ], [ 76.710605702181923, 22.792656368623149 ], [ 76.687050093662563, 22.793813158529897 ], [ 76.683685006731224, 22.781666864509052 ], [ 76.661475432984389, 22.781088469555677 ], [ 76.64633254179337, 22.804802662643993 ], [ 76.616383268104471, 22.788896801426223 ], [ 76.628161072364151, 22.7828236544158 ], [ 76.594173694357636, 22.777907297312122 ], [ 76.593837185664498, 22.777618099835436 ], [ 76.590808607426297, 22.775015322545254 ], [ 76.573983172769601, 22.761423041140976 ], [ 76.575665716235278, 22.771544952825014 ], [ 76.563214894589322, 22.779642482172243 ], [ 76.562878385896198, 22.779353284695556 ], [ 76.558840281578583, 22.776172112452002 ], [ 76.55715773811292, 22.775015322545254 ], [ 76.566579981520661, 22.784848036752607 ], [ 76.552110107715905, 22.78455883927592 ], [ 76.549081529477704, 22.797861923203513 ], [ 76.525862429651468, 22.798729515633571 ], [ 76.535284673059223, 22.842109137136589 ], [ 76.528891007889683, 22.858882590784422 ], [ 76.501633803745847, 22.87623443938563 ], [ 76.500624277666446, 22.888669930883161 ], [ 76.467646425739332, 22.899948632473944 ], [ 76.455195604093376, 22.922216838178826 ], [ 76.464617847501117, 22.966753249588592 ], [ 76.430293960801478, 22.983815900713111 ], [ 76.469665477898133, 23.00116774931432 ], [ 76.464281338807993, 23.023435955019199 ], [ 76.453849569320838, 23.027195522216129 ], [ 76.467646425739332, 23.066526379045531 ], [ 76.467309917046194, 23.075780698299507 ], [ 76.453176551934575, 23.077805080636313 ], [ 76.456205130172776, 23.091686559517278 ], [ 76.521151307947605, 23.074334710916073 ], [ 76.521151307947605, 23.074334710916073 ], [ 76.524852903572068, 23.089951374657158 ], [ 76.496922682041969, 23.098338101481076 ], [ 76.503652855904647, 23.113087172792103 ], [ 76.526871955730883, 23.112797975315416 ], [ 76.527881481810283, 23.112797975315416 ], [ 76.527881481810283, 23.112797975315416 ], [ 76.528217990503407, 23.113376370268789 ], [ 76.541678338228763, 23.130439021393308 ], [ 76.542014846921901, 23.130728218869997 ], [ 76.588453046574358, 23.113954765222161 ], [ 76.598884816061513, 23.120606307185959 ], [ 76.613354689866256, 23.136801365880416 ], [ 76.628161072364151, 23.138825748217226 ], [ 76.630180124522951, 23.197532835984642 ], [ 76.647005559179647, 23.200135613274824 ], [ 76.655081767814849, 23.187121726823918 ], [ 76.685367550196887, 23.194062466264398 ], [ 76.698154880535981, 23.157623584201865 ], [ 76.72272001513474, 23.15820197915524 ], [ 76.731469241156219, 23.142296117937466 ], [ 76.742910536722775, 23.141428525507408 ], [ 76.752332780130516, 23.157045189248493 ], [ 76.746612132347238, 23.183940554580364 ], [ 76.774542353877351, 23.172083458036205 ], [ 76.767475671321534, 23.156755991771806 ], [ 76.788675718988969, 23.152128832144818 ], [ 76.80348210148685, 23.125233466812947 ], [ 76.826028183926823, 23.127836244103129 ], [ 76.821990079609208, 23.114822357652223 ], [ 76.854967931536322, 23.107592420735052 ], [ 76.881215609600758, 23.121184702139331 ], [ 76.895685483405515, 23.13651216840373 ], [ 76.898714061643716, 23.178735 ], [ 76.888618800849699, 23.205341167855185 ], [ 76.888955309542837, 23.205630365331871 ], [ 76.893329922553576, 23.208522340098739 ], [ 76.902079148575055, 23.213438697202413 ], [ 76.902415657268193, 23.214884684585847 ], [ 76.901742639881917, 23.227030978606692 ], [ 76.905444235506394, 23.22818776851344 ], [ 76.939431613512909, 23.236285297860668 ], [ 76.987552356631042, 23.285738066374108 ], [ 76.979139639302701, 23.310898246845859 ], [ 76.99428253049372, 23.382040826110806 ], [ 76.988225374017304, 23.396789897421833 ], [ 77.013127017309216, 23.441037111354909 ], [ 77.014136543388616, 23.441615506308285 ], [ 77.015819086854279, 23.445085876028525 ], [ 77.049806464860794, 23.467064884256722 ], [ 77.094898629740726, 23.490200682391663 ], [ 77.118454238260085, 23.537918266044983 ], [ 77.13864475984812, 23.547750980252331 ], [ 77.134606655530504, 23.573489555677455 ], [ 77.143692390245121, 23.588238626988481 ], [ 77.126530446895302, 23.616579979703786 ], [ 77.128549499054103, 23.619182756993965 ], [ 77.161190842288079, 23.665454353263851 ], [ 77.167247998764481, 23.674130277564455 ], [ 77.167584507457619, 23.673841080087769 ], [ 77.173641663934035, 23.659959601206804 ], [ 77.182390889955514, 23.665165155787165 ], [ 77.185755976886853, 23.667189538123971 ], [ 77.200225850691595, 23.648391702139332 ], [ 77.205609989781735, 23.660537996160176 ], [ 77.225800511369769, 23.653308059243006 ], [ 77.222771933131568, 23.622074731760833 ], [ 77.22344495051783, 23.621496336807461 ], [ 77.27762285011238, 23.599806526055954 ], [ 77.273584745794764, 23.581297887547997 ], [ 77.295794319541599, 23.57406795063083 ], [ 77.282333971816243, 23.553534929786068 ], [ 77.2978133717004, 23.501768581459135 ], [ 77.283680006588781, 23.487308707624795 ], [ 77.28401651528192, 23.471113648930334 ], [ 77.298149880393538, 23.46793247668678 ], [ 77.283343497895643, 23.441326308831599 ], [ 77.288054619599521, 23.426288040043886 ], [ 77.268537115397763, 23.399681872188701 ], [ 77.233540211311848, 23.403730636862317 ], [ 77.227483054835432, 23.390716750411411 ], [ 77.253394224206744, 23.377413666483818 ], [ 77.224454476597231, 23.355434658255625 ], [ 77.217724302734553, 23.320441763576522 ], [ 77.205609989781735, 23.318417381239716 ], [ 77.193159168135793, 23.352542683488757 ], [ 77.176670242172236, 23.349650708721889 ], [ 77.169603559616419, 23.302222322545255 ], [ 77.214695724496352, 23.285448868897422 ], [ 77.20325442892981, 23.265205045529349 ], [ 77.206283007168011, 23.248142394404827 ], [ 77.178016276944774, 23.223271411409765 ], [ 77.182727398648638, 23.213727894679103 ], [ 77.183736924728038, 23.212281907295669 ], [ 77.209311585406212, 23.219801041689522 ], [ 77.21402270711009, 23.205051970378499 ], [ 77.20325442892981, 23.192327281404278 ], [ 77.228156072221708, 23.18770012177729 ], [ 77.221762407052168, 23.174686235326387 ], [ 77.247673576423466, 23.149815252331322 ], [ 77.247000559037204, 23.134198588590237 ], [ 77.271565693635964, 23.124365874382885 ], [ 77.271229184942825, 23.094000139330774 ], [ 77.321368980219773, 23.100651681294572 ], [ 77.321705488912897, 23.08532421503017 ], [ 77.37958498413191, 23.072599526055953 ], [ 77.338867432262717, 23.038763421283598 ], [ 77.390016753619065, 22.994805404827208 ], [ 77.406169170889484, 22.96068010257817 ], [ 77.420302536001103, 22.968777631925398 ], [ 77.43780098804406, 22.957209732857926 ], [ 77.431070814181382, 22.950847388370818 ], [ 77.441166074975399, 22.945063438837082 ], [ 77.435781935885259, 22.930314367526055 ], [ 77.445204179293, 22.92019245584202 ], [ 77.436118444578383, 22.90920295172792 ], [ 77.463375648722234, 22.918746468458586 ], [ 77.494334448490534, 22.892140300603401 ], [ 77.530340878655849, 22.903419002194187 ], [ 77.523947213486309, 22.880283204059243 ], [ 77.536398035132265, 22.877391229292375 ], [ 77.541782174222405, 22.856858208447616 ], [ 77.564664765355502, 22.884621166209545 ], [ 77.639033186538072, 22.838927964893035 ], [ 77.63936969523121, 22.838927964893035 ], [ 77.680087247100388, 22.852809443773999 ], [ 77.705325399085424, 22.846736296763577 ], [ 77.689509490508144, 22.852231048820627 ], [ 77.683788842724866, 22.869872094898518 ], [ 77.690182507894406, 22.884331968732859 ], [ 77.723496868514644, 22.899948632473944 ], [ 77.766906489928914, 22.913251716401536 ], [ 77.789116063675735, 22.906889371914428 ], [ 77.854735258836826, 22.948823006034011 ], [ 77.961072005867109, 22.968488434448712 ], [ 77.966792653650387, 22.92192764070214 ], [ 77.959389462401447, 22.912384123971478 ], [ 77.978906966603205, 22.91122733406473 ], [ 78.005491153360765, 22.930025170049369 ], [ 78.034767409663417, 22.912094926494788 ], [ 78.031065814038939, 22.885488758639607 ], [ 78.018951501086121, 22.882307586396053 ], [ 78.009192748985242, 22.861196170597918 ], [ 78.031402322732077, 22.841819939659903 ], [ 78.02130706193806, 22.833144015359299 ], [ 78.03207534011834, 22.821576116291826 ], [ 78.028373744493877, 22.802489082830501 ], [ 78.00212606642944, 22.82128691881514 ], [ 77.999097488191225, 22.821865313768512 ], [ 77.992703823021685, 22.82302210367526 ], [ 77.973186318819927, 22.826492473395504 ], [ 77.966456144957249, 22.823311301151946 ], [ 77.937179888654612, 22.810297414701044 ], [ 77.938862432120274, 22.781666864509052 ], [ 77.924392558315532, 22.772990940208448 ], [ 77.919344927918516, 22.770677360394956 ], [ 77.907567123658836, 22.780220877125618 ], [ 77.909249667124513, 22.813189389467912 ], [ 77.929440188712533, 22.849339074053759 ], [ 77.927421136553733, 22.850206666483817 ], [ 77.922710014849855, 22.852809443773999 ], [ 77.913960788828376, 22.857436603400988 ], [ 77.911605227976438, 22.855990616017554 ], [ 77.874252763038598, 22.829095250685683 ], [ 77.861801941392642, 22.839506359846407 ], [ 77.870887676107259, 22.86350975041141 ], [ 77.847668576281023, 22.8724748721887 ], [ 77.847332067587885, 22.872185674712014 ], [ 77.79853830708349, 22.841819939659903 ], [ 77.778684294188594, 22.790631986286343 ], [ 77.74133182925074, 22.760555448710917 ], [ 77.699268242609023, 22.767206990674712 ], [ 77.66494435590937, 22.731924898518926 ], [ 77.623553786653915, 22.744071192539771 ], [ 77.622880769267653, 22.744071192539771 ], [ 77.57576955222892, 22.675820588041692 ], [ 77.533705965587188, 22.668590651124521 ], [ 77.53135040473525, 22.668590651124521 ], [ 77.531013896042126, 22.668301453647835 ], [ 77.502074148432612, 22.644008865606146 ], [ 77.465731209574159, 22.647479235326387 ], [ 77.395064384016067, 22.606991588590237 ], [ 77.365788127713429, 22.607569983543609 ], [ 77.365451619020291, 22.607280786066923 ], [ 77.364778601634029, 22.607280786066923 ], [ 77.332137258400053, 22.563901164563905 ], [ 77.329108680161838, 22.562165979703785 ], [ 77.292765741303398, 22.565347151947339 ], [ 77.275603797953565, 22.602364428963249 ], [ 77.267864098011486, 22.603232021393307 ], [ 77.262479958921347, 22.603521218869997 ], [ 77.258778363296884, 22.604099613823369 ], [ 77.221089389665892, 22.569106719144269 ] ] ] } },
{ "type": "Feature", "properties": { "dt_code": "451", "district": "Jabalpur", "st_code": "23", "year": "2011_c", "st_nm": "Madhya Pradesh" }, "geometry": { "type": "Polygon", "coordinates": [ [ [ 79.964308256092593, 22.851941851343938 ], [ 79.948155838822174, 22.858014998354363 ], [ 79.944454243197697, 22.860328578167856 ], [ 79.943444717118297, 22.859750183214484 ], [ 79.906765269566719, 22.845290309380143 ], [ 79.90239065655598, 22.863798947888096 ], [ 79.900371604397179, 22.863220552934724 ], [ 79.900035095704041, 22.863220552934724 ], [ 79.886238239285547, 22.860328578167856 ], [ 79.872441382867066, 22.851363456390565 ], [ 79.854606422130971, 22.840373952276469 ], [ 79.843165126564429, 22.833144015359299 ], [ 79.818599991965655, 22.848471481623697 ], [ 79.82061904412447, 22.871318082281952 ], [ 79.784949122652279, 22.846736296763577 ], [ 79.764758601064258, 22.846447099286891 ], [ 79.759037953280981, 22.860328578167856 ], [ 79.781247527027816, 22.879415611629184 ], [ 79.744231570783086, 22.896767460230389 ], [ 79.748606183793825, 22.920770850795392 ], [ 79.68702509295035, 22.929735972572683 ], [ 79.656402801875174, 22.923373628085574 ], [ 79.628472580345061, 22.949979795940756 ], [ 79.622751932561798, 22.967910039495337 ], [ 79.643278962842956, 22.978610346132747 ], [ 79.642942454149818, 22.978899543609437 ], [ 79.615012232619719, 22.992491825013715 ], [ 79.608955076143303, 23.019676387822273 ], [ 79.590783606714083, 23.023146757542513 ], [ 79.598859815349286, 23.034136261656609 ], [ 79.596504254497361, 23.059585639605046 ], [ 79.608282058757041, 23.067683168952279 ], [ 79.608282058757041, 23.088216189797038 ], [ 79.602561410973763, 23.083299832693363 ], [ 79.600205850121824, 23.091975756993968 ], [ 79.613666197847181, 23.090529769610534 ], [ 79.607609041370765, 23.098627298957762 ], [ 79.615685250005981, 23.105278840921557 ], [ 79.581697871999467, 23.111930382885355 ], [ 79.571266102512325, 23.134487786066924 ], [ 79.514396133372713, 23.142874512890842 ], [ 79.458199181619364, 23.098338101481076 ], [ 79.434980081793128, 23.108170815688425 ], [ 79.403348264638552, 23.100073286341196 ], [ 79.381811708277993, 23.113087172792103 ], [ 79.346814804192078, 23.107303223258366 ], [ 79.357919591065496, 23.130439021393308 ], [ 79.352198943282218, 23.139114945693912 ], [ 79.35186243458908, 23.139404143170598 ], [ 79.372052956177114, 23.163118336258915 ], [ 79.373398990949653, 23.164564323642349 ], [ 79.371379938790852, 23.165142718595721 ], [ 79.371043430097714, 23.167456298409217 ], [ 79.423538786226587, 23.194351663741088 ], [ 79.486802420535739, 23.249588381788261 ], [ 79.488148455308277, 23.264048255622601 ], [ 79.515742168145238, 23.268386217772903 ], [ 79.532231094108795, 23.259710293472299 ], [ 79.674574271304394, 23.338372007131102 ], [ 79.702841001527631, 23.361507805266047 ], [ 79.703514018913907, 23.375100086670326 ], [ 79.71259975362851, 23.371629716950082 ], [ 79.733126783909682, 23.409225388919364 ], [ 79.724377557888204, 23.425420447613824 ], [ 79.78898722696988, 23.446242665935273 ], [ 79.78898722696988, 23.446531863411959 ], [ 79.787304683504217, 23.459834947339552 ], [ 79.802111066002098, 23.465908094349974 ], [ 79.814561887648054, 23.490489879868349 ], [ 79.815234905034316, 23.512758085573232 ], [ 79.84720323088203, 23.504082161272628 ], [ 79.90340018263538, 23.585925047174989 ], [ 79.929647860699816, 23.595179366428965 ], [ 79.929311352006678, 23.597203748765772 ], [ 79.968682869103333, 23.61426639989029 ], [ 79.968682869103333, 23.61426639989029 ], [ 79.968682869103333, 23.613398807460232 ], [ 79.969355886489595, 23.586214244651675 ], [ 79.969692395182733, 23.573489555677455 ], [ 79.99358451239523, 23.583322269884807 ], [ 79.99795912540597, 23.570886778387276 ], [ 80.071991037895401, 23.5703083834339 ], [ 80.091172033404035, 23.593444181568842 ], [ 80.11876574624101, 23.584768257268241 ], [ 80.139965793908431, 23.590263009325287 ], [ 80.139629285215307, 23.57233276577071 ], [ 80.158473772030788, 23.582165479978059 ], [ 80.173280154528683, 23.563656841470106 ], [ 80.197172271741181, 23.589684614371915 ], [ 80.20895007600086, 23.575513938014264 ], [ 80.236207280144697, 23.574357148107516 ], [ 80.233178701906496, 23.557294496982998 ], [ 80.220054862874278, 23.559897274273176 ], [ 80.237553314917236, 23.551510547449261 ], [ 80.227458054123218, 23.530688329127813 ], [ 80.210969128159661, 23.523458392210642 ], [ 80.211978654239061, 23.533869501371367 ], [ 80.193807184809842, 23.535604686231487 ], [ 80.200200849979382, 23.516228455293472 ], [ 80.190105589185364, 23.507841728469558 ], [ 80.200200849979382, 23.486441115194737 ], [ 80.268175605992411, 23.480367968184311 ], [ 80.266493062526735, 23.456075380142622 ], [ 80.254715258267055, 23.450291430608885 ], [ 80.273223236389413, 23.436409951727921 ], [ 80.296442336215648, 23.441037111354909 ], [ 80.298797897067587, 23.422528472846956 ], [ 80.317305875189945, 23.409803783872739 ], [ 80.291731214511771, 23.384065208447616 ], [ 80.296778844908786, 23.338661204607789 ], [ 80.328074153370224, 23.314657814042789 ], [ 80.326391609904562, 23.305403494788809 ], [ 80.36710916177374, 23.305114297312123 ], [ 80.364080583535539, 23.32882849040044 ], [ 80.390664770293114, 23.338661204607789 ], [ 80.394702874610715, 23.351385893582009 ], [ 80.410182274494872, 23.340974784421284 ], [ 80.458303017613005, 23.344155956664839 ], [ 80.467725261020746, 23.369894532089962 ], [ 80.482195134825503, 23.373943296763578 ], [ 80.484550695677441, 23.392451935271531 ], [ 80.523585704080958, 23.378859653867252 ], [ 80.543776225668992, 23.393608725178279 ], [ 80.543776225668992, 23.393608725178279 ], [ 80.546468295214055, 23.390427552934725 ], [ 80.55488101254241, 23.379148851343938 ], [ 80.55589053862181, 23.37799206143719 ], [ 80.542430190896454, 23.353699473395501 ], [ 80.57608106020983, 23.351964288535381 ], [ 80.575744551516692, 23.350807498628633 ], [ 80.56766834288149, 23.316392998902909 ], [ 80.58247472537937, 23.314079419089413 ], [ 80.58247472537937, 23.284292078990674 ], [ 80.571369938505967, 23.281689301700496 ], [ 80.568341360267752, 23.268964612726275 ], [ 80.543103208282716, 23.270699797586396 ], [ 80.543439716975854, 23.262313070762481 ], [ 80.522576178001557, 23.259131898518927 ], [ 80.503058673799799, 23.202449193088317 ], [ 80.478157030507901, 23.20042481075151 ], [ 80.478830047894164, 23.199557218321448 ], [ 80.522912686694696, 23.154153214481624 ], [ 80.552188942997333, 23.166877903455841 ], [ 80.56228420379135, 23.14721247504114 ], [ 80.581801707993108, 23.137958155787164 ], [ 80.565985799415813, 23.124655071859571 ], [ 80.542093682203316, 23.104122051014812 ], [ 80.525941264932897, 23.104700445968184 ], [ 80.525268247546634, 23.104700445968184 ], [ 80.526277773626035, 23.100073286341196 ], [ 80.529306351864236, 23.083299832693363 ], [ 80.527623808398573, 23.083010635216677 ], [ 80.511134882435016, 23.080407857926495 ], [ 80.507769795503677, 23.082432240263302 ], [ 80.511807899821278, 23.10701402578168 ], [ 80.490944360846981, 23.10701402578168 ], [ 80.478830047894164, 23.126101059243005 ], [ 80.458303017613005, 23.124944269336261 ], [ 80.459312543692405, 23.142585315414152 ], [ 80.424652148299629, 23.14200692046078 ], [ 80.405471152790994, 23.171794260559519 ], [ 80.40513464409787, 23.172372655512891 ], [ 80.391337787679376, 23.171215865606143 ], [ 80.392683822451914, 23.14200692046078 ], [ 80.359369461831676, 23.139404143170598 ], [ 80.329420188142763, 23.096892114097642 ], [ 80.301826475305788, 23.098338101481076 ], [ 80.29610582752251, 23.125522664289633 ], [ 80.276251814627628, 23.135355378496982 ], [ 80.276251814627628, 23.146055685134396 ], [ 80.247985084404377, 23.151550437191442 ], [ 80.217699302022339, 23.132463403730117 ], [ 80.188086537026564, 23.128993034009873 ], [ 80.186067484867763, 23.128703836533187 ], [ 80.181692871857024, 23.110773592978607 ], [ 80.18875955441284, 23.091975756993968 ], [ 80.202892919524459, 23.086481004936918 ], [ 80.204238954296983, 23.068550761382337 ], [ 80.182029380550162, 23.062766811848601 ], [ 80.186403993560901, 23.022857560065827 ], [ 80.163857911120928, 23.047728543060888 ], [ 80.141984846067231, 23.04483656829402 ], [ 80.140638811294707, 23.047439345584202 ], [ 80.134245146125153, 23.05929644212836 ], [ 80.134245146125153, 23.059585639605046 ], [ 80.131216567886952, 23.058428849698299 ], [ 80.111026046298932, 23.053223295117938 ], [ 80.108670485446993, 23.074913105869445 ], [ 80.108670485446993, 23.075780698299507 ], [ 80.108670485446993, 23.075780698299507 ], [ 80.108333976753855, 23.075780698299507 ], [ 80.081076772610018, 23.077226685682941 ], [ 80.07973073783748, 23.065947984092155 ], [ 80.036657625116362, 23.039341816236973 ], [ 80.033965555571285, 23.038763421283598 ], [ 79.993921021088369, 23.029219904552935 ], [ 79.99257498631583, 23.028641509599563 ], [ 79.990219425463891, 23.013892438288536 ], [ 80.00536231665491, 23.00637330389468 ], [ 79.991228951543292, 22.998275774547452 ], [ 80.005698825348048, 22.979477938562809 ], [ 79.951520925753513, 22.947087821173891 ], [ 79.952193943139775, 22.946509426220516 ], [ 79.974403516886611, 22.917300481075152 ], [ 79.964308256092593, 22.851941851343938 ] ] ] } },
{ "type": "Feature", "properties": { "dt_code": "437", "district": "Dewas", "st_code": "23", "year": "2011_c", "st_nm": "Madhya Pradesh" }, "geometry": { "type": "Polygon", "coordinates": [ [ [ 77.129895533826641, 22.555514437739991 ], [ 77.129895533826641, 22.555514437739991 ], [ 77.078409703777169, 22.508953643993419 ], [ 77.078409703777169, 22.508953643993419 ], [ 77.026250856341434, 22.49333698025233 ], [ 76.919914109311151, 22.48813142567197 ], [ 76.908472813744595, 22.483215068568295 ], [ 76.801126540634925, 22.431737917718049 ], [ 76.793386840692847, 22.425664770707627 ], [ 76.780936019046891, 22.344111082281955 ], [ 76.768485197400935, 22.316348124520022 ], [ 76.742237519336499, 22.292055536478333 ], [ 76.719354928203401, 22.3102749775096 ], [ 76.682675480651824, 22.296682696105321 ], [ 76.655081767814849, 22.330518800877673 ], [ 76.664504011222604, 22.345557069665386 ], [ 76.655418276507987, 22.360595338453098 ], [ 76.622440424580873, 22.373030829950633 ], [ 76.603932446458515, 22.40542094733955 ], [ 76.603259429072253, 22.40542094733955 ], [ 76.553792651181581, 22.398769405375756 ], [ 76.49894173420077, 22.411783291826659 ], [ 76.498268716814508, 22.411783291826659 ], [ 76.49793220812137, 22.411783291826659 ], [ 76.443417799833696, 22.382863544157981 ], [ 76.436014608584756, 22.363776510696656 ], [ 76.443754308526835, 22.342665094898521 ], [ 76.399671669726303, 22.337459540318157 ], [ 76.326649283316272, 22.298417880965442 ], [ 76.251607844747426, 22.289741956664837 ], [ 76.211563310264509, 22.327337628634119 ], [ 76.211226801571371, 22.327626826110809 ], [ 76.212236327650771, 22.329940405924301 ], [ 76.21459188850271, 22.333699973121231 ], [ 76.213918871116448, 22.334856763027975 ], [ 76.211563310264509, 22.339483922654964 ], [ 76.203823610322431, 22.353076204059242 ], [ 76.215264905888986, 22.3562573763028 ], [ 76.219303010206588, 22.356546573779486 ], [ 76.21997602759285, 22.357703363686234 ], [ 76.222331588444789, 22.36319811574328 ], [ 76.234782410090745, 22.390093481075152 ], [ 76.233099866625068, 22.392407060888647 ], [ 76.212236327650771, 22.417856438837081 ], [ 76.101188458916624, 22.470490379594075 ], [ 76.087055093805006, 22.53382462698848 ], [ 76.082680480794266, 22.537294996708724 ], [ 76.085709059032467, 22.543657341195832 ], [ 76.085036041646205, 22.546838513439386 ], [ 76.089074145963806, 22.550598080636313 ], [ 76.095467811133346, 22.556382030170049 ], [ 76.106236089313626, 22.566214744377401 ], [ 76.106236089313626, 22.566793139330773 ], [ 76.088064619884406, 22.565636349424025 ], [ 76.079315393862927, 22.571998693911137 ], [ 76.067537589603248, 22.580963815688428 ], [ 76.06181694181997, 22.58530177783873 ], [ 76.064509011365047, 22.58530177783873 ], [ 76.088401128577544, 22.586169370268788 ], [ 76.082007463408004, 22.603521218869997 ], [ 76.113975789255704, 22.582120605595172 ], [ 76.123398032663459, 22.589061345035656 ], [ 76.107918632779302, 22.600050849149753 ], [ 76.11902341965272, 22.604099613823369 ], [ 76.11902341965272, 22.604099613823369 ], [ 76.119359928345844, 22.604099613823369 ], [ 76.127099628287922, 22.594556097092706 ], [ 76.127772645674199, 22.603810416346683 ], [ 76.1318107499918, 22.604099613823369 ], [ 76.1328202760712, 22.604099613823369 ], [ 76.137867906468202, 22.604099613823369 ], [ 76.14358855425148, 22.58877214755897 ], [ 76.148972693341619, 22.613353933077345 ], [ 76.168153688850254, 22.603521218869997 ], [ 76.151664762886696, 22.632440966538674 ], [ 76.151328254193558, 22.63273016401536 ], [ 76.170172741009054, 22.627813806911686 ], [ 76.187334684358873, 22.639092508502468 ], [ 76.188680719131412, 22.63996010093253 ], [ 76.18800770174515, 22.639092508502468 ], [ 76.172528301860993, 22.621162264947888 ], [ 76.189353736517674, 22.608726773450357 ], [ 76.180604510496195, 22.599183256719694 ], [ 76.181277527882472, 22.598894059243008 ], [ 76.18901722782455, 22.600050849149753 ], [ 76.199448997311691, 22.625211029621504 ], [ 76.232090340545668, 22.617113500274275 ], [ 76.247233231736686, 22.643719668129457 ], [ 76.228052236228066, 22.651238802523313 ], [ 76.229734779693729, 22.675242193088316 ], [ 76.21358236242331, 22.661939109160723 ], [ 76.191372788676489, 22.660782319253979 ], [ 76.203823610322431, 22.676109785518378 ], [ 76.190363262597074, 22.690280461876029 ], [ 76.103207511075425, 22.701559163466815 ], [ 76.080324919942328, 22.767785385628088 ], [ 76.060134398354307, 22.8068270449808 ], [ 76.049366120174014, 22.806537847504114 ], [ 76.05441375057103, 22.81608136423478 ], [ 76.036915298528072, 22.829673645639058 ], [ 76.037588315914334, 22.841241544706527 ], [ 76.023118442109578, 22.859750183214484 ], [ 75.984419942399199, 22.872764069665386 ], [ 75.982064381547261, 22.910938136588044 ], [ 75.965238946890565, 22.944485043883709 ], [ 75.951778599165223, 22.946509426220516 ], [ 75.924857903714511, 22.980345530992871 ], [ 75.91543566030677, 22.976296766319255 ], [ 75.915099151613632, 22.976585963795941 ], [ 75.914426134227369, 22.978031951179375 ], [ 75.896927682184412, 23.001456946791006 ], [ 75.897937208263812, 23.003192131651126 ], [ 75.897600699570674, 23.003481329127812 ], [ 75.907695960364691, 23.027484719692815 ], [ 75.964229420811165, 23.023435955019199 ], [ 75.979708820695322, 23.038763421283598 ], [ 75.982064381547261, 23.070864341195833 ], [ 75.99182313364814, 23.072599526055953 ], [ 75.979708820695322, 23.102965261108064 ], [ 75.957835755641625, 23.103543656061436 ], [ 75.959181790414164, 23.125233466812947 ], [ 75.932597603656589, 23.131885008776742 ], [ 75.929569025418388, 23.144320500274276 ], [ 75.946394460075084, 23.156177596818431 ], [ 75.948077003540746, 23.161383151398795 ], [ 75.953797651324024, 23.213438697202413 ], [ 75.953797651324024, 23.216619869445967 ], [ 75.949759547006423, 23.225874188699947 ], [ 75.932261094963465, 23.222403818979704 ], [ 75.926203938487049, 23.274170167306639 ], [ 75.946730968768208, 23.319574171146463 ], [ 75.960864333879826, 23.32159855348327 ], [ 75.964229420811165, 23.300776335161821 ], [ 75.975334207684583, 23.302800717498631 ], [ 75.99384218580694, 23.264048255622601 ], [ 75.97163261206012, 23.262891465715853 ], [ 75.970286577287581, 23.239177272627536 ], [ 76.002927920521557, 23.237442087767416 ], [ 76.023118442109578, 23.190592096544158 ], [ 76.040953402845673, 23.181626974766868 ], [ 76.040953402845673, 23.140850130554032 ], [ 76.065855046137571, 23.102676063631378 ], [ 76.06080741574057, 23.076648290729565 ], [ 76.080661428635466, 23.066815576522217 ], [ 76.083016989487405, 23.048017740537578 ], [ 76.110274193631241, 23.050620517827756 ], [ 76.115994841414505, 23.084745820076797 ], [ 76.090420180736345, 23.124076676906199 ], [ 76.070566167841449, 23.127257849149753 ], [ 76.069893150455187, 23.145188092704334 ], [ 76.057105820116092, 23.146923277564454 ], [ 76.060134398354307, 23.18596493691717 ], [ 76.07460427215905, 23.183651357103678 ], [ 76.083353498180529, 23.166588705979155 ], [ 76.141232993399541, 23.181048579813496 ], [ 76.148972693341619, 23.199557218321448 ], [ 76.132483767378062, 23.203027588041689 ], [ 76.130464715219262, 23.213727894679103 ], [ 76.12642661090166, 23.212860302249041 ], [ 76.095131302440222, 23.201292403181569 ], [ 76.093785267667684, 23.197822033461328 ], [ 76.089074145963806, 23.198978823368076 ], [ 76.056096294036692, 23.207076352715305 ], [ 76.059797889661169, 23.218644251782777 ], [ 76.084363024259929, 23.213149499725727 ], [ 76.087728111191268, 23.225006596269886 ], [ 76.075277289545326, 23.228766163466815 ], [ 76.082007463408004, 23.242358444871094 ], [ 76.120705963118382, 23.243515234777838 ], [ 76.121042471811521, 23.243515234777838 ], [ 76.128445663060461, 23.243804432254528 ], [ 76.163106058453238, 23.224717398793199 ], [ 76.226706201455528, 23.22645258365332 ], [ 76.252280862133702, 23.216619869445967 ], [ 76.275499961959937, 23.229344558420188 ], [ 76.320255618146732, 23.233971718047176 ], [ 76.338763596269089, 23.229633755896874 ], [ 76.36097317001591, 23.229633755896874 ], [ 76.365011274333526, 23.232814928140428 ], [ 76.376116061206929, 23.229633755896874 ], [ 76.413805034837921, 23.219222646736149 ], [ 76.425582839097601, 23.194062466264398 ], [ 76.511392555846726, 23.180180987383434 ], [ 76.51172906453985, 23.180180987383434 ], [ 76.526871955730883, 23.14721247504114 ], [ 76.542687864308164, 23.140560933077346 ], [ 76.540332303456225, 23.131017416346683 ], [ 76.541678338228763, 23.130439021393308 ], [ 76.528217990503407, 23.113376370268789 ], [ 76.527881481810283, 23.112797975315416 ], [ 76.527881481810283, 23.112797975315416 ], [ 76.526871955730883, 23.112797975315416 ], [ 76.503652855904647, 23.113087172792103 ], [ 76.496922682041969, 23.098338101481076 ], [ 76.524852903572068, 23.089951374657158 ], [ 76.521151307947605, 23.074334710916073 ], [ 76.521151307947605, 23.074334710916073 ], [ 76.456205130172776, 23.091686559517278 ], [ 76.453176551934575, 23.077805080636313 ], [ 76.467309917046194, 23.075780698299507 ], [ 76.467646425739332, 23.066526379045531 ], [ 76.453849569320838, 23.027195522216129 ], [ 76.464281338807993, 23.023435955019199 ], [ 76.469665477898133, 23.00116774931432 ], [ 76.430293960801478, 22.983815900713111 ], [ 76.464617847501117, 22.966753249588592 ], [ 76.455195604093376, 22.922216838178826 ], [ 76.467646425739332, 22.899948632473944 ], [ 76.500624277666446, 22.888669930883161 ], [ 76.501633803745847, 22.87623443938563 ], [ 76.528891007889683, 22.858882590784422 ], [ 76.535284673059223, 22.842109137136589 ], [ 76.525862429651468, 22.798729515633571 ], [ 76.549081529477704, 22.797861923203513 ], [ 76.552110107715905, 22.78455883927592 ], [ 76.566579981520661, 22.784848036752607 ], [ 76.55715773811292, 22.775015322545254 ], [ 76.558840281578583, 22.776172112452002 ], [ 76.562878385896198, 22.779353284695556 ], [ 76.563214894589322, 22.779642482172243 ], [ 76.575665716235278, 22.771544952825014 ], [ 76.573983172769601, 22.761423041140976 ], [ 76.590808607426297, 22.775015322545254 ], [ 76.593837185664498, 22.777618099835436 ], [ 76.594173694357636, 22.777907297312122 ], [ 76.628161072364151, 22.7828236544158 ], [ 76.616383268104471, 22.788896801426223 ], [ 76.64633254179337, 22.804802662643993 ], [ 76.661475432984389, 22.781088469555677 ], [ 76.683685006731224, 22.781666864509052 ], [ 76.687050093662563, 22.793813158529897 ], [ 76.710605702181923, 22.792656368623149 ], [ 76.696808845763442, 22.816370561711466 ], [ 76.70353901962612, 22.81955173395502 ], [ 76.732815275928758, 22.820130128908392 ], [ 76.720364454282802, 22.81232179703785 ], [ 76.753342306209916, 22.824468091058694 ], [ 76.762091532231395, 22.81405698189797 ], [ 76.77689791472929, 22.81579216675809 ], [ 76.76612963654901, 22.819840931431706 ], [ 76.795742401544771, 22.831408830499178 ], [ 76.80449162756625, 22.849917469007131 ], [ 76.818288483984745, 22.852231048820627 ], [ 76.815596414439668, 22.860906973121228 ], [ 76.830739305630686, 22.864088145364782 ], [ 76.833767883868902, 22.855701418540868 ], [ 76.838815514265903, 22.871896477235328 ], [ 76.853958405456922, 22.861196170597918 ], [ 76.856650475001999, 22.876812834339002 ], [ 76.86809177056854, 22.864088145364782 ], [ 76.868428279261678, 22.884042771256173 ], [ 76.876840996590019, 22.863798947888096 ], [ 76.884917205225236, 22.868136910038398 ], [ 76.877514013976295, 22.878837216675809 ], [ 76.883571170452697, 22.890694313219967 ], [ 76.886936257384036, 22.875945241908941 ], [ 76.903088674654455, 22.887802338453099 ], [ 76.906453761585794, 22.87073968732858 ], [ 76.91688553107295, 22.874499254525507 ], [ 76.907463287665195, 22.859171788261108 ], [ 76.924961739708152, 22.864377342841472 ], [ 76.914193461527873, 22.840373952276469 ], [ 76.921260144083689, 22.830830435545803 ], [ 76.910491865903396, 22.829673645639058 ], [ 76.929336352718892, 22.822154511245202 ], [ 76.919241091924874, 22.841241544706527 ], [ 76.926980791866953, 22.86003938069117 ], [ 76.93169191357083, 22.853387838727372 ], [ 76.927990317946353, 22.864666540318158 ], [ 76.936403035274708, 22.860906973121228 ], [ 76.928663335332629, 22.867558515085026 ], [ 76.934383983115907, 22.873053267142073 ], [ 76.94447924390991, 22.862063763027976 ], [ 76.953564978624527, 22.875656044432255 ], [ 76.952218943851989, 22.861485368074604 ], [ 76.957939591635267, 22.868715304991774 ], [ 76.967698343736146, 22.859171788261108 ], [ 77.004041282594599, 22.878837216675809 ], [ 77.005723826060262, 22.81434617937466 ], [ 77.029279434579635, 22.770677360394956 ], [ 77.017165121626817, 22.746384772353263 ], [ 77.021539734637557, 22.72961131870543 ], [ 77.039711204066776, 22.723538171695008 ], [ 77.045095343156916, 22.699245583653319 ], [ 77.031298486738436, 22.68565330224904 ], [ 77.044758834463792, 22.665120281404278 ], [ 77.055527112644072, 22.67842336533187 ], [ 77.069323969062552, 22.657890344487111 ], [ 77.090524016729987, 22.650660407569941 ], [ 77.087158929798647, 22.619427080087767 ], [ 77.126866955588426, 22.597448071859574 ], [ 77.132587603371704, 22.576915051014812 ], [ 77.122828851270825, 22.563322769610533 ], [ 77.129895533826641, 22.555514437739991 ] ] ] } },
{ "type": "Feature", "properties": { "dt_code": "461", "district": "Anuppur", "st_code": "23", "year": "2011_c", "st_nm": "Madhya Pradesh" }, "geometry": { "type": "Polygon", "coordinates": [ [ [ 81.251117498636233, 23.212281907295669 ], [ 81.266933407213514, 23.186543331870546 ], [ 81.299238241754352, 23.178156605046627 ], [ 81.30495888953763, 23.149815252331322 ], [ 81.328177989363866, 23.147790869994516 ], [ 81.319092254649249, 23.103543656061436 ], [ 81.374279680323198, 23.086770202413604 ], [ 81.395479727990619, 23.061031626988481 ], [ 81.437879823325488, 23.057272059791554 ], [ 81.516959366211921, 23.082143042786615 ], [ 81.536813379106817, 23.077226685682941 ], [ 81.557003900694852, 23.058139652221612 ], [ 81.539505448651894, 23.06305600932529 ], [ 81.526381609619676, 23.050620517827756 ], [ 81.549264200752773, 23.042812185957214 ], [ 81.545899113821434, 23.028930707076249 ], [ 81.558349935467376, 23.024303547449261 ], [ 81.605797661199247, 23.041944593527155 ], [ 81.587626191770028, 23.077226685682941 ], [ 81.537149887799956, 23.113087172792103 ], [ 81.565753126716331, 23.132463403730117 ], [ 81.563397565864392, 23.142874512890842 ], [ 81.578876965748549, 23.140850130554032 ], [ 81.60108653949537, 23.224139003839824 ], [ 81.633054865343084, 23.230501348326936 ], [ 81.612527835061925, 23.19868962589139 ], [ 81.649543791306641, 23.194062466264398 ], [ 81.668051769428999, 23.208522340098739 ], [ 81.719201090785333, 23.20215999561163 ], [ 81.756890064416325, 23.214595487109161 ], [ 81.764629764358403, 23.240334062534284 ], [ 81.786839338105224, 23.256529121228745 ], [ 81.847074394176175, 23.258842701042241 ], [ 81.858179181049593, 23.24611801206802 ], [ 81.879379228717028, 23.24611801206802 ], [ 81.869620476616149, 23.272434982446519 ], [ 81.841017237699774, 23.279086524410314 ], [ 81.840007711620373, 23.296149175534833 ], [ 81.812413998783398, 23.294124793198026 ], [ 81.806020333613858, 23.31986336862315 ], [ 81.863899828832871, 23.312633431705979 ], [ 81.877023667865089, 23.296727570488208 ], [ 81.912357080644128, 23.300487137685135 ], [ 81.913703115416666, 23.300776335161821 ], [ 81.920433289279345, 23.338950402084478 ], [ 81.935912689163501, 23.341842376851346 ], [ 81.93725872393604, 23.377413666483818 ], [ 81.971582610635679, 23.373654099286892 ], [ 81.985715975747297, 23.414141746023041 ], [ 81.985715975747297, 23.414141746023041 ], [ 81.985715975747297, 23.414141746023041 ], [ 81.999512832165792, 23.421660880416894 ], [ 82.009608092959795, 23.412117363686232 ], [ 82.02542400153709, 23.424842052660452 ], [ 82.03282719278603, 23.410092981349425 ], [ 82.023741458071413, 23.408646993965991 ], [ 82.021722405912612, 23.38724638069117 ], [ 82.023404949378289, 23.386957183214484 ], [ 82.056046292612265, 23.376835271530446 ], [ 82.064122501247482, 23.393030330224903 ], [ 82.103494018344122, 23.398235884805267 ], [ 82.116954366069479, 23.355434658255625 ], [ 82.145894113678992, 23.361218607789358 ], [ 82.163729074415073, 23.334612439934176 ], [ 82.19199580463831, 23.326804108063634 ], [ 82.199398995887265, 23.313790221612727 ], [ 82.193005330717725, 23.277929734503566 ], [ 82.174497352595367, 23.268675415249589 ], [ 82.16743067003955, 23.24611801206802 ], [ 82.144884587599591, 23.227320176083381 ], [ 82.15363381362107, 23.209100735052111 ], [ 82.144211570213315, 23.165431916072407 ], [ 82.160363987483748, 23.161672348875481 ], [ 82.161373513563149, 23.143163710367528 ], [ 82.139500448509452, 23.131885008776742 ], [ 82.137144887657513, 23.111930382885355 ], [ 82.124694066011557, 23.104122051014812 ], [ 82.123348031239018, 23.10325445858475 ], [ 82.123011522545895, 23.103543656061436 ], [ 82.073208235962085, 23.116846739989029 ], [ 82.034846244944831, 23.080407857926495 ], [ 81.991100114837437, 23.086770202413604 ], [ 81.942306354333041, 23.078961870543061 ], [ 81.946680967343781, 23.069129156335713 ], [ 81.929519023993961, 23.061610021941856 ], [ 81.921442815358745, 23.040787803620407 ], [ 81.950382562968258, 22.982948308283049 ], [ 81.946344458650643, 22.95692053538124 ], [ 81.918750745813682, 22.946509426220516 ], [ 81.878369702637627, 22.909781346681296 ], [ 81.86625538968481, 22.915854493691718 ], [ 81.869620476616149, 22.894453880416897 ], [ 81.861544267980932, 22.889248325836533 ], [ 81.775734551231807, 22.874499254525507 ], [ 81.776407568618083, 22.851652653867252 ], [ 81.761264677427064, 22.830252040592431 ], [ 81.781791707708223, 22.810875809654416 ], [ 81.783474251173885, 22.779353284695556 ], [ 81.794242529354165, 22.76662859572134 ], [ 81.752178942712447, 22.726719343938562 ], [ 81.769677394755405, 22.672928613274824 ], [ 81.754534503564386, 22.646322445419639 ], [ 81.746121786236046, 22.648925222709821 ], [ 81.751842434019309, 22.654419974766867 ], [ 81.741747173225306, 22.674085403181568 ], [ 81.732661438510689, 22.675820588041692 ], [ 81.740737647145892, 22.687677684585847 ], [ 81.692616904027773, 22.709078297860671 ], [ 81.704731216980576, 22.744071192539771 ], [ 81.691943886641496, 22.780220877125618 ], [ 81.690597851868958, 22.780510074602304 ], [ 81.642477108750825, 22.787450814042788 ], [ 81.593683348246429, 22.753903906747119 ], [ 81.553975322456637, 22.76113384366429 ], [ 81.527391135699077, 22.747252364783325 ], [ 81.509556174962981, 22.765471805814592 ], [ 81.475905305649604, 22.758531066374111 ], [ 81.453359223209631, 22.770388162918266 ], [ 81.429467105997134, 22.835457595172791 ], [ 81.403219427932697, 22.853966233680747 ], [ 81.350724071803825, 22.852231048820627 ], [ 81.314717641638509, 22.877680426769064 ], [ 81.278038194086932, 22.879994006582557 ], [ 81.257174655112635, 22.901683817334064 ], [ 81.199968177279885, 22.913251716401536 ], [ 81.186507829554543, 22.952293375754252 ], [ 81.204342790290625, 23.003770526604498 ], [ 81.230590468355061, 23.036160643993419 ], [ 81.22655236403746, 23.045414963247396 ], [ 81.237320642217739, 23.053512492594624 ], [ 81.228907924889398, 23.057850454744926 ], [ 81.251117498636233, 23.05206650521119 ], [ 81.263568320282175, 23.070575143719147 ], [ 81.238330168297139, 23.111351987931982 ], [ 81.211072964153303, 23.114822357652223 ], [ 81.213092016312103, 23.14027173560066 ], [ 81.2029967555181, 23.125522664289633 ], [ 81.189536407792744, 23.131306613823369 ], [ 81.195593564269146, 23.14923685737795 ], [ 81.178431620919326, 23.153574819528252 ], [ 81.191555459951545, 23.166010311025783 ], [ 81.15655855586563, 23.163696731212287 ], [ 81.162615712342046, 23.175843025233132 ], [ 81.161606186262631, 23.175843025233132 ], [ 81.14377122552655, 23.177578210093252 ], [ 81.126609282176716, 23.209968327482173 ], [ 81.133675964732532, 23.231368940756994 ], [ 81.135358508198195, 23.233393323093804 ], [ 81.135695016891333, 23.237731285244102 ], [ 81.137714069050134, 23.32333373834339 ], [ 81.157904590638168, 23.320441763576522 ], [ 81.169345886204709, 23.328539292923754 ], [ 81.174393516601725, 23.324201330773452 ], [ 81.177422094839926, 23.318128183763029 ], [ 81.163288729728308, 23.299908742731763 ], [ 81.182133216543804, 23.286027263850798 ], [ 81.193911020803483, 23.291522015907844 ], [ 81.22116822494732, 23.264626650575973 ], [ 81.232273011820737, 23.250455974218323 ], [ 81.228234907503122, 23.222982213933079 ], [ 81.228234907503122, 23.222403818979704 ], [ 81.251117498636233, 23.212281907295669 ] ] ] } },
{ "type": "Feature", "properties": { "dt_code": "464", "district": "Jhabua", "st_code": "23", "year": "2011_c", "st_nm": "Madhya Pradesh" }, "geometry": { "type": "Polygon", "coordinates": [ [ [ 74.741020321269829, 22.558984807460231 ], [ 74.726213938771934, 22.571420298957761 ], [ 74.730925060475812, 22.591664122325838 ], [ 74.689870999913481, 22.584144987931982 ], [ 74.674391600029338, 22.601207639056501 ], [ 74.657566165372643, 22.603232021393307 ], [ 74.648480430658026, 22.568239126714207 ], [ 74.631991504694469, 22.564768756993967 ], [ 74.631991504694469, 22.554646845309929 ], [ 74.608099387481971, 22.558117215030173 ], [ 74.59766761799483, 22.536716601755348 ], [ 74.565026274760854, 22.561009189797037 ], [ 74.54887385749042, 22.55001968568294 ], [ 74.524645231584799, 22.580963815688428 ], [ 74.507146779541841, 22.582988198025234 ], [ 74.487965784033207, 22.576336656061439 ], [ 74.463737158127572, 22.53035425726824 ], [ 74.463400649434448, 22.529775862314867 ], [ 74.447248232164014, 22.542500551289084 ], [ 74.431768832279872, 22.554646845309929 ], [ 74.431768832279872, 22.554936042786615 ], [ 74.431768832279872, 22.554936042786615 ], [ 74.442200601767013, 22.582699000548548 ], [ 74.407876715067374, 22.613932328030721 ], [ 74.391724297796941, 22.612486340647287 ], [ 74.378600458764723, 22.633597756445422 ], [ 74.378600458764723, 22.63446534887548 ], [ 74.378936967457861, 22.63446534887548 ], [ 74.378936967457861, 22.63446534887548 ], [ 74.401819558590958, 22.73163570104224 ], [ 74.435133919211211, 22.782245259462425 ], [ 74.433787884438672, 22.807983834887548 ], [ 74.464746684206972, 22.816370561711466 ], [ 74.476187979773528, 22.852520246297313 ], [ 74.475851471080389, 22.853098641250686 ], [ 74.460708579889371, 22.908046161821176 ], [ 74.44691172347089, 22.921349245748765 ], [ 74.433787884438672, 22.912384123971478 ], [ 74.418308484554515, 22.917300481075152 ], [ 74.393070332569479, 22.896767460230389 ], [ 74.339565450361206, 22.952871770707624 ], [ 74.339228941668068, 22.964728867251782 ], [ 74.36413058495998, 22.981213123422929 ], [ 74.36413058495998, 22.981502320899615 ], [ 74.354708341552225, 23.004059724081184 ], [ 74.345286098144484, 23.027195522216129 ], [ 74.344613080758208, 23.028641509599563 ], [ 74.322066998318249, 23.041077001097094 ], [ 74.320047946159448, 23.05929644212836 ], [ 74.341584502520007, 23.067972366428965 ], [ 74.386003650013677, 23.111351987931982 ], [ 74.432105340972996, 23.10498964344487 ], [ 74.46407366682071, 23.081853845309929 ], [ 74.505800744769303, 23.085035017553484 ], [ 74.544835753172819, 23.109038408118487 ], [ 74.539451614082679, 23.129282231486563 ], [ 74.606753352709447, 23.142585315414152 ], [ 74.671363021791123, 23.200135613274824 ], [ 74.715445660591655, 23.190881294020844 ], [ 74.748423512518769, 23.223560608886451 ], [ 74.749096529905032, 23.224139003839824 ], [ 74.748423512518769, 23.224139003839824 ], [ 74.733617130020875, 23.220957831596269 ], [ 74.73664570825909, 23.233104125617114 ], [ 74.73765523433849, 23.23368252057049 ], [ 74.73866476041789, 23.234260915523862 ], [ 74.783083907911546, 23.243226037301152 ], [ 74.787458520922286, 23.243804432254528 ], [ 74.778372786207669, 23.219511844212835 ], [ 74.785439468763485, 23.20215999561163 ], [ 74.768277525413666, 23.181337777290182 ], [ 74.767267999334265, 23.18047018486012 ], [ 74.785439468763485, 23.174975432803073 ], [ 74.798899816488841, 23.170059075699399 ], [ 74.793515677398702, 23.164564323642349 ], [ 74.782410890525284, 23.154153214481624 ], [ 74.780728347059608, 23.152128832144818 ], [ 74.789141064387962, 23.147790869994516 ], [ 74.804283955578981, 23.14027173560066 ], [ 74.816398268531799, 23.134198588590237 ], [ 74.82783956409834, 23.139404143170598 ], [ 74.88942065494183, 23.137379760833792 ], [ 74.889757163634968, 23.137958155787164 ], [ 74.890766689714368, 23.137668958310478 ], [ 74.924081050334607, 23.161961546352167 ], [ 74.992055806347636, 23.142585315414152 ], [ 74.99037326288196, 23.120895504662645 ], [ 75.006525680152393, 23.109327605595173 ], [ 75.012919345321933, 23.093421744377402 ], [ 75.014601888787595, 23.0890837822271 ], [ 75.002487575834778, 23.059007244651674 ], [ 75.003160593221054, 23.057850454744926 ], [ 75.002824084527916, 23.056693664838178 ], [ 75.015274906173872, 23.036739038946791 ], [ 75.006862188845517, 23.024014349972575 ], [ 75.003160593221054, 22.91296251892485 ], [ 74.985662141178096, 22.892718695556773 ], [ 74.985325632484958, 22.866690922654964 ], [ 74.952347780557844, 22.835457595172791 ], [ 74.950328728399043, 22.807405439934175 ], [ 74.902881002667186, 22.7718341503017 ], [ 74.895477811418232, 22.748119957213387 ], [ 74.872931728978273, 22.755639091607243 ], [ 74.852068190003976, 22.746384772353263 ], [ 74.816061759838661, 22.750144339550193 ], [ 74.790150590467363, 22.759687856280856 ], [ 74.760537825471587, 22.751301129456941 ], [ 74.781064855752746, 22.675531390565002 ], [ 74.796207746943765, 22.658757936917169 ], [ 74.784093433990947, 22.643719668129457 ], [ 74.783083907911546, 22.600050849149753 ], [ 74.778372786207669, 22.578361038398246 ], [ 74.741020321269829, 22.558984807460231 ], [ 74.741020321269829, 22.558984807460231 ] ] ] } },
{ "type": "Feature", "properties": { "dt_code": "453", "district": "Dindori", "st_code": "23", "year": "2011_c", "st_nm": "Madhya Pradesh" }, "geometry": { "type": "Polygon", "coordinates": [ [ [ 80.57608106020983, 23.351964288535381 ], [ 80.599300160036066, 23.348783116291827 ], [ 80.700589276669334, 23.373943296763578 ], [ 80.701935311441872, 23.374232494240264 ], [ 80.704627380986949, 23.371629716950082 ], [ 80.735586180755249, 23.344155956664839 ], [ 80.761833858819685, 23.344734351618214 ], [ 80.750056054560005, 23.329696082830502 ], [ 80.754094158877606, 23.320730961053208 ], [ 80.724144885188707, 23.304825099835437 ], [ 80.735249672062125, 23.294992385628085 ], [ 80.717751220019167, 23.28487047394405 ], [ 80.725490919961231, 23.260288688425671 ], [ 80.742652863311065, 23.258842701042241 ], [ 80.746690967628666, 23.23165813823368 ], [ 80.761160841433423, 23.225006596269886 ], [ 80.769910067454902, 23.222403818979704 ], [ 80.783370415180258, 23.234550113000548 ], [ 80.792456149894861, 23.250455974218323 ], [ 80.801878393302616, 23.25161276412507 ], [ 80.804906971540817, 23.251901961601757 ], [ 80.811973654096619, 23.252769554031815 ], [ 80.812310162789757, 23.249009986834889 ], [ 80.833173701764053, 23.24062326001097 ], [ 80.831154649605253, 23.230790545803622 ], [ 80.865478536304892, 23.22269301645639 ], [ 80.864805518918629, 23.233104125617114 ], [ 80.912589753343624, 23.258553503565551 ], [ 80.921338979365103, 23.283424486560616 ], [ 80.93580885316986, 23.290365226001096 ], [ 80.955999374757894, 23.279375721887 ], [ 80.964075583393097, 23.259999490948985 ], [ 80.995034383161411, 23.248720789358202 ], [ 80.991332787536933, 23.237442087767416 ], [ 81.030367795940464, 23.209679130005487 ], [ 81.052240860994146, 23.208522340098739 ], [ 81.067720260878303, 23.194351663741088 ], [ 81.104399708429895, 23.202449193088317 ], [ 81.106755269281834, 23.203027588041689 ], [ 81.122571177859115, 23.217776659352715 ], [ 81.126609282176716, 23.209968327482173 ], [ 81.14377122552655, 23.177578210093252 ], [ 81.161606186262631, 23.175843025233132 ], [ 81.162615712342046, 23.175843025233132 ], [ 81.15655855586563, 23.163696731212287 ], [ 81.191555459951545, 23.166010311025783 ], [ 81.178431620919326, 23.153574819528252 ], [ 81.195593564269146, 23.14923685737795 ], [ 81.189536407792744, 23.131306613823369 ], [ 81.2029967555181, 23.125522664289633 ], [ 81.213092016312103, 23.14027173560066 ], [ 81.211072964153303, 23.114822357652223 ], [ 81.238330168297139, 23.111351987931982 ], [ 81.263568320282175, 23.070575143719147 ], [ 81.251117498636233, 23.05206650521119 ], [ 81.228907924889398, 23.057850454744926 ], [ 81.237320642217739, 23.053512492594624 ], [ 81.22655236403746, 23.045414963247396 ], [ 81.230590468355061, 23.036160643993419 ], [ 81.204342790290625, 23.003770526604498 ], [ 81.186507829554543, 22.952293375754252 ], [ 81.199968177279885, 22.913251716401536 ], [ 81.257174655112635, 22.901683817334064 ], [ 81.278038194086932, 22.879994006582557 ], [ 81.314717641638509, 22.877680426769064 ], [ 81.350724071803825, 22.852231048820627 ], [ 81.403219427932697, 22.853966233680747 ], [ 81.429467105997134, 22.835457595172791 ], [ 81.453359223209631, 22.770388162918266 ], [ 81.475905305649604, 22.758531066374111 ], [ 81.509556174962981, 22.765471805814592 ], [ 81.527391135699077, 22.747252364783325 ], [ 81.553975322456637, 22.76113384366429 ], [ 81.593683348246429, 22.753903906747119 ], [ 81.642477108750825, 22.787450814042788 ], [ 81.690597851868958, 22.780510074602304 ], [ 81.691943886641496, 22.780220877125618 ], [ 81.704731216980576, 22.744071192539771 ], [ 81.692616904027773, 22.709078297860671 ], [ 81.740737647145892, 22.687677684585847 ], [ 81.732661438510689, 22.675820588041692 ], [ 81.731315403738151, 22.674085403181568 ], [ 81.728623334193088, 22.670325835984642 ], [ 81.728623334193088, 22.670036638507955 ], [ 81.713816951695193, 22.648636025233134 ], [ 81.684540695392556, 22.647768432803073 ], [ 81.649207282613503, 22.615089117937465 ], [ 81.64550568698904, 22.584434185408668 ], [ 81.657956508634982, 22.584434185408668 ], [ 81.659975560793782, 22.569395916620955 ], [ 81.629016761025483, 22.563322769610533 ], [ 81.621950078469666, 22.538162589138782 ], [ 81.600077013415969, 22.535270614371914 ], [ 81.569454722340794, 22.550887278113002 ], [ 81.562724548478116, 22.542500551289084 ], [ 81.57012773972707, 22.532378639605046 ], [ 81.546235622514558, 22.527751479978058 ], [ 81.522343505302061, 22.539030181568844 ], [ 81.51830540098446, 22.519943148107515 ], [ 81.496768844623901, 22.519653950630829 ], [ 81.496768844623901, 22.519653950630829 ], [ 81.485327549057345, 22.489577413055404 ], [ 81.484654531671083, 22.487842228195284 ], [ 81.481625953432882, 22.488420623148656 ], [ 81.475568796956466, 22.489288215578718 ], [ 81.442590945029352, 22.494493770159078 ], [ 81.451003662357707, 22.486685438288536 ], [ 81.446629049346967, 22.469911984640703 ], [ 81.459079870992909, 22.469333589687331 ], [ 81.447302066733229, 22.465863219967087 ], [ 81.439225858098013, 22.482058278661547 ], [ 81.427784562531471, 22.479744698848052 ], [ 81.428794088610871, 22.456898098189797 ], [ 81.42475598429327, 22.454006123422928 ], [ 81.412978180033576, 22.445619396599014 ], [ 81.406584514864036, 22.440992236972026 ], [ 81.404228954012098, 22.442727421832146 ], [ 81.394470201911219, 22.44937896379594 ], [ 81.390095588900479, 22.452270938562808 ], [ 81.382019380265277, 22.509821236423477 ], [ 81.329860532829528, 22.525148702687879 ], [ 81.328177989363866, 22.525727097641251 ], [ 81.317409711183586, 22.514448396050469 ], [ 81.320774798114925, 22.486974635765222 ], [ 81.320774798114925, 22.486107043335164 ], [ 81.317073202490448, 22.484950253428416 ], [ 81.312698589479709, 22.483504266044982 ], [ 81.307314450389569, 22.482058278661547 ], [ 81.281403281018271, 22.502880496982996 ], [ 81.262222285509637, 22.49333698025233 ], [ 81.261885776816513, 22.472225564454199 ], [ 81.248425429091157, 22.458922480526606 ], [ 81.24135874653534, 22.458344085573231 ], [ 81.217130120629719, 22.457187295666486 ], [ 81.207707877221964, 22.45660890071311 ], [ 81.206025333756301, 22.460946862863413 ], [ 81.196939599041684, 22.483504266044982 ], [ 81.193911020803483, 22.490445005485466 ], [ 81.193574512110345, 22.491312597915524 ], [ 81.193911020803483, 22.49160179539221 ], [ 81.192901494724083, 22.493047782775644 ], [ 81.156222047172491, 22.53931937904553 ], [ 81.154539503706829, 22.558406412506859 ], [ 81.119542599620914, 22.593399307185958 ], [ 81.089929834625138, 22.596580479429512 ], [ 81.080507591217398, 22.612486340647287 ], [ 81.041472582813867, 22.605545601206803 ], [ 81.040126548041343, 22.606413193636865 ], [ 81.030031287247326, 22.615956710367527 ], [ 81.029358269861049, 22.614510722984093 ], [ 81.028348743781649, 22.613643130554031 ], [ 81.012869343897506, 22.591085727372462 ], [ 81.020609043839571, 22.560430794843665 ], [ 81.003447100489751, 22.547416908392758 ], [ 80.970132739869513, 22.54307894624246 ], [ 80.964748600779373, 22.560719992320351 ], [ 80.945904113963877, 22.558117215030173 ], [ 80.936145361862998, 22.587904555128908 ], [ 80.965421618165635, 22.589639739989028 ], [ 80.957345409530419, 22.604678008776741 ], [ 80.993351839695734, 22.611907945693911 ], [ 81.007485204807352, 22.640249298409216 ], [ 80.965421618165635, 22.650082012616565 ], [ 80.959364461689233, 22.63793571859572 ], [ 80.940519974873737, 22.68015855019199 ], [ 80.922685014137642, 22.679580155238618 ], [ 80.929078679307182, 22.707921507953923 ], [ 80.91662785766124, 22.714283852441032 ], [ 80.942539027032538, 22.744360390016457 ], [ 80.898456388232006, 22.760266251234231 ], [ 80.867497588463706, 22.758241868897422 ], [ 80.870189658008769, 22.801621490400439 ], [ 80.854373749431488, 22.807405439934175 ], [ 80.870189658008769, 22.848471481623697 ], [ 80.830481632218977, 22.849628271530445 ], [ 80.826780036594513, 22.833144015359299 ], [ 80.79144662381546, 22.818973339001648 ], [ 80.729865532971985, 22.811743402084478 ], [ 80.72683695473377, 22.832854817882613 ], [ 80.742652863311065, 22.841241544706527 ], [ 80.736259198141525, 22.856569010970929 ], [ 80.718424237405429, 22.862642157981352 ], [ 80.709001993997688, 22.850785061437193 ], [ 80.692513068034131, 22.85627981349424 ], [ 80.670303494287296, 22.836325187602853 ], [ 80.630595468497503, 22.855123023587495 ], [ 80.588531881855786, 22.856569010970929 ], [ 80.560265151632549, 22.880572401535929 ], [ 80.552188942997333, 22.869582897421832 ], [ 80.523585704080958, 22.871896477235328 ], [ 80.539738121351377, 22.919614060888645 ], [ 80.509452338969339, 22.947377018650577 ], [ 80.535700017033776, 22.945931031267143 ], [ 80.545458769134655, 22.963572077345034 ], [ 80.568004851574628, 22.957788127811302 ], [ 80.57608106020983, 22.972537199122328 ], [ 80.57507153413043, 22.973693989029073 ], [ 80.555554029928672, 22.99364861492046 ], [ 80.564976273336413, 22.994516207350522 ], [ 80.571706447199091, 23.021411572682393 ], [ 80.559592134246273, 23.030376694459683 ], [ 80.552861960383609, 23.083589030170049 ], [ 80.542766699589592, 23.073177921009325 ], [ 80.529306351864236, 23.083299832693363 ], [ 80.526277773626035, 23.100073286341196 ], [ 80.525268247546634, 23.104700445968184 ], [ 80.525941264932897, 23.104700445968184 ], [ 80.542093682203316, 23.104122051014812 ], [ 80.565985799415813, 23.124655071859571 ], [ 80.581801707993108, 23.137958155787164 ], [ 80.56228420379135, 23.14721247504114 ], [ 80.552188942997333, 23.166877903455841 ], [ 80.522912686694696, 23.154153214481624 ], [ 80.478830047894164, 23.199557218321448 ], [ 80.478157030507901, 23.20042481075151 ], [ 80.503058673799799, 23.202449193088317 ], [ 80.522576178001557, 23.259131898518927 ], [ 80.543439716975854, 23.262313070762481 ], [ 80.543103208282716, 23.270699797586396 ], [ 80.568341360267752, 23.268964612726275 ], [ 80.571369938505967, 23.281689301700496 ], [ 80.58247472537937, 23.284292078990674 ], [ 80.58247472537937, 23.314079419089413 ], [ 80.56766834288149, 23.316392998902909 ], [ 80.575744551516692, 23.350807498628633 ], [ 80.57608106020983, 23.351964288535381 ] ] ] } },
{ "type": "Feature", "properties": { "dt_code": "452", "district": "Narsinghpur", "st_code": "23", "year": "2011_c", "st_nm": "Madhya Pradesh" }, "geometry": { "type": "Polygon", "coordinates": [ [ [ 79.628472580345061, 22.949979795940756 ], [ 79.623088441254922, 22.95518535052112 ], [ 79.591793132793484, 22.938990291826659 ], [ 79.590447098020945, 22.938122699396601 ], [ 79.5998693414287, 22.913830111354912 ], [ 79.613329689154043, 22.917589678551838 ], [ 79.620732880402983, 22.906889371914428 ], [ 79.62443447602746, 22.873920859572134 ], [ 79.612320163074642, 22.86003938069117 ], [ 79.597513780576762, 22.866401725178278 ], [ 79.576986750295589, 22.833433212835985 ], [ 79.540980320130274, 22.817238154141524 ], [ 79.544008898368489, 22.804513465167307 ], [ 79.515405659452114, 22.777907297312122 ], [ 79.519107255076577, 22.762290633571038 ], [ 79.508338976896297, 22.753903906747119 ], [ 79.523481868087316, 22.751590326933627 ], [ 79.516415185531514, 22.722959776741636 ], [ 79.487811946615139, 22.730768108612178 ], [ 79.471996038037844, 22.72440576412507 ], [ 79.468967459799643, 22.742046810202964 ], [ 79.460218233778164, 22.72990051618212 ], [ 79.411424473273769, 22.721513789358202 ], [ 79.411760981966907, 22.720935394404826 ], [ 79.413443525432569, 22.711970272627539 ], [ 79.39426252992395, 22.702137558420187 ], [ 79.39426252992395, 22.702137558420187 ], [ 79.403011755945428, 22.698088793746571 ], [ 79.401329212479752, 22.685074907295668 ], [ 79.378446621346654, 22.668590651124521 ], [ 79.380802182198593, 22.659047134393855 ], [ 79.361957695383097, 22.642852075699398 ], [ 79.336046526011799, 22.63822491607241 ], [ 79.328643334762859, 22.61827029018102 ], [ 79.327970317376582, 22.616245907844213 ], [ 79.324941739138382, 22.616535105320899 ], [ 79.316865530503179, 22.617402697750961 ], [ 79.297011517608283, 22.620294672517829 ], [ 79.300040095846484, 22.628103004388372 ], [ 79.305087726243485, 22.641984483269336 ], [ 79.306097252322886, 22.645165655512891 ], [ 79.287589274200528, 22.653263184860123 ], [ 79.297011517608283, 22.681893735052114 ], [ 79.296675008915145, 22.682761327482172 ], [ 79.297011517608283, 22.683339722435548 ], [ 79.291290869825005, 22.692015646736149 ], [ 79.289271817666204, 22.695486016456393 ], [ 79.288935308973066, 22.695486016456393 ], [ 79.264370174374307, 22.687099289632474 ], [ 79.243843144093134, 22.71891101206802 ], [ 79.26268763090863, 22.744649587493143 ], [ 79.24451616147941, 22.751879524410313 ], [ 79.240478057161795, 22.803356675260559 ], [ 79.229036761595253, 22.816948956664838 ], [ 79.228700252902115, 22.816948956664838 ], [ 79.192357314043662, 22.809140624794296 ], [ 79.178223948932043, 22.787450814042788 ], [ 79.138179414449127, 22.791499578716401 ], [ 79.123036523258108, 22.765182608337906 ], [ 79.096115827807409, 22.757374276467363 ], [ 79.089385653944731, 22.742336007679651 ], [ 79.042610945599122, 22.759398658804169 ], [ 79.042610945599122, 22.759398658804169 ], [ 79.031842667418843, 22.751301129456941 ], [ 79.018045811000363, 22.74060082281953 ], [ 79.017036284920962, 22.739733230389469 ], [ 79.027468054408104, 22.727586936368624 ], [ 79.027468054408104, 22.727297738891938 ], [ 79.012661671910223, 22.726719343938562 ], [ 79.012325163217085, 22.726719343938562 ], [ 79.012661671910223, 22.72614094898519 ], [ 79.028477580487504, 22.708499902907295 ], [ 79.027804563101242, 22.708210705430609 ], [ 79.004248954581882, 22.694907621503017 ], [ 79.005931498047545, 22.693750831596269 ], [ 79.014680724069024, 22.687966882062536 ], [ 79.016699776227824, 22.686231697202416 ], [ 79.010306111058284, 22.667433861217773 ], [ 79.018718828386625, 22.656733554580363 ], [ 79.002902919809344, 22.654419974766867 ], [ 79.002566411116206, 22.654419974766867 ], [ 79.011652145830823, 22.644008865606146 ], [ 79.010979128444546, 22.643719668129457 ], [ 78.983048906914448, 22.633308558968732 ], [ 78.954782176691211, 22.62925979429512 ], [ 78.941658337658993, 22.633597756445422 ], [ 78.927861481240498, 22.645454852989577 ], [ 78.918439237832757, 22.672061020844762 ], [ 78.849791464433466, 22.684207314865606 ], [ 78.823543786369029, 22.656155159626991 ], [ 78.775423043250896, 22.646900840373011 ], [ 78.780470673647898, 22.622319054854636 ], [ 78.741435665244381, 22.619427080087767 ], [ 78.723600704508286, 22.645165655512891 ], [ 78.680527591787168, 22.661939109160723 ], [ 78.679854574400892, 22.674085403181568 ], [ 78.68019108309403, 22.698377991223261 ], [ 78.690286343888047, 22.705607928140427 ], [ 78.696006991671325, 22.707921507953923 ], [ 78.694324448205649, 22.708499902907295 ], [ 78.680527591787168, 22.713127062534284 ], [ 78.677835522242091, 22.726719343938562 ], [ 78.677835522242091, 22.727586936368624 ], [ 78.698026043830126, 22.760844646187604 ], [ 78.698699061216388, 22.762001436094351 ], [ 78.697016517750725, 22.763447423477785 ], [ 78.680864100480292, 22.775882914975316 ], [ 78.678172030935229, 22.777907297312122 ], [ 78.677499013548967, 22.777039704882064 ], [ 78.662692631051073, 22.764025818431158 ], [ 78.648559265939454, 22.781088469555677 ], [ 78.648559265939454, 22.780510074602304 ], [ 78.647213231166916, 22.763158226001099 ], [ 78.634425900827836, 22.757085078990677 ], [ 78.641829092076776, 22.795548343390017 ], [ 78.616254431398616, 22.798151120680199 ], [ 78.626686200885757, 22.8178165490949 ], [ 78.590343262027304, 22.812032599561164 ], [ 78.606495679297723, 22.831408830499178 ], [ 78.603130592366398, 22.851363456390565 ], [ 78.577555931688224, 22.862063763027976 ], [ 78.599428996741921, 22.875366846955568 ], [ 78.575873388222561, 22.884331968732859 ], [ 78.588324209868503, 22.90573258200768 ], [ 78.571162266518684, 22.95518535052112 ], [ 78.532463766808291, 22.960969300054856 ], [ 78.506552597436993, 22.949979795940756 ], [ 78.491746214939099, 22.966464052111903 ], [ 78.466844571647201, 22.959523312671422 ], [ 78.465162028181538, 22.962126089961604 ], [ 78.4658350455678, 22.977453556226003 ], [ 78.469200132499139, 22.982369913329677 ], [ 78.466171554260939, 22.983526703236425 ], [ 78.463815993409, 22.984683493143173 ], [ 78.459777889091399, 22.986129480526607 ], [ 78.45641280216006, 22.982659110806363 ], [ 78.447663576138581, 22.980056333516181 ], [ 78.446990558752304, 22.982659110806363 ], [ 78.47020965857854, 23.004927316511246 ], [ 78.557028901407065, 23.017362808008777 ], [ 78.594717875038043, 23.011289660998354 ], [ 78.622311587875018, 23.030376694459683 ], [ 78.647886248553192, 23.022279165112451 ], [ 78.648222757246316, 23.021989967635765 ], [ 78.670432330993151, 23.037317433900164 ], [ 78.73100389575724, 23.044258173340648 ], [ 78.731676913143502, 23.044258173340648 ], [ 78.748502347800198, 23.060453232035108 ], [ 78.743454717403182, 23.069418353812399 ], [ 78.744127734789458, 23.069707551289085 ], [ 78.801334212622194, 23.098338101481076 ], [ 78.804362790860395, 23.09978408886451 ], [ 78.80638184301921, 23.108170815688425 ], [ 78.80638184301921, 23.1087492106418 ], [ 78.80638184301921, 23.1087492106418 ], [ 78.788210373589976, 23.117425134942405 ], [ 78.815131069040689, 23.218355054306091 ], [ 78.816140595120089, 23.222114621503017 ], [ 78.811429473416212, 23.229344558420188 ], [ 78.809410421257411, 23.235706902907296 ], [ 78.834648573242447, 23.250745171695009 ], [ 78.848781938354065, 23.225006596269886 ], [ 78.897575698858461, 23.212571104772355 ], [ 78.90733445095934, 23.227030978606692 ], [ 78.938293250727654, 23.23368252057049 ], [ 78.943677389817793, 23.209389932528801 ], [ 78.962521876633289, 23.214884684585847 ], [ 78.980356837369371, 23.20042481075151 ], [ 78.995836237253528, 23.216909066922657 ], [ 79.023766458783641, 23.192905676357654 ], [ 79.023766458783641, 23.192905676357654 ], [ 79.064484010652819, 23.194351663741088 ], [ 79.071550693208636, 23.205919562808557 ], [ 79.091741214796656, 23.19493005869446 ], [ 79.105874579908289, 23.206787155238619 ], [ 79.113950788543491, 23.165431916072407 ], [ 79.125055575416908, 23.175843025233132 ], [ 79.149284201322544, 23.167745495885903 ], [ 79.153322305640145, 23.179313394953375 ], [ 79.166109635979225, 23.176710617663193 ], [ 79.166109635979225, 23.1897245041141 ], [ 79.198077961826939, 23.19493005869446 ], [ 79.198414470520078, 23.19493005869446 ], [ 79.19908748790634, 23.19493005869446 ], [ 79.190001753191737, 23.222403818979704 ], [ 79.190338261884861, 23.223271411409765 ], [ 79.191684296657399, 23.223560608886451 ], [ 79.196731927054401, 23.240044865057598 ], [ 79.227690726822715, 23.225874188699947 ], [ 79.232065339833454, 23.251323566648381 ], [ 79.236776461537332, 23.251034369171695 ], [ 79.247881248410749, 23.248720789358202 ], [ 79.263360648294892, 23.239466470104226 ], [ 79.26807176999877, 23.216619869445967 ], [ 79.306433761016024, 23.231368940756994 ], [ 79.332008421694198, 23.150682844761384 ], [ 79.35186243458908, 23.155888399341745 ], [ 79.355227521520419, 23.171505063082833 ], [ 79.366332308393837, 23.165431916072407 ], [ 79.368351360552637, 23.166299508502469 ], [ 79.371379938790852, 23.165142718595721 ], [ 79.373398990949653, 23.164564323642349 ], [ 79.372052956177114, 23.163118336258915 ], [ 79.35186243458908, 23.139404143170598 ], [ 79.352198943282218, 23.139114945693912 ], [ 79.357919591065496, 23.130439021393308 ], [ 79.346814804192078, 23.107303223258366 ], [ 79.381811708277993, 23.113087172792103 ], [ 79.403348264638552, 23.100073286341196 ], [ 79.434980081793128, 23.108170815688425 ], [ 79.458199181619364, 23.098338101481076 ], [ 79.514396133372713, 23.142874512890842 ], [ 79.571266102512325, 23.134487786066924 ], [ 79.581697871999467, 23.111930382885355 ], [ 79.615685250005981, 23.105278840921557 ], [ 79.607609041370765, 23.098627298957762 ], [ 79.613666197847181, 23.090529769610534 ], [ 79.600205850121824, 23.091975756993968 ], [ 79.602561410973763, 23.083299832693363 ], [ 79.608282058757041, 23.088216189797038 ], [ 79.608282058757041, 23.067683168952279 ], [ 79.596504254497361, 23.059585639605046 ], [ 79.598859815349286, 23.034136261656609 ], [ 79.590783606714083, 23.023146757542513 ], [ 79.608955076143303, 23.019676387822273 ], [ 79.615012232619719, 22.992491825013715 ], [ 79.642942454149818, 22.978899543609437 ], [ 79.643278962842956, 22.978610346132747 ], [ 79.622751932561798, 22.967910039495337 ], [ 79.628472580345061, 22.949979795940756 ] ] ] } },
{ "type": "Feature", "properties": { "dt_code": "438", "district": "Dhar", "st_code": "23", "year": "2011_c", "st_nm": "Madhya Pradesh" }, "geometry": { "type": "Polygon", "coordinates": [ [ [ 74.501762640451702, 22.045659286341195 ], [ 74.492676905737085, 22.071108664289632 ], [ 74.515559496870182, 22.089328105320899 ], [ 74.515222988177044, 22.100028411958313 ], [ 74.475514962387265, 22.096268844761383 ], [ 74.471140349376526, 22.113620693362591 ], [ 74.540797648855218, 22.117380260559518 ], [ 74.5266642837436, 22.146300008228195 ], [ 74.509165831700642, 22.149770377948439 ], [ 74.497388027440962, 22.166543831596272 ], [ 74.496378501361562, 22.179268520570488 ], [ 74.50950234039378, 22.183028087767418 ], [ 74.521616653346584, 22.205296293472298 ], [ 74.512194409938843, 22.220045364783324 ], [ 74.5266642837436, 22.236240423477785 ], [ 74.542816701014019, 22.236818818431157 ], [ 74.556950066125637, 22.219756167306638 ], [ 74.559642135670714, 22.242891965441579 ], [ 74.59026442674589, 22.243181162918269 ], [ 74.603388265778108, 22.2556166544158 ], [ 74.599013652767368, 22.26805214591333 ], [ 74.649153448044302, 22.274125292923753 ], [ 74.661940778383382, 22.29957467087219 ], [ 74.639731204636547, 22.302755843115744 ], [ 74.622905769979866, 22.328494418540867 ], [ 74.631318487308206, 22.365800893033462 ], [ 74.664632847928459, 22.369271262753703 ], [ 74.681794791278278, 22.360884535929788 ], [ 74.691890052072296, 22.368114472846955 ], [ 74.696937682469297, 22.397612615469008 ], [ 74.690207508606619, 22.415832056500275 ], [ 74.714436134512255, 22.423061993417445 ], [ 74.723858377919996, 22.438967854635216 ], [ 74.747750495132507, 22.437232669775096 ], [ 74.705013891104514, 22.478009513987931 ], [ 74.713426608432854, 22.49883173230938 ], [ 74.725540921385672, 22.501723707076248 ], [ 74.712417082353454, 22.526305492594624 ], [ 74.712753591046592, 22.526594690071313 ], [ 74.712753591046592, 22.526883887547999 ], [ 74.727896482237611, 22.552333265496436 ], [ 74.741020321269829, 22.558984807460231 ], [ 74.741020321269829, 22.558984807460231 ], [ 74.778372786207669, 22.578361038398246 ], [ 74.783083907911546, 22.600050849149753 ], [ 74.784093433990947, 22.643719668129457 ], [ 74.796207746943765, 22.658757936917169 ], [ 74.781064855752746, 22.675531390565002 ], [ 74.760537825471587, 22.751301129456941 ], [ 74.790150590467363, 22.759687856280856 ], [ 74.816061759838661, 22.750144339550193 ], [ 74.852068190003976, 22.746384772353263 ], [ 74.872931728978273, 22.755639091607243 ], [ 74.895477811418232, 22.748119957213387 ], [ 74.902881002667186, 22.7718341503017 ], [ 74.950328728399043, 22.807405439934175 ], [ 74.952347780557844, 22.835457595172791 ], [ 74.985325632484958, 22.866690922654964 ], [ 74.985662141178096, 22.892718695556773 ], [ 75.003160593221054, 22.91296251892485 ], [ 75.006862188845517, 23.024014349972575 ], [ 75.015274906173872, 23.036739038946791 ], [ 75.002824084527916, 23.056693664838178 ], [ 75.003160593221054, 23.057850454744926 ], [ 75.002487575834778, 23.059007244651674 ], [ 75.014601888787595, 23.0890837822271 ], [ 75.012919345321933, 23.093421744377402 ], [ 75.006525680152393, 23.109327605595173 ], [ 75.080557592641824, 23.104700445968184 ], [ 75.109497340251323, 23.115111555128909 ], [ 75.238043661028442, 23.085613412506859 ], [ 75.242081765346043, 23.135066181020296 ], [ 75.242081765346043, 23.135355378496982 ], [ 75.300634277951332, 23.126968651673067 ], [ 75.296932682326855, 23.109616803071859 ], [ 75.32015178215309, 23.108170815688425 ], [ 75.324526395163829, 23.068839958859023 ], [ 75.347072477603788, 23.069129156335713 ], [ 75.335631182037247, 23.058718047174988 ], [ 75.334958164650971, 23.039341816236973 ], [ 75.307027943120872, 23.029798299506311 ], [ 75.300297769258194, 22.994516207350522 ], [ 75.326208938629492, 22.986418678003293 ], [ 75.325199412550091, 22.95692053538124 ], [ 75.306018417041471, 22.955763745474492 ], [ 75.306691434427734, 22.932338749862865 ], [ 75.32654544732263, 22.914408506308284 ], [ 75.333275621185308, 22.837192780032915 ], [ 75.334285147264708, 22.836035990126167 ], [ 75.346062951524388, 22.832565620405926 ], [ 75.370628086123162, 22.846736296763577 ], [ 75.371637612202562, 22.868426107515084 ], [ 75.440958402988116, 22.86698012013165 ], [ 75.441967929067516, 22.86698012013165 ], [ 75.440958402988116, 22.862063763027976 ], [ 75.434901246511714, 22.831119633022492 ], [ 75.423123442252034, 22.828806053208996 ], [ 75.425142494410835, 22.809429822270982 ], [ 75.442977455146917, 22.795548343390017 ], [ 75.438602842136177, 22.77356933516182 ], [ 75.440621894294978, 22.772990940208448 ], [ 75.485041041788648, 22.764315015907844 ], [ 75.490761689571926, 22.763158226001099 ], [ 75.487060093947449, 22.757374276467363 ], [ 75.489752163492525, 22.748119957213387 ], [ 75.495472811275789, 22.745227982446519 ], [ 75.494799793889527, 22.73163570104224 ], [ 75.509269667694284, 22.732214095995612 ], [ 75.514990315477547, 22.707343113000547 ], [ 75.507250615535483, 22.694329226549645 ], [ 75.52912368058918, 22.630127386725178 ], [ 75.564793602061357, 22.6362005337356 ], [ 75.575898388934775, 22.661071516730665 ], [ 75.598444471374734, 22.650949605046627 ], [ 75.605847662623674, 22.630416584201864 ], [ 75.655314440514346, 22.63822491607241 ], [ 75.696705009769801, 22.626367819528252 ], [ 75.709155831415757, 22.647479235326387 ], [ 75.709155831415757, 22.647479235326387 ], [ 75.709155831415757, 22.647479235326387 ], [ 75.713530444426496, 22.635332941305542 ], [ 75.713530444426496, 22.619716277564454 ], [ 75.698051044542339, 22.613643130554031 ], [ 75.696368501076662, 22.595712886999451 ], [ 75.686273240282659, 22.59600208447614 ], [ 75.68088910119252, 22.581831408118486 ], [ 75.63108581460871, 22.559563202413603 ], [ 75.596088910522795, 22.567082336807459 ], [ 75.598444471374734, 22.519943148107515 ], [ 75.557390410812417, 22.515026791003841 ], [ 75.553015797801677, 22.491023400438838 ], [ 75.565130110754495, 22.490734202962152 ], [ 75.574552354162236, 22.452849333516184 ], [ 75.563784075981957, 22.427110758091061 ], [ 75.540228467462583, 22.411494094349973 ], [ 75.555371358653602, 22.380839161821175 ], [ 75.56210153251628, 22.377079594624245 ], [ 75.564793602061357, 22.375922804717501 ], [ 75.536863380531244, 22.356835771256172 ], [ 75.522393506726502, 22.375344409764125 ], [ 75.508596650308007, 22.373609224904005 ], [ 75.509269667694284, 22.339194725178277 ], [ 75.496482337355189, 22.339773120131653 ], [ 75.490088672185649, 22.326180838727375 ], [ 75.518691911102025, 22.326180838727375 ], [ 75.517682385022624, 22.279620044980803 ], [ 75.533161784906781, 22.263424986286342 ], [ 75.53551734575872, 22.234216041140979 ], [ 75.515999841556962, 22.186209260010973 ], [ 75.520710963260825, 22.173195373560066 ], [ 75.490761689571926, 22.153819142622051 ], [ 75.487060093947449, 22.153529945145365 ], [ 75.32755497340203, 22.134442911684037 ], [ 75.316450186528613, 22.133286121777292 ], [ 75.238716678414704, 22.124031802523312 ], [ 75.238043661028442, 22.123742605046626 ], [ 75.188240374444632, 22.104655571585301 ], [ 74.909947685222988, 22.082387365880418 ], [ 74.83423322926788, 22.062143542512342 ], [ 74.778709294900807, 22.078338601206802 ], [ 74.679102721733202, 22.03553737465716 ], [ 74.637712152477746, 22.036983362040594 ], [ 74.591946970211552, 22.023391080636316 ], [ 74.562334205215777, 22.023391080636316 ], [ 74.532048422833739, 22.051443235874931 ], [ 74.502435657837964, 22.04450249643445 ], [ 74.501762640451702, 22.045659286341195 ] ] ] } },
{ "type": "Feature", "properties": { "dt_code": "439", "district": "Indore", "st_code": "23", "year": "2011_c", "st_nm": "Madhya Pradesh" }, "geometry": { "type": "Polygon", "coordinates": [ [ [ 76.082680480794266, 22.537294996708724 ], [ 76.080661428635466, 22.539030181568844 ], [ 76.076286815624727, 22.523702715304445 ], [ 76.060470907047431, 22.533535429511794 ], [ 76.027829563813455, 22.528908269884806 ], [ 76.027829563813455, 22.528908269884806 ], [ 76.023791459495854, 22.495072165112454 ], [ 76.050712154946552, 22.478298711464618 ], [ 76.052058189719091, 22.459790072956665 ], [ 76.046001033242689, 22.456319703236424 ], [ 76.041962928925074, 22.458054888096544 ], [ 76.039270859380011, 22.452560136039494 ], [ 76.031867668131056, 22.43694347229841 ], [ 76.008648568304835, 22.444462606692266 ], [ 76.006629516146035, 22.421905203510697 ], [ 75.99384218580694, 22.413518476686782 ], [ 75.960864333879826, 22.430581127811301 ], [ 75.914089625534231, 22.420459216127263 ], [ 75.906013416899029, 22.387201506308283 ], [ 75.894235612639335, 22.385177123971477 ], [ 75.860921252019097, 22.380839161821175 ], [ 75.857219656394619, 22.381706754251233 ], [ 75.834337065261522, 22.408891317059791 ], [ 75.82188624361558, 22.405999342292926 ], [ 75.818857665377365, 22.399347800329128 ], [ 75.759968644078953, 22.362908918266594 ], [ 75.746171787660472, 22.360016943499726 ], [ 75.722279670447975, 22.369560460230389 ], [ 75.721606653061698, 22.369271262753703 ], [ 75.721606653061698, 22.369560460230389 ], [ 75.654641423128083, 22.342665094898521 ], [ 75.653631897048683, 22.331964788261107 ], [ 75.640844566709589, 22.3562573763028 ], [ 75.615606414724553, 22.337748737794843 ], [ 75.599790506147272, 22.340640712561711 ], [ 75.61089529302069, 22.346713859572134 ], [ 75.610222275634413, 22.363776510696656 ], [ 75.592723823591456, 22.360884535929788 ], [ 75.575225371548498, 22.377657989577621 ], [ 75.56210153251628, 22.377079594624245 ], [ 75.555371358653602, 22.380839161821175 ], [ 75.540228467462583, 22.411494094349973 ], [ 75.563784075981957, 22.427110758091061 ], [ 75.574552354162236, 22.452849333516184 ], [ 75.565130110754495, 22.490734202962152 ], [ 75.553015797801677, 22.491023400438838 ], [ 75.557390410812417, 22.515026791003841 ], [ 75.598444471374734, 22.519943148107515 ], [ 75.596088910522795, 22.567082336807459 ], [ 75.63108581460871, 22.559563202413603 ], [ 75.68088910119252, 22.581831408118486 ], [ 75.686273240282659, 22.59600208447614 ], [ 75.696368501076662, 22.595712886999451 ], [ 75.698051044542339, 22.613643130554031 ], [ 75.713530444426496, 22.619716277564454 ], [ 75.713530444426496, 22.635332941305542 ], [ 75.709155831415757, 22.647479235326387 ], [ 75.709155831415757, 22.647479235326387 ], [ 75.709155831415757, 22.647479235326387 ], [ 75.696705009769801, 22.626367819528252 ], [ 75.655314440514346, 22.63822491607241 ], [ 75.605847662623674, 22.630416584201864 ], [ 75.598444471374734, 22.650949605046627 ], [ 75.575898388934775, 22.661071516730665 ], [ 75.564793602061357, 22.6362005337356 ], [ 75.52912368058918, 22.630127386725178 ], [ 75.507250615535483, 22.694329226549645 ], [ 75.514990315477547, 22.707343113000547 ], [ 75.509269667694284, 22.732214095995612 ], [ 75.494799793889527, 22.73163570104224 ], [ 75.495472811275789, 22.745227982446519 ], [ 75.489752163492525, 22.748119957213387 ], [ 75.487060093947449, 22.757374276467363 ], [ 75.490761689571926, 22.763158226001099 ], [ 75.485041041788648, 22.764315015907844 ], [ 75.440621894294978, 22.772990940208448 ], [ 75.438602842136177, 22.77356933516182 ], [ 75.442977455146917, 22.795548343390017 ], [ 75.425142494410835, 22.809429822270982 ], [ 75.423123442252034, 22.828806053208996 ], [ 75.434901246511714, 22.831119633022492 ], [ 75.440958402988116, 22.862063763027976 ], [ 75.441967929067516, 22.86698012013165 ], [ 75.440958402988116, 22.86698012013165 ], [ 75.438939350829315, 22.907178569391114 ], [ 75.459466381110474, 22.925976405375756 ], [ 75.475618798380893, 22.926265602852443 ], [ 75.475955307074031, 22.939279489303345 ], [ 75.455764785486011, 22.941882266593527 ], [ 75.463504485428089, 22.969356026878771 ], [ 75.486387076561186, 22.967910039495337 ], [ 75.492780741730726, 22.984394295666483 ], [ 75.492780741730726, 22.984683493143173 ], [ 75.473599746222092, 22.986129480526607 ], [ 75.473599746222092, 23.00261373669775 ], [ 75.460475907189874, 23.006662501371366 ], [ 75.484368024402372, 23.017941202962152 ], [ 75.487733111333711, 23.003481329127812 ], [ 75.495472811275789, 23.002324539221064 ], [ 75.499510915593405, 23.001746144267692 ], [ 75.502202985138467, 23.001456946791006 ], [ 75.518018893715762, 23.040209408667032 ], [ 75.533498293599905, 23.035293051563357 ], [ 75.545612606552723, 23.062477614371915 ], [ 75.565130110754495, 23.065080391662097 ], [ 75.566139636833896, 23.085902609983545 ], [ 75.626374692904847, 23.082432240263302 ], [ 75.627720727677371, 23.081853845309929 ], [ 75.629739779836171, 23.065658786615469 ], [ 75.616279432110829, 23.052644900164566 ], [ 75.627384218984247, 23.047439345584202 ], [ 75.632431849381248, 23.006951698848052 ], [ 75.646228705799729, 23.006662501371366 ], [ 75.635460427619449, 23.019965585298959 ], [ 75.649257284037944, 23.025749534832695 ], [ 75.671803366477903, 23.014181635765222 ], [ 75.722616179141099, 23.014760030718598 ], [ 75.723962213913637, 23.014760030718598 ], [ 75.727327300844976, 23.015049228195284 ], [ 75.730019370390053, 23.024014349972575 ], [ 75.736413035559593, 23.033268669226551 ], [ 75.778140113508186, 23.027773917169501 ], [ 75.813473526287225, 23.039920211190346 ], [ 75.842076765203601, 23.028930707076249 ], [ 75.874381599744453, 23.039052618760287 ], [ 75.896927682184412, 23.001746144267692 ], [ 75.897600699570674, 23.003481329127812 ], [ 75.897937208263812, 23.003192131651126 ], [ 75.896927682184412, 23.001456946791006 ], [ 75.914426134227369, 22.978031951179375 ], [ 75.915099151613632, 22.976585963795941 ], [ 75.91543566030677, 22.976296766319255 ], [ 75.924857903714511, 22.980345530992871 ], [ 75.951778599165223, 22.946509426220516 ], [ 75.965238946890565, 22.944485043883709 ], [ 75.982064381547261, 22.910938136588044 ], [ 75.984419942399199, 22.872764069665386 ], [ 76.023118442109578, 22.859750183214484 ], [ 76.037588315914334, 22.841241544706527 ], [ 76.036915298528072, 22.829673645639058 ], [ 76.05441375057103, 22.81608136423478 ], [ 76.049366120174014, 22.806537847504114 ], [ 76.060134398354307, 22.8068270449808 ], [ 76.080324919942328, 22.767785385628088 ], [ 76.103207511075425, 22.701559163466815 ], [ 76.190363262597074, 22.690280461876029 ], [ 76.203823610322431, 22.676109785518378 ], [ 76.191372788676489, 22.660782319253979 ], [ 76.21358236242331, 22.661939109160723 ], [ 76.229734779693729, 22.675242193088316 ], [ 76.228052236228066, 22.651238802523313 ], [ 76.247233231736686, 22.643719668129457 ], [ 76.232090340545668, 22.617113500274275 ], [ 76.199448997311691, 22.625211029621504 ], [ 76.18901722782455, 22.600050849149753 ], [ 76.181277527882472, 22.598894059243008 ], [ 76.180604510496195, 22.599183256719694 ], [ 76.189353736517674, 22.608726773450357 ], [ 76.172528301860993, 22.621162264947888 ], [ 76.18800770174515, 22.639092508502468 ], [ 76.188680719131412, 22.63996010093253 ], [ 76.187334684358873, 22.639092508502468 ], [ 76.170172741009054, 22.627813806911686 ], [ 76.151328254193558, 22.63273016401536 ], [ 76.151664762886696, 22.632440966538674 ], [ 76.168153688850254, 22.603521218869997 ], [ 76.148972693341619, 22.613353933077345 ], [ 76.14358855425148, 22.58877214755897 ], [ 76.137867906468202, 22.604099613823369 ], [ 76.1328202760712, 22.604099613823369 ], [ 76.1318107499918, 22.604099613823369 ], [ 76.127772645674199, 22.603810416346683 ], [ 76.127099628287922, 22.594556097092706 ], [ 76.119359928345844, 22.604099613823369 ], [ 76.11902341965272, 22.604099613823369 ], [ 76.11902341965272, 22.604099613823369 ], [ 76.107918632779302, 22.600050849149753 ], [ 76.123398032663459, 22.589061345035656 ], [ 76.113975789255704, 22.582120605595172 ], [ 76.082007463408004, 22.603521218869997 ], [ 76.088401128577544, 22.586169370268788 ], [ 76.064509011365047, 22.58530177783873 ], [ 76.06181694181997, 22.58530177783873 ], [ 76.067537589603248, 22.580963815688428 ], [ 76.079315393862927, 22.571998693911137 ], [ 76.088064619884406, 22.565636349424025 ], [ 76.106236089313626, 22.566793139330773 ], [ 76.106236089313626, 22.566214744377401 ], [ 76.095467811133346, 22.556382030170049 ], [ 76.089074145963806, 22.550598080636313 ], [ 76.085036041646205, 22.546838513439386 ], [ 76.085709059032467, 22.543657341195832 ], [ 76.082680480794266, 22.537294996708724 ] ] ] } },
{ "type": "Feature", "properties": { "dt_code": "454", "district": "Mandla", "st_code": "23", "year": "2011_c", "st_nm": "Madhya Pradesh" }, "geometry": { "type": "Polygon", "coordinates": [ [ [ 80.099921259425514, 22.335435157981351 ], [ 80.077038668292417, 22.35076262424575 ], [ 80.072327546588539, 22.39298545584202 ], [ 80.072327546588539, 22.393563850795392 ], [ 80.091172033404035, 22.405710144816236 ], [ 80.091172033404035, 22.405999342292926 ], [ 80.091508542097174, 22.406288539769612 ], [ 80.092518068176574, 22.423640388370817 ], [ 80.080067246530618, 22.427689153044433 ], [ 80.071654529202277, 22.450246556226002 ], [ 80.050117972841718, 22.456319703236424 ], [ 80.044397325058441, 22.494782967635764 ], [ 80.023197277391006, 22.505194076796489 ], [ 80.037330642502624, 22.525148702687879 ], [ 80.034975081650686, 22.534692219418542 ], [ 80.032956029491885, 22.541343761382336 ], [ 80.031609994719346, 22.546838513439386 ], [ 80.016130594835204, 22.54307894624246 ], [ 80.009063912279387, 22.558984807460231 ], [ 79.988536881998229, 22.545103328579266 ], [ 79.952866960526052, 22.558406412506859 ], [ 79.989882916770767, 22.580674618211738 ], [ 80.007717877506849, 22.574890668678005 ], [ 80.015457577448927, 22.596869676906199 ], [ 80.032283012105623, 22.596580479429512 ], [ 80.035311590343824, 22.608148378496985 ], [ 80.072664055281678, 22.602075231486563 ], [ 80.113045098457732, 22.626946214481624 ], [ 80.126505446183089, 22.610172760833791 ], [ 80.144676915612308, 22.616245907844213 ], [ 80.153762650326925, 22.600050849149753 ], [ 80.202219902138182, 22.603810416346683 ], [ 80.216016758556677, 22.62723541195831 ], [ 80.194480202196104, 22.644298063082832 ], [ 80.212988180318462, 22.674374600658258 ], [ 80.236207280144697, 22.674085403181568 ], [ 80.239235858382898, 22.715151444871093 ], [ 80.289375653659846, 22.726430146461876 ], [ 80.281299445024629, 22.78079927207899 ], [ 80.280962936331491, 22.783980444322545 ], [ 80.268175605992411, 22.793234763576521 ], [ 80.219381845488016, 22.799597108063633 ], [ 80.215680249863539, 22.800175503017005 ], [ 80.203229428217583, 22.792077973669777 ], [ 80.204238954296983, 22.785715629182668 ], [ 80.179673819698223, 22.76286902852441 ], [ 80.100594276811776, 22.769231373011522 ], [ 80.064924355339599, 22.76113384366429 ], [ 80.023870294777282, 22.789475196379595 ], [ 80.018486155687128, 22.793813158529897 ], [ 80.011419473131326, 22.80885142731761 ], [ 80.00536231665491, 22.822443708721888 ], [ 80.004689299268648, 22.823600498628636 ], [ 79.969692395182733, 22.845001111903457 ], [ 79.964308256092593, 22.851941851343938 ], [ 79.974403516886611, 22.917300481075152 ], [ 79.952193943139775, 22.946509426220516 ], [ 79.951520925753513, 22.947087821173891 ], [ 80.005698825348048, 22.979477938562809 ], [ 79.991228951543292, 22.998275774547452 ], [ 80.00536231665491, 23.00637330389468 ], [ 79.990219425463891, 23.013892438288536 ], [ 79.99257498631583, 23.028641509599563 ], [ 79.993921021088369, 23.029219904552935 ], [ 80.033965555571285, 23.038763421283598 ], [ 80.036657625116362, 23.039341816236973 ], [ 80.07973073783748, 23.065947984092155 ], [ 80.081076772610018, 23.077226685682941 ], [ 80.108333976753855, 23.075780698299507 ], [ 80.108670485446993, 23.075780698299507 ], [ 80.108670485446993, 23.075780698299507 ], [ 80.108670485446993, 23.074913105869445 ], [ 80.111026046298932, 23.053223295117938 ], [ 80.131216567886952, 23.058428849698299 ], [ 80.134245146125153, 23.059585639605046 ], [ 80.134245146125153, 23.05929644212836 ], [ 80.140638811294707, 23.047439345584202 ], [ 80.141984846067231, 23.04483656829402 ], [ 80.163857911120928, 23.047728543060888 ], [ 80.186403993560901, 23.022857560065827 ], [ 80.182029380550162, 23.062766811848601 ], [ 80.204238954296983, 23.068550761382337 ], [ 80.202892919524459, 23.086481004936918 ], [ 80.18875955441284, 23.091975756993968 ], [ 80.181692871857024, 23.110773592978607 ], [ 80.186067484867763, 23.128703836533187 ], [ 80.188086537026564, 23.128993034009873 ], [ 80.217699302022339, 23.132463403730117 ], [ 80.247985084404377, 23.151550437191442 ], [ 80.276251814627628, 23.146055685134396 ], [ 80.276251814627628, 23.135355378496982 ], [ 80.29610582752251, 23.125522664289633 ], [ 80.301826475305788, 23.098338101481076 ], [ 80.329420188142763, 23.096892114097642 ], [ 80.359369461831676, 23.139404143170598 ], [ 80.392683822451914, 23.14200692046078 ], [ 80.391337787679376, 23.171215865606143 ], [ 80.40513464409787, 23.172372655512891 ], [ 80.405471152790994, 23.171794260559519 ], [ 80.424652148299629, 23.14200692046078 ], [ 80.459312543692405, 23.142585315414152 ], [ 80.458303017613005, 23.124944269336261 ], [ 80.478830047894164, 23.126101059243005 ], [ 80.490944360846981, 23.10701402578168 ], [ 80.511807899821278, 23.10701402578168 ], [ 80.507769795503677, 23.082432240263302 ], [ 80.511134882435016, 23.080407857926495 ], [ 80.527623808398573, 23.083010635216677 ], [ 80.529306351864236, 23.083299832693363 ], [ 80.542766699589592, 23.073177921009325 ], [ 80.552861960383609, 23.083589030170049 ], [ 80.559592134246273, 23.030376694459683 ], [ 80.571706447199091, 23.021411572682393 ], [ 80.564976273336413, 22.994516207350522 ], [ 80.555554029928672, 22.99364861492046 ], [ 80.57507153413043, 22.973693989029073 ], [ 80.57608106020983, 22.972537199122328 ], [ 80.568004851574628, 22.957788127811302 ], [ 80.545458769134655, 22.963572077345034 ], [ 80.535700017033776, 22.945931031267143 ], [ 80.509452338969339, 22.947377018650577 ], [ 80.539738121351377, 22.919614060888645 ], [ 80.523585704080958, 22.871896477235328 ], [ 80.552188942997333, 22.869582897421832 ], [ 80.560265151632549, 22.880572401535929 ], [ 80.588531881855786, 22.856569010970929 ], [ 80.630595468497503, 22.855123023587495 ], [ 80.670303494287296, 22.836325187602853 ], [ 80.692513068034131, 22.85627981349424 ], [ 80.709001993997688, 22.850785061437193 ], [ 80.718424237405429, 22.862642157981352 ], [ 80.736259198141525, 22.856569010970929 ], [ 80.742652863311065, 22.841241544706527 ], [ 80.72683695473377, 22.832854817882613 ], [ 80.729865532971985, 22.811743402084478 ], [ 80.79144662381546, 22.818973339001648 ], [ 80.826780036594513, 22.833144015359299 ], [ 80.830481632218977, 22.849628271530445 ], [ 80.870189658008769, 22.848471481623697 ], [ 80.854373749431488, 22.807405439934175 ], [ 80.870189658008769, 22.801621490400439 ], [ 80.867497588463706, 22.758241868897422 ], [ 80.898456388232006, 22.760266251234231 ], [ 80.942539027032538, 22.744360390016457 ], [ 80.91662785766124, 22.714283852441032 ], [ 80.929078679307182, 22.707921507953923 ], [ 80.922685014137642, 22.679580155238618 ], [ 80.940519974873737, 22.68015855019199 ], [ 80.959364461689233, 22.63793571859572 ], [ 80.965421618165635, 22.650082012616565 ], [ 81.007485204807352, 22.640249298409216 ], [ 80.993351839695734, 22.611907945693911 ], [ 80.957345409530419, 22.604678008776741 ], [ 80.965421618165635, 22.589639739989028 ], [ 80.936145361862998, 22.587904555128908 ], [ 80.945904113963877, 22.558117215030173 ], [ 80.964748600779373, 22.560719992320351 ], [ 80.970132739869513, 22.54307894624246 ], [ 81.003447100489751, 22.547416908392758 ], [ 81.020609043839571, 22.560430794843665 ], [ 81.012869343897506, 22.591085727372462 ], [ 81.028348743781649, 22.613643130554031 ], [ 81.029358269861049, 22.614510722984093 ], [ 81.030031287247326, 22.615956710367527 ], [ 81.040126548041343, 22.606413193636865 ], [ 81.041472582813867, 22.605545601206803 ], [ 81.080507591217398, 22.612486340647287 ], [ 81.089929834625138, 22.596580479429512 ], [ 81.119542599620914, 22.593399307185958 ], [ 81.154539503706829, 22.558406412506859 ], [ 81.156222047172491, 22.53931937904553 ], [ 81.192901494724083, 22.493047782775644 ], [ 81.193911020803483, 22.49160179539221 ], [ 81.193574512110345, 22.491312597915524 ], [ 81.174057007908587, 22.48813142567197 ], [ 81.172710973136049, 22.487842228195284 ], [ 81.155212521093091, 22.45487371585299 ], [ 81.110793373599435, 22.436075879868348 ], [ 81.104736217123019, 22.390093481075152 ], [ 81.103726691043619, 22.383152741634667 ], [ 81.121225143086576, 22.342665094898521 ], [ 81.113485443144498, 22.324156456390565 ], [ 81.118869582234652, 22.291187944048271 ], [ 81.079498065137997, 22.239421595721339 ], [ 81.072767891275319, 22.248386717498629 ], [ 81.044837669745206, 22.240578385628087 ], [ 81.044837669745206, 22.240578385628087 ], [ 81.006475678727952, 22.283668809654415 ], [ 80.958354935609819, 22.2752820828305 ], [ 80.938164414021799, 22.287717574328031 ], [ 80.936481870556122, 22.277884860120682 ], [ 80.914945314195563, 22.279041650027427 ], [ 80.903840527322146, 22.297550288535383 ], [ 80.909561175105424, 22.317794111903456 ], [ 80.93143424015912, 22.331097195831049 ], [ 80.908888157719161, 22.342954292375207 ], [ 80.881630953575325, 22.333699973121231 ], [ 80.882976988347849, 22.347292254525509 ], [ 80.893745266528143, 22.350473426769064 ], [ 80.865478536304892, 22.364933300603401 ], [ 80.86581504499803, 22.378814779484365 ], [ 80.814665723641696, 22.390093481075152 ], [ 80.811300636710357, 22.40195057761931 ], [ 80.795484728133061, 22.399926195282504 ], [ 80.80221490199574, 22.366379287986835 ], [ 80.787745028190997, 22.31374534722984 ], [ 80.773611663079379, 22.317215716950084 ], [ 80.744671915469866, 22.284536402084477 ], [ 80.703954363600673, 22.270654923203512 ], [ 80.703617854907549, 22.254749061985738 ], [ 80.728519498199447, 22.22033456226001 ], [ 80.706309924452611, 22.202115121228744 ], [ 80.645738359688522, 22.227564499177181 ], [ 80.579782655834308, 22.226407709270433 ], [ 80.532334930102436, 22.240578385628087 ], [ 80.526277773626035, 22.26458177619309 ], [ 80.515509495445755, 22.262268196379594 ], [ 80.507769795503677, 22.275571280307187 ], [ 80.487579273915642, 22.270076528250137 ], [ 80.462341121930606, 22.280776834887547 ], [ 80.465033191475683, 22.2642925787164 ], [ 80.450899826364065, 22.263424986286342 ], [ 80.446861722046449, 22.246073137685134 ], [ 80.415566413585012, 22.244337952825013 ], [ 80.420950552675151, 22.278174057597369 ], [ 80.399750505007731, 22.304491027975864 ], [ 80.336150362005441, 22.298996275918817 ], [ 80.346245622799458, 22.327048431157433 ], [ 80.323026522973223, 22.346135464618762 ], [ 80.279280392865829, 22.323288863960506 ], [ 80.273223236389413, 22.307383002742732 ], [ 80.235197754065297, 22.301599053208996 ], [ 80.228131071509495, 22.31374534722984 ], [ 80.168232524131668, 22.325313246297313 ], [ 80.172270628449283, 22.340062317608339 ], [ 80.159819806803327, 22.346135464618762 ], [ 80.103286346356853, 22.342665094898521 ], [ 80.101603802891177, 22.338905527701591 ], [ 80.099921259425514, 22.335435157981351 ] ] ] } },
{ "type": "Feature", "properties": { "dt_code": "449", "district": "Hoshangabad", "st_code": "23", "year": "2011_c", "st_nm": "Madhya Pradesh" }, "geometry": { "type": "Polygon", "coordinates": [ [ [ 78.690286343888047, 22.705607928140427 ], [ 78.626013183499495, 22.678712562808556 ], [ 78.626013183499495, 22.678712562808556 ], [ 78.625676674806357, 22.67842336533187 ], [ 78.611879818387877, 22.649214420186507 ], [ 78.575200370836285, 22.663095899067471 ], [ 78.542222518909171, 22.657022752057049 ], [ 78.523041523400551, 22.664541886450905 ], [ 78.52203199732115, 22.665120281404278 ], [ 78.52001294516235, 22.662517504114099 ], [ 78.503860527891916, 22.64169528579265 ], [ 78.498139880108653, 22.633886953922108 ], [ 78.497803371415515, 22.59224251727921 ], [ 78.547943166692448, 22.536427404278662 ], [ 78.540876484136646, 22.501723707076248 ], [ 78.514292297379072, 22.491312597915524 ], [ 78.509581175675194, 22.477720316511245 ], [ 78.529771697263229, 22.469911984640703 ], [ 78.529435188570091, 22.45487371585299 ], [ 78.554000323168864, 22.455741308283052 ], [ 78.560393988338404, 22.419880821173891 ], [ 78.527079627718152, 22.419880821173891 ], [ 78.470546167271678, 22.375344409764125 ], [ 78.418050811142805, 22.383152741634667 ], [ 78.380361837511813, 22.420459216127263 ], [ 78.284793368661823, 22.419591623697205 ], [ 78.270323494857067, 22.40195057761931 ], [ 78.270323494857067, 22.40195057761931 ], [ 78.266958407925728, 22.39819101042238 ], [ 78.187542356346157, 22.398769405375756 ], [ 78.187542356346157, 22.398769405375756 ], [ 78.033421374890878, 22.329940405924301 ], [ 78.011211801144043, 22.337748737794843 ], [ 77.954005323311307, 22.332832380691169 ], [ 77.946602132062353, 22.341219107515087 ], [ 77.884684532525739, 22.287428376851345 ], [ 77.865503537017119, 22.288585166758093 ], [ 77.86853211525532, 22.35076262424575 ], [ 77.854735258836826, 22.368982065277017 ], [ 77.789789081062011, 22.335435157981351 ], [ 77.753446142203558, 22.353943796489304 ], [ 77.744360407488941, 22.347292254525509 ], [ 77.756474720441759, 22.338616330224905 ], [ 77.74974454657908, 22.325891641250685 ], [ 77.720468290276443, 22.313166952276468 ], [ 77.71676669465198, 22.321553679100383 ], [ 77.683452334031728, 22.322132074053759 ], [ 77.682442807952327, 22.312877754799782 ], [ 77.655185603808491, 22.306515410312674 ], [ 77.638023660458671, 22.322999666483817 ], [ 77.624563312733315, 22.321553679100383 ], [ 77.624563312733315, 22.332543183214483 ], [ 77.597306108589478, 22.332253985737797 ], [ 77.591585460806201, 22.34353268732858 ], [ 77.557261574106562, 22.336013552934723 ], [ 77.556252048027162, 22.356546573779486 ], [ 77.553559978482085, 22.3562573763028 ], [ 77.551540926323284, 22.3562573763028 ], [ 77.549185365471345, 22.35596817882611 ], [ 77.548175839391945, 22.35249780910587 ], [ 77.507458287522752, 22.31201016236972 ], [ 77.508131304909028, 22.280776834887547 ], [ 77.486931257241594, 22.272100910586946 ], [ 77.477845522526977, 22.250700297312122 ], [ 77.458328018325219, 22.248386717498629 ], [ 77.452607370541941, 22.217153390016456 ], [ 77.418283483842302, 22.22033456226001 ], [ 77.410880292593362, 22.224383326933626 ], [ 77.400785031799344, 22.222069747120131 ], [ 77.390016753619065, 22.222937339550192 ], [ 77.38597864930145, 22.244627150301703 ], [ 77.363096058168352, 22.247519125068568 ], [ 77.370499249417307, 22.283668809654415 ], [ 77.354346832146874, 22.290031154141527 ], [ 77.357375410385089, 22.316926519473395 ], [ 77.313965788970819, 22.352208611629184 ], [ 77.323051523685436, 22.373320027427319 ], [ 77.301178458631739, 22.412940081733407 ], [ 77.308918158573817, 22.436654274821723 ], [ 77.279978410964304, 22.435497484914976 ], [ 77.29242923261026, 22.447932976412506 ], [ 77.281660954429981, 22.463549640153595 ], [ 77.282333971816243, 22.497385744925946 ], [ 77.263152976307623, 22.518497160724081 ], [ 77.247673576423466, 22.520521543060891 ], [ 77.271565693635964, 22.539030181568844 ], [ 77.257432328524345, 22.553490055403181 ], [ 77.23421322869811, 22.550887278113002 ], [ 77.213349689723813, 22.561876782227099 ], [ 77.221089389665892, 22.569106719144269 ], [ 77.258778363296884, 22.604099613823369 ], [ 77.262479958921347, 22.603521218869997 ], [ 77.267864098011486, 22.603232021393307 ], [ 77.275603797953565, 22.602364428963249 ], [ 77.292765741303398, 22.565347151947339 ], [ 77.329108680161838, 22.562165979703785 ], [ 77.332137258400053, 22.563901164563905 ], [ 77.364778601634029, 22.607280786066923 ], [ 77.365451619020291, 22.607280786066923 ], [ 77.365788127713429, 22.607569983543609 ], [ 77.395064384016067, 22.606991588590237 ], [ 77.465731209574159, 22.647479235326387 ], [ 77.502074148432612, 22.644008865606146 ], [ 77.531013896042126, 22.668301453647835 ], [ 77.53135040473525, 22.668590651124521 ], [ 77.533705965587188, 22.668590651124521 ], [ 77.57576955222892, 22.675820588041692 ], [ 77.622880769267653, 22.744071192539771 ], [ 77.623553786653915, 22.744071192539771 ], [ 77.66494435590937, 22.731924898518926 ], [ 77.699268242609023, 22.767206990674712 ], [ 77.74133182925074, 22.760555448710917 ], [ 77.778684294188594, 22.790631986286343 ], [ 77.79853830708349, 22.841819939659903 ], [ 77.847332067587885, 22.872185674712014 ], [ 77.847668576281023, 22.8724748721887 ], [ 77.870887676107259, 22.86350975041141 ], [ 77.861801941392642, 22.839506359846407 ], [ 77.874252763038598, 22.829095250685683 ], [ 77.911605227976438, 22.855990616017554 ], [ 77.913960788828376, 22.857436603400988 ], [ 77.922710014849855, 22.852809443773999 ], [ 77.927421136553733, 22.850206666483817 ], [ 77.929440188712533, 22.849339074053759 ], [ 77.909249667124513, 22.813189389467912 ], [ 77.907567123658836, 22.780220877125618 ], [ 77.919344927918516, 22.770677360394956 ], [ 77.924392558315532, 22.772990940208448 ], [ 77.938862432120274, 22.781666864509052 ], [ 77.937179888654612, 22.810297414701044 ], [ 77.966456144957249, 22.823311301151946 ], [ 77.973186318819927, 22.826492473395504 ], [ 77.992703823021685, 22.82302210367526 ], [ 77.999097488191225, 22.821865313768512 ], [ 78.00212606642944, 22.82128691881514 ], [ 78.028373744493877, 22.802489082830501 ], [ 78.028037235800738, 22.801910687877125 ], [ 78.028710253187, 22.802199885353811 ], [ 78.029719779266401, 22.801332292923753 ], [ 78.063034139886653, 22.813189389467912 ], [ 78.10947233953911, 22.789764393856281 ], [ 78.110818374311648, 22.790631986286343 ], [ 78.124951739423267, 22.799597108063633 ], [ 78.127980317661468, 22.837192780032915 ], [ 78.183167743335417, 22.871318082281952 ], [ 78.194945547595097, 22.890694313219967 ], [ 78.216482103955656, 22.893007893033463 ], [ 78.23768215162309, 22.86726931760834 ], [ 78.259218707983649, 22.875945241908941 ], [ 78.280082246957946, 22.867847712561712 ], [ 78.320799798827139, 22.91643288864509 ], [ 78.354450668140515, 22.920481653318706 ], [ 78.397187272168509, 22.962126089961604 ], [ 78.402907919951787, 22.965596459681844 ], [ 78.446317541366042, 22.985551085573231 ], [ 78.446990558752304, 22.982659110806363 ], [ 78.447663576138581, 22.980056333516181 ], [ 78.45641280216006, 22.982659110806363 ], [ 78.459777889091399, 22.986129480526607 ], [ 78.463815993409, 22.984683493143173 ], [ 78.466171554260939, 22.983526703236425 ], [ 78.469200132499139, 22.982369913329677 ], [ 78.4658350455678, 22.977453556226003 ], [ 78.465162028181538, 22.962126089961604 ], [ 78.466844571647201, 22.959523312671422 ], [ 78.491746214939099, 22.966464052111903 ], [ 78.506552597436993, 22.949979795940756 ], [ 78.532463766808291, 22.960969300054856 ], [ 78.571162266518684, 22.95518535052112 ], [ 78.588324209868503, 22.90573258200768 ], [ 78.575873388222561, 22.884331968732859 ], [ 78.599428996741921, 22.875366846955568 ], [ 78.577555931688224, 22.862063763027976 ], [ 78.603130592366398, 22.851363456390565 ], [ 78.606495679297723, 22.831408830499178 ], [ 78.590343262027304, 22.812032599561164 ], [ 78.626686200885757, 22.8178165490949 ], [ 78.616254431398616, 22.798151120680199 ], [ 78.641829092076776, 22.795548343390017 ], [ 78.634425900827836, 22.757085078990677 ], [ 78.647213231166916, 22.763158226001099 ], [ 78.648559265939454, 22.780510074602304 ], [ 78.648559265939454, 22.781088469555677 ], [ 78.662692631051073, 22.764025818431158 ], [ 78.677499013548967, 22.777039704882064 ], [ 78.678172030935229, 22.777907297312122 ], [ 78.680864100480292, 22.775882914975316 ], [ 78.697016517750725, 22.763447423477785 ], [ 78.698699061216388, 22.762001436094351 ], [ 78.698026043830126, 22.760844646187604 ], [ 78.677835522242091, 22.727586936368624 ], [ 78.677835522242091, 22.726719343938562 ], [ 78.680527591787168, 22.713127062534284 ], [ 78.694324448205649, 22.708499902907295 ], [ 78.696006991671325, 22.707921507953923 ], [ 78.690286343888047, 22.705607928140427 ] ] ] } },
{ "type": "Feature", "properties": { "dt_code": "724", "district": "Agar Malwa", "st_code": "23", "year": "update2014", "st_nm": "Madhya Pradesh" }, "geometry": { "type": "Polygon", "coordinates": [ [ [ 76.434668573812218, 23.632775038398247 ], [ 76.387557356773485, 23.609639240263302 ], [ 76.369385887344265, 23.627280286341197 ], [ 76.33977312234849, 23.629304668678003 ], [ 76.296700009627358, 23.612820412506856 ], [ 76.297709535706758, 23.624966706527701 ], [ 76.28256664451574, 23.624966706527701 ], [ 76.275836470653061, 23.603855290729566 ], [ 76.233772884011344, 23.597203748765772 ], [ 76.234109392704468, 23.595757761382337 ], [ 76.237474479635807, 23.569729988480528 ], [ 76.20079503208423, 23.567705606143718 ], [ 76.175893388792332, 23.585635849698299 ], [ 76.154356832431759, 23.569440791003842 ], [ 76.13921394124074, 23.56481363137685 ], [ 76.116667858800781, 23.541388635765223 ], [ 76.095804319826485, 23.573200358200769 ], [ 76.06720108091011, 23.558451286889742 ], [ 76.026820037734055, 23.56683801371366 ], [ 76.025810511654655, 23.557583694459684 ], [ 76.006293007452896, 23.55787289193637 ], [ 75.999562833590218, 23.573489555677455 ], [ 75.978699294615922, 23.563656841470106 ], [ 75.954470668710286, 23.567994803620408 ], [ 75.954134160017162, 23.552956534832695 ], [ 75.945721442688807, 23.552667337356006 ], [ 75.927549973259588, 23.55411332473944 ], [ 75.912743590761693, 23.570019185957214 ], [ 75.881111773607117, 23.558162089413056 ], [ 75.856546639008357, 23.567416408667032 ], [ 75.837365643499723, 23.588817021941853 ], [ 75.835346591340922, 23.625255904004391 ], [ 75.812127491514701, 23.66024879868349 ], [ 75.846787886907478, 23.687722558968733 ], [ 75.853518060770156, 23.713750331870543 ], [ 75.84544185213494, 23.732837365331871 ], [ 75.828616417478244, 23.731391377948437 ], [ 75.822559261001842, 23.697266075699396 ], [ 75.791936969926667, 23.708255579813496 ], [ 75.785879813450265, 23.723004651124519 ], [ 75.754247996295675, 23.722715453647833 ], [ 75.729009844310653, 23.75712995337356 ], [ 75.729009844310653, 23.75712995337356 ], [ 75.689974835907122, 23.747297239166208 ], [ 75.701752640166816, 23.786338898518927 ], [ 75.690311344600261, 23.813523461327485 ], [ 75.721606653061698, 23.811788276467361 ], [ 75.719251092209774, 23.841286419089414 ], [ 75.736413035559593, 23.856613885353813 ], [ 75.701752640166816, 23.872808944048273 ], [ 75.706127253177556, 23.899125914426769 ], [ 75.735403509480193, 23.898547519473397 ], [ 75.75290196152315, 23.88726881788261 ], [ 75.76467976578283, 23.875411721338455 ], [ 75.76568929186223, 23.850540738343391 ], [ 75.782178217825788, 23.84880555348327 ], [ 75.793956022085467, 23.867024994514537 ], [ 75.818184647991103, 23.868181784421285 ], [ 75.832991030488984, 23.880038880965444 ], [ 75.840730730431062, 23.874544128908394 ], [ 75.853181552077018, 23.8875580153593 ], [ 75.870680004119976, 23.890449990126164 ], [ 75.886159404004133, 23.878882091058696 ], [ 75.894908630025611, 23.88929320021942 ], [ 75.937645234053605, 23.89652313713659 ], [ 75.955480194789686, 23.920815725178279 ], [ 75.981391364160999, 23.928913254525508 ], [ 75.984756451092338, 23.97373886341196 ], [ 75.96725799904938, 23.991090712013165 ], [ 75.963556403424903, 24.018564472298408 ], [ 76.009321585691097, 24.024348421832144 ], [ 76.041962928925074, 24.065992858475042 ], [ 76.127099628287922, 24.087971866703239 ], [ 76.126090102208522, 24.1128428496983 ], [ 76.131137732605538, 24.11660241689523 ], [ 76.124744067435984, 24.157379261108066 ], [ 76.124744067435984, 24.157668458584752 ], [ 76.12440755874286, 24.159114445968186 ], [ 76.121042471811521, 24.16056043335162 ], [ 76.113975789255704, 24.166055185408666 ], [ 76.116331350107643, 24.185142218869995 ], [ 76.117677384880182, 24.194396538123971 ], [ 76.148299675955357, 24.231703012616567 ], [ 76.136521871695678, 24.270744671969283 ], [ 76.143252045558356, 24.282890965990127 ], [ 76.162433041066976, 24.284626150850247 ], [ 76.164788601918914, 24.30689435655513 ], [ 76.174210845326655, 24.307472751508502 ], [ 76.185315632200073, 24.329451759736699 ], [ 76.199112488618553, 24.307472751508502 ], [ 76.204496627708693, 24.299953617114646 ], [ 76.194737875607814, 24.273058251782775 ], [ 76.212572836343909, 24.21001320186506 ], [ 76.212572836343909, 24.20972400438837 ], [ 76.214928397195848, 24.150149324190895 ], [ 76.232763357931944, 24.146389756993965 ], [ 76.237810988328945, 24.134821857926497 ], [ 76.218293484127187, 24.103588530444323 ], [ 76.227379218841804, 24.086815076796491 ], [ 76.191372788676489, 24.087393471749863 ], [ 76.190363262597074, 24.087393471749863 ], [ 76.191036279983351, 24.083923102029622 ], [ 76.203487101629293, 24.037940703236423 ], [ 76.254636422985641, 24.038519098189798 ], [ 76.255645949065041, 23.981257997805816 ], [ 76.303093674796898, 23.961014174437739 ], [ 76.314534970363454, 23.923129304991772 ], [ 76.298382553093035, 23.897679927043335 ], [ 76.326649283316272, 23.887847212835986 ], [ 76.328668335475072, 23.864133019747669 ], [ 76.356262048312047, 23.849094750959956 ], [ 76.356598557005171, 23.819018213384531 ], [ 76.381836708990207, 23.810053091607241 ], [ 76.374433517741267, 23.7759277893582 ], [ 76.395970074101825, 23.766384272627537 ], [ 76.400344687112565, 23.729366995611631 ], [ 76.412122491372259, 23.719534281404279 ], [ 76.401690721885103, 23.676733054854637 ], [ 76.42894792602894, 23.654175651673068 ], [ 76.434668573812218, 23.632775038398247 ] ] ] } },
{ "type": "Feature", "properties": { "dt_code": "422", "district": "Datia", "st_code": "23", "year": "2011_c", "st_nm": "Madhya Pradesh" }, "geometry": { "type": "MultiPolygon", "coordinates": [ [ [ [ 78.335606181325019, 25.068929707624797 ], [ 78.303637855477319, 25.053602241360394 ], [ 78.269986986163929, 25.088305938562808 ], [ 78.297244190307765, 25.100741430060342 ], [ 78.309695011953721, 25.088884333516184 ], [ 78.328202990076079, 25.09466828304992 ], [ 78.337625233483834, 25.085413963795943 ], [ 78.335606181325019, 25.068929707624797 ] ] ], [ [ [ 78.373968172342273, 25.098717047723532 ], [ 78.364545928934533, 25.119539266044981 ], [ 78.379688820125551, 25.138337102029624 ], [ 78.379015802739289, 25.161472900164565 ], [ 78.355123685526792, 25.173619194185409 ], [ 78.354787176833653, 25.173329996708723 ], [ 78.353104633367977, 25.172462404278662 ], [ 78.342672863880836, 25.166967652221615 ], [ 78.334596655245619, 25.148748211190345 ], [ 78.334260146552495, 25.147880618760286 ], [ 78.334260146552495, 25.1475914212836 ], [ 78.349066529050376, 25.139493891936368 ], [ 78.348730020357237, 25.138047904552934 ], [ 78.327193463996679, 25.112309329127811 ], [ 78.292533068603902, 25.128504387822272 ], [ 78.294888629455841, 25.14383185408667 ], [ 78.310368029339998, 25.184897895776196 ], [ 78.300609277239104, 25.201960546900715 ], [ 78.339644285642635, 25.222782765222163 ], [ 78.340990320415159, 25.222204370268788 ], [ 78.381371363591228, 25.203406534284149 ], [ 78.390793606998969, 25.206298509051017 ], [ 78.391803133078369, 25.206009311574327 ], [ 78.392476150464631, 25.201960546900715 ], [ 78.391466624385231, 25.201092954470653 ], [ 78.395168220009708, 25.187789870543064 ], [ 78.416704776370267, 25.183451908392762 ], [ 78.423434950232945, 25.169281232035107 ], [ 78.458095345625722, 25.164654072408119 ], [ 78.448000084831719, 25.152796975863961 ], [ 78.427136545857422, 25.153953765770709 ], [ 78.44665405005918, 25.122142043335163 ], [ 78.445981032672904, 25.121852845858477 ], [ 78.406946024269388, 25.128793585298958 ], [ 78.373968172342273, 25.098717047723532 ] ] ], [ [ [ 78.339644285642635, 25.415966679648932 ], [ 78.328876007462355, 25.412785507405378 ], [ 78.308685485874321, 25.417123469555676 ], [ 78.307675959794921, 25.417701864509052 ], [ 78.326520446610417, 25.439970070213935 ], [ 78.340317303028897, 25.433029330773451 ], [ 78.338971268256358, 25.431004948436644 ], [ 78.339307776949497, 25.424931801426222 ], [ 78.339644285642635, 25.415966679648932 ] ] ], [ [ [ 78.355123685526792, 25.451537969281404 ], [ 78.362190368082594, 25.46281667087219 ], [ 78.367574507172733, 25.457900313768512 ], [ 78.397187272168509, 25.456165128908395 ], [ 78.39483171131657, 25.444308032364233 ], [ 78.373968172342273, 25.439391675260559 ], [ 78.363536402855132, 25.446043217224357 ], [ 78.355123685526792, 25.451537969281404 ] ] ], [ [ [ 78.416368267677143, 25.476408952276469 ], [ 78.40021585040671, 25.463684263302248 ], [ 78.394495202623432, 25.485663271530445 ], [ 78.398196798247909, 25.490001233680747 ], [ 78.38742852006763, 25.516318204059246 ], [ 78.388774554840168, 25.51747499396599 ], [ 78.415022232904604, 25.528175300603401 ], [ 78.419060337222206, 25.529910485463525 ], [ 78.420069863301606, 25.531356472846955 ], [ 78.428819089323085, 25.511401846955568 ], [ 78.416704776370267, 25.501858330224906 ], [ 78.431174650175024, 25.4735169775096 ], [ 78.416368267677143, 25.476408952276469 ] ] ], [ [ [ 78.627359218272019, 26.157179812397146 ], [ 78.637117970372913, 26.162963761930882 ], [ 78.647886248553192, 26.169326106417994 ], [ 78.694660956898787, 26.162963761930882 ], [ 78.702737165533989, 26.175688450905103 ], [ 78.69196888735371, 26.192751102029622 ], [ 78.696006991671325, 26.217622085024686 ], [ 78.740762647858119, 26.223406034558423 ], [ 78.751867434731537, 26.238155105869446 ], [ 78.755905539049138, 26.243649857926496 ], [ 78.744464243482582, 26.249723004936918 ], [ 78.750521399958998, 26.258977324190894 ], [ 78.764318256377479, 26.265050471201317 ], [ 78.772730973705819, 26.268810038398247 ], [ 78.780134164954774, 26.271991210641801 ], [ 78.784172269272375, 26.279221147558971 ], [ 78.795277056145792, 26.289343059243006 ], [ 78.823543786369029, 26.284137504662645 ], [ 78.827245381993492, 26.265918063631378 ], [ 78.815467577733813, 26.257242139330774 ], [ 78.809073912564273, 26.254639362040592 ], [ 78.807054860405472, 26.251458189797038 ], [ 78.789892917055653, 26.223406034558423 ], [ 78.815131069040689, 26.202294618760284 ], [ 78.828591416766031, 26.202005421283598 ], [ 78.83296602977677, 26.199691841470106 ], [ 78.823543786369029, 26.190437522216129 ], [ 78.798642143077132, 26.166434131651126 ], [ 78.816140595120089, 26.161228577070762 ], [ 78.826908873300368, 26.137514383982449 ], [ 78.82017869943769, 26.128549262205155 ], [ 78.845416851422726, 26.111775808557326 ], [ 78.835658099321847, 26.091531985189249 ], [ 78.825226329834692, 26.100786304443226 ], [ 78.799988177849656, 26.086037233132203 ], [ 78.829937451538569, 26.068685384530994 ], [ 78.790229425748777, 26.053647115743281 ], [ 78.817486629892613, 26.042657611629185 ], [ 78.785854812738037, 26.043525204059243 ], [ 78.788210373589976, 26.031089712561712 ], [ 78.772730973705819, 26.018075826110806 ], [ 78.786864338817438, 26.012002679100384 ], [ 78.777778604102835, 26.002748359846407 ], [ 78.786864338817438, 25.986842498628633 ], [ 78.778115112795973, 25.969201452550742 ], [ 78.778115112795973, 25.969201452550742 ], [ 78.801334212622194, 25.959947133296765 ], [ 78.804026282167271, 25.944041272078991 ], [ 78.841378747105125, 25.950403616566099 ], [ 78.837677151480648, 25.93883571749863 ], [ 78.865607373010747, 25.911361957213387 ], [ 78.870655003407762, 25.906445600109709 ], [ 78.880413755508641, 25.910494364783325 ], [ 78.885461385905643, 25.912518747120131 ], [ 78.894883629313398, 25.895166898518927 ], [ 78.888826472836982, 25.874344680197478 ], [ 78.877721685963564, 25.87318789029073 ], [ 78.870318494714624, 25.872320297860668 ], [ 78.864597846931346, 25.871741902907296 ], [ 78.852483533978528, 25.856414436642897 ], [ 78.850464481819728, 25.811299630279759 ], [ 78.84373430795705, 25.823445924300604 ], [ 78.81815964727889, 25.82922987383434 ], [ 78.805708825632934, 25.813613210093255 ], [ 78.814121542961288, 25.807250865606143 ], [ 78.827918399379769, 25.814480802523313 ], [ 78.828591416766031, 25.795682966538674 ], [ 78.808400895178011, 25.800888521119035 ], [ 78.782826234499836, 25.758087294569393 ], [ 78.752876960810937, 25.750857357652222 ], [ 78.763308730298078, 25.719913227646735 ], [ 78.799988177849656, 25.705164156335712 ], [ 78.795613564838916, 25.696777429511794 ], [ 78.816813612506351, 25.676244408667031 ], [ 78.810419947336811, 25.620429295666483 ], [ 78.742108682630644, 25.597004300054856 ], [ 78.717207039338746, 25.60539102687877 ], [ 78.678845048321492, 25.585436400987383 ], [ 78.658318018040333, 25.559987023038946 ], [ 78.624330640033818, 25.567506157432803 ], [ 78.630724305203358, 25.579074056500275 ], [ 78.618946500943679, 25.583412018650577 ], [ 78.618273483557417, 25.583701216127263 ], [ 78.587651192482241, 25.556516653318706 ], [ 78.493428758404775, 25.578784859023589 ], [ 78.466844571647201, 25.559408628085574 ], [ 78.4648255194884, 25.545527149204609 ], [ 78.446317541366042, 25.56143301042238 ], [ 78.451701680456182, 25.572133317059794 ], [ 78.465162028181538, 25.564614182665935 ], [ 78.468527115112877, 25.584279611080639 ], [ 78.441269910969041, 25.597293497531542 ], [ 78.412330163359528, 25.56345739275919 ], [ 78.410311111200727, 25.564035787712562 ], [ 78.389784080919569, 25.576471279210093 ], [ 78.407619041655664, 25.597871892484918 ], [ 78.409974602507589, 25.600474669775096 ], [ 78.384736450522553, 25.612620963795941 ], [ 78.376323733194212, 25.65860336258914 ], [ 78.354114159447377, 25.670460459133299 ], [ 78.343345881267098, 25.658314165112451 ], [ 78.32382837706534, 25.668436076796489 ], [ 78.309021994567459, 25.68463113549095 ], [ 78.308685485874321, 25.707766933625891 ], [ 78.284793368661823, 25.70082619418541 ], [ 78.264602847073789, 25.721070017553483 ], [ 78.248786938496508, 25.721937609983545 ], [ 78.249796464575908, 25.68810150521119 ], [ 78.216482103955656, 25.694174652221612 ], [ 78.22825990821535, 25.728299954470653 ], [ 78.267967934005128, 25.752592542512343 ], [ 78.289504490365701, 25.752881739989029 ], [ 78.294552120762702, 25.762136059243005 ], [ 78.285129877354962, 25.768209206253431 ], [ 78.295898155535241, 25.785850252331322 ], [ 78.326856955303541, 25.79770734887548 ], [ 78.307675959794921, 25.811588827756445 ], [ 78.324501394451616, 25.829519071311026 ], [ 78.330558550928018, 25.832989441031266 ], [ 78.377333259273612, 25.83645981075151 ], [ 78.388101537453892, 25.837327403181568 ], [ 78.388774554840168, 25.837327403181568 ], [ 78.387765028760768, 25.855257646736149 ], [ 78.472901728123617, 25.910205167306639 ], [ 78.482323971531358, 25.961971515633572 ], [ 78.542559027602309, 25.97382861217773 ], [ 78.556692392713927, 25.993783238069117 ], [ 78.584959122937164, 26.005640334613275 ], [ 78.603467101059522, 26.046706376302797 ], [ 78.644184652928715, 26.060587855183762 ], [ 78.631397322589635, 26.072155754251234 ], [ 78.639473531224837, 26.081988468458587 ], [ 78.606832187990861, 26.100786304443226 ], [ 78.607168696683999, 26.1057026615469 ], [ 78.613898870546677, 26.127970867251783 ], [ 78.632406848669035, 26.123343707624795 ], [ 78.636444952986636, 26.122186917718047 ], [ 78.644521161621853, 26.12016253538124 ], [ 78.652260861563931, 26.126524879868349 ], [ 78.639473531224837, 26.128260064728472 ], [ 78.627359218272019, 26.157179812397146 ] ] ] ] } },
{ "type": "Feature", "properties": { "dt_code": "425", "district": "Chhatarpur", "st_code": "23", "year": "2011_c", "st_nm": "Madhya Pradesh" }, "geometry": { "type": "Polygon", "coordinates": [ [ [ 78.98574097645951, 24.441371183214482 ], [ 79.023093441397364, 24.546349867251784 ], [ 79.04193792821286, 24.555604186505761 ], [ 79.070877675822373, 24.59435664838179 ], [ 79.063474484573419, 24.621830408667034 ], [ 79.091068197410394, 24.633398307734502 ], [ 79.195385892281877, 24.612865286889743 ], [ 79.216249431256173, 24.655088118486013 ], [ 79.218268483414974, 24.662896450356556 ], [ 79.219951026880636, 24.662896450356556 ], [ 79.225671674663914, 24.663185647833242 ], [ 79.272782891702647, 24.66434243773999 ], [ 79.303068674084685, 24.68776743335162 ], [ 79.302732165391546, 24.710903231486562 ], [ 79.320230617434504, 24.751390878222711 ], [ 79.304751217550361, 24.797951671969283 ], [ 79.345132260726416, 24.903797948436644 ], [ 79.328643334762859, 25.034804405375755 ], [ 79.341094156408801, 25.082811186505761 ], [ 79.323595704365843, 25.147880618760286 ], [ 79.322922686979581, 25.14932660614372 ], [ 79.32090363482078, 25.152218580910588 ], [ 79.304414708857223, 25.178246353812398 ], [ 79.304751217550361, 25.180270736149204 ], [ 79.306097252322886, 25.186922278113002 ], [ 79.301386130619022, 25.201382151947342 ], [ 79.292300395904405, 25.184030303346134 ], [ 79.284560695962327, 25.192127832693362 ], [ 79.283887678576065, 25.192995425123424 ], [ 79.279513065565325, 25.243026588590237 ], [ 79.279513065565325, 25.244761773450357 ], [ 79.303068674084685, 25.233483071859574 ], [ 79.328643334762859, 25.221336777838729 ], [ 79.338402086863738, 25.197911782227099 ], [ 79.352198943282218, 25.212082458584753 ], [ 79.333017947773598, 25.227988319802524 ], [ 79.343786225953878, 25.227409924849152 ], [ 79.35085290850968, 25.263848806911685 ], [ 79.335036999932399, 25.269632756445422 ], [ 79.316529021810041, 25.256040475041143 ], [ 79.293646430676944, 25.283514235326386 ], [ 79.282541643803526, 25.262113622051565 ], [ 79.27547496124771, 25.262692017004937 ], [ 79.269417804771308, 25.26327041195831 ], [ 79.26268763090863, 25.273392323642348 ], [ 79.278840048179049, 25.324001882062536 ], [ 79.280186082951587, 25.324001882062536 ], [ 79.294992465449468, 25.323134289632474 ], [ 79.299703587153346, 25.337594163466814 ], [ 79.352198943282218, 25.329785831596269 ], [ 79.336046526011799, 25.288141394953374 ], [ 79.358256099758634, 25.284381827756448 ], [ 79.355227521520419, 25.265873189248492 ], [ 79.364649764928174, 25.261246029621503 ], [ 79.373735499642777, 25.272524731212286 ], [ 79.368687869245775, 25.292479357103677 ], [ 79.407722877649292, 25.27397071859572 ], [ 79.408732403728692, 25.256040475041143 ], [ 79.436662625258805, 25.254594487657709 ], [ 79.467284916333981, 25.2832250378497 ], [ 79.494542120477817, 25.266740781678553 ], [ 79.462573794630103, 25.264716399341744 ], [ 79.432961029634328, 25.220469185408668 ], [ 79.449113446904747, 25.214974433351621 ], [ 79.440364220883282, 25.19877937465716 ], [ 79.412097490660031, 25.200225362040594 ], [ 79.411760981966907, 25.1825843159627 ], [ 79.390224425606334, 25.170148824465169 ], [ 79.383830760436794, 25.142675064179926 ], [ 79.405367316797367, 25.106236182117389 ], [ 79.426230855771649, 25.118960871091609 ], [ 79.440027712190144, 25.101319825013714 ], [ 79.477380177127998, 25.127347597915524 ], [ 79.46526586417518, 25.088016741086122 ], [ 79.491513542239616, 25.079630014262207 ], [ 79.505310398658096, 25.095246678003292 ], [ 79.524827902859855, 25.097271060340098 ], [ 79.518097728997176, 25.126769202962151 ], [ 79.569247050353525, 25.171884009325289 ], [ 79.595831237111085, 25.143253459133298 ], [ 79.606599515291364, 25.152507778387275 ], [ 79.600205850121824, 25.128215190345585 ], [ 79.622751932561798, 25.140650681843116 ], [ 79.673228236531855, 25.120406858475043 ], [ 79.683323497325873, 25.135155929786066 ], [ 79.717310875332387, 25.128793585298958 ], [ 79.748606183793825, 25.139783089413058 ], [ 79.840473057019352, 25.09813865277016 ], [ 79.85999056122111, 25.09640346791004 ], [ 79.861000087300525, 25.096692665386726 ], [ 79.847876248268307, 25.110574144267691 ], [ 79.85157784389277, 25.128504387822272 ], [ 79.881527117581683, 25.14209666922655 ], [ 79.866384226390664, 25.149905001097093 ], [ 79.870085822015128, 25.172173206801975 ], [ 79.855952456903509, 25.193863017553483 ], [ 79.868739787242589, 25.216420420735055 ], [ 79.851241335199632, 25.23550745419638 ], [ 79.877825521957206, 25.251124117937465 ], [ 79.902054147862842, 25.240713008776744 ], [ 79.907438286952981, 25.250834920460779 ], [ 79.917533547746999, 25.226831529895776 ], [ 79.948492347515298, 25.26876516401536 ], [ 80.004689299268648, 25.267319176631926 ], [ 79.998632142792246, 25.285538617663192 ], [ 80.022187751311606, 25.297684911684037 ], [ 80.018486155687128, 25.321399104772354 ], [ 80.031946503412485, 25.339618545803621 ], [ 80.033629046878161, 25.341932125617117 ], [ 80.072664055281678, 25.336726571036753 ], [ 80.088816472552097, 25.355813604498081 ], [ 80.104295872436253, 25.350897247394407 ], [ 80.103622855049991, 25.350029654964345 ], [ 80.131216567886952, 25.334123793746571 ], [ 80.167222998052267, 25.36391113384531 ], [ 80.168905541517944, 25.376925020296216 ], [ 80.194816710889242, 25.378081810202964 ], [ 80.20255641083132, 25.413942297312126 ], [ 80.22072788026054, 25.396879646187603 ], [ 80.236207280144697, 25.4078691503017 ], [ 80.253705732187655, 25.400928410861219 ], [ 80.26413750167481, 25.42406420899616 ], [ 80.26413750167481, 25.42406420899616 ], [ 80.288366127580446, 25.417123469555676 ], [ 80.297451862295048, 25.407579952825014 ], [ 80.300816949226387, 25.404109583104773 ], [ 80.315286823031144, 25.388782116840375 ], [ 80.319997944735022, 25.368249095995612 ], [ 80.319997944735022, 25.366803108612178 ], [ 80.320334453428146, 25.36593551618212 ], [ 80.309902683941004, 25.354946012068019 ], [ 80.322690014280084, 25.332099411409764 ], [ 80.310912210020405, 25.286406210093254 ], [ 80.351293253196459, 25.277151890839278 ], [ 80.383598087737298, 25.2372426390565 ], [ 80.403788609325332, 25.243315786066923 ], [ 80.403788609325332, 25.243604983543612 ], [ 80.408163222336071, 25.232615479429512 ], [ 80.430372796082906, 25.17535437904553 ], [ 80.431045813469169, 25.173908391662096 ], [ 80.428017235230968, 25.172751601755351 ], [ 80.357686918365999, 25.142385866703236 ], [ 80.356677392286599, 25.139204694459682 ], [ 80.354658340127799, 25.132263955019198 ], [ 80.351966270582722, 25.123877228195283 ], [ 80.351293253196459, 25.121852845858477 ], [ 80.323363031666361, 25.097560257816788 ], [ 80.318315401269345, 25.075002854635215 ], [ 80.291058197125508, 25.059096993417445 ], [ 80.291058197125508, 25.059096993417445 ], [ 80.290385179739246, 25.058807795940758 ], [ 80.288029618887307, 25.03798557761931 ], [ 80.287693110194169, 25.03798557761931 ], [ 80.287693110194169, 25.03798557761931 ], [ 80.287693110194169, 25.037696380142624 ], [ 80.26312797559541, 25.024971691168403 ], [ 80.260099397357195, 25.023236506308283 ], [ 80.200200849979382, 24.973494540318157 ], [ 80.157127737258264, 24.95701028414701 ], [ 80.150397563395586, 24.935031275918817 ], [ 80.14972454600931, 24.935031275918817 ], [ 80.14972454600931, 24.934742078442127 ], [ 80.053819568466182, 24.938790843115743 ], [ 80.032956029491885, 24.921728191991225 ], [ 80.06054974232886, 24.860707524410312 ], [ 80.090162507324635, 24.838728516182119 ], [ 80.078048194371817, 24.798819264399341 ], [ 79.99257498631583, 24.724206315414154 ], [ 79.982816234214951, 24.687189038398245 ], [ 79.953539977912314, 24.653063736149207 ], [ 79.936714543255619, 24.661450462973121 ], [ 79.925946265075339, 24.686899840921559 ], [ 79.893304921841363, 24.697021752605597 ], [ 79.858308017755448, 24.622698001097092 ], [ 79.842492109178153, 24.615757261656611 ], [ 79.841482583098752, 24.594645845858476 ], [ 79.854942930824109, 24.590886278661547 ], [ 79.855615948210385, 24.581342761930884 ], [ 79.884892204513022, 24.592621463521667 ], [ 79.884892204513022, 24.575269614920462 ], [ 79.904073200021642, 24.576715602303896 ], [ 79.884219187126746, 24.569196467910039 ], [ 79.875469961105267, 24.575848009873834 ], [ 79.869076295935727, 24.552133816785521 ], [ 79.882200134967945, 24.518008514536479 ], [ 79.863692156845588, 24.505862220515635 ], [ 79.881863626274821, 24.475785682940209 ], [ 79.864028665538726, 24.456409452002195 ], [ 79.885565221899284, 24.374277368623151 ], [ 79.885901730592423, 24.373698973669775 ], [ 79.863019139459325, 24.358660704882062 ], [ 79.850568317813369, 24.350563175534834 ], [ 79.848212756961431, 24.348827990674714 ], [ 79.84720323088203, 24.351430767964892 ], [ 79.841146074405628, 24.367047431705981 ], [ 79.838117496167428, 24.374277368623151 ], [ 79.832733357077274, 24.378036935820077 ], [ 79.814561887648054, 24.386134465167309 ], [ 79.809850765944176, 24.386423662643995 ], [ 79.795380892139434, 24.374277368623151 ], [ 79.795044383446296, 24.373988171146461 ], [ 79.772498301006337, 24.381796503017007 ], [ 79.750961744645764, 24.410427053208998 ], [ 79.727069627433266, 24.4037755112452 ], [ 79.724714066581328, 24.402618721338452 ], [ 79.704187036300169, 24.376590948436643 ], [ 79.68063142778081, 24.395967179374658 ], [ 79.681304445167072, 24.375434158529895 ], [ 79.661450432272176, 24.382374897970379 ], [ 79.659767888806513, 24.363866259462426 ], [ 79.63722180636654, 24.382085700493693 ], [ 79.624770984720598, 24.372542183763027 ], [ 79.616694776085382, 24.378615330773449 ], [ 79.628809089038199, 24.398859154141526 ], [ 79.621742406482383, 24.418235385079541 ], [ 79.606599515291364, 24.418235385079541 ], [ 79.569247050353525, 24.445130750411412 ], [ 79.566891489501586, 24.427200506856831 ], [ 79.545354933141013, 24.419681372462975 ], [ 79.566891489501586, 24.391050822270984 ], [ 79.559488298252631, 24.383531687877127 ], [ 79.508675485589436, 24.397413166758092 ], [ 79.473005564117258, 24.3841100828305 ], [ 79.457526164233101, 24.40753507844213 ], [ 79.441710255655806, 24.412162238069119 ], [ 79.428249907930464, 24.389026439934174 ], [ 79.395945073389612, 24.383531687877127 ], [ 79.392916495151411, 24.372252986286341 ], [ 79.392243477765135, 24.367625826659353 ], [ 79.413780034125708, 24.350273978058148 ], [ 79.395945073389612, 24.326848982446517 ], [ 79.404694299411091, 24.311521516182118 ], [ 79.398637142934689, 24.284047755896875 ], [ 79.388205373447533, 24.278842201316511 ], [ 79.397627616855289, 24.268141894679101 ], [ 79.386522829981871, 24.214929558968734 ], [ 79.375081534415315, 24.209434806911684 ], [ 79.382484725664256, 24.195264130554033 ], [ 79.300376604539622, 24.180515059243007 ], [ 79.302395656698422, 24.16403080307186 ], [ 79.330325878228521, 24.15333049643445 ], [ 79.330325878228521, 24.153041298957763 ], [ 79.329989369535383, 24.152752101481077 ], [ 79.32628777391092, 24.144076177180473 ], [ 79.315519495730641, 24.137713832693365 ], [ 79.31450996965124, 24.137424635216675 ], [ 79.314173460958102, 24.137135437739989 ], [ 79.31350044357184, 24.137424635216675 ], [ 79.261005087442967, 24.144365374657159 ], [ 79.236439952844194, 24.144076177180473 ], [ 79.225335165970776, 24.138581425123423 ], [ 79.222306587732575, 24.131929883159629 ], [ 79.183944596715321, 24.118626799232036 ], [ 79.157696918650885, 24.122097168952276 ], [ 79.150630236095083, 24.11110766483818 ], [ 79.147265149163744, 24.106191307734505 ], [ 79.144573079618667, 24.101564148107517 ], [ 79.126065101496309, 24.101853345584203 ], [ 79.12471906672377, 24.102431740537575 ], [ 79.113950788543491, 24.122386366428962 ], [ 79.113277771157229, 24.122386366428962 ], [ 79.096788845193672, 24.126145933625892 ], [ 79.072560219288036, 24.131929883159629 ], [ 79.079626901843852, 24.146968151947341 ], [ 79.054052241165678, 24.17126073998903 ], [ 79.055061767245078, 24.212326781678552 ], [ 79.045976032530461, 24.221581100932529 ], [ 79.065830045425358, 24.224762273176083 ], [ 79.068185606277297, 24.261201155238616 ], [ 79.082655480082053, 24.26293634009874 ], [ 79.081309445309515, 24.249054861217772 ], [ 79.081309445309515, 24.248765663741086 ], [ 79.083665006161453, 24.247898071311027 ], [ 79.093423758262333, 24.243270911684039 ], [ 79.096452336500533, 24.242114121777291 ], [ 79.113277771157229, 24.265828314865608 ], [ 79.137506397062864, 24.251079243554582 ], [ 79.139861957914789, 24.254549613274822 ], [ 79.149284201322544, 24.268141894679101 ], [ 79.175195370693842, 24.277685411409763 ], [ 79.171157266376241, 24.308340343938564 ], [ 79.183944596715321, 24.310653923752056 ], [ 79.18529063148786, 24.31585947833242 ], [ 79.185963648874122, 24.319040650575975 ], [ 79.18730968364666, 24.323957007679649 ], [ 79.178560457625181, 24.331476142073505 ], [ 79.160052479502824, 24.361841877125617 ], [ 79.159715970809685, 24.361841877125617 ], [ 79.159715970809685, 24.362131074602303 ], [ 79.140534975301065, 24.364733851892485 ], [ 79.155341357798946, 24.375144961053209 ], [ 79.152312779560745, 24.405510696105321 ], [ 79.16812868813804, 24.406667486012068 ], [ 79.158369936037161, 24.373409776193089 ], [ 79.198750979213216, 24.355479532638508 ], [ 79.20009701398574, 24.334078919363687 ], [ 79.210865292166034, 24.330030154690071 ], [ 79.233074865912855, 24.334946511793746 ], [ 79.232401848526592, 24.361841877125617 ], [ 79.246198704945073, 24.35808230992869 ], [ 79.257640000511628, 24.369650208996163 ], [ 79.276820996020248, 24.355768730115194 ], [ 79.294992465449468, 24.374855763576523 ], [ 79.272446383009509, 24.382374897970379 ], [ 79.254947930966551, 24.411294645639057 ], [ 79.24889077449015, 24.390472427317608 ], [ 79.24350663540001, 24.414765015359301 ], [ 79.209855766086619, 24.414765015359301 ], [ 79.180579509783982, 24.432984456390564 ], [ 79.132458766665849, 24.409848658255623 ], [ 79.101836475590673, 24.412451435545805 ], [ 79.100826949511273, 24.401751128908394 ], [ 79.073233236674298, 24.406667486012068 ], [ 79.053379223779416, 24.369071814042787 ], [ 79.020064863159163, 24.383242490400441 ], [ 79.008623567592622, 24.369361011519473 ], [ 78.991125115549664, 24.417367792649479 ], [ 78.992471150322189, 24.420259767416347 ], [ 78.98574097645951, 24.441371183214482 ], [ 78.98574097645951, 24.441371183214482 ], [ 78.98574097645951, 24.441371183214482 ] ], [ [ 79.374072008335915, 25.142675064179926 ], [ 79.364313256235036, 25.142964261656612 ], [ 79.351525925895956, 25.120117660998353 ], [ 79.35085290850968, 25.117804081184861 ], [ 79.379792656119193, 25.101319825013714 ], [ 79.372389464870253, 25.092065505759738 ], [ 79.379792656119193, 25.064880942951181 ], [ 79.365322782314436, 25.059096993417445 ], [ 79.351189417202818, 25.068929707624797 ], [ 79.356237047599819, 25.040588354909492 ], [ 79.367678343166375, 25.054469833790456 ], [ 79.368687869245775, 25.053891438837084 ], [ 79.394935547310212, 25.032201628085573 ], [ 79.415126068898246, 25.038853170049371 ], [ 79.425894347078525, 25.058518598464072 ], [ 79.407386368956168, 25.064880942951181 ], [ 79.406040334183629, 25.072400077345037 ], [ 79.387195847368133, 25.08570316127263 ], [ 79.380802182198593, 25.122431240811849 ], [ 79.363976747541898, 25.125612413055403 ], [ 79.374072008335915, 25.142675064179926 ] ] ] } },
{ "type": "Feature", "properties": { "dt_code": "426", "district": "Panna", "st_code": "23", "year": "2011_c", "st_nm": "Madhya Pradesh" }, "geometry": { "type": "MultiPolygon", "coordinates": [ [ [ [ 80.477147504428501, 24.976386515085025 ], [ 80.476137978349101, 24.974651330224905 ], [ 80.470753839258961, 24.967421393307735 ], [ 80.471090347952085, 24.966842998354362 ], [ 80.490607852153843, 24.94457479264948 ], [ 80.494645956471459, 24.9113170828305 ], [ 80.479839573973564, 24.885000112452005 ], [ 80.478157030507901, 24.844223268239165 ], [ 80.49767453470966, 24.859261537026878 ], [ 80.487242765222504, 24.860996721886998 ], [ 80.486569747836242, 24.884421717498629 ], [ 80.506760269424277, 24.891940851892485 ], [ 80.501039621640999, 24.899170788809656 ], [ 80.517528547604556, 24.917101032364236 ], [ 80.538728595271976, 24.900327578716404 ], [ 80.57608106020983, 24.901195171146462 ], [ 80.613433525147684, 24.876034990674711 ], [ 80.629585942418103, 24.878348570488207 ], [ 80.63126848588378, 24.866202276467362 ], [ 80.597617616570403, 24.8456692556226 ], [ 80.603674773046805, 24.830920184311577 ], [ 80.579109638448031, 24.822822654964344 ], [ 80.575408042823568, 24.810387163466814 ], [ 80.572379464585367, 24.820509075150852 ], [ 80.536036525726914, 24.805760003839826 ], [ 80.524931738853496, 24.822533457487658 ], [ 80.518538073683956, 24.806049201316512 ], [ 80.529979369250498, 24.810965558420186 ], [ 80.533680964874975, 24.80344642402633 ], [ 80.507096778117401, 24.788986550191993 ], [ 80.508779321583077, 24.770767109160726 ], [ 80.492963413005782, 24.781756613274823 ], [ 80.485560221756842, 24.762091184860122 ], [ 80.475464960962825, 24.766429147010424 ], [ 80.477820521814763, 24.755439642896327 ], [ 80.468398278407022, 24.76671834448711 ], [ 80.43609344386617, 24.746763718595723 ], [ 80.411864817960549, 24.778575441031268 ], [ 80.394029857224453, 24.744739336258913 ], [ 80.409172748415472, 24.72623069775096 ], [ 80.403452100632194, 24.70830045419638 ], [ 80.382252052964773, 24.711481626439934 ], [ 80.36710916177374, 24.689791815688427 ], [ 80.344563079333781, 24.695864962698849 ], [ 80.354994848820922, 24.67330755951728 ], [ 80.376531405181495, 24.681405088864508 ], [ 80.413547361426211, 24.647568984092157 ], [ 80.423979130913352, 24.629927938014262 ], [ 80.415566413585012, 24.611997694459681 ], [ 80.469407804486423, 24.613732879319805 ], [ 80.456620474147343, 24.574691219967089 ], [ 80.460658578464944, 24.552712211738893 ], [ 80.44248710903571, 24.53391437575425 ], [ 80.461668104544344, 24.53217919089413 ], [ 80.465706208861945, 24.52147888425672 ], [ 80.458976034999267, 24.510489380142623 ], [ 80.435420426479908, 24.506440615469007 ], [ 80.422633096140828, 24.443106368074602 ], [ 80.460322069771806, 24.436744023587494 ], [ 80.466715734941346, 24.422284149753153 ], [ 80.456956982840467, 24.421127359846409 ], [ 80.473445908804024, 24.415343410312673 ], [ 80.465706208861945, 24.401751128908394 ], [ 80.470417330565823, 24.375144961053209 ], [ 80.500030095561598, 24.374855763576523 ], [ 80.512817425900678, 24.360685087218872 ], [ 80.511807899821278, 24.343911633571039 ], [ 80.539065103965115, 24.332922129456939 ], [ 80.536373034420052, 24.317594663192541 ], [ 80.576417568902968, 24.30139960449808 ], [ 80.558246099473749, 24.266985104772353 ], [ 80.584830286231309, 24.257730785518376 ], [ 80.56766834288149, 24.256284798134942 ], [ 80.551852434304195, 24.271323066922655 ], [ 80.550169890838532, 24.263803932528798 ], [ 80.570360412426552, 24.242981714207353 ], [ 80.58146519929997, 24.244138504114098 ], [ 80.603338264353667, 24.203072462424576 ], [ 80.623192277248563, 24.199602092704335 ], [ 80.619154172930962, 24.181093454196379 ], [ 80.629585942418103, 24.197577710367526 ], [ 80.642036764064059, 24.187744996160177 ], [ 80.678716211615637, 24.198156105320901 ], [ 80.6514590074718, 24.186877403730115 ], [ 80.648430429233599, 24.173574319802523 ], [ 80.649103446619861, 24.181671849149755 ], [ 80.63126848588378, 24.183985428963247 ], [ 80.632951029349442, 24.175020307185957 ], [ 80.616798612079023, 24.169236357652224 ], [ 80.62487482071424, 24.157090063631379 ], [ 80.608385894750683, 24.168947160175534 ], [ 80.611414472988884, 24.1588252484915 ], [ 80.596271581797865, 24.15333049643445 ], [ 80.609395420830083, 24.148703336807461 ], [ 80.596944599184127, 24.135400252879869 ], [ 80.577090586289231, 24.120361984092156 ], [ 80.55589053862181, 24.120940379045528 ], [ 80.559928642939411, 24.109661677454746 ], [ 80.508442812889939, 24.076982362589138 ], [ 80.476810995735363, 24.066571253428414 ], [ 80.441141074263186, 24.092599026330227 ], [ 80.44147758295631, 24.036205518376303 ], [ 80.385280631202974, 24.042278665386725 ], [ 80.385280631202974, 24.040832678003291 ], [ 80.385617139896112, 24.038519098189798 ], [ 80.389318735520575, 24.002369413603951 ], [ 80.3586964444454, 23.973449665935274 ], [ 80.354658340127799, 23.969400901261658 ], [ 80.359369461831676, 23.969111703784971 ], [ 80.361052005297338, 23.954073434997259 ], [ 80.362061531376739, 23.944819115743282 ], [ 80.362061531376739, 23.943083930883162 ], [ 80.329083679449624, 23.928913254525508 ], [ 80.33951544893678, 23.908380233680745 ], [ 80.306874105702803, 23.909537023587493 ], [ 80.268512114685549, 23.939902758639604 ], [ 80.232169175827096, 23.945975905650027 ], [ 80.214334215091, 23.964773741634669 ], [ 80.22173740633994, 23.978655220515634 ], [ 80.231159649747696, 23.959278989577619 ], [ 80.240581893155436, 23.971714481075153 ], [ 80.232842193213358, 23.982125590235874 ], [ 80.181692871857024, 24.004972190894129 ], [ 80.179673819698223, 24.004104598464071 ], [ 80.171597611063007, 23.996585464070215 ], [ 80.164867437200343, 23.957833002194185 ], [ 80.146695967771109, 23.937589178826112 ], [ 80.119102254934134, 23.950313867800329 ], [ 80.11876574624101, 23.967376518924851 ], [ 80.102276820277453, 23.979812010422382 ], [ 80.084441859541357, 23.974028060888646 ], [ 80.053146551079919, 23.99166910696654 ], [ 80.040022712047701, 23.97894441799232 ], [ 80.015794086142066, 23.976630838178828 ], [ 80.015794086142066, 23.956097817334065 ], [ 79.991901968929568, 23.930070044432256 ], [ 79.986517829839428, 23.89449875479978 ], [ 79.951520925753513, 23.849962343390018 ], [ 79.958587608309315, 23.837816049369174 ], [ 79.946473295356498, 23.823356175534833 ], [ 79.939743121493819, 23.83087530992869 ], [ 79.901717639169703, 23.821331793198027 ], [ 79.864701682924988, 23.828850927591883 ], [ 79.854269913437847, 23.853143515633572 ], [ 79.871431856787666, 23.900571901810203 ], [ 79.832060339691012, 23.941927140976414 ], [ 79.85797150906231, 23.988487934722986 ], [ 79.83441590054295, 24.002080216127265 ], [ 79.844847670030092, 24.006996573230939 ], [ 79.844174652643829, 24.022613236972024 ], [ 79.766104635836783, 24.041989467910039 ], [ 79.753653814190841, 24.034759530992869 ], [ 79.752307779418302, 24.053268169500825 ], [ 79.742549027317423, 24.042857060340101 ], [ 79.735145836068483, 24.060498106417992 ], [ 79.737501396920422, 24.06714964838179 ], [ 79.740193466465485, 24.073511992868898 ], [ 79.762066531519181, 24.073511992868898 ], [ 79.763749074984858, 24.105902110257816 ], [ 79.78360308787974, 24.113710442128362 ], [ 79.78158403572094, 24.131929883159629 ], [ 79.795044383446296, 24.133086673066373 ], [ 79.792352313901219, 24.149281731760833 ], [ 79.811869818102991, 24.159982038398244 ], [ 79.810523783330453, 24.199312895227649 ], [ 79.83441590054295, 24.202494067471203 ], [ 79.841146074405628, 24.218978323642347 ], [ 79.835088917929212, 24.232570605046625 ], [ 79.843838143950691, 24.245295294020845 ], [ 79.806149170319713, 24.263514735052112 ], [ 79.808504731171652, 24.283469360943499 ], [ 79.840136548326228, 24.283469360943499 ], [ 79.856961982982909, 24.297640037301154 ], [ 79.857635000369186, 24.298218432254526 ], [ 79.83239684838415, 24.319329848052661 ], [ 79.799418996457035, 24.317305465715854 ], [ 79.820955552817594, 24.350273978058148 ], [ 79.820955552817594, 24.350273978058148 ], [ 79.800765031229574, 24.363577061985737 ], [ 79.795380892139434, 24.374277368623151 ], [ 79.809850765944176, 24.386423662643995 ], [ 79.814561887648054, 24.386134465167309 ], [ 79.832733357077274, 24.378036935820077 ], [ 79.838117496167428, 24.374277368623151 ], [ 79.841146074405628, 24.367047431705981 ], [ 79.84720323088203, 24.351430767964892 ], [ 79.848212756961431, 24.348827990674714 ], [ 79.850568317813369, 24.350563175534834 ], [ 79.863019139459325, 24.358660704882062 ], [ 79.885901730592423, 24.373698973669775 ], [ 79.885565221899284, 24.374277368623151 ], [ 79.864028665538726, 24.456409452002195 ], [ 79.881863626274821, 24.475785682940209 ], [ 79.863692156845588, 24.505862220515635 ], [ 79.882200134967945, 24.518008514536479 ], [ 79.869076295935727, 24.552133816785521 ], [ 79.875469961105267, 24.575848009873834 ], [ 79.884219187126746, 24.569196467910039 ], [ 79.904073200021642, 24.576715602303896 ], [ 79.884892204513022, 24.575269614920462 ], [ 79.884892204513022, 24.592621463521667 ], [ 79.855615948210385, 24.581342761930884 ], [ 79.854942930824109, 24.590886278661547 ], [ 79.841482583098752, 24.594645845858476 ], [ 79.842492109178153, 24.615757261656611 ], [ 79.858308017755448, 24.622698001097092 ], [ 79.893304921841363, 24.697021752605597 ], [ 79.925946265075339, 24.686899840921559 ], [ 79.936714543255619, 24.661450462973121 ], [ 79.953539977912314, 24.653063736149207 ], [ 79.982816234214951, 24.687189038398245 ], [ 79.99257498631583, 24.724206315414154 ], [ 80.078048194371817, 24.798819264399341 ], [ 80.090162507324635, 24.838728516182119 ], [ 80.06054974232886, 24.860707524410312 ], [ 80.032956029491885, 24.921728191991225 ], [ 80.053819568466182, 24.938790843115743 ], [ 80.14972454600931, 24.934742078442127 ], [ 80.14972454600931, 24.935031275918817 ], [ 80.150397563395586, 24.935031275918817 ], [ 80.157127737258264, 24.95701028414701 ], [ 80.200200849979382, 24.973494540318157 ], [ 80.260099397357195, 25.023236506308283 ], [ 80.26312797559541, 25.024971691168403 ], [ 80.285001040649107, 25.019476939111357 ], [ 80.299807423146987, 25.015717371914427 ], [ 80.331102731608425, 24.9922923763028 ], [ 80.34153450109558, 25.013403792100934 ], [ 80.357350409672861, 25.011668607240814 ], [ 80.363071057456139, 25.023525703784969 ], [ 80.387299683361775, 25.004438670323644 ], [ 80.396385418076392, 25.0119578047175 ], [ 80.377877439954034, 25.026996073505213 ], [ 80.389991752906838, 25.035671997805814 ], [ 80.370474248705079, 25.042612737246298 ], [ 80.373502826943295, 25.05591582117389 ], [ 80.387972700748037, 25.050999464070216 ], [ 80.400760031087131, 25.069508102578169 ], [ 80.408836239722334, 25.055337426220518 ], [ 80.41590292227815, 25.073267669775099 ], [ 80.433064865627969, 25.065748535381239 ], [ 80.448880774205264, 25.078762421832145 ], [ 80.449217282898388, 25.078184026878773 ], [ 80.451572843750327, 25.062278165660999 ], [ 80.465033191475683, 25.064591745474495 ], [ 80.466379226248222, 25.064880942951181 ], [ 80.475128452269701, 25.03798557761931 ], [ 80.502049147720399, 25.037117985189248 ], [ 80.474455434883424, 25.030466443225453 ], [ 80.454601421988528, 25.042323539769612 ], [ 80.433064865627969, 25.023814901261659 ], [ 80.454937930681666, 25.005595460230388 ], [ 80.439122022104385, 24.99576274602304 ], [ 80.450563317670927, 24.998654720789908 ], [ 80.462341121930606, 25.001835893033462 ], [ 80.463014139316883, 25.002125090510148 ], [ 80.456283965454205, 24.981592069665389 ], [ 80.477147504428501, 24.976386515085025 ] ] ], [ [ [ 80.291058197125508, 25.059096993417445 ], [ 80.318315401269345, 25.075002854635215 ], [ 80.323363031666361, 25.097560257816788 ], [ 80.351293253196459, 25.121852845858477 ], [ 80.351966270582722, 25.123877228195283 ], [ 80.354994848820922, 25.126480005485465 ], [ 80.373166318250156, 25.116647291278113 ], [ 80.370474248705079, 25.099584640153594 ], [ 80.348601183651382, 25.086570753702688 ], [ 80.34590911410632, 25.064880942951181 ], [ 80.355331357514061, 25.055626623697204 ], [ 80.336823379391703, 25.059096993417445 ], [ 80.331439240301563, 25.047818291826658 ], [ 80.311585227406667, 25.044347922106418 ], [ 80.291058197125508, 25.059096993417445 ] ] ] ] } },
{ "type": "Feature", "properties": { "dt_code": "782", "district": "Niwari", "st_code": "23", "year": "2018", "st_nm": "Madhya Pradesh" }, "geometry": { "type": "Polygon", "coordinates": [ [ [ 78.880413755508641, 25.157713332967639 ], [ 78.886807420678181, 25.160316110257817 ], [ 78.845080342729588, 25.097849455293474 ], [ 78.794267530066392, 25.079630014262207 ], [ 78.792921495293854, 25.079340816785518 ], [ 78.792584986600716, 25.079630014262207 ], [ 78.785518304044913, 25.086570753702688 ], [ 78.777105586716559, 25.09466828304992 ], [ 78.776769078023435, 25.09466828304992 ], [ 78.746483295641383, 25.080786804168952 ], [ 78.728984843598425, 25.096114270433354 ], [ 78.68658474826357, 25.073846064728471 ], [ 78.639473531224837, 25.071243287438289 ], [ 78.630387796510234, 25.083100383982448 ], [ 78.628032235658296, 25.086281556226002 ], [ 78.627695726965158, 25.086281556226002 ], [ 78.602121066286998, 25.094957480526606 ], [ 78.603130592366398, 25.146723828853538 ], [ 78.570152740439283, 25.220469185408668 ], [ 78.569143214359883, 25.222782765222163 ], [ 78.568470196973607, 25.22480714755897 ], [ 78.559047953565866, 25.212660853538125 ], [ 78.555682866634527, 25.209190483817885 ], [ 78.577892440381362, 25.253148500274275 ], [ 78.534482818967092, 25.268186769061987 ], [ 78.531790749422029, 25.284092630279758 ], [ 78.512609753913395, 25.276573495885902 ], [ 78.503524019198792, 25.289587382336808 ], [ 78.450355645683644, 25.262113622051565 ], [ 78.435212754492625, 25.284381827756448 ], [ 78.435212754492625, 25.284671025233134 ], [ 78.45304771522872, 25.300576886450905 ], [ 78.454057241308121, 25.300866083927595 ], [ 78.472901728123617, 25.285538617663192 ], [ 78.498139880108653, 25.31995311738892 ], [ 78.510254193061471, 25.295371331870545 ], [ 78.533136784194568, 25.300866083927595 ], [ 78.55299079708945, 25.319663919912234 ], [ 78.529771697263229, 25.353500024684585 ], [ 78.552317779703188, 25.356102801974767 ], [ 78.562076531804067, 25.340775335710369 ], [ 78.584959122937164, 25.346848482720791 ], [ 78.587314683789103, 25.372587058145914 ], [ 78.577892440381362, 25.381552179923204 ], [ 78.561740023110929, 25.37837100767965 ], [ 78.566451144814806, 25.390806499177181 ], [ 78.591352788106704, 25.385890142073507 ], [ 78.610533783615338, 25.415966679648932 ], [ 78.635098918214098, 25.40063921338453 ], [ 78.644857670314977, 25.414520692265498 ], [ 78.641156074690514, 25.433318528250137 ], [ 78.658318018040333, 25.441126860120683 ], [ 78.682210135252831, 25.433607725726823 ], [ 78.689276817808647, 25.445754019747667 ], [ 78.711486391555468, 25.428112973669776 ], [ 78.674470435310752, 25.399771620954471 ], [ 78.665721209289273, 25.41538828469556 ], [ 78.66000056150601, 25.3838657597367 ], [ 78.714851478486807, 25.3728762556226 ], [ 78.709467339396667, 25.351186444871093 ], [ 78.726629282746501, 25.343378113000551 ], [ 78.774750025864634, 25.352921629731213 ], [ 78.766000799843155, 25.369116688425674 ], [ 78.77374049978522, 25.376057427866154 ], [ 78.756915065128538, 25.385311747120134 ], [ 78.768019852001956, 25.400060818431157 ], [ 78.748502347800198, 25.391674091607243 ], [ 78.74816583910706, 25.40989353263851 ], [ 78.821524734210229, 25.422618221612726 ], [ 78.803016756087871, 25.437078095447067 ], [ 78.762299204218678, 25.426956183763028 ], [ 78.752203943424661, 25.446910809654415 ], [ 78.732013421836641, 25.457611116291829 ], [ 78.738070578313042, 25.494917590784421 ], [ 78.744800752175721, 25.49954475041141 ], [ 78.747492821720783, 25.484217284147011 ], [ 78.768019852001956, 25.469468212835984 ], [ 78.791575460521315, 25.483349691716953 ], [ 78.81815964727889, 25.47178179264948 ], [ 78.809073912564273, 25.453562351618213 ], [ 78.820515208130828, 25.467733027975864 ], [ 78.841042238411987, 25.461659880965442 ], [ 78.835321590628709, 25.454719141524961 ], [ 78.854839094830467, 25.447778402084477 ], [ 78.820851716823952, 25.438813280307187 ], [ 78.844070816650188, 25.42782377619309 ], [ 78.866280390397023, 25.465708645639058 ], [ 78.834985081935571, 25.505907094898518 ], [ 78.884451859826243, 25.515450611629184 ], [ 78.886470911985043, 25.532513262753703 ], [ 78.874356599032225, 25.540899989577621 ], [ 78.88276931636058, 25.553913876028524 ], [ 78.911036046583817, 25.555070665935272 ], [ 78.923486868229759, 25.535983632473943 ], [ 78.938293250727654, 25.555649060888648 ], [ 78.940312302886454, 25.555938258365334 ], [ 78.95276312453241, 25.537429619857377 ], [ 78.920121781298434, 25.515450611629184 ], [ 78.920121781298434, 25.515161414152495 ], [ 78.942331355045255, 25.492025616017553 ], [ 78.926515446467974, 25.490001233680747 ], [ 78.943004372431531, 25.480746914426771 ], [ 78.936274198568853, 25.461659880965442 ], [ 78.909016994425016, 25.442283650027427 ], [ 78.938293250727654, 25.42232902413604 ], [ 78.950744072373595, 25.440548465167307 ], [ 78.967232998337153, 25.434475318156885 ], [ 78.97631873305177, 25.420015444322544 ], [ 78.96992506788223, 25.390228104223809 ], [ 78.989442572083988, 25.374033045529348 ], [ 78.975309206972369, 25.36593551618212 ], [ 78.95915678970195, 25.371430268239166 ], [ 78.938629759420792, 25.346848482720791 ], [ 78.901277294482938, 25.361597554031817 ], [ 78.89656617277906, 25.374033045529348 ], [ 78.916083676980818, 25.381552179923204 ], [ 78.938293250727654, 25.374900637959406 ], [ 78.957474246236274, 25.393698473944049 ], [ 78.953099633225534, 25.400060818431157 ], [ 78.917766220446495, 25.396301251234231 ], [ 78.91372811612888, 25.384154957213386 ], [ 78.880077246815503, 25.385890142073507 ], [ 78.845753360115864, 25.355524407021395 ], [ 78.846089868808988, 25.326893856829404 ], [ 78.842724781877649, 25.336437373560067 ], [ 78.81916917335829, 25.306939230938013 ], [ 78.798305634383993, 25.313879970378498 ], [ 78.787873864896852, 25.295949726823917 ], [ 78.798978651770256, 25.289298184860122 ], [ 78.817150121199489, 25.306650033461327 ], [ 78.828591416766031, 25.302601268787711 ], [ 78.818496155972014, 25.298841701590785 ], [ 78.809410421257411, 25.27050034887548 ], [ 78.849791464433466, 25.228855912232586 ], [ 78.866616899090161, 25.280333063082832 ], [ 78.879740738122365, 25.285827815139882 ], [ 78.874356599032225, 25.308674415798137 ], [ 78.862578794772546, 25.314458365331873 ], [ 78.867626425169561, 25.32544786944597 ], [ 78.881086772894903, 25.324869474492594 ], [ 78.882096298974304, 25.343667310477237 ], [ 78.911709063970079, 25.332677806363137 ], [ 78.922477342150358, 25.342799718047175 ], [ 78.932236094251238, 25.335858978606694 ], [ 78.927861481240498, 25.324001882062536 ], [ 78.960502824474489, 25.345113297860671 ], [ 78.957474246236274, 25.302312071311029 ], [ 78.980020328676247, 25.279176273176084 ], [ 78.955455194077473, 25.282646642896324 ], [ 78.954445667998073, 25.261246029621503 ], [ 78.945023424590332, 25.259510844761383 ], [ 78.917093203060219, 25.273681521119038 ], [ 78.899594751017261, 25.243026588590237 ], [ 78.881086772894903, 25.254016092704333 ], [ 78.881086772894903, 25.254016092704333 ], [ 78.880750264201779, 25.254016092704333 ], [ 78.870991512100886, 25.234350664289632 ], [ 78.869645477328362, 25.231169492046078 ], [ 78.870655003407762, 25.230012702139334 ], [ 78.890509016302659, 25.214396038398245 ], [ 78.870655003407762, 25.186922278113002 ], [ 78.880413755508641, 25.157713332967639 ] ] ] } }
]
}
