{
"type": "FeatureCollection",
"name": "mizoram",
"crs": { "type": "name", "properties": { "name": "urn:ogc:def:crs:OGC:1.3:CRS84" } },
"features": [
{ "type": "Feature", "properties": { "district": "Aizawl", "dt_code": "261", "st_nm": "Mizoram", "st_code": "15", "year": "2011_c" }, "geometry": { "type": "Polygon", "coordinates": [ [ [ 93.044615514356821, 23.41072295530153 ], [ 93.039850648527889, 23.414678984066438 ], [ 93.036231763088196, 23.417728422906059 ], [ 93.019102372006969, 23.433964624295378 ], [ 92.971936231776297, 23.477563357975328 ], [ 92.947569069815685, 23.514074206784812 ], [ 92.919884596202039, 23.522645602442115 ], [ 92.91361186143989, 23.522068681580567 ], [ 92.880921262967988, 23.518689573677207 ], [ 92.852332067994411, 23.4802831277512 ], [ 92.839183450896854, 23.427618494818333 ], [ 92.833996381766624, 23.41657458118296 ], [ 92.820003358066472, 23.386080192786775 ], [ 92.811981495341826, 23.367948394280937 ], [ 92.831221902929528, 23.334899070640748 ], [ 92.853598677898304, 23.322618898016337 ], [ 92.827542702732501, 23.298635473629069 ], [ 92.812584642915098, 23.272838869391219 ], [ 92.791233218820906, 23.2758058909649 ], [ 92.78116065434709, 23.299542063554362 ], [ 92.765720076471069, 23.302673919659917 ], [ 92.756552233357183, 23.304651934042372 ], [ 92.736165845380228, 23.313635416029356 ], [ 92.712100257206274, 23.297893718235649 ], [ 92.702027692732457, 23.296904711044423 ], [ 92.691593239714663, 23.322618898016337 ], [ 92.689361593693519, 23.328058437568089 ], [ 92.689723482237497, 23.328965027493382 ], [ 92.689421908450853, 23.329789200152739 ], [ 92.689844111752151, 23.338772682139723 ], [ 92.690386944568104, 23.341657286447472 ], [ 92.689361593693519, 23.343882552627733 ], [ 92.69008537078146, 23.35294845188065 ], [ 92.690628203597413, 23.354844048997172 ], [ 92.688396557576269, 23.358470408698338 ], [ 92.687552150973673, 23.363085775590733 ], [ 92.684657042621922, 23.36712422162158 ], [ 92.674946366692083, 23.368525315142485 ], [ 92.67874619640375, 23.37124508491836 ], [ 92.679047770190394, 23.372646178439268 ], [ 92.678444622617121, 23.37882747338444 ], [ 92.672714720670939, 23.382701084883415 ], [ 92.667467336783375, 23.390777976945106 ], [ 92.669638668047199, 23.401574638782673 ], [ 92.666261041636815, 23.411794379758692 ], [ 92.659324844544059, 23.421766868936903 ], [ 92.65805823464018, 23.431492106317307 ], [ 92.658601067456132, 23.440558005570228 ], [ 92.657997919882845, 23.455640365236448 ], [ 92.658480437941463, 23.466684278871824 ], [ 92.657756660853536, 23.478552365166554 ], [ 92.657575716581547, 23.489184192472251 ], [ 92.661013657749251, 23.497261084533942 ], [ 92.659264529786739, 23.503607214010984 ], [ 92.656791624736286, 23.508387415435251 ], [ 92.654499663957807, 23.51803023554972 ], [ 92.646598430747815, 23.519348911804691 ], [ 92.640386010743001, 23.521739012516825 ], [ 92.635078312098116, 23.533607098811554 ], [ 92.637973420449867, 23.539541141958921 ], [ 92.643763637153384, 23.541189487277634 ], [ 92.644909617542623, 23.547618034020612 ], [ 92.648166614438338, 23.553222408104237 ], [ 92.656731309978952, 23.554211415295462 ], [ 92.658782011728107, 23.559733372113151 ], [ 92.660410510175979, 23.570365199418848 ], [ 92.654017145899175, 23.576793746161826 ], [ 92.652087073664674, 23.584458551893839 ], [ 92.651785499878031, 23.58989809144559 ], [ 92.656731309978952, 23.593359616614887 ], [ 92.664330969402315, 23.5950079619336 ], [ 92.671870314068343, 23.600035415155673 ], [ 92.674886051934749, 23.609101314408594 ], [ 92.674282904361462, 23.614458436694409 ], [ 92.675247940478712, 23.623112249617652 ], [ 92.669156149988567, 23.626491357521012 ], [ 92.658359808426809, 23.628716623701273 ], [ 92.652388647451318, 23.63028255175405 ], [ 92.652448962208652, 23.63522758771019 ], [ 92.645693709387885, 23.63951328553884 ], [ 92.640747899286964, 23.642645141644394 ], [ 92.637129013847272, 23.647425343068662 ], [ 92.637068699089951, 23.658386839438101 ], [ 92.64774441113704, 23.667947242286633 ], [ 92.652509276965972, 23.677013141539554 ], [ 92.656429736192308, 23.681958177495691 ], [ 92.660651769205288, 23.690117486823318 ], [ 92.667648281055364, 23.707342695403867 ], [ 92.663486562799719, 23.711051472370968 ], [ 92.657515401824213, 23.71138114143471 ], [ 92.652026758907354, 23.714100911210586 ], [ 92.648468188224982, 23.719787702560147 ], [ 92.643884266668039, 23.72819426368558 ], [ 92.641712935404215, 23.734128306832947 ], [ 92.639179715596441, 23.738661256459405 ], [ 92.637732161420558, 23.747397486648584 ], [ 92.635681459671403, 23.758441400283957 ], [ 92.629589669181243, 23.762397429048868 ], [ 92.634897367826127, 23.767672134068746 ], [ 92.640386010743001, 23.771957831897399 ], [ 92.642436712492156, 23.785309428978973 ], [ 92.639541604140405, 23.792974234710986 ], [ 92.629951557725221, 23.792891817445053 ], [ 92.625186691896289, 23.796435759880282 ], [ 92.629469039666589, 23.801875299432034 ], [ 92.633208554620936, 23.807891759845337 ], [ 92.638094049964522, 23.815556565577349 ], [ 92.642858915793454, 23.811765371344311 ], [ 92.651061722790104, 23.81118845048276 ], [ 92.656128162405665, 23.818358752619162 ], [ 92.646176227446517, 23.819924680671939 ], [ 92.646598430747815, 23.827589486403951 ], [ 92.65196644415002, 23.830721342509506 ], [ 92.661254916778574, 23.832040018764477 ], [ 92.662400897167799, 23.837149889252487 ], [ 92.654137775413844, 23.847781716558181 ], [ 92.651061722790104, 23.853963011503353 ], [ 92.647623781622386, 23.863523414351889 ], [ 92.643160489580097, 23.872259644541064 ], [ 92.643100174822777, 23.880501371134628 ], [ 92.641351046860251, 23.885776076154507 ], [ 92.641290732102931, 23.892039788365615 ], [ 92.645452450358576, 23.896078234396462 ], [ 92.659324844544059, 23.901270522150405 ], [ 92.663004044741086, 23.90835840702087 ], [ 92.657937605125511, 23.919896824251857 ], [ 92.646357171718492, 23.922204507698059 ], [ 92.644728673270635, 23.929457227100393 ], [ 92.636827440060628, 23.931682493280654 ], [ 92.623015360632465, 23.93514401844995 ], [ 92.625247006653609, 23.941160478863253 ], [ 92.63019281675453, 23.944869255830355 ], [ 92.627538967432088, 23.95368790328547 ], [ 92.627418337917433, 23.953770320551403 ], [ 92.627478652674753, 23.95368790328547 ], [ 92.631700685687733, 23.955583500401989 ], [ 92.635259256370105, 23.956160421263537 ], [ 92.635319571127425, 23.956325255795409 ], [ 92.635681459671403, 23.956654924859151 ], [ 92.641230417345596, 23.963165888868065 ], [ 92.643522378124075, 23.964484565123037 ], [ 92.643582692881395, 23.964484565123037 ], [ 92.6446683585133, 23.964154896059291 ], [ 92.646055597931849, 23.960034032762511 ], [ 92.646055597931849, 23.959951615496575 ], [ 92.647865040651695, 23.957891183848187 ], [ 92.650880778518115, 23.956572507593215 ], [ 92.655344070560403, 23.955748334933858 ], [ 92.658902641242761, 23.956819759391021 ], [ 92.658962956000096, 23.956819759391021 ], [ 92.659204215029405, 23.95706701118883 ], [ 92.664089710372991, 23.961352709017483 ], [ 92.665778523578183, 23.963330723399938 ], [ 92.665778523578183, 23.963413140665871 ], [ 92.667045133482077, 23.967863673026397 ], [ 92.668673631929948, 23.969594435611043 ], [ 92.670784648436424, 23.970336191004467 ], [ 92.670844963193758, 23.970336191004467 ], [ 92.670905277951093, 23.970336191004467 ], [ 92.674524163390785, 23.970088939206658 ], [ 92.67868588164643, 23.968193342090139 ], [ 92.680736583395586, 23.967204334898913 ], [ 92.68387295077666, 23.966792248569234 ], [ 92.68393326553398, 23.966792248569234 ], [ 92.68393326553398, 23.966792248569234 ], [ 92.685561763981852, 23.970583442802273 ], [ 92.685561763981852, 23.970583442802273 ], [ 92.687250577187044, 23.97462188883312 ], [ 92.688939390392221, 23.979979011118935 ], [ 92.688939390392221, 23.980061428384872 ], [ 92.688999705149556, 23.982451529097002 ], [ 92.691532924957343, 23.982286694565133 ], [ 92.692256702045285, 23.981297687373903 ], [ 92.692437646317259, 23.98138010463984 ], [ 92.692618590589248, 23.981462521905776 ], [ 92.694910551367727, 23.982451529097002 ], [ 92.696719994087573, 23.981957025501391 ], [ 92.69738345641818, 23.981792190969518 ], [ 92.698770695836728, 23.98212186003326 ], [ 92.699735731953979, 23.98121527010797 ], [ 92.703837135452304, 23.982204277299196 ], [ 92.703897450209624, 23.982204277299196 ], [ 92.704862486326888, 23.981462521905776 ], [ 92.709144834097188, 23.978165831268349 ], [ 92.709446407883831, 23.978248248534285 ], [ 92.713487496624822, 23.979731759321126 ], [ 92.716563549248562, 23.979814176587062 ], [ 92.716623864005882, 23.979731759321126 ], [ 92.72012211993092, 23.97536364422654 ], [ 92.723680690613293, 23.974951557896862 ], [ 92.739784730819935, 23.978907586661769 ], [ 92.74491148519283, 23.982369111831069 ], [ 92.746117780339389, 23.984182291681652 ], [ 92.746238409854044, 23.987561399585012 ], [ 92.744549596648852, 23.988632824042178 ], [ 92.744489281891532, 23.988632824042178 ], [ 92.744368652376878, 23.992259183743343 ], [ 92.744368652376878, 23.992259183743343 ], [ 92.745574947523437, 23.993000939136763 ], [ 92.747866908301916, 23.992753687338958 ], [ 92.747866908301916, 23.992753687338958 ], [ 92.755044364423966, 23.989292162169662 ], [ 92.757336325202445, 23.98970424849934 ], [ 92.758723564620993, 23.990858090222439 ], [ 92.759145767922291, 23.992341601009279 ], [ 92.75932671219428, 23.992918521870827 ], [ 92.75932671219428, 23.992918521870827 ], [ 92.758663249863659, 23.998522895954451 ], [ 92.758663249863659, 23.998605313220388 ], [ 92.75932671219428, 24.000253658539101 ], [ 92.763729689479234, 24.004374521835881 ], [ 92.771510293174572, 24.011792075770089 ], [ 92.779049637840615, 24.015665687269063 ], [ 92.783633559397558, 24.01739644985371 ], [ 92.784960484058772, 24.017890953449324 ], [ 92.784960484058772, 24.017890953449324 ], [ 92.790630071247634, 24.018715126108681 ], [ 92.801185153780068, 24.017808536183388 ], [ 92.805769075337011, 24.018303039779003 ], [ 92.806070649123654, 24.018303039779003 ], [ 92.806070649123654, 24.018303039779003 ], [ 92.810413311651288, 24.020198636895522 ], [ 92.811921180584491, 24.021929399480172 ], [ 92.813187790488385, 24.022094234012041 ], [ 92.817530453016019, 24.022671154873592 ], [ 92.8213302827277, 24.021352478618621 ], [ 92.822777836903583, 24.020857975023006 ], [ 92.828085535548468, 24.016654694460289 ], [ 92.829834663510979, 24.013687672886608 ], [ 92.832126624289458, 24.012616248429445 ], [ 92.832669457105411, 24.013934924684413 ], [ 92.832669457105411, 24.013934924684413 ], [ 92.83170442098816, 24.018632708842745 ], [ 92.83170442098816, 24.018632708842745 ], [ 92.83176473574548, 24.018715126108681 ], [ 92.832729771862731, 24.020363471427395 ], [ 92.836107398273114, 24.021929399480172 ], [ 92.836107398273114, 24.021846982214235 ], [ 92.838881877110211, 24.015171183673448 ], [ 92.84093257885938, 24.013934924684413 ], [ 92.841294467403344, 24.015336018205321 ], [ 92.843827687211132, 24.024649169256048 ], [ 92.84732594313617, 24.026709600904439 ], [ 92.84738625789349, 24.026792018170372 ], [ 92.84732594313617, 24.026874435436309 ], [ 92.845275241387014, 24.034127154838643 ], [ 92.845275241387014, 24.034127154838643 ], [ 92.845275241387014, 24.034127154838643 ], [ 92.845335556144335, 24.034127154838643 ], [ 92.848049720224111, 24.033550233977095 ], [ 92.849316330128005, 24.033962320306774 ], [ 92.850221051487921, 24.035857917423293 ], [ 92.850160736730601, 24.038660104465105 ], [ 92.850160736730601, 24.044594147612468 ], [ 92.847929090709457, 24.045418320271825 ], [ 92.847868775952122, 24.045418320271825 ], [ 92.847567202165479, 24.046819413792733 ], [ 92.847567202165479, 24.046901831058669 ], [ 92.849075071098682, 24.050280938962029 ], [ 92.849075071098682, 24.050280938962029 ], [ 92.849135385856016, 24.050363356227962 ], [ 92.84835129401074, 24.053083126003841 ], [ 92.847868775952122, 24.055061140386293 ], [ 92.847868775952122, 24.055143557652229 ], [ 92.849738533429303, 24.059758924544624 ], [ 92.849738533429303, 24.059758924544624 ], [ 92.848592553040064, 24.062561111586437 ], [ 92.848652867797384, 24.062561111586437 ], [ 92.850643254789219, 24.065033629564507 ], [ 92.851306717119826, 24.065445715894185 ], [ 92.85136703187716, 24.065445715894185 ], [ 92.85136703187716, 24.065445715894185 ], [ 92.852151123722422, 24.070308334584386 ], [ 92.85661441576471, 24.071297341775615 ], [ 92.85661441576471, 24.071379759041548 ], [ 92.856795360036699, 24.075006118742717 ], [ 92.856855674794033, 24.075583039604268 ], [ 92.857096933823343, 24.07929181657137 ], [ 92.858785747028534, 24.084484104325316 ], [ 92.859750783145785, 24.087368708633061 ], [ 92.859750783145785, 24.087451125898998 ], [ 92.856493786250056, 24.093879672641975 ], [ 92.85655410100739, 24.093962089907912 ], [ 92.857036619066008, 24.094786262567268 ], [ 92.858846061785854, 24.09536318342882 ], [ 92.858846061785854, 24.095445600694752 ], [ 92.858363543727236, 24.099154377661858 ], [ 92.858423858484556, 24.099071960395921 ], [ 92.860112671689748, 24.098577456800307 ], [ 92.860534874991046, 24.099648881257473 ], [ 92.860715819263035, 24.10195656470367 ], [ 92.86083644877769, 24.103934579086125 ], [ 92.860957078292344, 24.105253255341093 ], [ 92.860957078292344, 24.10533567260703 ], [ 92.86180148489494, 24.106242262532323 ], [ 92.866023517907919, 24.107313686989485 ], [ 92.869159885288994, 24.109786204967556 ], [ 92.870245550920899, 24.110692794892845 ], [ 92.870728068979517, 24.116214751710533 ], [ 92.869642403347612, 24.119758694145766 ], [ 92.869642403347612, 24.119758694145766 ], [ 92.869582088590292, 24.119923528677635 ], [ 92.869642403347612, 24.120005945943571 ], [ 92.871934364126091, 24.1221487948579 ], [ 92.874166010147235, 24.124291643772224 ], [ 92.874226324904555, 24.124374061038161 ], [ 92.876035767624401, 24.127341082611842 ], [ 92.878870561218832, 24.12874217613275 ], [ 92.878930875976167, 24.12874217613275 ], [ 92.878870561218832, 24.128824593398683 ], [ 92.878810246461498, 24.128989427930556 ], [ 92.874588213448533, 24.135088305609791 ], [ 92.874648528205853, 24.138879499842833 ], [ 92.874648528205853, 24.138879499842833 ], [ 92.874648528205853, 24.138879499842833 ], [ 92.874769157720507, 24.139044334374702 ], [ 92.874769157720507, 24.139044334374702 ], [ 92.876759544712343, 24.143494866735228 ], [ 92.879594338306774, 24.146956391904524 ], [ 92.884117945106397, 24.150005830744142 ], [ 92.884178259863717, 24.150170665276015 ], [ 92.885927387826243, 24.152972852317824 ], [ 92.886289276370206, 24.155362953029957 ], [ 92.886289276370206, 24.155362953029957 ], [ 92.886289276370206, 24.155445370295894 ], [ 92.884841722194324, 24.157753053742091 ], [ 92.884902036951658, 24.157835471008028 ], [ 92.88544486976761, 24.15890689546519 ], [ 92.887676515788755, 24.159978319922352 ], [ 92.887676515788755, 24.160060737188289 ], [ 92.888641551906005, 24.165170607676298 ], [ 92.888641551906005, 24.165170607676298 ], [ 92.888159033847387, 24.167313456590623 ], [ 92.887073368215468, 24.16723103932469 ], [ 92.885746443554254, 24.167066204792818 ], [ 92.885324240252956, 24.168055211984047 ], [ 92.885384555010276, 24.168055211984047 ], [ 92.887013053458148, 24.168302463781853 ], [ 92.887435256759446, 24.168549715579658 ], [ 92.891898548801734, 24.170939816291792 ], [ 92.894371453852187, 24.17135190262147 ], [ 92.894673027638831, 24.172423327078633 ], [ 92.89485397191082, 24.17324749973799 ], [ 92.89485397191082, 24.17324749973799 ], [ 92.89491428666814, 24.17324749973799 ], [ 92.894733342396165, 24.183714492511815 ], [ 92.89587932278539, 24.187917773074531 ], [ 92.896542785116011, 24.190143039254796 ], [ 92.89491428666814, 24.198961686709907 ], [ 92.894974601425474, 24.198961686709907 ], [ 92.897507821233262, 24.199208938507713 ], [ 92.897507821233262, 24.199208938507713 ], [ 92.897507821233262, 24.199208938507713 ], [ 92.897447506475928, 24.199373773039586 ], [ 92.896361840844023, 24.202175960081398 ], [ 92.896422155601343, 24.202175960081398 ], [ 92.899860096769061, 24.20341221907043 ], [ 92.899980726283715, 24.20341221907043 ], [ 92.900463244342347, 24.204401226261659 ], [ 92.900463244342347, 24.204483643527595 ], [ 92.900523559099668, 24.204566060793532 ], [ 92.900523559099668, 24.204566060793532 ], [ 92.900282300070359, 24.206379240644115 ], [ 92.899618837739752, 24.206956161505662 ], [ 92.899437893467763, 24.207120996037535 ], [ 92.899498208225083, 24.207203413303471 ], [ 92.899498208225083, 24.207285830569404 ], [ 92.900885447643631, 24.209346262217796 ], [ 92.900825132886311, 24.209428679483732 ], [ 92.900644188614322, 24.210252852143089 ], [ 92.898533172107832, 24.210088017611216 ], [ 92.898171283563869, 24.210088017611216 ], [ 92.898231598321189, 24.210252852143089 ], [ 92.898352227835858, 24.210500103940895 ], [ 92.899498208225083, 24.212725370121156 ], [ 92.901367965702264, 24.216351729822325 ], [ 92.901367965702264, 24.216434147088261 ], [ 92.901669539488907, 24.217835240609165 ], [ 92.902513946091503, 24.221214348512529 ], [ 92.902574260848823, 24.221544017576271 ], [ 92.902574260848823, 24.221544017576271 ], [ 92.902574260848823, 24.221544017576271 ], [ 92.901669539488907, 24.231104420424803 ], [ 92.901488595216918, 24.231434089488545 ], [ 92.899196634438454, 24.235719787317198 ], [ 92.896241211329368, 24.237203298104038 ], [ 92.896180896572034, 24.237203298104038 ], [ 92.896120581814714, 24.237368132635911 ], [ 92.893165158705628, 24.241983499528306 ], [ 92.890873197927149, 24.241983499528306 ], [ 92.890812883169829, 24.241983499528306 ], [ 92.890752568412495, 24.241983499528306 ], [ 92.8875558862741, 24.235637370051265 ], [ 92.883695741805099, 24.232340679413838 ], [ 92.880981577725322, 24.233247269339131 ], [ 92.878991190733487, 24.236873629040296 ], [ 92.878930875976167, 24.236956046306233 ], [ 92.876277026653725, 24.239758233348045 ], [ 92.875432620051129, 24.240582406007402 ], [ 92.865902888393265, 24.240912075071144 ], [ 92.863429983342812, 24.241241744134886 ], [ 92.863007780041514, 24.242395585857984 ], [ 92.863068094798834, 24.242395585857984 ], [ 92.863068094798834, 24.242478003123921 ], [ 92.864575963732037, 24.244043931176698 ], [ 92.864575963732037, 24.244126348442634 ], [ 92.863249039070823, 24.248412046271284 ], [ 92.863309353828143, 24.248412046271284 ], [ 92.867410757326468, 24.25022522612187 ], [ 92.867350442569148, 24.250307643387806 ], [ 92.865299740819978, 24.25360433402523 ], [ 92.865299740819978, 24.25360433402523 ], [ 92.865299740819978, 24.253686751291166 ], [ 92.865902888393265, 24.256901024662657 ], [ 92.864033130916084, 24.25698344192859 ], [ 92.862404632468227, 24.257148276460462 ], [ 92.861982429166929, 24.257725197322014 ], [ 92.861982429166929, 24.257807614587946 ], [ 92.862947465284179, 24.259785628970402 ], [ 92.862947465284179, 24.259868046236338 ], [ 92.867350442569148, 24.261269139757246 ], [ 92.867290127811813, 24.261433974289115 ], [ 92.864334704702728, 24.264483413128733 ], [ 92.864274389945408, 24.26456583039467 ], [ 92.864274389945408, 24.269098780021128 ], [ 92.864274389945408, 24.269098780021128 ], [ 92.866867924510515, 24.272313053392619 ], [ 92.86698855402517, 24.272560305190424 ], [ 92.869823347619601, 24.276021830359724 ], [ 92.871089957523495, 24.276351499423466 ], [ 92.872597826456698, 24.276681168487208 ], [ 92.874467583933878, 24.275939413093788 ], [ 92.876457970925699, 24.276351499423466 ], [ 92.876457970925699, 24.276433916689399 ], [ 92.876397656168379, 24.277505341146565 ], [ 92.876397656168379, 24.277505341146565 ], [ 92.876397656168379, 24.277587758412498 ], [ 92.875131046264485, 24.279565772794953 ], [ 92.873562862573948, 24.281791038975218 ], [ 92.873623177331282, 24.281873456241151 ], [ 92.873623177331282, 24.281955873507087 ], [ 92.875854823352427, 24.285994319537934 ], [ 92.875794508595092, 24.285994319537934 ], [ 92.87308034451533, 24.289291010175358 ], [ 92.872718455971352, 24.291021772760008 ], [ 92.871994678883411, 24.295060218790852 ], [ 92.871934364126091, 24.295142636056788 ], [ 92.870667754222197, 24.2979448230986 ], [ 92.867229813054479, 24.299263499353572 ], [ 92.867048868782504, 24.299345916619504 ], [ 92.86698855402517, 24.299510751151377 ], [ 92.864696593246705, 24.307505225947132 ], [ 92.863188724313488, 24.30791731227681 ], [ 92.861861799652274, 24.307257974149326 ], [ 92.859509524116476, 24.306186549692164 ], [ 92.85751913712464, 24.307834895010878 ], [ 92.857579451881961, 24.30791731227681 ], [ 92.861077707806999, 24.31376893815824 ], [ 92.864033130916084, 24.315334866211018 ], [ 92.864395019460062, 24.31549970074289 ], [ 92.869220200046314, 24.316735959731925 ], [ 92.869943977134255, 24.320115067635285 ], [ 92.866686980238526, 24.319867815837476 ], [ 92.865118796547989, 24.323082089208967 ], [ 92.862826835769525, 24.324071096400196 ], [ 92.862887150526845, 24.324235930932065 ], [ 92.864214075188073, 24.327285369771687 ], [ 92.865540999849287, 24.325554607187037 ], [ 92.865661629363956, 24.325554607187037 ], [ 92.867290127811813, 24.326049110782652 ], [ 92.870728068979517, 24.328686463292591 ], [ 92.870728068979517, 24.328686463292591 ], [ 92.874226324904555, 24.329757887749754 ], [ 92.877543636557618, 24.333054578387181 ], [ 92.877543636557618, 24.333054578387181 ], [ 92.879172135005476, 24.337010607152088 ], [ 92.881343466269286, 24.340472132321388 ], [ 92.887978089575398, 24.350856707829276 ], [ 92.888038404332718, 24.350939125095209 ], [ 92.893587362006926, 24.355389657455735 ], [ 92.893527047249592, 24.355389657455735 ], [ 92.890390679868531, 24.356461081912897 ], [ 92.888641551906005, 24.360829197007487 ], [ 92.886771794428839, 24.362807211389942 ], [ 92.886832109186159, 24.362889628655878 ], [ 92.889485958508601, 24.364867643038334 ], [ 92.889425643751281, 24.364950060304267 ], [ 92.888822496177994, 24.367752247346079 ], [ 92.892441381617687, 24.367834664612015 ], [ 92.89274295540433, 24.367834664612015 ], [ 92.893647676764246, 24.368906089069178 ], [ 92.893647676764246, 24.368906089069178 ], [ 92.893647676764246, 24.368906089069178 ], [ 92.89485397191082, 24.377230232928678 ], [ 92.893285788220282, 24.378713743715519 ], [ 92.888400292876696, 24.379208247311134 ], [ 92.887254312487457, 24.380279671768296 ], [ 92.887133682972802, 24.380362089034232 ], [ 92.891355715985782, 24.386873053043146 ], [ 92.892139807831043, 24.390499412744315 ], [ 92.894069880065544, 24.386873053043146 ], [ 92.895396804726772, 24.386625801245341 ], [ 92.896422155601343, 24.387120304840952 ], [ 92.896904673659975, 24.388274146564051 ], [ 92.897085617931964, 24.388768650159665 ], [ 92.897145932689284, 24.388933484691538 ], [ 92.897145932689284, 24.389015901957471 ], [ 92.896361840844023, 24.390252160946506 ], [ 92.895638063756081, 24.391323585403669 ], [ 92.895638063756081, 24.391323585403669 ], [ 92.900221985313024, 24.390499412744315 ], [ 92.900221985313024, 24.390499412744315 ], [ 92.901428280459598, 24.390746664542121 ], [ 92.904444018326004, 24.391488419935541 ], [ 92.904444018326004, 24.391488419935541 ], [ 92.904444018326004, 24.391488419935541 ], [ 92.905107480656611, 24.392395009860834 ], [ 92.904986851141956, 24.396103786827936 ], [ 92.908545421824329, 24.40022465012472 ], [ 92.910837382602793, 24.409949887505125 ], [ 92.922659075039135, 24.402697168102787 ], [ 92.921814668436539, 24.40113124005001 ], [ 92.922900334068444, 24.399647729263169 ], [ 92.924589147273636, 24.39923564293349 ], [ 92.9268811080521, 24.395609283232325 ], [ 92.934963285534096, 24.392559844392704 ], [ 92.936953672525917, 24.393713686115802 ], [ 92.937737764371192, 24.396021369562 ], [ 92.939788466120348, 24.397999383944455 ], [ 92.94334703680272, 24.398823556603812 ], [ 92.948895994476914, 24.40113124005001 ], [ 92.950464178167451, 24.401790578177497 ], [ 92.951308584770047, 24.401708160911561 ], [ 92.953118027489893, 24.401543326379688 ], [ 92.953238657004547, 24.401460909113752 ], [ 92.953902119335154, 24.400801570986268 ], [ 92.95685754244424, 24.395774117764194 ], [ 92.957340060502858, 24.394949945104837 ], [ 92.957701949046836, 24.394620276041096 ], [ 92.959511391766682, 24.392807096190513 ], [ 92.959511391766682, 24.392807096190513 ], [ 92.970006159541796, 24.398164218476328 ], [ 92.974831340128048, 24.404675182485242 ], [ 92.979415261684991, 24.406570779601761 ], [ 92.984602330815221, 24.404427930687437 ], [ 92.987497439166987, 24.404510347953373 ], [ 92.991056009849345, 24.402367499039045 ], [ 92.994493951017063, 24.398823556603812 ], [ 92.997208115096825, 24.398411470274134 ], [ 92.999620705389958, 24.400142232858784 ], [ 93.023445034534603, 24.387285139372825 ], [ 93.016207263655218, 24.376818146599 ], [ 93.021213388513459, 24.371048937983506 ], [ 93.019223001521638, 24.362807211389942 ], [ 93.018378594919042, 24.355636909253541 ], [ 93.020610240940186, 24.343603988426942 ], [ 93.030803434928657, 24.341296304980741 ], [ 93.042383868335676, 24.340142463257642 ], [ 93.034241376096361, 24.315170031679148 ], [ 93.022962516475985, 24.297532736768922 ], [ 93.017232614529803, 24.289950348302845 ], [ 93.010115473165072, 24.284922895080769 ], [ 93.007220364813307, 24.277340506614692 ], [ 93.012950266759489, 24.268521859159581 ], [ 93.005772810637438, 24.259620794438533 ], [ 93.005712495880104, 24.250802146983418 ], [ 93.01699135550048, 24.233164852073195 ], [ 93.025556051041093, 24.229456075106089 ], [ 93.018378594919042, 24.225664880873051 ], [ 93.018378594919042, 24.221873686640013 ], [ 93.022600627932007, 24.214373715439869 ], [ 93.021213388513459, 24.206873744239729 ], [ 93.01693104074316, 24.204401226261659 ], [ 93.015543801324611, 24.196818837795579 ], [ 93.011321768311632, 24.194346319817512 ], [ 93.001972980925757, 24.194346319817512 ], [ 93.002033295683091, 24.191132046446022 ], [ 93.009813899378429, 24.179016708353483 ], [ 93.002214239955066, 24.170939816291792 ], [ 93.004325256461556, 24.157423384678349 ], [ 92.999560390632624, 24.153632190445311 ], [ 92.992021045966595, 24.150088248010078 ], [ 92.99003065897476, 24.14720364370233 ], [ 92.989789399945451, 24.143742118533034 ], [ 92.991779786937286, 24.13723115452412 ], [ 92.984964219359199, 24.125775154559065 ], [ 92.97645983857592, 24.123302636580998 ], [ 92.972539379349584, 24.120830118602928 ], [ 92.973745674496143, 24.113907068264336 ], [ 92.975253543429346, 24.111764219350007 ], [ 92.983697609455305, 24.111764219350007 ], [ 92.988160901497594, 24.113247730136852 ], [ 92.999560390632624, 24.112093888413753 ], [ 93.008547289474535, 24.106819183393871 ], [ 93.012950266759489, 24.101379643842119 ], [ 93.020308667153543, 24.098247787736565 ], [ 93.02615919861438, 24.100473053916829 ], [ 93.029114621723465, 24.097670866875017 ], [ 93.03351759900842, 24.096022521556304 ], [ 93.03653333687484, 24.091984075525456 ], [ 93.052456432809493, 24.087451125898998 ], [ 93.063976551459177, 24.09099506833423 ], [ 93.072541246999791, 24.097176363279402 ], [ 93.078271148945973, 24.099648881257473 ], [ 93.084001050892155, 24.087039039569319 ], [ 93.088223083905135, 24.080692910092274 ], [ 93.093952985851317, 24.076984133125173 ], [ 93.101070127216047, 24.070638003648128 ], [ 93.099622573040165, 24.063138032447988 ], [ 93.101009812458713, 24.059346838214946 ], [ 93.099622573040165, 24.053083126003841 ], [ 93.102457366634596, 24.049291931770799 ], [ 93.098175018864282, 24.045500737537761 ], [ 93.099622573040165, 24.041709543304723 ], [ 93.109574507999326, 24.046819413792733 ], [ 93.110961747417875, 24.051846867014806 ], [ 93.118078888782605, 24.053083126003841 ], [ 93.119526442958488, 24.056874320236879 ], [ 93.128030823741767, 24.060665514469918 ], [ 93.133760725687949, 24.069484161925029 ], [ 93.133760725687949, 24.075830291402074 ], [ 93.14087786705268, 24.083330262602217 ], [ 93.146547454241528, 24.084648938857185 ], [ 93.157102536773976, 24.080363241028532 ], [ 93.159937330368393, 24.074099528817424 ], [ 93.168502025909007, 24.067835816606319 ], [ 93.165606917557255, 24.057698492896236 ], [ 93.168441711151672, 24.051434780685128 ], [ 93.174111298340534, 24.050198521696093 ], [ 93.192567614082975, 24.052753456940096 ], [ 93.196849961853275, 24.048962262707057 ], [ 93.207224100113734, 24.047561169186153 ], [ 93.194738945346785, 24.014099759216286 ], [ 93.171457449018092, 23.940006637140154 ], [ 93.189069358157937, 23.907204565297771 ], [ 93.16144519930161, 23.882644220048952 ], [ 93.165124399498623, 23.839952076294296 ], [ 93.149804451137257, 23.81044669508934 ], [ 93.125075400632682, 23.798496191528674 ], [ 93.075195096322233, 23.774347932609533 ], [ 93.044374255327497, 23.765611702420358 ], [ 93.044977402900784, 23.707507529935736 ], [ 93.045520235716737, 23.669595587605347 ], [ 93.045580550474071, 23.666628566031665 ], [ 93.04576149474606, 23.653441803481964 ], [ 93.056859410094447, 23.55561250881637 ], [ 93.04485677338613, 23.475667760858805 ], [ 93.059513259416889, 23.416409746651087 ], [ 93.044615514356821, 23.41072295530153 ] ] ] } },
{ "type": "Feature", "properties": { "district": "Champhai", "dt_code": "262", "st_nm": "Mizoram", "st_code": "15", "year": "2011_c" }, "geometry": { "type": "MultiPolygon", "coordinates": [ [ [ [ 93.045580550474071, 23.666628566031665 ], [ 93.045520235716737, 23.669595587605347 ], [ 93.044977402900784, 23.707507529935736 ], [ 93.044374255327497, 23.765611702420358 ], [ 93.075195096322233, 23.774347932609533 ], [ 93.125075400632682, 23.798496191528674 ], [ 93.149804451137257, 23.81044669508934 ], [ 93.165124399498623, 23.839952076294296 ], [ 93.16144519930161, 23.882644220048952 ], [ 93.189069358157937, 23.907204565297771 ], [ 93.171457449018092, 23.940006637140154 ], [ 93.194738945346785, 24.014099759216286 ], [ 93.207224100113734, 24.047561169186153 ], [ 93.215306277595715, 24.046489744728987 ], [ 93.219528310608695, 24.057780910162172 ], [ 93.220975864784563, 24.064044622373277 ], [ 93.223810658378994, 24.070308334584386 ], [ 93.220975864784563, 24.077890723050466 ], [ 93.225258212554877, 24.082918176272539 ], [ 93.235210147514039, 24.080363241028532 ], [ 93.240879734702887, 24.082918176272539 ], [ 93.246549321891735, 24.081681917283504 ], [ 93.262231158797078, 24.069072075595351 ], [ 93.262231158797078, 24.064044622373277 ], [ 93.26512626714883, 24.056544651173137 ], [ 93.26084391937853, 24.053989715929131 ], [ 93.250891984419368, 24.030171126073732 ], [ 93.2537267780138, 24.020116219629585 ], [ 93.272424352785549, 24.030171126073732 ], [ 93.27525914637998, 24.036434838284841 ], [ 93.283823841920594, 24.042780967761885 ], [ 93.28665863551501, 24.047808420983959 ], [ 93.296731199988827, 24.047808420983959 ], [ 93.310965482718288, 24.050280938962029 ], [ 93.335754847980198, 24.049539183568609 ], [ 93.34058002856645, 24.040720536113493 ], [ 93.334367608561649, 24.038742521731038 ], [ 93.335996107009507, 24.030335960605605 ], [ 93.34051971380913, 24.026792018170372 ], [ 93.335272329921565, 24.019951385097716 ], [ 93.338649956331949, 24.008577802398598 ], [ 93.337624605457378, 23.998358061422579 ], [ 93.337323031670735, 23.992011931945537 ], [ 93.332739110113792, 23.983110867224489 ], [ 93.335815162737532, 23.978907586661769 ], [ 93.345706782939359, 23.976764737747445 ], [ 93.349928815952339, 23.974044967971569 ], [ 93.351436684885542, 23.968110924824202 ], [ 93.354150848965304, 23.957314262986635 ], [ 93.358131622948974, 23.950720881711785 ], [ 93.36319806256455, 23.942067068788543 ], [ 93.369289853054696, 23.936627529236791 ], [ 93.373994404126293, 23.933825342194982 ], [ 93.379483047043166, 23.932176996876269 ], [ 93.389193722973005, 23.930034147961941 ], [ 93.396914011911022, 23.926242953728902 ], [ 93.397818733270952, 23.920391327847472 ], [ 93.397396529969654, 23.914951788295721 ], [ 93.395768031521783, 23.908935327882421 ], [ 93.394923624919187, 23.894677140875554 ], [ 93.393777644529962, 23.88330355817644 ], [ 93.393596700257973, 23.872671730870742 ], [ 93.394561736375223, 23.866902522255248 ], [ 93.395044254433856, 23.859814637384783 ], [ 93.394682365889878, 23.854539932364904 ], [ 93.394863310161867, 23.846710292101019 ], [ 93.39522519870583, 23.836902637454678 ], [ 93.39824093657225, 23.831298263371057 ], [ 93.397275900455, 23.820171932469744 ], [ 93.399507546476144, 23.81539173104548 ], [ 93.404996189393003, 23.813084047599283 ], [ 93.409097592891328, 23.80368847928262 ], [ 93.408132556774078, 23.794787414561572 ], [ 93.405659651723624, 23.786216018904266 ], [ 93.40252328434255, 23.77105124197211 ], [ 93.402282025313241, 23.764952364292874 ], [ 93.403307376187811, 23.757534810358667 ], [ 93.405177133664992, 23.751600767211301 ], [ 93.408554760075376, 23.744595299606772 ], [ 93.412475219301712, 23.739403011852826 ], [ 93.413440255418962, 23.734375558630752 ], [ 93.415732216197441, 23.728523932749322 ], [ 93.41386245872026, 23.722837141399765 ], [ 93.413500570176296, 23.714018493944653 ], [ 93.414948124352165, 23.708084450797287 ], [ 93.421281173871634, 23.699925141469659 ], [ 93.427553908633769, 23.696628450832232 ], [ 93.43449010572651, 23.692095501205774 ], [ 93.439315286312777, 23.684183443675952 ], [ 93.442632597965826, 23.678331817794525 ], [ 93.438893083011479, 23.674128537231805 ], [ 93.434067902425213, 23.667699990488828 ], [ 93.43135373834545, 23.663084623596433 ], [ 93.42827768572171, 23.65616157325784 ], [ 93.426226983972541, 23.649485774717053 ], [ 93.426528557759184, 23.641079213591617 ], [ 93.430629961257509, 23.614705688492215 ], [ 93.431293423588116, 23.590969515902756 ], [ 93.432620348249344, 23.584788220957581 ], [ 93.430931535044152, 23.578359674214603 ], [ 93.424960374068647, 23.567645429642972 ], [ 93.421884321444907, 23.557508105932889 ], [ 93.425081003583315, 23.548936710275584 ], [ 93.425925410185911, 23.541189487277634 ], [ 93.425563521641934, 23.534184019673106 ], [ 93.423392190378124, 23.527178552068577 ], [ 93.419773304938431, 23.523140106037729 ], [ 93.414043402992249, 23.516464307496943 ], [ 93.408976963376674, 23.509211588094608 ], [ 93.405418392694301, 23.504513803936277 ], [ 93.405358077936981, 23.503359962213178 ], [ 93.391003165692865, 23.496766580938328 ], [ 93.36941048256935, 23.493469890300904 ], [ 93.355417458869198, 23.489431444270057 ], [ 93.336961143126757, 23.478305113368748 ], [ 93.326767949138286, 23.469156796849891 ], [ 93.313920905827374, 23.46445901269156 ], [ 93.298420013194018, 23.467508451531177 ], [ 93.29184570464524, 23.472288652955445 ], [ 93.274716313564028, 23.484651242845789 ], [ 93.26820231977257, 23.47937653782591 ], [ 93.268805467345857, 23.469898552243311 ], [ 93.269167355889834, 23.464706264489369 ], [ 93.267418227927308, 23.449706322089082 ], [ 93.260662975106541, 23.448470063100046 ], [ 93.260662975106541, 23.449459070291276 ], [ 93.260723289863876, 23.455805199768321 ], [ 93.260421716077232, 23.460255732128843 ], [ 93.259697938989291, 23.469404048647696 ], [ 93.258491643842731, 23.470557890370799 ], [ 93.256320312578922, 23.472618322019187 ], [ 93.25463149937373, 23.474184250071964 ], [ 93.253787092771134, 23.474926005465385 ], [ 93.256863145394874, 23.481272134942429 ], [ 93.258129755298768, 23.483909487452369 ], [ 93.260059827533269, 23.486299588164503 ], [ 93.261507381709137, 23.488112768015085 ], [ 93.266392877052724, 23.494294062960257 ], [ 93.269348300161809, 23.49882701258672 ], [ 93.270735539580357, 23.500969861501044 ], [ 93.271399001910979, 23.502041285958207 ], [ 93.273510018417454, 23.505255559329697 ], [ 93.273871906961432, 23.508387415435251 ], [ 93.273992536476086, 23.509376422626481 ], [ 93.274173480748075, 23.510859933413322 ], [ 93.274655998806693, 23.515228048507911 ], [ 93.27429411026273, 23.51803023554972 ], [ 93.274113165990741, 23.519431329070628 ], [ 93.274113165990741, 23.519431329070628 ], [ 93.273630647932123, 23.523717026899281 ], [ 93.277671736673113, 23.53146424989723 ], [ 93.279179605606316, 23.537233458512723 ], [ 93.280084326966232, 23.540942235479825 ], [ 93.276525756283874, 23.55239823544488 ], [ 93.27435442502005, 23.554953170688883 ], [ 93.260240771805243, 23.572013544737558 ], [ 93.26205021452509, 23.579266264139896 ], [ 93.266332562295403, 23.585365141819132 ], [ 93.268503893559213, 23.58841458065875 ], [ 93.270675224823037, 23.591381602232431 ], [ 93.268443578801893, 23.59764531444354 ], [ 93.267176968897999, 23.601354091410645 ], [ 93.272243408513575, 23.611738666918534 ], [ 93.274776628321348, 23.623936422277009 ], [ 93.277008274342492, 23.639430868272907 ], [ 93.278576458033029, 23.658304422172165 ], [ 93.27525914637998, 23.674128537231805 ], [ 93.270856169095012, 23.691271328546417 ], [ 93.266513506567392, 23.704293256564249 ], [ 93.263377139186318, 23.713441573083102 ], [ 93.259818568503945, 23.729348105408679 ], [ 93.251253872963346, 23.739320594586893 ], [ 93.242809806937387, 23.735941486683529 ], [ 93.227972376634639, 23.729018436344937 ], [ 93.20499245409259, 23.727534925558096 ], [ 93.19672933233862, 23.734787644960431 ], [ 93.196548388066631, 23.747891990244195 ], [ 93.188586840099305, 23.764869947026938 ], [ 93.174231927855189, 23.771133659238046 ], [ 93.160781736970989, 23.76519961609068 ], [ 93.157343795803286, 23.744512882340835 ], [ 93.159273868037786, 23.717067932784271 ], [ 93.164099048624053, 23.708908623456644 ], [ 93.168321081637018, 23.701655904054306 ], [ 93.170613042415496, 23.679980163113235 ], [ 93.163495901050766, 23.663249458128302 ], [ 93.162591179690835, 23.661271443745846 ], [ 93.1543883726942, 23.658716508501843 ], [ 93.145823677153587, 23.655996738725968 ], [ 93.144738011521682, 23.655090148800674 ], [ 93.138163702972903, 23.64956819198299 ], [ 93.132252856754747, 23.644540738760917 ], [ 93.116751964121377, 23.643386897037814 ], [ 93.108609471882076, 23.642809976176267 ], [ 93.108428527610087, 23.642809976176267 ], [ 93.096546520416425, 23.64857918479176 ], [ 93.087077103515895, 23.653194551684155 ], [ 93.077185483314068, 23.671326350189997 ], [ 93.067414492626895, 23.666546148765729 ], [ 93.064398754760475, 23.664980220712952 ], [ 93.063554348157879, 23.664897803447015 ], [ 93.060478295534139, 23.665474724308567 ], [ 93.05625626252116, 23.666216479701987 ], [ 93.051129508148264, 23.666710983297598 ], [ 93.04672653086331, 23.666875817829471 ], [ 93.045580550474071, 23.666628566031665 ] ] ], [ [ [ 93.196608702823966, 23.055257287321151 ], [ 93.195703981464035, 23.064900107435619 ], [ 93.193351705928237, 23.075696769273186 ], [ 93.188707469613959, 23.098114265607681 ], [ 93.183641029998398, 23.121108682803719 ], [ 93.165425973285267, 23.179130438022405 ], [ 93.130805302578864, 23.194624884018303 ], [ 93.078391778460627, 23.206575387578969 ], [ 93.050646990089646, 23.213168768853819 ], [ 93.037980891050708, 23.244487329909362 ], [ 93.02615919861438, 23.249514783131435 ], [ 93.012769322487515, 23.262042207553648 ], [ 93.01482002423667, 23.273827876582445 ], [ 93.041177573189103, 23.307948624679796 ], [ 93.042926701151629, 23.307866207413859 ], [ 93.044313940570177, 23.308360711009474 ], [ 93.047691566980561, 23.309349718200703 ], [ 93.056678465822458, 23.313388164231547 ], [ 93.079115555548569, 23.312976077901869 ], [ 93.081347201569713, 23.312893660635936 ], [ 93.085810493612001, 23.312893660635936 ], [ 93.094194244880626, 23.312976077901869 ], [ 93.098175018864282, 23.31429475415684 ], [ 93.099803517312154, 23.314789257752455 ], [ 93.104990586442383, 23.318003531123942 ], [ 93.111022062175195, 23.321382639027306 ], [ 93.120189905289095, 23.322371646218532 ], [ 93.132554430541376, 23.323195818877888 ], [ 93.133700410930615, 23.323772739739439 ], [ 93.139792201420775, 23.327151847642799 ], [ 93.144918955793671, 23.332673804460487 ], [ 93.155172464539461, 23.341245200117793 ], [ 93.169467062026257, 23.345201228882701 ], [ 93.192326355053666, 23.34371771809586 ], [ 93.201735457196861, 23.340585861990306 ], [ 93.205113083607245, 23.338772682139723 ], [ 93.206982841084425, 23.338855099405659 ], [ 93.208189136230985, 23.338937516671592 ], [ 93.208309765745639, 23.340256192926564 ], [ 93.208671654289617, 23.342069372777146 ], [ 93.209033542833581, 23.343635300829924 ], [ 93.20927480186289, 23.345118811616768 ], [ 93.209877949436176, 23.346931991467351 ], [ 93.209938264193497, 23.347591329594835 ], [ 93.212712743030607, 23.348910005849806 ], [ 93.21325557584656, 23.348580336786064 ], [ 93.213979352934501, 23.348333084988255 ], [ 93.214522185750454, 23.348415502254191 ], [ 93.21536659235305, 23.349239674913548 ], [ 93.216030054683657, 23.350146264838841 ], [ 93.216150684198311, 23.350475933902583 ], [ 93.220915550027243, 23.356080307986204 ], [ 93.221639327115184, 23.356080307986204 ], [ 93.221940900901828, 23.356657228847755 ], [ 93.221820271387159, 23.35715173244337 ], [ 93.221820271387159, 23.357398984241176 ], [ 93.221699641872505, 23.358140739634596 ], [ 93.221096494299232, 23.358882495028016 ], [ 93.220794920512589, 23.3595418331555 ], [ 93.220010828667313, 23.359953919485179 ], [ 93.215185648081061, 23.367453890685322 ], [ 93.21542690711037, 23.368278063344679 ], [ 93.216452257984955, 23.368690149674357 ], [ 93.218020441675492, 23.368854984206227 ], [ 93.21844264497679, 23.369514322333714 ], [ 93.218261700704801, 23.370173660461198 ], [ 93.217960126918157, 23.370915415854618 ], [ 93.217115720315562, 23.37149233671617 ], [ 93.21639194322762, 23.37223409210959 ], [ 93.2163316284703, 23.372811012971138 ], [ 93.21639194322762, 23.373140682034879 ], [ 93.21729666458755, 23.373717602896431 ], [ 93.21753792361686, 23.373800020162367 ], [ 93.218261700704801, 23.374129689226109 ], [ 93.218261700704801, 23.374294523757978 ], [ 93.223388455077696, 23.3773439625976 ], [ 93.223448769835031, 23.3773439625976 ], [ 93.225620101098841, 23.377261545331663 ], [ 93.226645451973425, 23.3773439625976 ], [ 93.22676608148808, 23.378168135256953 ], [ 93.22676608148808, 23.378497804320698 ], [ 93.227308914304032, 23.378745056118504 ], [ 93.228153320906628, 23.379651646043797 ], [ 93.228093006149308, 23.380805487766896 ], [ 93.226102619157473, 23.383195588479026 ], [ 93.225981989642818, 23.383525257542772 ], [ 93.226886711002734, 23.38558568919116 ], [ 93.22773111760533, 23.385420854659291 ], [ 93.228394579935937, 23.385091185595549 ], [ 93.228756468479915, 23.38467909926587 ], [ 93.22893741275189, 23.383525257542772 ], [ 93.229540560325177, 23.383607674808705 ], [ 93.229962763626474, 23.384184595670256 ], [ 93.230023078383809, 23.38484393379774 ], [ 93.229721504597165, 23.385503271925227 ], [ 93.229419930810522, 23.386162610052711 ], [ 93.229419930810522, 23.386162610052711 ], [ 93.236718016447242, 23.387893372637357 ], [ 93.237441793535183, 23.387728538105488 ], [ 93.237924311593801, 23.388140624435167 ], [ 93.24021627237228, 23.387398869041746 ], [ 93.240336901886934, 23.386904365446131 ], [ 93.241422567518839, 23.386162610052711 ], [ 93.242568547908078, 23.386492279116453 ], [ 93.242749492180067, 23.386492279116453 ], [ 93.243955787326627, 23.386080192786775 ], [ 93.244076416841281, 23.385997775520838 ], [ 93.244377990627925, 23.38558568919116 ], [ 93.245222397230521, 23.384926351063676 ], [ 93.246187433347771, 23.384596681999934 ], [ 93.246489007134414, 23.385256020127418 ], [ 93.246489007134414, 23.385256020127418 ], [ 93.25463149937373, 23.389129631626393 ], [ 93.255355276461657, 23.389294466158265 ], [ 93.256561571608231, 23.389047214360456 ], [ 93.257526607725481, 23.388305458967036 ], [ 93.257948811026779, 23.387810955371425 ], [ 93.259275735687993, 23.387481286307683 ], [ 93.259939198018614, 23.38805820716923 ], [ 93.259577309474636, 23.388717545296714 ], [ 93.258793217629375, 23.389376883424202 ], [ 93.258009125784099, 23.38978896975388 ], [ 93.258009125784099, 23.390036221551686 ], [ 93.260964548893185, 23.390777976945106 ], [ 93.261085178407839, 23.390777976945106 ], [ 93.26174864073846, 23.390283473349491 ], [ 93.262231158797078, 23.389376883424202 ], [ 93.262894621127685, 23.388964797094523 ], [ 93.263739027730281, 23.389541717956071 ], [ 93.264100916274259, 23.390283473349491 ], [ 93.264583434332877, 23.391766984136332 ], [ 93.266453191810058, 23.38805820716923 ], [ 93.266392877052724, 23.384514264733998 ], [ 93.2691070411325, 23.376849459001985 ], [ 93.269348300161809, 23.37561320001295 ], [ 93.270614910065703, 23.368772566940294 ], [ 93.270494280551048, 23.362756106526991 ], [ 93.275017887350671, 23.353113286412523 ], [ 93.275982923467922, 23.350970437498198 ], [ 93.277852680945088, 23.341739703713404 ], [ 93.279722438422269, 23.33860784760785 ], [ 93.281773140171424, 23.335558408768232 ], [ 93.282919120560663, 23.334981487906685 ], [ 93.285030137067153, 23.333827646183586 ], [ 93.289795002896085, 23.333085890790166 ], [ 93.291363186586622, 23.333168308056099 ], [ 93.297153403290125, 23.333415559853908 ], [ 93.30004851164189, 23.336135329629784 ], [ 93.313981220584708, 23.347920998658577 ], [ 93.328698021372787, 23.351712192891618 ], [ 93.336357995553485, 23.346107818807994 ], [ 93.336538939825459, 23.345860567010188 ], [ 93.336900828369437, 23.345613315212379 ], [ 93.345525838667371, 23.339349603001271 ], [ 93.347274966629897, 23.336300164161653 ], [ 93.35185888818684, 23.331767214535194 ], [ 93.35596029168515, 23.33036612101429 ], [ 93.357528475375688, 23.33036612101429 ], [ 93.376889512478058, 23.329294696557124 ], [ 93.377070456750033, 23.328800192961513 ], [ 93.375261014030187, 23.322866149814146 ], [ 93.374416607427591, 23.315613430411812 ], [ 93.374718181214234, 23.308937631871025 ], [ 93.375321328787521, 23.302673919659917 ], [ 93.377492660051331, 23.297316797374101 ], [ 93.378879899469879, 23.289734408908021 ], [ 93.375924476360794, 23.282893775835365 ], [ 93.373089682766377, 23.278772912538582 ], [ 93.372727794222399, 23.27069602047689 ], [ 93.374959440243543, 23.260311444969002 ], [ 93.376045105875463, 23.252234552907311 ], [ 93.380930601219049, 23.240943387474129 ], [ 93.386057355591944, 23.231053315561851 ], [ 93.392330090354079, 23.220339070990221 ], [ 93.392390405111414, 23.21564128683189 ], [ 93.38503200471736, 23.207317142972389 ], [ 93.384187598114764, 23.198086409187599 ], [ 93.38286067345355, 23.184075473978542 ], [ 93.379060843741868, 23.170971128694777 ], [ 93.378156122381938, 23.163059071164955 ], [ 93.373632515582329, 23.155064596369201 ], [ 93.37152149907584, 23.146493200711895 ], [ 93.37670856820607, 23.139734984905171 ], [ 93.388228686855754, 23.144020682733824 ], [ 93.392028516567436, 23.140476740298595 ], [ 93.39118410996484, 23.134707531683098 ], [ 93.379543361800501, 23.123663618047726 ], [ 93.373632515582329, 23.120119675612493 ], [ 93.366636003732253, 23.116740567709133 ], [ 93.362594914991263, 23.112866956210159 ], [ 93.361569564116678, 23.102399963436334 ], [ 93.360664842756762, 23.096301085757094 ], [ 93.359579177124843, 23.091603301598763 ], [ 93.35493494081058, 23.087152769238241 ], [ 93.350049445466993, 23.080889057027132 ], [ 93.348662206048445, 23.076520941932543 ], [ 93.355779347413176, 23.074130841220409 ], [ 93.35493494081058, 23.069020970732403 ], [ 93.350531963525611, 23.061026495936645 ], [ 93.342691045072939, 23.061026495936645 ], [ 93.338167438273331, 23.051466093088113 ], [ 93.334307293804315, 23.039927675857122 ], [ 93.330205890306004, 23.031933201061367 ], [ 93.327129837682264, 23.02789475503052 ], [ 93.321641194765391, 23.021218956489736 ], [ 93.31880640117096, 23.018169517650115 ], [ 93.312533666408825, 23.018499186713861 ], [ 93.303727711838903, 23.010010208322491 ], [ 93.299505678825923, 23.004735503302609 ], [ 93.295283645812958, 23.002180568058606 ], [ 93.285753914155094, 23.001026726335507 ], [ 93.276163867739896, 23.002098150792669 ], [ 93.271519631425633, 23.006713517685064 ], [ 93.265669099964796, 23.008773949333456 ], [ 93.256682201122885, 23.005230006898223 ], [ 93.250831669662048, 23.003004740717962 ], [ 93.245403341502509, 23.00605417955758 ], [ 93.238829032953731, 23.010587129184039 ], [ 93.235451406543348, 23.014131071619271 ], [ 93.231772206346321, 23.018416769447924 ], [ 93.229359616053188, 23.023691474467803 ], [ 93.225861360128164, 23.029378265817364 ], [ 93.217899812160823, 23.041740855707708 ], [ 93.211747706913357, 23.045944136270425 ], [ 93.203906788460685, 23.053444107470568 ], [ 93.19890066360243, 23.054433114661794 ], [ 93.196608702823966, 23.055257287321151 ] ] ] ] } },
{ "type": "Feature", "properties": { "district": "Kolasib", "dt_code": "263", "st_nm": "Mizoram", "st_code": "15", "year": "2011_c" }, "geometry": { "type": "Polygon", "coordinates": [ [ [ 92.895638063756081, 24.391323585403669 ], [ 92.895638063756081, 24.391323585403669 ], [ 92.896361840844023, 24.390252160946506 ], [ 92.897145932689284, 24.389015901957471 ], [ 92.897145932689284, 24.388933484691538 ], [ 92.897085617931964, 24.388768650159665 ], [ 92.896904673659975, 24.388274146564051 ], [ 92.896422155601343, 24.387120304840952 ], [ 92.895396804726772, 24.386625801245341 ], [ 92.894069880065544, 24.386873053043146 ], [ 92.892139807831043, 24.390499412744315 ], [ 92.891355715985782, 24.386873053043146 ], [ 92.887133682972802, 24.380362089034232 ], [ 92.887254312487457, 24.380279671768296 ], [ 92.888400292876696, 24.379208247311134 ], [ 92.893285788220282, 24.378713743715519 ], [ 92.89485397191082, 24.377230232928678 ], [ 92.893647676764246, 24.368906089069178 ], [ 92.893647676764246, 24.368906089069178 ], [ 92.893647676764246, 24.368906089069178 ], [ 92.89274295540433, 24.367834664612015 ], [ 92.892441381617687, 24.367834664612015 ], [ 92.888822496177994, 24.367752247346079 ], [ 92.889425643751281, 24.364950060304267 ], [ 92.889485958508601, 24.364867643038334 ], [ 92.886832109186159, 24.362889628655878 ], [ 92.886771794428839, 24.362807211389942 ], [ 92.888641551906005, 24.360829197007487 ], [ 92.890390679868531, 24.356461081912897 ], [ 92.893527047249592, 24.355389657455735 ], [ 92.893587362006926, 24.355389657455735 ], [ 92.888038404332718, 24.350939125095209 ], [ 92.887978089575398, 24.350856707829276 ], [ 92.881343466269286, 24.340472132321388 ], [ 92.879172135005476, 24.337010607152088 ], [ 92.877543636557618, 24.333054578387181 ], [ 92.877543636557618, 24.333054578387181 ], [ 92.874226324904555, 24.329757887749754 ], [ 92.870728068979517, 24.328686463292591 ], [ 92.870728068979517, 24.328686463292591 ], [ 92.867290127811813, 24.326049110782652 ], [ 92.865661629363956, 24.325554607187037 ], [ 92.865540999849287, 24.325554607187037 ], [ 92.864214075188073, 24.327285369771687 ], [ 92.862887150526845, 24.324235930932065 ], [ 92.862826835769525, 24.324071096400196 ], [ 92.865118796547989, 24.323082089208967 ], [ 92.866686980238526, 24.319867815837476 ], [ 92.869943977134255, 24.320115067635285 ], [ 92.869220200046314, 24.316735959731925 ], [ 92.864395019460062, 24.31549970074289 ], [ 92.864033130916084, 24.315334866211018 ], [ 92.861077707806999, 24.31376893815824 ], [ 92.857579451881961, 24.30791731227681 ], [ 92.85751913712464, 24.307834895010878 ], [ 92.859509524116476, 24.306186549692164 ], [ 92.861861799652274, 24.307257974149326 ], [ 92.863188724313488, 24.30791731227681 ], [ 92.864696593246705, 24.307505225947132 ], [ 92.86698855402517, 24.299510751151377 ], [ 92.867048868782504, 24.299345916619504 ], [ 92.867229813054479, 24.299263499353572 ], [ 92.870667754222197, 24.2979448230986 ], [ 92.871934364126091, 24.295142636056788 ], [ 92.871994678883411, 24.295060218790852 ], [ 92.872718455971352, 24.291021772760008 ], [ 92.87308034451533, 24.289291010175358 ], [ 92.875794508595092, 24.285994319537934 ], [ 92.875854823352427, 24.285994319537934 ], [ 92.873623177331282, 24.281955873507087 ], [ 92.873623177331282, 24.281873456241151 ], [ 92.873562862573948, 24.281791038975218 ], [ 92.875131046264485, 24.279565772794953 ], [ 92.876397656168379, 24.277587758412498 ], [ 92.876397656168379, 24.277505341146565 ], [ 92.876397656168379, 24.277505341146565 ], [ 92.876457970925699, 24.276433916689399 ], [ 92.876457970925699, 24.276351499423466 ], [ 92.874467583933878, 24.275939413093788 ], [ 92.872597826456698, 24.276681168487208 ], [ 92.871089957523495, 24.276351499423466 ], [ 92.869823347619601, 24.276021830359724 ], [ 92.86698855402517, 24.272560305190424 ], [ 92.866867924510515, 24.272313053392619 ], [ 92.864274389945408, 24.269098780021128 ], [ 92.864274389945408, 24.269098780021128 ], [ 92.864274389945408, 24.26456583039467 ], [ 92.864334704702728, 24.264483413128733 ], [ 92.867290127811813, 24.261433974289115 ], [ 92.867350442569148, 24.261269139757246 ], [ 92.862947465284179, 24.259868046236338 ], [ 92.862947465284179, 24.259785628970402 ], [ 92.861982429166929, 24.257807614587946 ], [ 92.861982429166929, 24.257725197322014 ], [ 92.862404632468227, 24.257148276460462 ], [ 92.864033130916084, 24.25698344192859 ], [ 92.865902888393265, 24.256901024662657 ], [ 92.865299740819978, 24.253686751291166 ], [ 92.865299740819978, 24.25360433402523 ], [ 92.865299740819978, 24.25360433402523 ], [ 92.867350442569148, 24.250307643387806 ], [ 92.867410757326468, 24.25022522612187 ], [ 92.863309353828143, 24.248412046271284 ], [ 92.863249039070823, 24.248412046271284 ], [ 92.864575963732037, 24.244126348442634 ], [ 92.864575963732037, 24.244043931176698 ], [ 92.863068094798834, 24.242478003123921 ], [ 92.863068094798834, 24.242395585857984 ], [ 92.863007780041514, 24.242395585857984 ], [ 92.863429983342812, 24.241241744134886 ], [ 92.865902888393265, 24.240912075071144 ], [ 92.875432620051129, 24.240582406007402 ], [ 92.876277026653725, 24.239758233348045 ], [ 92.878930875976167, 24.236956046306233 ], [ 92.878991190733487, 24.236873629040296 ], [ 92.880981577725322, 24.233247269339131 ], [ 92.883695741805099, 24.232340679413838 ], [ 92.8875558862741, 24.235637370051265 ], [ 92.890752568412495, 24.241983499528306 ], [ 92.890812883169829, 24.241983499528306 ], [ 92.890873197927149, 24.241983499528306 ], [ 92.893165158705628, 24.241983499528306 ], [ 92.896120581814714, 24.237368132635911 ], [ 92.896180896572034, 24.237203298104038 ], [ 92.896241211329368, 24.237203298104038 ], [ 92.899196634438454, 24.235719787317198 ], [ 92.901488595216918, 24.231434089488545 ], [ 92.901669539488907, 24.231104420424803 ], [ 92.902574260848823, 24.221544017576271 ], [ 92.902574260848823, 24.221544017576271 ], [ 92.902574260848823, 24.221544017576271 ], [ 92.902513946091503, 24.221214348512529 ], [ 92.901669539488907, 24.217835240609165 ], [ 92.901367965702264, 24.216434147088261 ], [ 92.901367965702264, 24.216351729822325 ], [ 92.899498208225083, 24.212725370121156 ], [ 92.898352227835858, 24.210500103940895 ], [ 92.898231598321189, 24.210252852143089 ], [ 92.898171283563869, 24.210088017611216 ], [ 92.898533172107832, 24.210088017611216 ], [ 92.900644188614322, 24.210252852143089 ], [ 92.900825132886311, 24.209428679483732 ], [ 92.900885447643631, 24.209346262217796 ], [ 92.899498208225083, 24.207285830569404 ], [ 92.899498208225083, 24.207203413303471 ], [ 92.899437893467763, 24.207120996037535 ], [ 92.899618837739752, 24.206956161505662 ], [ 92.900282300070359, 24.206379240644115 ], [ 92.900523559099668, 24.204566060793532 ], [ 92.900523559099668, 24.204566060793532 ], [ 92.900463244342347, 24.204483643527595 ], [ 92.900463244342347, 24.204401226261659 ], [ 92.899980726283715, 24.20341221907043 ], [ 92.899860096769061, 24.20341221907043 ], [ 92.896422155601343, 24.202175960081398 ], [ 92.896361840844023, 24.202175960081398 ], [ 92.897447506475928, 24.199373773039586 ], [ 92.897507821233262, 24.199208938507713 ], [ 92.897507821233262, 24.199208938507713 ], [ 92.897507821233262, 24.199208938507713 ], [ 92.894974601425474, 24.198961686709907 ], [ 92.89491428666814, 24.198961686709907 ], [ 92.896542785116011, 24.190143039254796 ], [ 92.89587932278539, 24.187917773074531 ], [ 92.894733342396165, 24.183714492511815 ], [ 92.89491428666814, 24.17324749973799 ], [ 92.89485397191082, 24.17324749973799 ], [ 92.89485397191082, 24.17324749973799 ], [ 92.894673027638831, 24.172423327078633 ], [ 92.894371453852187, 24.17135190262147 ], [ 92.891898548801734, 24.170939816291792 ], [ 92.887435256759446, 24.168549715579658 ], [ 92.887013053458148, 24.168302463781853 ], [ 92.885384555010276, 24.168055211984047 ], [ 92.885324240252956, 24.168055211984047 ], [ 92.885746443554254, 24.167066204792818 ], [ 92.887073368215468, 24.16723103932469 ], [ 92.888159033847387, 24.167313456590623 ], [ 92.888641551906005, 24.165170607676298 ], [ 92.888641551906005, 24.165170607676298 ], [ 92.887676515788755, 24.160060737188289 ], [ 92.887676515788755, 24.159978319922352 ], [ 92.88544486976761, 24.15890689546519 ], [ 92.884902036951658, 24.157835471008028 ], [ 92.884841722194324, 24.157753053742091 ], [ 92.886289276370206, 24.155445370295894 ], [ 92.886289276370206, 24.155362953029957 ], [ 92.886289276370206, 24.155362953029957 ], [ 92.885927387826243, 24.152972852317824 ], [ 92.884178259863717, 24.150170665276015 ], [ 92.884117945106397, 24.150005830744142 ], [ 92.879594338306774, 24.146956391904524 ], [ 92.876759544712343, 24.143494866735228 ], [ 92.874769157720507, 24.139044334374702 ], [ 92.874769157720507, 24.139044334374702 ], [ 92.874648528205853, 24.138879499842833 ], [ 92.874648528205853, 24.138879499842833 ], [ 92.874648528205853, 24.138879499842833 ], [ 92.874588213448533, 24.135088305609791 ], [ 92.878810246461498, 24.128989427930556 ], [ 92.878870561218832, 24.128824593398683 ], [ 92.878930875976167, 24.12874217613275 ], [ 92.878870561218832, 24.12874217613275 ], [ 92.876035767624401, 24.127341082611842 ], [ 92.874226324904555, 24.124374061038161 ], [ 92.874166010147235, 24.124291643772224 ], [ 92.871934364126091, 24.1221487948579 ], [ 92.869642403347612, 24.120005945943571 ], [ 92.869582088590292, 24.119923528677635 ], [ 92.869642403347612, 24.119758694145766 ], [ 92.869642403347612, 24.119758694145766 ], [ 92.870728068979517, 24.116214751710533 ], [ 92.870245550920899, 24.110692794892845 ], [ 92.869159885288994, 24.109786204967556 ], [ 92.866023517907919, 24.107313686989485 ], [ 92.86180148489494, 24.106242262532323 ], [ 92.860957078292344, 24.10533567260703 ], [ 92.860957078292344, 24.105253255341093 ], [ 92.86083644877769, 24.103934579086125 ], [ 92.860715819263035, 24.10195656470367 ], [ 92.860534874991046, 24.099648881257473 ], [ 92.860112671689748, 24.098577456800307 ], [ 92.858423858484556, 24.099071960395921 ], [ 92.858363543727236, 24.099154377661858 ], [ 92.858846061785854, 24.095445600694752 ], [ 92.858846061785854, 24.09536318342882 ], [ 92.857036619066008, 24.094786262567268 ], [ 92.85655410100739, 24.093962089907912 ], [ 92.856493786250056, 24.093879672641975 ], [ 92.859750783145785, 24.087451125898998 ], [ 92.859750783145785, 24.087368708633061 ], [ 92.858785747028534, 24.084484104325316 ], [ 92.857096933823343, 24.07929181657137 ], [ 92.856855674794033, 24.075583039604268 ], [ 92.856795360036699, 24.075006118742717 ], [ 92.85661441576471, 24.071379759041548 ], [ 92.85661441576471, 24.071297341775615 ], [ 92.852151123722422, 24.070308334584386 ], [ 92.85136703187716, 24.065445715894185 ], [ 92.85136703187716, 24.065445715894185 ], [ 92.851306717119826, 24.065445715894185 ], [ 92.850643254789219, 24.065033629564507 ], [ 92.848652867797384, 24.062561111586437 ], [ 92.848592553040064, 24.062561111586437 ], [ 92.849738533429303, 24.059758924544624 ], [ 92.849738533429303, 24.059758924544624 ], [ 92.847868775952122, 24.055143557652229 ], [ 92.847868775952122, 24.055061140386293 ], [ 92.84835129401074, 24.053083126003841 ], [ 92.849135385856016, 24.050363356227962 ], [ 92.849075071098682, 24.050280938962029 ], [ 92.849075071098682, 24.050280938962029 ], [ 92.847567202165479, 24.046901831058669 ], [ 92.847567202165479, 24.046819413792733 ], [ 92.847868775952122, 24.045418320271825 ], [ 92.847929090709457, 24.045418320271825 ], [ 92.850160736730601, 24.044594147612468 ], [ 92.850160736730601, 24.038660104465105 ], [ 92.850221051487921, 24.035857917423293 ], [ 92.849316330128005, 24.033962320306774 ], [ 92.848049720224111, 24.033550233977095 ], [ 92.845335556144335, 24.034127154838643 ], [ 92.845275241387014, 24.034127154838643 ], [ 92.845275241387014, 24.034127154838643 ], [ 92.845275241387014, 24.034127154838643 ], [ 92.84732594313617, 24.026874435436309 ], [ 92.84738625789349, 24.026792018170372 ], [ 92.84732594313617, 24.026709600904439 ], [ 92.843827687211132, 24.024649169256048 ], [ 92.841294467403344, 24.015336018205321 ], [ 92.84093257885938, 24.013934924684413 ], [ 92.838881877110211, 24.015171183673448 ], [ 92.836107398273114, 24.021846982214235 ], [ 92.836107398273114, 24.021929399480172 ], [ 92.832729771862731, 24.020363471427395 ], [ 92.83176473574548, 24.018715126108681 ], [ 92.83170442098816, 24.018632708842745 ], [ 92.83170442098816, 24.018632708842745 ], [ 92.832669457105411, 24.013934924684413 ], [ 92.832669457105411, 24.013934924684413 ], [ 92.832126624289458, 24.012616248429445 ], [ 92.829834663510979, 24.013687672886608 ], [ 92.828085535548468, 24.016654694460289 ], [ 92.822777836903583, 24.020857975023006 ], [ 92.8213302827277, 24.021352478618621 ], [ 92.817530453016019, 24.022671154873592 ], [ 92.813187790488385, 24.022094234012041 ], [ 92.811921180584491, 24.021929399480172 ], [ 92.810413311651288, 24.020198636895522 ], [ 92.806070649123654, 24.018303039779003 ], [ 92.806070649123654, 24.018303039779003 ], [ 92.805769075337011, 24.018303039779003 ], [ 92.801185153780068, 24.017808536183388 ], [ 92.790630071247634, 24.018715126108681 ], [ 92.784960484058772, 24.017890953449324 ], [ 92.784960484058772, 24.017890953449324 ], [ 92.783633559397558, 24.01739644985371 ], [ 92.779049637840615, 24.015665687269063 ], [ 92.771510293174572, 24.011792075770089 ], [ 92.763729689479234, 24.004374521835881 ], [ 92.75932671219428, 24.000253658539101 ], [ 92.758663249863659, 23.998605313220388 ], [ 92.758663249863659, 23.998522895954451 ], [ 92.75932671219428, 23.992918521870827 ], [ 92.75932671219428, 23.992918521870827 ], [ 92.759145767922291, 23.992341601009279 ], [ 92.758723564620993, 23.990858090222439 ], [ 92.757336325202445, 23.98970424849934 ], [ 92.755044364423966, 23.989292162169662 ], [ 92.747866908301916, 23.992753687338958 ], [ 92.747866908301916, 23.992753687338958 ], [ 92.745574947523437, 23.993000939136763 ], [ 92.744368652376878, 23.992259183743343 ], [ 92.744368652376878, 23.992259183743343 ], [ 92.744489281891532, 23.988632824042178 ], [ 92.744549596648852, 23.988632824042178 ], [ 92.746238409854044, 23.987561399585012 ], [ 92.746117780339389, 23.984182291681652 ], [ 92.74491148519283, 23.982369111831069 ], [ 92.739784730819935, 23.978907586661769 ], [ 92.723680690613293, 23.974951557896862 ], [ 92.72012211993092, 23.97536364422654 ], [ 92.716623864005882, 23.979731759321126 ], [ 92.716563549248562, 23.979814176587062 ], [ 92.713487496624822, 23.979731759321126 ], [ 92.709446407883831, 23.978248248534285 ], [ 92.709144834097188, 23.978165831268349 ], [ 92.704862486326888, 23.981462521905776 ], [ 92.703897450209624, 23.982204277299196 ], [ 92.703837135452304, 23.982204277299196 ], [ 92.699735731953979, 23.98121527010797 ], [ 92.698770695836728, 23.98212186003326 ], [ 92.69738345641818, 23.981792190969518 ], [ 92.696719994087573, 23.981957025501391 ], [ 92.694910551367727, 23.982451529097002 ], [ 92.692618590589248, 23.981462521905776 ], [ 92.692437646317259, 23.98138010463984 ], [ 92.692256702045285, 23.981297687373903 ], [ 92.691532924957343, 23.982286694565133 ], [ 92.688999705149556, 23.982451529097002 ], [ 92.688939390392221, 23.980061428384872 ], [ 92.688939390392221, 23.979979011118935 ], [ 92.687250577187044, 23.97462188883312 ], [ 92.685561763981852, 23.970583442802273 ], [ 92.685561763981852, 23.970583442802273 ], [ 92.68393326553398, 23.966792248569234 ], [ 92.68393326553398, 23.966792248569234 ], [ 92.68387295077666, 23.966792248569234 ], [ 92.680736583395586, 23.967204334898913 ], [ 92.67868588164643, 23.968193342090139 ], [ 92.674524163390785, 23.970088939206658 ], [ 92.670905277951093, 23.970336191004467 ], [ 92.670844963193758, 23.970336191004467 ], [ 92.670784648436424, 23.970336191004467 ], [ 92.668673631929948, 23.969594435611043 ], [ 92.667045133482077, 23.967863673026397 ], [ 92.665778523578183, 23.963413140665871 ], [ 92.665778523578183, 23.963330723399938 ], [ 92.664089710372991, 23.961352709017483 ], [ 92.659204215029405, 23.95706701118883 ], [ 92.658962956000096, 23.956819759391021 ], [ 92.658902641242761, 23.956819759391021 ], [ 92.655344070560403, 23.955748334933858 ], [ 92.650880778518115, 23.956572507593215 ], [ 92.647865040651695, 23.957891183848187 ], [ 92.646055597931849, 23.959951615496575 ], [ 92.646055597931849, 23.960034032762511 ], [ 92.6446683585133, 23.964154896059291 ], [ 92.643582692881395, 23.964484565123037 ], [ 92.643522378124075, 23.964484565123037 ], [ 92.641230417345596, 23.963165888868065 ], [ 92.635681459671403, 23.956654924859151 ], [ 92.635319571127425, 23.956325255795409 ], [ 92.635259256370105, 23.956160421263537 ], [ 92.631700685687733, 23.955583500401989 ], [ 92.627478652674753, 23.95368790328547 ], [ 92.627418337917433, 23.953770320551403 ], [ 92.620240881795368, 23.957314262986635 ], [ 92.620240881795368, 23.960940622687804 ], [ 92.620240881795368, 23.961105457219674 ], [ 92.620240881795368, 23.96118787448561 ], [ 92.622955045875145, 23.969924104674789 ], [ 92.625488265682932, 23.977918579470543 ], [ 92.625488265682932, 23.97800099673648 ], [ 92.632122888989031, 23.985500967936623 ], [ 92.632122888989031, 23.985500967936623 ], [ 92.632062574231711, 23.985583385202556 ], [ 92.630615020055828, 23.990198752094955 ], [ 92.630675334813148, 23.992671270073021 ], [ 92.630735649570482, 23.992671270073021 ], [ 92.631278482386435, 23.994896536253282 ], [ 92.631338797143769, 23.995226205317024 ], [ 92.632726036562318, 23.996956967901674 ], [ 92.632726036562318, 23.997121802433547 ], [ 92.63236414801834, 24.000336075805034 ], [ 92.624402600051013, 24.005610780824917 ], [ 92.623075675389799, 24.007753629739241 ], [ 92.623015360632465, 24.007836047005178 ], [ 92.623075675389799, 24.007836047005178 ], [ 92.625729524712241, 24.012121744833831 ], [ 92.625729524712241, 24.012286579365703 ], [ 92.625729524712241, 24.012451413897573 ], [ 92.626151728013539, 24.016984363524031 ], [ 92.626151728013539, 24.016984363524031 ], [ 92.627177078888124, 24.020198636895522 ], [ 92.627237393645444, 24.020445888693331 ], [ 92.629469039666589, 24.023742579330754 ], [ 92.629770613453232, 24.025967845511015 ], [ 92.631941944717042, 24.02909970161657 ], [ 92.636646495788654, 24.030418377871541 ], [ 92.637792476177893, 24.031160133264962 ], [ 92.638335308993845, 24.032726061317739 ], [ 92.638274994236511, 24.032726061317739 ], [ 92.63332918413559, 24.034704075700194 ], [ 92.629710298695898, 24.038330435401363 ], [ 92.627418337917433, 24.038989773528847 ], [ 92.625729524712241, 24.038412852667296 ], [ 92.625126377138955, 24.037341428210134 ], [ 92.6250057476243, 24.037094176412328 ], [ 92.6250057476243, 24.034456823902389 ], [ 92.626272357528194, 24.030748046935283 ], [ 92.626272357528194, 24.030583212403414 ], [ 92.626332672285528, 24.030583212403414 ], [ 92.622412213059192, 24.031407385062767 ], [ 92.620663085096666, 24.033302982179286 ], [ 92.620542455582012, 24.033467816711159 ], [ 92.619215530920798, 24.035940334689229 ], [ 92.617044199656974, 24.039978780720073 ], [ 92.616018848782389, 24.046324910197118 ], [ 92.614510979849186, 24.049291931770799 ], [ 92.611374612468126, 24.049868852632351 ], [ 92.60136236275163, 24.049868852632351 ], [ 92.60136236275163, 24.049868852632351 ], [ 92.599130716730485, 24.05250620514229 ], [ 92.599130716730485, 24.05250620514229 ], [ 92.592435778667053, 24.060500679938045 ], [ 92.592435778667053, 24.060500679938045 ], [ 92.588274060411408, 24.061324852597402 ], [ 92.587007450507514, 24.062313859788631 ], [ 92.586163043904918, 24.063550118777666 ], [ 92.586102729147598, 24.063632536043599 ], [ 92.586102729147598, 24.063714953309535 ], [ 92.585861470118274, 24.073110521626198 ], [ 92.58356950933981, 24.074264363349297 ], [ 92.58356950933981, 24.074264363349297 ], [ 92.583509194582476, 24.074264363349297 ], [ 92.583388565067821, 24.074264363349297 ], [ 92.582242584678582, 24.074264363349297 ], [ 92.574220721953935, 24.07418194608336 ], [ 92.574100092439267, 24.073275356158071 ], [ 92.574039777681946, 24.073275356158071 ], [ 92.574100092439267, 24.073192938892134 ], [ 92.576934886033698, 24.067835816606319 ], [ 92.576814256519043, 24.066105054021669 ], [ 92.576271423703091, 24.065363298628249 ], [ 92.576090479431102, 24.065198464096376 ], [ 92.572773167778053, 24.061242435331465 ], [ 92.572652538263398, 24.058687500087462 ], [ 92.572652538263398, 24.058522665555593 ], [ 92.573617574380648, 24.04912709723893 ], [ 92.570963725058206, 24.045830406601503 ], [ 92.567827357677132, 24.038248018135427 ], [ 92.565414767384013, 24.039484277124458 ], [ 92.561132419613699, 24.039237025326653 ], [ 92.559503921165842, 24.040061197986009 ], [ 92.559564235923162, 24.040226032517882 ], [ 92.563122806605534, 24.049539183568609 ], [ 92.563183121362869, 24.049539183568609 ], [ 92.564268786994774, 24.052341370610421 ], [ 92.564208472237439, 24.052341370610421 ], [ 92.564208472237439, 24.052341370610421 ], [ 92.558418255533937, 24.052918291471968 ], [ 92.558599199805911, 24.056956737502816 ], [ 92.558599199805911, 24.056956737502816 ], [ 92.558538885048591, 24.057121572034685 ], [ 92.557875422717984, 24.059429255480882 ], [ 92.555342202910197, 24.060665514469918 ], [ 92.554256537278278, 24.060583097203981 ], [ 92.554075593006303, 24.060583097203981 ], [ 92.553954963491648, 24.060583097203981 ], [ 92.553894648734314, 24.060418262672112 ], [ 92.553653389705005, 24.060171010874303 ], [ 92.551301114169206, 24.0576160756303 ], [ 92.550697966595919, 24.055720478513781 ], [ 92.550637651838585, 24.055473226715971 ], [ 92.550396392809276, 24.054813888588487 ], [ 92.550275763294621, 24.053742464131325 ], [ 92.550275763294621, 24.053577629599452 ], [ 92.549250412420037, 24.044429313080599 ], [ 92.550155133779967, 24.040308449783815 ], [ 92.550155133779967, 24.040226032517882 ], [ 92.550215448537287, 24.040143615251946 ], [ 92.541771382511342, 24.033962320306774 ], [ 92.539298477460889, 24.033055730381481 ], [ 92.539057218431566, 24.037506262742006 ], [ 92.538876274159591, 24.038330435401363 ], [ 92.538815959402257, 24.038495269933232 ], [ 92.536704942895767, 24.047231500122411 ], [ 92.536825572410422, 24.048220507313637 ], [ 92.536825572410422, 24.048220507313637 ], [ 92.536885887167756, 24.048550176377379 ], [ 92.537368405226374, 24.051434780685128 ], [ 92.537549349498363, 24.051846867014806 ], [ 92.537549349498363, 24.051846867014806 ], [ 92.538514385615613, 24.053742464131325 ], [ 92.538514385615613, 24.057863327428105 ], [ 92.538454070858293, 24.057945744694042 ], [ 92.538454070858293, 24.057945744694042 ], [ 92.536584313381113, 24.063302866979857 ], [ 92.536644628138447, 24.063385284245793 ], [ 92.540022254548816, 24.072616018030583 ], [ 92.540022254548816, 24.072616018030583 ], [ 92.540022254548816, 24.072616018030583 ], [ 92.540565087364769, 24.077066550391109 ], [ 92.540685716879437, 24.078632478443886 ], [ 92.540685716879437, 24.078714895709822 ], [ 92.540746031636758, 24.079209399305434 ], [ 92.538273126586304, 24.091901658259523 ], [ 92.54026351357814, 24.095280766162883 ], [ 92.54026351357814, 24.095280766162883 ], [ 92.54026351357814, 24.095280766162883 ], [ 92.54032382833546, 24.09536318342882 ], [ 92.54032382833546, 24.095528017960689 ], [ 92.540685716879437, 24.099648881257473 ], [ 92.538333441343624, 24.109786204967556 ], [ 92.539298477460889, 24.112093888413753 ], [ 92.539479421732864, 24.112670809275301 ], [ 92.539479421732864, 24.112670809275301 ], [ 92.542857048143247, 24.120830118602928 ], [ 92.544183972804476, 24.122313629389769 ], [ 92.543822084260498, 24.123549888378804 ], [ 92.543822084260498, 24.123549888378804 ], [ 92.538031867556995, 24.124044391974419 ], [ 92.537730293770352, 24.125363068229387 ], [ 92.539057218431566, 24.128082838005263 ], [ 92.539419106975544, 24.13113227684488 ], [ 92.542374530084615, 24.134016881152629 ], [ 92.542495159599284, 24.134264132950435 ], [ 92.544787120377748, 24.138137744449409 ], [ 92.54526963843638, 24.140857514225289 ], [ 92.54526963843638, 24.140939931491221 ], [ 92.543822084260498, 24.147038809170461 ], [ 92.54128886445271, 24.150335499807884 ], [ 92.540444457850114, 24.152808017785954 ], [ 92.529406857259048, 24.161461830709193 ], [ 92.529286227744393, 24.164428852282878 ], [ 92.53206070658149, 24.165665111271913 ], [ 92.532181336096144, 24.165665111271913 ], [ 92.535981165807826, 24.170857399025856 ], [ 92.535981165807826, 24.171022233557728 ], [ 92.535981165807826, 24.171022233557728 ], [ 92.53604148056516, 24.175884852247929 ], [ 92.532482909882788, 24.178274952960063 ], [ 92.532422595125468, 24.178357370225999 ], [ 92.532482909882788, 24.178357370225999 ], [ 92.53296542794142, 24.178604622023805 ], [ 92.532603539397442, 24.17909912561942 ], [ 92.532603539397442, 24.17909912561942 ], [ 92.530975040949585, 24.181241974533748 ], [ 92.53724777571172, 24.194099068019703 ], [ 92.537308090469054, 24.194263902551576 ], [ 92.537308090469054, 24.194263902551576 ], [ 92.535920851050506, 24.197643010454936 ], [ 92.536825572410422, 24.199703442103328 ], [ 92.536825572410422, 24.199703442103328 ], [ 92.540987290666067, 24.203989139931981 ], [ 92.541952326783331, 24.20835725502657 ], [ 92.541771382511342, 24.211901197461803 ], [ 92.54526963843638, 24.217670406077296 ], [ 92.546898136884238, 24.222203355703755 ], [ 92.546898136884238, 24.222285772969691 ], [ 92.547320340185536, 24.229620909637962 ], [ 92.54647593358294, 24.232505513945711 ], [ 92.546656877854929, 24.235472535519392 ], [ 92.546656877854929, 24.235472535519392 ], [ 92.548406005817441, 24.24099449233708 ], [ 92.548526635332095, 24.241159326868949 ], [ 92.550215448537287, 24.24363184484702 ], [ 92.557935737475304, 24.245527441963539 ], [ 92.558478570291257, 24.245609859229475 ], [ 92.564087842722785, 24.247835125409736 ], [ 92.581337863318666, 24.243054923985468 ], [ 92.587489968566146, 24.242478003123921 ], [ 92.590867594976515, 24.24363184484702 ], [ 92.593038926240339, 24.246269197356959 ], [ 92.593581759056292, 24.246434031888832 ], [ 92.595451516533473, 24.246928535484443 ], [ 92.603352749743465, 24.24684611821851 ], [ 92.605463766249954, 24.24684611821851 ], [ 92.605463766249954, 24.24684611821851 ], [ 92.60745415324179, 24.2477527081438 ], [ 92.611073038681482, 24.25096698151529 ], [ 92.612580907614685, 24.253439499493361 ], [ 92.614993497907818, 24.261269139757246 ], [ 92.614993497907818, 24.261351557023179 ], [ 92.615234756937127, 24.268109772829902 ], [ 92.615295071694462, 24.268192190095839 ], [ 92.616320422569032, 24.27288997425417 ], [ 92.618552068590176, 24.278906434667469 ], [ 92.618552068590176, 24.279071269199342 ], [ 92.618913957134154, 24.284428391485157 ], [ 92.618913957134154, 24.284428391485157 ], [ 92.6187933276195, 24.284675643282963 ], [ 92.618552068590176, 24.28549981594232 ], [ 92.618190180046213, 24.285747067740125 ], [ 92.618069550531558, 24.285829485006062 ], [ 92.61674262587033, 24.286653657665418 ], [ 92.616320422569032, 24.288878923845679 ], [ 92.616320422569032, 24.288961341111616 ], [ 92.617828291502235, 24.297285484971116 ], [ 92.617828291502235, 24.297367902237049 ], [ 92.617526717715606, 24.301983269129448 ], [ 92.617526717715606, 24.301983269129448 ], [ 92.617587032472926, 24.301983269129448 ], [ 92.619155216163463, 24.306021715160291 ], [ 92.618974271891474, 24.309071153999909 ], [ 92.622593157331167, 24.317889801455024 ], [ 92.622593157331167, 24.317972218720961 ], [ 92.62289473111781, 24.328356794228849 ], [ 92.62289473111781, 24.328356794228849 ], [ 92.622955045875145, 24.328521628760718 ], [ 92.623799452477741, 24.330252391345368 ], [ 92.625729524712241, 24.332065571195951 ], [ 92.629951557725221, 24.330994146738789 ], [ 92.63019281675453, 24.330911729472852 ], [ 92.63544020064208, 24.333301830184986 ], [ 92.635560830156749, 24.333301830184986 ], [ 92.637249643361926, 24.333054578387181 ], [ 92.637732161420558, 24.331983153930015 ], [ 92.636767125303308, 24.331900736664082 ], [ 92.636646495788654, 24.331900736664082 ], [ 92.636043348215367, 24.331818319398145 ], [ 92.636224292487356, 24.330252391345368 ], [ 92.638817827052463, 24.329345801420075 ], [ 92.639360659868416, 24.327285369771687 ], [ 92.640506640257655, 24.326296362580457 ], [ 92.644547728998646, 24.325224938123295 ], [ 92.64460804375598, 24.325389772655164 ], [ 92.645452450358576, 24.326790866176072 ], [ 92.644728673270635, 24.329345801420075 ], [ 92.648226929195673, 24.326543614378263 ], [ 92.648347558710327, 24.32646119711233 ], [ 92.648528502982316, 24.326296362580457 ], [ 92.649312594827578, 24.326790866176072 ], [ 92.649252280070257, 24.326873283442005 ], [ 92.64889039152628, 24.328356794228849 ], [ 92.64985542764353, 24.328191959696976 ], [ 92.649915742400864, 24.328191959696976 ], [ 92.651363296576733, 24.327862290633234 ], [ 92.651544240848722, 24.330417225877238 ], [ 92.6519061293927, 24.332807326589371 ], [ 92.65594721813369, 24.336680938088346 ], [ 92.657093198522915, 24.33907103880048 ], [ 92.657032883765595, 24.341049053182935 ], [ 92.657937605125511, 24.340966635916999 ], [ 92.657937605125511, 24.340966635916999 ], [ 92.658661382213452, 24.34154355677855 ], [ 92.66022956590399, 24.342697398501649 ], [ 92.660350195418644, 24.342532563969776 ], [ 92.660470824933299, 24.34245014670384 ], [ 92.661737434837192, 24.340966635916999 ], [ 92.662762785711777, 24.341296304980741 ], [ 92.663607192314373, 24.344263326554426 ], [ 92.664753172703612, 24.342697398501649 ], [ 92.666502300666124, 24.343109484831327 ], [ 92.674282904361462, 24.347312765394044 ], [ 92.679108084947728, 24.345252333745652 ], [ 92.683269803203373, 24.34492266468191 ], [ 92.683511062232682, 24.34739518265998 ], [ 92.687491836216353, 24.349455614308368 ], [ 92.690145685538795, 24.352257801350181 ], [ 92.691171036413365, 24.353906146668894 ], [ 92.691171036413365, 24.353988563934831 ], [ 92.6912313511707, 24.359592938018451 ], [ 92.693402682434524, 24.361076448805292 ], [ 92.693704256221153, 24.362395125060264 ], [ 92.692739220103903, 24.365279729368012 ], [ 92.694488348066429, 24.367010491952659 ], [ 92.696358105543595, 24.371461024313184 ], [ 92.697745344962144, 24.372367614238474 ], [ 92.701907063217803, 24.372697283302216 ], [ 92.703595876422995, 24.373686290493445 ], [ 92.702932414092373, 24.381268678959522 ], [ 92.706973502833364, 24.384400535065076 ], [ 92.706973502833364, 24.384565369596949 ], [ 92.706913188076044, 24.389840074616828 ], [ 92.706913188076044, 24.389840074616828 ], [ 92.713728755654131, 24.402697168102787 ], [ 92.713728755654131, 24.402862002634659 ], [ 92.713668440896797, 24.407807038590796 ], [ 92.713728755654131, 24.407807038590796 ], [ 92.717649214880467, 24.413658664472226 ], [ 92.723318802069315, 24.433356391030841 ], [ 92.730074054890082, 24.450169513281711 ], [ 92.743162357230304, 24.472010088754654 ], [ 92.748349426360534, 24.485856189431839 ], [ 92.750882646168321, 24.491707815313269 ], [ 92.754079328306716, 24.498466031119992 ], [ 92.754019013549396, 24.498548448385925 ], [ 92.75323492170412, 24.504400074267355 ], [ 92.75323492170412, 24.504400074267355 ], [ 92.758723564620993, 24.509097858425687 ], [ 92.764091578023212, 24.516103326030215 ], [ 92.764755040353819, 24.518163757678607 ], [ 92.778687749296637, 24.483795757783447 ], [ 92.780798765803127, 24.475636448455823 ], [ 92.781703487163057, 24.472092506020591 ], [ 92.782125690464341, 24.471433167893103 ], [ 92.783874818426867, 24.468466146319422 ], [ 92.785744575904047, 24.461048592385215 ], [ 92.78936346134374, 24.453383786653202 ], [ 92.793344235327396, 24.441268448560663 ], [ 92.79672186173778, 24.433109139233036 ], [ 92.797204379796412, 24.431955297509937 ], [ 92.797505953583041, 24.431625628446195 ], [ 92.799737599604185, 24.429235527734061 ], [ 92.802270819411973, 24.42453774357573 ], [ 92.802693022713271, 24.423136650054825 ], [ 92.803658058830521, 24.420252045747077 ], [ 92.803235855529223, 24.418933369492109 ], [ 92.799436025817556, 24.4186861176943 ], [ 92.799436025817556, 24.4186861176943 ], [ 92.799436025817556, 24.4186861176943 ], [ 92.800220117662818, 24.416296016982166 ], [ 92.800220117662818, 24.416296016982166 ], [ 92.800220117662818, 24.416296016982166 ], [ 92.803115226014569, 24.41604876518436 ], [ 92.803235855529223, 24.41604876518436 ], [ 92.803658058830521, 24.41621359971623 ], [ 92.805648445822357, 24.416790520577781 ], [ 92.806553167182287, 24.417120189641523 ], [ 92.806794426211596, 24.417037772375586 ], [ 92.808905442718086, 24.416543268779975 ], [ 92.808422924659453, 24.414812506195325 ], [ 92.808241980387479, 24.414153168067841 ], [ 92.808845127960751, 24.412422405483191 ], [ 92.808845127960751, 24.412422405483191 ], [ 92.810111737864645, 24.412504822749128 ], [ 92.810775200195252, 24.412587240015064 ], [ 92.810714885437932, 24.412257570951322 ], [ 92.810533941165943, 24.410856477430414 ], [ 92.813187790488385, 24.41019713930293 ], [ 92.815841639810827, 24.40945538390951 ], [ 92.815841639810827, 24.40945538390951 ], [ 92.815841639810827, 24.40945538390951 ], [ 92.816746361170757, 24.409702635707315 ], [ 92.817711397288008, 24.409949887505125 ], [ 92.819822413794498, 24.405499355144599 ], [ 92.820485876125105, 24.404015844357758 ], [ 92.820908079426403, 24.403686175294016 ], [ 92.824165076322132, 24.401378491847819 ], [ 92.829110886423038, 24.399153225667554 ], [ 92.829714033996325, 24.398988391135685 ], [ 92.830679070113575, 24.397669714880713 ], [ 92.830679070113575, 24.397669714880713 ], [ 92.830980643900219, 24.396598290423551 ], [ 92.825974519041978, 24.390746664542121 ], [ 92.825431686226025, 24.389757657350895 ], [ 92.824406335351441, 24.387697225702503 ], [ 92.82464759438075, 24.386213714915662 ], [ 92.824768223895404, 24.385636794054111 ], [ 92.825431686226025, 24.384895038660691 ], [ 92.827603017489835, 24.382752189746366 ], [ 92.827482387975181, 24.376488477535258 ], [ 92.828085535548468, 24.375499470344028 ], [ 92.828326794577777, 24.375004966748417 ], [ 92.829110886423038, 24.374675297684671 ], [ 92.832066309532124, 24.373521455961573 ], [ 92.832066309532124, 24.373521455961573 ], [ 92.832066309532124, 24.373521455961573 ], [ 92.832428198076087, 24.373768707759382 ], [ 92.835564565457162, 24.37582913940777 ], [ 92.838942191867545, 24.377971988322098 ], [ 92.839424709926163, 24.377889571056162 ], [ 92.843586428181823, 24.377065398396805 ], [ 92.843586428181823, 24.377065398396805 ], [ 92.843586428181823, 24.377065398396805 ], [ 92.845033982357691, 24.378384074651777 ], [ 92.846240277504265, 24.379455499108939 ], [ 92.846903739834872, 24.380609340832038 ], [ 92.848411608768075, 24.383329110607914 ], [ 92.851005143333197, 24.389510405553086 ], [ 92.853779622170293, 24.391158750871799 ], [ 92.858363543727236, 24.395526865966389 ], [ 92.862223688196238, 24.396598290423551 ], [ 92.871089957523495, 24.394125772445481 ], [ 92.87314065927265, 24.39437302424329 ], [ 92.877483321800284, 24.396021369562 ], [ 92.877483321800284, 24.396021369562 ], [ 92.877483321800284, 24.396021369562 ], [ 92.88351479753311, 24.400142232858784 ], [ 92.887314627244791, 24.398741139337879 ], [ 92.890089106081888, 24.399400477465363 ], [ 92.890993827441804, 24.398823556603812 ], [ 92.893647676764246, 24.392395009860834 ], [ 92.895638063756081, 24.391323585403669 ], [ 92.895638063756081, 24.391323585403669 ] ] ] } },
{ "type": "Feature", "properties": { "district": "Lawngtlai", "dt_code": "264", "st_nm": "Mizoram", "st_code": "15", "year": "2011_c" }, "geometry": { "type": "Polygon", "coordinates": [ [ [ 92.934661711747452, 22.55457239676219 ], [ 92.937496505341869, 22.545094411179594 ], [ 92.939848780877682, 22.539737288893775 ], [ 92.941055076024242, 22.529599965183696 ], [ 92.935988636408666, 22.498034152330348 ], [ 92.936471154467299, 22.482045202738835 ], [ 92.940029725149657, 22.474710066070564 ], [ 92.946121515639817, 22.467045260338551 ], [ 92.946242145154471, 22.462182641648347 ], [ 92.941899482626837, 22.457979361085631 ], [ 92.942924833501422, 22.438528886324821 ], [ 92.945216794279887, 22.430287159731257 ], [ 92.946362774669126, 22.423611361190471 ], [ 92.948232532146307, 22.413721289278197 ], [ 92.95167047331401, 22.406715821673668 ], [ 92.952756138945915, 22.400864195792238 ], [ 92.964577831382258, 22.3970730015592 ], [ 92.966749162646067, 22.392787303730547 ], [ 92.962768388662411, 22.377540109532454 ], [ 92.95691785720156, 22.372265404512575 ], [ 92.940753502237598, 22.379023620319295 ], [ 92.938823430003097, 22.384215908073241 ], [ 92.943286722045386, 22.388748857699699 ], [ 92.939486892333704, 22.392045548337126 ], [ 92.932128491939665, 22.394765318113002 ], [ 92.92284001931111, 22.38858402316783 ], [ 92.918678301055465, 22.383721404477626 ], [ 92.910716753088138, 22.377540109532454 ], [ 92.905107480656611, 22.372182987246639 ], [ 92.899860096769061, 22.366825864960823 ], [ 92.894673027638831, 22.363941260653075 ], [ 92.887193997730122, 22.359902814622231 ], [ 92.883213223746466, 22.35685337578261 ], [ 92.880680003938679, 22.352567677953957 ], [ 92.875010416749831, 22.343666613232909 ], [ 92.868737681987696, 22.327760080907332 ], [ 92.865661629363956, 22.323721634876488 ], [ 92.852392382751745, 22.322979879483068 ], [ 92.841897614976631, 22.331221606076628 ], [ 92.825853889527323, 22.330315016151339 ], [ 92.82464759438075, 22.325205145663329 ], [ 92.828507738849765, 22.319435937047835 ], [ 92.829050571665718, 22.313831562964211 ], [ 92.82766333224717, 22.308886527008074 ], [ 92.830256866812277, 22.300315131350768 ], [ 92.837132749147699, 22.294051419139659 ], [ 92.840208801771439, 22.287375620598873 ], [ 92.837434322934342, 22.279298728537182 ], [ 92.834237640795948, 22.274683361644787 ], [ 92.836288342545103, 22.269820742954582 ], [ 92.837012119633044, 22.264133951605025 ], [ 92.8347804736119, 22.255232886883977 ], [ 92.835805824486471, 22.249463678268484 ], [ 92.837374008177008, 22.244765894110152 ], [ 92.838942191867545, 22.240397779015563 ], [ 92.840088172256785, 22.232650556017614 ], [ 92.840570690315403, 22.226386843806505 ], [ 92.841596041189987, 22.216414354628295 ], [ 92.840691319830057, 22.205864944588534 ], [ 92.841656355947308, 22.195068282750967 ], [ 92.84123415264601, 22.187897980614565 ], [ 92.842862651093881, 22.181881520201266 ], [ 92.843707057696477, 22.167128829598788 ], [ 92.84424989051243, 22.160205779260195 ], [ 92.846059333232276, 22.149079448358883 ], [ 92.846421221776239, 22.141579477158743 ], [ 92.848230664496086, 22.134409175022341 ], [ 92.845576815173644, 22.123942182248516 ], [ 92.84521492662968, 22.114793865729663 ], [ 92.847687831680133, 22.105398297413 ], [ 92.847506887408159, 22.09616756362821 ], [ 92.848833812069373, 22.088337923364325 ], [ 92.84829097925342, 22.080837952164181 ], [ 92.852030494207767, 22.070865462985971 ], [ 92.85450339925822, 22.063612743583633 ], [ 92.846541851290894, 22.060398470212146 ], [ 92.842199188763274, 22.06616767882764 ], [ 92.839002506624865, 22.070041290326614 ], [ 92.834056696523959, 22.074409405421203 ], [ 92.823200040204881, 22.077788513324563 ], [ 92.817892341559997, 22.088420340630261 ], [ 92.814695659421588, 22.09369504565014 ], [ 92.808000721358155, 22.095755477298532 ], [ 92.800943894750759, 22.100370844190927 ], [ 92.792801402511444, 22.104326872955838 ], [ 92.786408038234654, 22.107046642731714 ], [ 92.780798765803127, 22.106799390933904 ], [ 92.775068863856944, 22.107953232657003 ], [ 92.766926371617629, 22.114052110336242 ], [ 92.767831092977559, 22.121304829738577 ], [ 92.763367800935271, 22.124519103110067 ], [ 92.749012888691141, 22.130947649853045 ], [ 92.740870396451839, 22.134244340490472 ], [ 92.735562697806955, 22.13729377933009 ], [ 92.73049625819138, 22.147843189369851 ], [ 92.715658827888632, 22.150975045475406 ], [ 92.705767207686804, 22.151799218134759 ], [ 92.697142197388871, 22.146689347646753 ], [ 92.698408807292765, 22.136716858468539 ], [ 92.697443771175514, 22.120727908877026 ], [ 92.694910551367727, 22.097733491680987 ], [ 92.69527243991169, 22.084629146397219 ], [ 92.691291665928034, 22.075645664410239 ], [ 92.688396557576269, 22.093200542054525 ], [ 92.687371206701698, 22.105480714678936 ], [ 92.681641304755516, 22.103749952094287 ], [ 92.682304767086123, 22.090480772278649 ], [ 92.683088858931384, 22.083969808269735 ], [ 92.683571376990017, 22.074986326282751 ], [ 92.684596727864601, 22.068392945007901 ], [ 92.685018931165899, 22.061552311935245 ], [ 92.684053895048635, 22.057019362308782 ], [ 92.684415783592613, 22.04844796665148 ], [ 92.687733095245662, 22.039464484664496 ], [ 92.687250577187044, 22.034189779644613 ], [ 92.685923652525815, 22.02916232642254 ], [ 92.685018931165899, 22.022321693349884 ], [ 92.682123822814134, 22.016387650202518 ], [ 92.678504937374441, 22.012678873235416 ], [ 92.669337094260555, 22.013255794096963 ], [ 92.660953342991931, 22.01407996675632 ], [ 92.64249702724949, 21.996772340909839 ], [ 92.638817827052463, 21.990838297762473 ], [ 92.627840541218731, 21.983585578360138 ], [ 92.615958534025069, 21.980041635924906 ], [ 92.610108002564232, 21.97897021146774 ], [ 92.608901707417658, 21.984080081955749 ], [ 92.615656960238425, 21.988448197050339 ], [ 92.610228632078886, 22.00163495960004 ], [ 92.599975123333081, 22.011030527916702 ], [ 92.602568657898203, 22.021250268892722 ], [ 92.605162192463311, 22.026360139380728 ], [ 92.603835267802097, 22.032953520655578 ], [ 92.599070401973165, 22.037733722079846 ], [ 92.598889457701176, 22.04259634077005 ], [ 92.602568657898203, 22.052156743618582 ], [ 92.602628972655523, 22.056854527776913 ], [ 92.601121103722321, 22.062046815530859 ], [ 92.595753090320102, 22.066085261561703 ], [ 92.594788054202851, 22.078942355047662 ], [ 92.583931397883774, 22.098557664340341 ], [ 92.578684013996224, 22.110178498837268 ], [ 92.573617574380648, 22.120233405281414 ], [ 92.569636800396978, 22.125178441237551 ], [ 92.562218085245604, 22.128145462811233 ], [ 92.57132561360217, 22.136716858468539 ], [ 92.578080866422937, 22.143722326073068 ], [ 92.584293286427737, 22.140095966371902 ], [ 92.590324762160563, 22.135068513149825 ], [ 92.595813405077436, 22.130700398055239 ], [ 92.600759215178357, 22.127568541949685 ], [ 92.605222507220645, 22.124024599514453 ], [ 92.606187543337896, 22.136057520341055 ], [ 92.607092264697812, 22.146771764912685 ], [ 92.607996986057742, 22.158310182143676 ], [ 92.60847950411636, 22.16482114615259 ], [ 92.604257471103395, 22.1699310166406 ], [ 92.600759215178357, 22.173639793607702 ], [ 92.596899070709341, 22.178007908702291 ], [ 92.593823018085601, 22.181387016605651 ], [ 92.592918296725685, 22.192101261177285 ], [ 92.592254834395064, 22.200919908632397 ], [ 92.591531057307137, 22.20841987983254 ], [ 92.59092790973385, 22.214106671182098 ], [ 92.590264447403243, 22.22177147691411 ], [ 92.589661299829956, 22.229106613582381 ], [ 92.58875657847004, 22.237595591973751 ], [ 92.587791542352775, 22.245013145907958 ], [ 92.586886820992859, 22.255974642277398 ], [ 92.586283673419572, 22.263804282541283 ], [ 92.585559896331631, 22.271057001943618 ], [ 92.584896434001024, 22.27971081486686 ], [ 92.584232971670417, 22.287705289662615 ], [ 92.583207620795832, 22.297430527043019 ], [ 92.581699751862629, 22.312924973038918 ], [ 92.580915660017368, 22.321908455025902 ], [ 92.576392053217745, 22.33575455570309 ], [ 92.573074741564696, 22.345067706753817 ], [ 92.569757429911647, 22.356111620389189 ], [ 92.566259173986609, 22.367237951290502 ], [ 92.562218085245604, 22.378776368521489 ], [ 92.559021403107209, 22.389325778561251 ], [ 92.555764406211495, 22.399215850473524 ], [ 92.552688353587754, 22.40951800871548 ], [ 92.551301114169206, 22.419078411564012 ], [ 92.549974189507978, 22.431441001454356 ], [ 92.548767894361418, 22.444050843142509 ], [ 92.547199710670881, 22.457649692021889 ], [ 92.545812471252333, 22.470754037305653 ], [ 92.544545861348439, 22.48253970633445 ], [ 92.543701454745843, 22.490699015662077 ], [ 92.550878910867908, 22.497786900532539 ], [ 92.543701454745843, 22.499352828585316 ], [ 92.551180484654537, 22.512951677464695 ], [ 92.544968064649737, 22.522924166642909 ], [ 92.535498647749208, 22.538253778106935 ], [ 92.527898988325845, 22.550369116199473 ], [ 92.523435696283556, 22.557457001069938 ], [ 92.521927827350353, 22.559682267250199 ], [ 92.527295840752558, 22.569160252832798 ], [ 92.530130634346989, 22.574187706054872 ], [ 92.533628890272027, 22.580286583734107 ], [ 92.536765257653101, 22.586055792349601 ], [ 92.538815959402257, 22.589517317518897 ], [ 92.537489034741029, 22.596193116059684 ], [ 92.534895500175921, 22.609627130407191 ], [ 92.53302574269874, 22.618940281457917 ], [ 92.531879762309515, 22.623885317414057 ], [ 92.531397244250883, 22.627841346178968 ], [ 92.530552837648287, 22.631962209475748 ], [ 92.529768745803025, 22.63665999363408 ], [ 92.528381506384477, 22.64251161951551 ], [ 92.526270489877987, 22.653637950416819 ], [ 92.52470230618745, 22.661797259744446 ], [ 92.520239014145162, 22.684956511472357 ], [ 92.517162961521421, 22.70119271286168 ], [ 92.514810685985623, 22.712236626497052 ], [ 92.513121872780431, 22.720231101292811 ], [ 92.510468023457989, 22.735066209161221 ], [ 92.509261728311415, 22.741000252308588 ], [ 92.509261728311415, 22.741165086840461 ], [ 92.509985505399356, 22.743307935754785 ], [ 92.510045820156691, 22.743472770286658 ], [ 92.510890226759287, 22.747511216317502 ], [ 92.514991630257597, 22.750148568827445 ], [ 92.517585164822719, 22.755670525645129 ], [ 92.523918214342189, 22.760533144335334 ], [ 92.528502135899132, 22.757813374559458 ], [ 92.540022254548816, 22.759296885346298 ], [ 92.546596563097594, 22.756494698304486 ], [ 92.550275763294621, 22.751796914146155 ], [ 92.560468957283092, 22.744296942946015 ], [ 92.570239947970265, 22.730698094066636 ], [ 92.577176145063007, 22.73382995017219 ], [ 92.580614086230725, 22.73720905807555 ], [ 92.580855345260034, 22.74454419474382 ], [ 92.588032801382099, 22.746934295455954 ], [ 92.593943647600256, 22.729461835077601 ], [ 92.596416552650723, 22.729132166013859 ], [ 92.597502218282628, 22.726906899833594 ], [ 92.598829142943842, 22.722456367473072 ], [ 92.601844880810262, 22.720313518558743 ], [ 92.602146454596905, 22.712154209231116 ], [ 92.60015606760507, 22.704077317169425 ], [ 92.602387713626214, 22.694929000650571 ], [ 92.605825654793918, 22.689077374769141 ], [ 92.610108002564232, 22.685780684131714 ], [ 92.611796815769424, 22.679434554654673 ], [ 92.615295071694462, 22.677621374804087 ], [ 92.622291583544524, 22.670533489933625 ], [ 92.628021485490706, 22.667154382030262 ], [ 92.633992646466211, 22.662703849669739 ], [ 92.631821315202387, 22.659819245361991 ], [ 92.632183203746365, 22.656687389256437 ], [ 92.6384559385085, 22.653967619480561 ], [ 92.642617656764145, 22.650341259779395 ], [ 92.644849302785289, 22.646137979216675 ], [ 92.649071335798268, 22.635423734645045 ], [ 92.647503152107731, 22.626275418126191 ], [ 92.647382522593077, 22.616879849809528 ], [ 92.662461211925134, 22.619929288649146 ], [ 92.675006681449403, 22.624544655541541 ], [ 92.684114209805969, 22.624462238275605 ], [ 92.697202512146191, 22.616550180745786 ], [ 92.694126459522451, 22.606989777897251 ], [ 92.696056531756966, 22.5955337779322 ], [ 92.698408807292765, 22.589846986582639 ], [ 92.712944663808869, 22.580286583734107 ], [ 92.714693791771381, 22.575259130512034 ], [ 92.71909676905635, 22.568171245641569 ], [ 92.723560061098638, 22.563885547812916 ], [ 92.743825819560925, 22.551358123390703 ], [ 92.747143131213974, 22.54682517376424 ], [ 92.755466567725264, 22.541550468744362 ], [ 92.756612548114504, 22.533720828480476 ], [ 92.756853807143813, 22.52028681413297 ], [ 92.762824968119318, 22.500753922106224 ], [ 92.764755040353819, 22.497951735064412 ], [ 92.769580220940071, 22.497457231468797 ], [ 92.775852955702206, 22.501660512031513 ], [ 92.777059250848779, 22.49910557678751 ], [ 92.779230582112589, 22.49762206600067 ], [ 92.781884431435032, 22.498198986862217 ], [ 92.779954359200531, 22.513611015592183 ], [ 92.777843342694041, 22.518308799750514 ], [ 92.78019561822984, 22.530753806906795 ], [ 92.782789152794962, 22.538336195372871 ], [ 92.791776051636859, 22.547566929157661 ], [ 92.798350360185637, 22.551852626986314 ], [ 92.798832878244269, 22.556467993878709 ], [ 92.803959632617165, 22.566934986652534 ], [ 92.804200891646474, 22.574434957852677 ], [ 92.8016676718387, 22.580698670063786 ], [ 92.800943894750759, 22.585478871488053 ], [ 92.796842491252434, 22.597511792314656 ], [ 92.797264694553732, 22.602127159207051 ], [ 92.796480602708471, 22.60476451171699 ], [ 92.803658058830521, 22.607154612429124 ], [ 92.804864353977095, 22.612099648385261 ], [ 92.802994596499914, 22.616055677150172 ], [ 92.803175540771903, 22.621330382170051 ], [ 92.80806103611549, 22.627182008051481 ], [ 92.813248105245719, 22.627676511647095 ], [ 92.822174689330296, 22.625286410934962 ], [ 92.825672945255334, 22.62569849726464 ], [ 92.83689149011839, 22.623967734679994 ], [ 92.844973667600371, 22.62058862677663 ], [ 92.85040199575991, 22.612841403778681 ], [ 92.856795360036699, 22.606742526099445 ], [ 92.862645891497536, 22.602456828270792 ], [ 92.86578225887861, 22.598748051303687 ], [ 92.871753419854102, 22.594874439804713 ], [ 92.877965839858916, 22.586797547743021 ], [ 92.883756056562419, 22.581605259989079 ], [ 92.899679152497072, 22.582347015382499 ], [ 92.903901185510051, 22.574682209650483 ], [ 92.904444018326004, 22.56948992189654 ], [ 92.908907310368292, 22.551440540656635 ], [ 92.913069028623937, 22.544847159381785 ], [ 92.917472005908905, 22.545094411179594 ], [ 92.928811180286615, 22.549957029869795 ], [ 92.934661711747452, 22.55457239676219 ] ] ] } },
{ "type": "Feature", "properties": { "district": "Lunglei", "dt_code": "265", "st_nm": "Mizoram", "st_code": "15", "year": "2011_c" }, "geometry": { "type": "Polygon", "coordinates": [ [ [ 92.672714720670939, 23.382701084883415 ], [ 92.678444622617121, 23.37882747338444 ], [ 92.679047770190394, 23.372646178439268 ], [ 92.67874619640375, 23.37124508491836 ], [ 92.674946366692083, 23.368525315142485 ], [ 92.684657042621922, 23.36712422162158 ], [ 92.687552150973673, 23.363085775590733 ], [ 92.688396557576269, 23.358470408698338 ], [ 92.690628203597413, 23.354844048997172 ], [ 92.69008537078146, 23.35294845188065 ], [ 92.689361593693519, 23.343882552627733 ], [ 92.690386944568104, 23.341657286447472 ], [ 92.689844111752151, 23.338772682139723 ], [ 92.689421908450853, 23.329789200152739 ], [ 92.689723482237497, 23.328965027493382 ], [ 92.689361593693519, 23.328058437568089 ], [ 92.68912033466421, 23.327399099440605 ], [ 92.687491836216353, 23.326657344047184 ], [ 92.686587114856422, 23.327151847642799 ], [ 92.684174524563304, 23.326327674983443 ], [ 92.688034669032305, 23.317344192996458 ], [ 92.687129947672375, 23.311492567115028 ], [ 92.691894813501307, 23.307289286552312 ], [ 92.689602852722842, 23.297151962842229 ], [ 92.687129947672375, 23.290723416099251 ], [ 92.688577501848258, 23.284954207483757 ], [ 92.686587114856422, 23.280338840591359 ], [ 92.687431521459018, 23.279514667932006 ], [ 92.690748833112082, 23.279349833400133 ], [ 92.689301278936199, 23.273663042050575 ], [ 92.691532924957343, 23.269294926955986 ], [ 92.693342367677189, 23.260641114032744 ], [ 92.692437646317259, 23.248196106876463 ], [ 92.691472610200009, 23.242674150058775 ], [ 92.693402682434524, 23.239707128485094 ], [ 92.692859849618557, 23.236987358709218 ], [ 92.694729607095738, 23.222069833574867 ], [ 92.696900938359548, 23.216465459491246 ], [ 92.707516335649331, 23.207646812036135 ], [ 92.707154447105353, 23.204267704132771 ], [ 92.703354617393671, 23.197756740123857 ], [ 92.706671929046735, 23.197344653794179 ], [ 92.706129096230768, 23.195284222145787 ], [ 92.709386093126497, 23.192482035103978 ], [ 92.716442919733908, 23.191245776114943 ], [ 92.722293451194744, 23.191905114242427 ], [ 92.724886985759852, 23.205916049451485 ], [ 92.72742020556764, 23.210448999077943 ], [ 92.725972651391757, 23.21712479761873 ], [ 92.727359890810305, 23.222152250840804 ], [ 92.725610762847793, 23.228251128520043 ], [ 92.724585411973209, 23.238800538559801 ], [ 92.725067930031841, 23.24069613567632 ], [ 92.736286474894897, 23.239212624889479 ], [ 92.738337176644052, 23.237152193241091 ], [ 92.740870396451839, 23.232371991816823 ], [ 92.74497179995015, 23.234185171667406 ], [ 92.74919383296313, 23.233031329944307 ], [ 92.753536495490764, 23.233443416273985 ], [ 92.754984049666646, 23.232866495412438 ], [ 92.756672862871838, 23.231795070955272 ], [ 92.758602935106339, 23.226767617733199 ], [ 92.76668511258832, 23.230888481029982 ], [ 92.768615184822821, 23.232536826348692 ], [ 92.773380050651753, 23.233360999008049 ], [ 92.779592470656567, 23.228580797583785 ], [ 92.790690386004954, 23.230641229232173 ], [ 92.798772563486935, 23.227674207658492 ], [ 92.802512078441296, 23.226273114137587 ], [ 92.816625731656103, 23.225531358744163 ], [ 92.818374859618615, 23.226437948669457 ], [ 92.819581154765174, 23.228498380317848 ], [ 92.818917692434567, 23.2339379198696 ], [ 92.820123987581141, 23.239542293953221 ], [ 92.821450912242355, 23.241355473803807 ], [ 92.82344129923419, 23.241355473803807 ], [ 92.825793574769989, 23.242591732792842 ], [ 92.835443935942507, 23.245558754366524 ], [ 92.838761247595556, 23.244487329909362 ], [ 92.839846913227461, 23.241190639271935 ], [ 92.846722795562883, 23.23805878316638 ], [ 92.849135385856016, 23.23657527237954 ], [ 92.849135385856016, 23.235256596124568 ], [ 92.849014756341361, 23.234926927060826 ], [ 92.848894126826707, 23.234185171667406 ], [ 92.849678218671968, 23.234020337135536 ], [ 92.848954441584027, 23.23146540189153 ], [ 92.850040107215932, 23.229075301179396 ], [ 92.849436959642659, 23.22734453859475 ], [ 92.85142734663448, 23.223470927095775 ], [ 92.8544430845009, 23.22149291271332 ], [ 92.855106546831507, 23.220091819192412 ], [ 92.857458822367306, 23.218690725671507 ], [ 92.860595189748381, 23.215146783236275 ], [ 92.86180148489494, 23.210778668141685 ], [ 92.85866511751388, 23.195861143007338 ], [ 92.859268265087152, 23.192564452369911 ], [ 92.862284002953572, 23.186383157424739 ], [ 92.86276652101219, 23.183910639446673 ], [ 92.865239426062658, 23.179954610681762 ], [ 92.864093445673419, 23.175504078321236 ], [ 92.863731557129441, 23.173938150268459 ], [ 92.86487753751868, 23.163883243824312 ], [ 92.861318966836322, 23.15259207839113 ], [ 92.861318966836322, 23.1418778338195 ], [ 92.859992042175094, 23.139570150373302 ], [ 92.855408120618151, 23.131740510109417 ], [ 92.85564937964746, 23.131246006513802 ], [ 92.861318966836322, 23.120449344676235 ], [ 92.862284002953572, 23.118965833889394 ], [ 92.865480685091967, 23.113855963401384 ], [ 92.864334704702728, 23.107921920254018 ], [ 92.859569838873796, 23.097867013809871 ], [ 92.860112671689748, 23.096795589352709 ], [ 92.86487753751868, 23.08830661096134 ], [ 92.867169498297159, 23.084185747664556 ], [ 92.872054993640745, 23.075202265677575 ], [ 92.872658141214032, 23.062180337659743 ], [ 92.872839085486007, 23.061273747734454 ], [ 92.875010416749831, 23.051466093088113 ], [ 92.875010416749831, 23.050064999567205 ], [ 92.875010416749831, 23.042482611101128 ], [ 92.877603951314939, 23.026658496041488 ], [ 92.878568987432189, 23.020477201096313 ], [ 92.882127558114561, 23.000284970942083 ], [ 92.882730705687834, 22.996741028506854 ], [ 92.889546273265935, 22.980834496181277 ], [ 92.889908161809899, 22.98001032352192 ], [ 92.889546273265935, 22.979103733596627 ], [ 92.887193997730122, 22.973334524981134 ], [ 92.886349591127541, 22.971109258800873 ], [ 92.887193997730122, 22.963032366739178 ], [ 92.887495571516766, 22.959818093367691 ], [ 92.888581237148685, 22.949103848796057 ], [ 92.88870186666334, 22.947950007072958 ], [ 92.887736830546089, 22.946796165349859 ], [ 92.86909957053166, 22.925285258940661 ], [ 92.867591701598457, 22.923636913621948 ], [ 92.860534874991046, 22.91564243882619 ], [ 92.860353930719072, 22.914900683432769 ], [ 92.862585576740216, 22.911109489199731 ], [ 92.866867924510515, 22.903856769797397 ], [ 92.867169498297159, 22.903279848935846 ], [ 92.869340829560969, 22.899735906500613 ], [ 92.869642403347612, 22.899158985639065 ], [ 92.869280514803648, 22.898664482043451 ], [ 92.867471072083802, 22.896356798597253 ], [ 92.861318966836322, 22.888444741067435 ], [ 92.8544430845009, 22.879955762676062 ], [ 92.85257332702372, 22.87624698570896 ], [ 92.853900251684948, 22.871631618816565 ], [ 92.854744658287544, 22.871796453348434 ], [ 92.85751913712464, 22.872703043273727 ], [ 92.861982429166929, 22.874186554060568 ], [ 92.86909957053166, 22.876576654772702 ], [ 92.877965839858916, 22.865203072073584 ], [ 92.876277026653725, 22.863719561286743 ], [ 92.872054993640745, 22.859928367053705 ], [ 92.871632790339447, 22.85869210806467 ], [ 92.869642403347612, 22.852758064917303 ], [ 92.879714967821428, 22.840313057761023 ], [ 92.879775282578763, 22.84023064049509 ], [ 92.882791020445168, 22.837016367123599 ], [ 92.887495571516766, 22.83190649663559 ], [ 92.886832109186159, 22.823005431914542 ], [ 92.886832109186159, 22.822428511052991 ], [ 92.888822496177994, 22.816576885171564 ], [ 92.890752568412495, 22.811137345619812 ], [ 92.895396804726772, 22.807181316854901 ], [ 92.901850483760896, 22.80248353269657 ], [ 92.906374090560504, 22.79910442479321 ], [ 92.912164307264021, 22.796549489549204 ], [ 92.914094379498522, 22.791604453593067 ], [ 92.914275323770511, 22.791192367263388 ], [ 92.91668791406363, 22.787895676625961 ], [ 92.921392465135241, 22.780642957223627 ], [ 92.923201907855088, 22.777758352915882 ], [ 92.927544570382722, 22.773390237821292 ], [ 92.925011350574934, 22.771412223438837 ], [ 92.919884596202039, 22.764241921302435 ], [ 92.918617986298145, 22.736549719948066 ], [ 92.919824281444704, 22.728143158822629 ], [ 92.921090891348598, 22.722538784739008 ], [ 92.933696675630202, 22.713720137283893 ], [ 92.937013987283251, 22.706714669679364 ], [ 92.933033213299581, 22.684214756078937 ], [ 92.933877619902177, 22.677538957538154 ], [ 92.933998249416831, 22.663363187797223 ], [ 92.941778853112183, 22.645066554759513 ], [ 92.951851417585999, 22.632621547603232 ], [ 92.955168729239048, 22.62742925984929 ], [ 92.951730788071345, 22.61910511598979 ], [ 92.953902119335154, 22.601879907409241 ], [ 92.948956309234234, 22.594874439804713 ], [ 92.950283233895462, 22.588445893061735 ], [ 92.949378512535532, 22.575176713246098 ], [ 92.945035850007898, 22.563885547812916 ], [ 92.940934446509587, 22.559352598186457 ], [ 92.934661711747452, 22.55457239676219 ], [ 92.928811180286615, 22.549957029869795 ], [ 92.917472005908905, 22.545094411179594 ], [ 92.913069028623937, 22.544847159381785 ], [ 92.908907310368292, 22.551440540656635 ], [ 92.904444018326004, 22.56948992189654 ], [ 92.903901185510051, 22.574682209650483 ], [ 92.899679152497072, 22.582347015382499 ], [ 92.883756056562419, 22.581605259989079 ], [ 92.877965839858916, 22.586797547743021 ], [ 92.871753419854102, 22.594874439804713 ], [ 92.86578225887861, 22.598748051303687 ], [ 92.862645891497536, 22.602456828270792 ], [ 92.856795360036699, 22.606742526099445 ], [ 92.85040199575991, 22.612841403778681 ], [ 92.844973667600371, 22.62058862677663 ], [ 92.83689149011839, 22.623967734679994 ], [ 92.825672945255334, 22.62569849726464 ], [ 92.822174689330296, 22.625286410934962 ], [ 92.813248105245719, 22.627676511647095 ], [ 92.80806103611549, 22.627182008051481 ], [ 92.803175540771903, 22.621330382170051 ], [ 92.802994596499914, 22.616055677150172 ], [ 92.804864353977095, 22.612099648385261 ], [ 92.803658058830521, 22.607154612429124 ], [ 92.796480602708471, 22.60476451171699 ], [ 92.797264694553732, 22.602127159207051 ], [ 92.796842491252434, 22.597511792314656 ], [ 92.800943894750759, 22.585478871488053 ], [ 92.8016676718387, 22.580698670063786 ], [ 92.804200891646474, 22.574434957852677 ], [ 92.803959632617165, 22.566934986652534 ], [ 92.798832878244269, 22.556467993878709 ], [ 92.798350360185637, 22.551852626986314 ], [ 92.791776051636859, 22.547566929157661 ], [ 92.782789152794962, 22.538336195372871 ], [ 92.78019561822984, 22.530753806906795 ], [ 92.777843342694041, 22.518308799750514 ], [ 92.779954359200531, 22.513611015592183 ], [ 92.781884431435032, 22.498198986862217 ], [ 92.779230582112589, 22.49762206600067 ], [ 92.777059250848779, 22.49910557678751 ], [ 92.775852955702206, 22.501660512031513 ], [ 92.769580220940071, 22.497457231468797 ], [ 92.764755040353819, 22.497951735064412 ], [ 92.762824968119318, 22.500753922106224 ], [ 92.756853807143813, 22.52028681413297 ], [ 92.756612548114504, 22.533720828480476 ], [ 92.755466567725264, 22.541550468744362 ], [ 92.747143131213974, 22.54682517376424 ], [ 92.743825819560925, 22.551358123390703 ], [ 92.723560061098638, 22.563885547812916 ], [ 92.71909676905635, 22.568171245641569 ], [ 92.714693791771381, 22.575259130512034 ], [ 92.712944663808869, 22.580286583734107 ], [ 92.698408807292765, 22.589846986582639 ], [ 92.696056531756966, 22.5955337779322 ], [ 92.694126459522451, 22.606989777897251 ], [ 92.697202512146191, 22.616550180745786 ], [ 92.684114209805969, 22.624462238275605 ], [ 92.675006681449403, 22.624544655541541 ], [ 92.662461211925134, 22.619929288649146 ], [ 92.647382522593077, 22.616879849809528 ], [ 92.647503152107731, 22.626275418126191 ], [ 92.649071335798268, 22.635423734645045 ], [ 92.644849302785289, 22.646137979216675 ], [ 92.642617656764145, 22.650341259779395 ], [ 92.6384559385085, 22.653967619480561 ], [ 92.632183203746365, 22.656687389256437 ], [ 92.631821315202387, 22.659819245361991 ], [ 92.633992646466211, 22.662703849669739 ], [ 92.628021485490706, 22.667154382030262 ], [ 92.622291583544524, 22.670533489933625 ], [ 92.615295071694462, 22.677621374804087 ], [ 92.611796815769424, 22.679434554654673 ], [ 92.610108002564232, 22.685780684131714 ], [ 92.605825654793918, 22.689077374769141 ], [ 92.602387713626214, 22.694929000650571 ], [ 92.60015606760507, 22.704077317169425 ], [ 92.602146454596905, 22.712154209231116 ], [ 92.601844880810262, 22.720313518558743 ], [ 92.598829142943842, 22.722456367473072 ], [ 92.597502218282628, 22.726906899833594 ], [ 92.596416552650723, 22.729132166013859 ], [ 92.593943647600256, 22.729461835077601 ], [ 92.588032801382099, 22.746934295455954 ], [ 92.580855345260034, 22.74454419474382 ], [ 92.580614086230725, 22.73720905807555 ], [ 92.577176145063007, 22.73382995017219 ], [ 92.570239947970265, 22.730698094066636 ], [ 92.560468957283092, 22.744296942946015 ], [ 92.550275763294621, 22.751796914146155 ], [ 92.546596563097594, 22.756494698304486 ], [ 92.540022254548816, 22.759296885346298 ], [ 92.528502135899132, 22.757813374559458 ], [ 92.523918214342189, 22.760533144335334 ], [ 92.517585164822719, 22.755670525645129 ], [ 92.514991630257597, 22.750148568827445 ], [ 92.510890226759287, 22.747511216317502 ], [ 92.510045820156691, 22.743472770286658 ], [ 92.509985505399356, 22.743307935754785 ], [ 92.509261728311415, 22.741165086840461 ], [ 92.509201413554095, 22.741000252308588 ], [ 92.507995118407536, 22.736961806277744 ], [ 92.502265216461353, 22.739599158787684 ], [ 92.496113111213873, 22.742566180361365 ], [ 92.490865727326309, 22.745038698339435 ], [ 92.484170789262876, 22.747676050849375 ], [ 92.477958369258076, 22.750972741486798 ], [ 92.476088611780895, 22.764818842163987 ], [ 92.47409822478906, 22.779406698234592 ], [ 92.472228467311893, 22.788967101083127 ], [ 92.470599968864022, 22.79663190681514 ], [ 92.466016047307079, 22.804049460749347 ], [ 92.463181253712648, 22.807923072248322 ], [ 92.45968299778761, 22.81245602187478 ], [ 92.456486315649215, 22.817071388767175 ], [ 92.454616558172049, 22.81929665494744 ], [ 92.458416387883716, 22.824736194499192 ], [ 92.461613070022125, 22.830258151316876 ], [ 92.456003797590597, 22.837675705251083 ], [ 92.452927744966857, 22.842455906675351 ], [ 92.462638420896695, 22.841796568547867 ], [ 92.45654663040655, 22.851439388662335 ], [ 92.464025660315244, 22.854241575704147 ], [ 92.455219705745321, 22.860258036117447 ], [ 92.452746800694868, 22.862071215968029 ], [ 92.458657646913039, 22.868911849040689 ], [ 92.460105201088908, 22.870642611625335 ], [ 92.45135956127632, 22.874845892188056 ], [ 92.448464452924568, 22.876164568443023 ], [ 92.449489803799139, 22.888115072003689 ], [ 92.449912007100437, 22.89306010795983 ], [ 92.44400116088228, 22.890505172715823 ], [ 92.438934721266705, 22.888197489269626 ], [ 92.433747652136475, 22.885889805823428 ], [ 92.42753523213166, 22.899983158298422 ], [ 92.422408477758765, 22.911274323731604 ], [ 92.419392739892359, 22.918444625868002 ], [ 92.415653224937998, 22.917208366878967 ], [ 92.400936424149918, 22.912180913656893 ], [ 92.399428555216716, 22.917867705006454 ], [ 92.399247610944727, 22.921658899239493 ], [ 92.401780830752514, 22.927840194184665 ], [ 92.397498482982201, 22.929570956769314 ], [ 92.388994102198922, 22.931631388417703 ], [ 92.383264200252739, 22.932950064672674 ], [ 92.371080619272448, 22.936164338044165 ], [ 92.372105970147018, 22.942015963925595 ], [ 92.373191635778923, 22.948609345200445 ], [ 92.374397930925497, 22.955532395539038 ], [ 92.375001078498769, 22.959323589772076 ], [ 92.375604226072056, 22.963279618536987 ], [ 92.376026429373354, 22.96682356097222 ], [ 92.374036042381519, 22.970697172471194 ], [ 92.3778358720932, 22.975477373895458 ], [ 92.378800908210451, 22.980504827117532 ], [ 92.379826259085036, 22.987015791126449 ], [ 92.380791295202286, 22.992867417007879 ], [ 92.381696016562216, 22.998224539293695 ], [ 92.382600737922132, 23.002922323452026 ], [ 92.383264200252739, 23.008032193940036 ], [ 92.38422923636999, 23.013224481693978 ], [ 92.384289551127324, 23.017427762256695 ], [ 92.385073642972586, 23.021713460085348 ], [ 92.386521197148468, 23.026576078775552 ], [ 92.387124344721755, 23.030284855742654 ], [ 92.38730528899373, 23.035724395294405 ], [ 92.388330639868315, 23.039927675857122 ], [ 92.389778194044197, 23.04544963267481 ], [ 92.391165433462746, 23.052702352077148 ], [ 92.391828895793353, 23.057400136235476 ], [ 92.389657564529543, 23.062427589457549 ], [ 92.386641826663123, 23.070009977923629 ], [ 92.385073642972586, 23.073306668561052 ], [ 92.383686403554037, 23.076520941932543 ], [ 92.381092868988929, 23.082784654143651 ], [ 92.379645314813047, 23.08657584837669 ], [ 92.377715242578546, 23.087812107365725 ], [ 92.374639189954806, 23.087482438301983 ], [ 92.370115583155183, 23.093663733247155 ], [ 92.364988828782288, 23.097454927480193 ], [ 92.360887425283963, 23.100916452649489 ], [ 92.357811372660223, 23.103059301563817 ], [ 92.361068369555952, 23.111301028157381 ], [ 92.363239700819776, 23.11657573317726 ], [ 92.365652291112895, 23.122509776324627 ], [ 92.367522048590075, 23.126877891419216 ], [ 92.364445995966335, 23.129185574865414 ], [ 92.358897038292142, 23.133141603630321 ], [ 92.356906651300307, 23.134460279885293 ], [ 92.360223962953356, 23.145009689925054 ], [ 92.362093720430536, 23.150861315806484 ], [ 92.364204736937026, 23.157042610751656 ], [ 92.362636553246489, 23.162976653899022 ], [ 92.360947740041297, 23.17113596322665 ], [ 92.359017667806796, 23.179460107086147 ], [ 92.358112946446866, 23.18448756030822 ], [ 92.356424133241674, 23.188443589073131 ], [ 92.355459097124424, 23.194212797688625 ], [ 92.354735320036482, 23.198745747315087 ], [ 92.352925877316636, 23.20542154585587 ], [ 92.352443359258018, 23.209872078216396 ], [ 92.350935490324815, 23.215970955895632 ], [ 92.349306991876944, 23.223553344361711 ], [ 92.346411883525192, 23.236740106911412 ], [ 92.356122559455045, 23.236657689645476 ], [ 92.3624556089745, 23.236822524177345 ], [ 92.36854739946466, 23.237234610507024 ], [ 92.373553524322901, 23.238470869496059 ], [ 92.38821001035366, 23.238470869496059 ], [ 92.39339707948389, 23.239212624889479 ], [ 92.399428555216716, 23.238800538559801 ], [ 92.398825407643429, 23.24069613567632 ], [ 92.396714391136939, 23.245229085302782 ], [ 92.394543059873129, 23.250833459386403 ], [ 92.392974876182592, 23.254459819087572 ], [ 92.390743230161448, 23.259487272309645 ], [ 92.389717879286863, 23.262619128415199 ], [ 92.388089380839006, 23.265915819052623 ], [ 92.394965263174427, 23.265998236318559 ], [ 92.401599886480525, 23.265750984520754 ], [ 92.404072791530979, 23.263772970138298 ], [ 92.408596398330602, 23.265998236318559 ], [ 92.409380490175863, 23.265009229127333 ], [ 92.413481893674188, 23.261630121223973 ], [ 92.426147992713112, 23.263608135606425 ], [ 92.433084189805868, 23.272674034859346 ], [ 92.440864793501206, 23.279267416134196 ], [ 92.436763390002881, 23.28165751684633 ], [ 92.436522130973572, 23.284212452090333 ], [ 92.446474065932733, 23.284871790217821 ], [ 92.453772151569453, 23.286355301004662 ], [ 92.457210092737157, 23.297399214640034 ], [ 92.460225830603562, 23.303250840521464 ], [ 92.460225830603562, 23.305146437637987 ], [ 92.463543142256626, 23.308278293743538 ], [ 92.465895417792424, 23.318250782921751 ], [ 92.46680013915234, 23.318745286517363 ], [ 92.472168152554559, 23.317261775730522 ], [ 92.475123575663645, 23.321547473559175 ], [ 92.472409411583868, 23.326904595844994 ], [ 92.470539654106702, 23.341822120979341 ], [ 92.462578106139375, 23.349074840381675 ], [ 92.463844716043269, 23.350805602966325 ], [ 92.463784401285935, 23.35640997704995 ], [ 92.46577478827777, 23.355256135326847 ], [ 92.465292270219138, 23.362179185665443 ], [ 92.460768663419529, 23.363662696452284 ], [ 92.459924256816933, 23.365063789973188 ], [ 92.461371810992802, 23.367289056153453 ], [ 92.461190866720827, 23.374129689226109 ], [ 92.460165515846242, 23.379486811511924 ], [ 92.465412899733792, 23.384349430202128 ], [ 92.46680013915234, 23.388635128030778 ], [ 92.468066749056234, 23.389047214360456 ], [ 92.47813931353005, 23.389706552487944 ], [ 92.482180402271041, 23.387151617243937 ], [ 92.485558028681425, 23.382865919415284 ], [ 92.490805412568989, 23.381299991362507 ], [ 92.495751222669895, 23.38393734387245 ], [ 92.497138462088444, 23.389871387019813 ], [ 92.500033570440209, 23.387975789903294 ], [ 92.501360495101423, 23.38805820716923 ], [ 92.502144586946685, 23.38657469638239 ], [ 92.507874488892867, 23.383195588479026 ], [ 92.511553689089894, 23.378580221586631 ], [ 92.520902476475769, 23.378415387054762 ], [ 92.520902476475769, 23.378415387054762 ], [ 92.528502135899132, 23.379321976980052 ], [ 92.53296542794142, 23.377591214395405 ], [ 92.537489034741029, 23.37882747338444 ], [ 92.538092182314315, 23.378909890650377 ], [ 92.543580825231189, 23.379157142448182 ], [ 92.548526635332095, 23.37808571799102 ], [ 92.54955198620668, 23.3773439625976 ], [ 92.54949167144936, 23.376849459001985 ], [ 92.551482058441181, 23.376107703608564 ], [ 92.558056366989959, 23.369349487801841 ], [ 92.565535396898667, 23.37124508491836 ], [ 92.56710358058919, 23.37635495540637 ], [ 92.568611449522407, 23.377508797129469 ], [ 92.578925273025533, 23.376684624470112 ], [ 92.588696263712706, 23.384019761138383 ], [ 92.590505706432552, 23.390118638817622 ], [ 92.588032801382099, 23.400915300655189 ], [ 92.592073890123089, 23.404541660356358 ], [ 92.601784566052928, 23.400915300655189 ], [ 92.603594008772774, 23.396712020092473 ], [ 92.613787202761245, 23.39407466758253 ], [ 92.617345773443617, 23.389212048892329 ], [ 92.621567806456596, 23.38632744458458 ], [ 92.626815190344146, 23.385832940988969 ], [ 92.630373761026519, 23.390036221551686 ], [ 92.637189328604606, 23.390942811476979 ], [ 92.64153199113224, 23.387893372637357 ], [ 92.647080948806433, 23.381712077692185 ], [ 92.659686733088037, 23.380723070500959 ], [ 92.665657894063528, 23.381135156830638 ], [ 92.672714720670939, 23.382701084883415 ] ] ] } },
{ "type": "Feature", "properties": { "district": "Mamit", "dt_code": "266", "st_nm": "Mizoram", "st_code": "15", "year": "2011_c" }, "geometry": { "type": "Polygon", "coordinates": [ [ [ 92.627418337917433, 23.953770320551403 ], [ 92.627538967432088, 23.95368790328547 ], [ 92.63019281675453, 23.944869255830355 ], [ 92.625247006653609, 23.941160478863253 ], [ 92.623015360632465, 23.93514401844995 ], [ 92.636827440060628, 23.931682493280654 ], [ 92.644728673270635, 23.929457227100393 ], [ 92.646357171718492, 23.922204507698059 ], [ 92.657937605125511, 23.919896824251857 ], [ 92.663004044741086, 23.90835840702087 ], [ 92.659324844544059, 23.901270522150405 ], [ 92.645452450358576, 23.896078234396462 ], [ 92.641290732102931, 23.892039788365615 ], [ 92.641351046860251, 23.885776076154507 ], [ 92.643100174822777, 23.880501371134628 ], [ 92.643160489580097, 23.872259644541064 ], [ 92.647623781622386, 23.863523414351889 ], [ 92.651061722790104, 23.853963011503353 ], [ 92.654137775413844, 23.847781716558181 ], [ 92.662400897167799, 23.837149889252487 ], [ 92.661254916778574, 23.832040018764477 ], [ 92.65196644415002, 23.830721342509506 ], [ 92.646598430747815, 23.827589486403951 ], [ 92.646176227446517, 23.819924680671939 ], [ 92.656128162405665, 23.818358752619162 ], [ 92.651061722790104, 23.81118845048276 ], [ 92.642858915793454, 23.811765371344311 ], [ 92.638094049964522, 23.815556565577349 ], [ 92.633208554620936, 23.807891759845337 ], [ 92.629469039666589, 23.801875299432034 ], [ 92.625186691896289, 23.796435759880282 ], [ 92.629951557725221, 23.792891817445053 ], [ 92.639541604140405, 23.792974234710986 ], [ 92.642436712492156, 23.785309428978973 ], [ 92.640386010743001, 23.771957831897399 ], [ 92.634897367826127, 23.767672134068746 ], [ 92.629589669181243, 23.762397429048868 ], [ 92.635681459671403, 23.758441400283957 ], [ 92.637732161420558, 23.747397486648584 ], [ 92.639179715596441, 23.738661256459405 ], [ 92.641712935404215, 23.734128306832947 ], [ 92.643884266668039, 23.72819426368558 ], [ 92.648468188224982, 23.719787702560147 ], [ 92.652026758907354, 23.714100911210586 ], [ 92.657515401824213, 23.71138114143471 ], [ 92.663486562799719, 23.711051472370968 ], [ 92.667648281055364, 23.707342695403867 ], [ 92.660651769205288, 23.690117486823318 ], [ 92.656429736192308, 23.681958177495691 ], [ 92.652509276965972, 23.677013141539554 ], [ 92.64774441113704, 23.667947242286633 ], [ 92.637068699089951, 23.658386839438101 ], [ 92.637129013847272, 23.647425343068662 ], [ 92.640747899286964, 23.642645141644394 ], [ 92.645693709387885, 23.63951328553884 ], [ 92.652448962208652, 23.63522758771019 ], [ 92.652388647451318, 23.63028255175405 ], [ 92.658359808426809, 23.628716623701273 ], [ 92.669156149988567, 23.626491357521012 ], [ 92.675247940478712, 23.623112249617652 ], [ 92.674282904361462, 23.614458436694409 ], [ 92.674886051934749, 23.609101314408594 ], [ 92.671870314068343, 23.600035415155673 ], [ 92.664330969402315, 23.5950079619336 ], [ 92.656731309978952, 23.593359616614887 ], [ 92.651785499878031, 23.58989809144559 ], [ 92.652087073664674, 23.584458551893839 ], [ 92.654017145899175, 23.576793746161826 ], [ 92.660410510175979, 23.570365199418848 ], [ 92.658782011728107, 23.559733372113151 ], [ 92.656731309978952, 23.554211415295462 ], [ 92.648166614438338, 23.553222408104237 ], [ 92.644909617542623, 23.547618034020612 ], [ 92.643763637153384, 23.541189487277634 ], [ 92.637973420449867, 23.539541141958921 ], [ 92.635078312098116, 23.533607098811554 ], [ 92.640386010743001, 23.521739012516825 ], [ 92.646598430747815, 23.519348911804691 ], [ 92.654499663957807, 23.51803023554972 ], [ 92.656791624736286, 23.508387415435251 ], [ 92.659264529786739, 23.503607214010984 ], [ 92.661013657749251, 23.497261084533942 ], [ 92.657575716581547, 23.489184192472251 ], [ 92.657756660853536, 23.478552365166554 ], [ 92.658480437941463, 23.466684278871824 ], [ 92.657997919882845, 23.455640365236448 ], [ 92.658601067456132, 23.440558005570228 ], [ 92.65805823464018, 23.431492106317307 ], [ 92.659324844544059, 23.421766868936903 ], [ 92.666261041636815, 23.411794379758692 ], [ 92.669638668047199, 23.401574638782673 ], [ 92.667467336783375, 23.390777976945106 ], [ 92.672714720670939, 23.382701084883415 ], [ 92.665657894063528, 23.381135156830638 ], [ 92.659686733088037, 23.380723070500959 ], [ 92.647080948806433, 23.381712077692185 ], [ 92.64153199113224, 23.387893372637357 ], [ 92.637189328604606, 23.390942811476979 ], [ 92.630373761026519, 23.390036221551686 ], [ 92.626815190344146, 23.385832940988969 ], [ 92.621567806456596, 23.38632744458458 ], [ 92.617345773443617, 23.389212048892329 ], [ 92.613787202761245, 23.39407466758253 ], [ 92.603594008772774, 23.396712020092473 ], [ 92.601784566052928, 23.400915300655189 ], [ 92.592073890123089, 23.404541660356358 ], [ 92.588032801382099, 23.400915300655189 ], [ 92.590505706432552, 23.390118638817622 ], [ 92.588696263712706, 23.384019761138383 ], [ 92.578925273025533, 23.376684624470112 ], [ 92.568611449522407, 23.377508797129469 ], [ 92.56710358058919, 23.37635495540637 ], [ 92.565535396898667, 23.37124508491836 ], [ 92.558056366989959, 23.369349487801841 ], [ 92.551482058441181, 23.376107703608564 ], [ 92.54949167144936, 23.376849459001985 ], [ 92.54955198620668, 23.3773439625976 ], [ 92.548526635332095, 23.37808571799102 ], [ 92.543580825231189, 23.379157142448182 ], [ 92.538092182314315, 23.378909890650377 ], [ 92.537489034741029, 23.37882747338444 ], [ 92.53296542794142, 23.377591214395405 ], [ 92.528502135899132, 23.379321976980052 ], [ 92.520902476475769, 23.378415387054762 ], [ 92.520902476475769, 23.378415387054762 ], [ 92.511553689089894, 23.378580221586631 ], [ 92.507874488892867, 23.383195588479026 ], [ 92.502144586946685, 23.38657469638239 ], [ 92.501360495101423, 23.38805820716923 ], [ 92.500033570440209, 23.387975789903294 ], [ 92.497138462088444, 23.389871387019813 ], [ 92.495751222669895, 23.38393734387245 ], [ 92.490805412568989, 23.381299991362507 ], [ 92.485558028681425, 23.382865919415284 ], [ 92.482180402271041, 23.387151617243937 ], [ 92.47813931353005, 23.389706552487944 ], [ 92.468066749056234, 23.389047214360456 ], [ 92.46680013915234, 23.388635128030778 ], [ 92.465412899733792, 23.384349430202128 ], [ 92.460165515846242, 23.379486811511924 ], [ 92.461190866720827, 23.374129689226109 ], [ 92.461371810992802, 23.367289056153453 ], [ 92.459924256816933, 23.365063789973188 ], [ 92.460768663419529, 23.363662696452284 ], [ 92.465292270219138, 23.362179185665443 ], [ 92.46577478827777, 23.355256135326847 ], [ 92.463784401285935, 23.35640997704995 ], [ 92.463844716043269, 23.350805602966325 ], [ 92.462578106139375, 23.349074840381675 ], [ 92.470539654106702, 23.341822120979341 ], [ 92.472409411583868, 23.326904595844994 ], [ 92.475123575663645, 23.321547473559175 ], [ 92.472168152554559, 23.317261775730522 ], [ 92.46680013915234, 23.318745286517363 ], [ 92.465895417792424, 23.318250782921751 ], [ 92.463543142256626, 23.308278293743538 ], [ 92.460225830603562, 23.305146437637987 ], [ 92.460225830603562, 23.303250840521464 ], [ 92.457210092737157, 23.297399214640034 ], [ 92.453772151569453, 23.286355301004662 ], [ 92.446474065932733, 23.284871790217821 ], [ 92.436522130973572, 23.284212452090333 ], [ 92.436763390002881, 23.28165751684633 ], [ 92.440864793501206, 23.279267416134196 ], [ 92.433084189805868, 23.272674034859346 ], [ 92.426147992713112, 23.263608135606425 ], [ 92.413481893674188, 23.261630121223973 ], [ 92.409380490175863, 23.265009229127333 ], [ 92.408596398330602, 23.265998236318559 ], [ 92.404072791530979, 23.263772970138298 ], [ 92.401599886480525, 23.265750984520754 ], [ 92.394965263174427, 23.265998236318559 ], [ 92.39345739424121, 23.266410322648237 ], [ 92.389597249772208, 23.272179531263731 ], [ 92.386702141420457, 23.276465229092384 ], [ 92.38422923636999, 23.280421257857295 ], [ 92.38085160995962, 23.28577838014311 ], [ 92.382721367436787, 23.294184941268547 ], [ 92.384470495399313, 23.301684912468687 ], [ 92.385616475788538, 23.306547531158891 ], [ 92.380067518114345, 23.310998063519413 ], [ 92.376508947431986, 23.313635416029356 ], [ 92.372890061992294, 23.316355185805232 ], [ 92.367763307619384, 23.320228797304207 ], [ 92.363842848393048, 23.323195818877888 ], [ 92.36758236334741, 23.333662811651713 ], [ 92.369874324125874, 23.340091358394695 ], [ 92.3716234520884, 23.345118811616768 ], [ 92.373432894808246, 23.349981430306968 ], [ 92.374880448984115, 23.354102293603749 ], [ 92.37777555733588, 23.362344020197312 ], [ 92.374880448984115, 23.36638246622816 ], [ 92.371321878301757, 23.366135214430351 ], [ 92.369090232280612, 23.371080250386491 ], [ 92.359862074409392, 23.368442897876548 ], [ 92.35937955635076, 23.375118696417335 ], [ 92.364325366451681, 23.379898897841603 ], [ 92.360043018681381, 23.380475818703154 ], [ 92.351840211684731, 23.38146482589438 ], [ 92.354011542948555, 23.393415329455046 ], [ 92.354554375764508, 23.396876854624342 ], [ 92.352986192073971, 23.403470235899192 ], [ 92.355338467609769, 23.401986725112351 ], [ 92.356363818484354, 23.406766926536619 ], [ 92.356786021785652, 23.410640538035594 ], [ 92.354071857705875, 23.411547127960887 ], [ 92.347316604885123, 23.41336030781147 ], [ 92.347015031098479, 23.420118523618189 ], [ 92.346653142554501, 23.425310811372135 ], [ 92.346351568767872, 23.429349257402983 ], [ 92.345989680223894, 23.433717372497568 ], [ 92.342370794784202, 23.432069027178859 ], [ 92.33664089283802, 23.429514091934852 ], [ 92.332539489339695, 23.429514091934852 ], [ 92.332117286038397, 23.435612969614091 ], [ 92.331936341766422, 23.441052509165843 ], [ 92.331514138465124, 23.447151386845078 ], [ 92.331695082737099, 23.453167847258378 ], [ 92.331996656523742, 23.457618379618904 ], [ 92.331996656523742, 23.462316163777235 ], [ 92.331152249921146, 23.465777688946531 ], [ 92.326688957878858, 23.467426034265245 ], [ 92.323974793799096, 23.467590868797114 ], [ 92.317521114764972, 23.471134811232346 ], [ 92.323311331468474, 23.475585343592872 ], [ 92.32626675457756, 23.478140278836875 ], [ 92.324758885644357, 23.4802831277512 ], [ 92.320717796903367, 23.483167732058948 ], [ 92.316375134375733, 23.486464422696375 ], [ 92.316495763890387, 23.494623732024003 ], [ 92.316556078647722, 23.503277544947242 ], [ 92.316978281949019, 23.514568710380424 ], [ 92.317159226220994, 23.520750005325596 ], [ 92.317340170492983, 23.527590638398255 ], [ 92.312092786605433, 23.531711501695035 ], [ 92.306423199416571, 23.535997199523688 ], [ 92.306845402717869, 23.550914724658039 ], [ 92.307810438835119, 23.565832249792386 ], [ 92.308353271651072, 23.577865170618988 ], [ 92.305518478056655, 23.583799213766355 ], [ 92.303347146792831, 23.588909084254365 ], [ 92.294782451252232, 23.589486005115912 ], [ 92.293576156105658, 23.594925544667664 ], [ 92.287665309887501, 23.596079386390763 ], [ 92.287665309887501, 23.603826609388712 ], [ 92.287846254159476, 23.610749659727308 ], [ 92.287725624644821, 23.61693095467248 ], [ 92.290801677268561, 23.619897976246161 ], [ 92.295988746398791, 23.621134235235196 ], [ 92.289173178820704, 23.623441918681394 ], [ 92.27867841104559, 23.625090264000107 ], [ 92.282357611242617, 23.638194609283872 ], [ 92.272948509099407, 23.642315472580652 ], [ 92.274154804245967, 23.645859415015885 ], [ 92.277291171627041, 23.654101141609448 ], [ 92.280548168522756, 23.662260450937076 ], [ 92.283624221146496, 23.671079098392187 ], [ 92.285313034351688, 23.67536479622084 ], [ 92.288328772218108, 23.683688940080341 ], [ 92.29098262154055, 23.691024076748612 ], [ 92.288630346004751, 23.696710868098169 ], [ 92.286459014740927, 23.702315242181793 ], [ 92.284106739205129, 23.708331702595093 ], [ 92.279764076677495, 23.719045947166727 ], [ 92.275964246965813, 23.720529457953567 ], [ 92.265409164433379, 23.725062407580026 ], [ 92.263780665985507, 23.740639270841861 ], [ 92.262755315110937, 23.753249112530014 ], [ 92.26215216753765, 23.76083150099609 ], [ 92.261368075692388, 23.765858954218164 ], [ 92.261006187148411, 23.77179299736553 ], [ 92.259196744428564, 23.790172047669177 ], [ 92.258412652583303, 23.798661026060547 ], [ 92.257688875495361, 23.802864306623263 ], [ 92.257447616466052, 23.808056594377206 ], [ 92.256723839378111, 23.812671961269604 ], [ 92.269088364630406, 23.814402723854251 ], [ 92.276145191237802, 23.815062061981735 ], [ 92.278618096288255, 23.815062061981735 ], [ 92.280125965221472, 23.815226896513607 ], [ 92.281995722698639, 23.815721400109222 ], [ 92.281332260368032, 23.816792824566384 ], [ 92.2808497423094, 23.817616997225741 ], [ 92.280548168522756, 23.818193918087289 ], [ 92.280306909493447, 23.818606004416967 ], [ 92.279945020949484, 23.819347759810388 ], [ 92.279703761920175, 23.819924680671939 ], [ 92.279040299589553, 23.821573025990652 ], [ 92.277049912597732, 23.826105975617111 ], [ 92.274094489488647, 23.831792766966668 ], [ 92.271802528710168, 23.835996047529388 ], [ 92.268545531814439, 23.842589428804239 ], [ 92.272707250070098, 23.848523471951601 ], [ 92.275481728907195, 23.852644335248385 ], [ 92.279100614346888, 23.858001457534201 ], [ 92.282538555514591, 23.863440997085952 ], [ 92.28483051629307, 23.86723219131899 ], [ 92.289957270665965, 23.866243184127764 ], [ 92.292852379017717, 23.865666263266213 ], [ 92.294179303678945, 23.865254176936535 ], [ 92.295566543097493, 23.864924507872793 ], [ 92.299667946595818, 23.863853083415631 ], [ 92.303347146792831, 23.863358579820016 ], [ 92.307207291261847, 23.86236957262879 ], [ 92.309981770098943, 23.861875069033175 ], [ 92.312514989906731, 23.861215730905691 ], [ 92.314565691655886, 23.862616824426595 ], [ 92.314203803111923, 23.864182752479373 ], [ 92.313781599810625, 23.86574868053215 ], [ 92.313540340781302, 23.868550867573962 ], [ 92.312997507965349, 23.871023385552029 ], [ 92.312514989906731, 23.872754148136679 ], [ 92.312334045634742, 23.874237658923519 ], [ 92.312032471848099, 23.875556335178491 ], [ 92.311610268546801, 23.877699184092815 ], [ 92.311127750488183, 23.880171702070886 ], [ 92.316917967191685, 23.879182694879656 ], [ 92.316978281949019, 23.879677198475271 ], [ 92.316676708162376, 23.879759615741207 ], [ 92.316073560589089, 23.879924450273077 ], [ 92.315771986802446, 23.88157279559179 ], [ 92.316616393405042, 23.88231455098521 ], [ 92.318848039426186, 23.881902464655532 ], [ 92.319028983698175, 23.884374982633602 ], [ 92.317822688551615, 23.886188162484185 ], [ 92.318486150882222, 23.88742442147322 ], [ 92.318305206610233, 23.887918925068835 ], [ 92.31800363282359, 23.888743097728192 ], [ 92.318667095154211, 23.88915518405787 ], [ 92.319451186999473, 23.888083759600704 ], [ 92.320174964087414, 23.889484853121612 ], [ 92.32107968544733, 23.889649687653481 ], [ 92.322527239623213, 23.902424363873507 ], [ 92.323552590497798, 23.902836450203182 ], [ 92.32530171846031, 23.902671615671313 ], [ 92.32723179069481, 23.904484795521896 ], [ 92.3293428072013, 23.903743040128475 ], [ 92.330006269531907, 23.905803471776867 ], [ 92.330669731862528, 23.910006752339584 ], [ 92.328920603900002, 23.917094637210049 ], [ 92.330187213803896, 23.919649572454052 ], [ 92.329161862929325, 23.921380335038702 ], [ 92.327473049724134, 23.922204507698059 ], [ 92.320717796903367, 23.924347356612383 ], [ 92.317641744279626, 23.9285506371751 ], [ 92.312937193208029, 23.932753917737816 ], [ 92.312273730877408, 23.93951213354454 ], [ 92.312937193208029, 23.941572565192931 ], [ 92.312273730877408, 23.942314320586352 ], [ 92.310765861944205, 23.943880248639129 ], [ 92.312213416120088, 23.955665917667922 ], [ 92.311007120973514, 23.958797773773476 ], [ 92.312213416120088, 23.959045025571285 ], [ 92.312213416120088, 23.959045025571285 ], [ 92.312937193208029, 23.959209860103154 ], [ 92.312213416120088, 23.968440593887948 ], [ 92.314806950685195, 23.969429601079174 ], [ 92.314565691655886, 23.9704186082704 ], [ 92.317279855735663, 23.970336191004467 ], [ 92.319209927970164, 23.973550464375954 ], [ 92.321682833020617, 23.973468047110018 ], [ 92.322346295351224, 23.97800099673648 ], [ 92.323552590497798, 23.977918579470543 ], [ 92.325120774188321, 23.981462521905776 ], [ 92.327352420209465, 23.98286361542668 ], [ 92.327292105452145, 23.983935039883846 ], [ 92.326749272636192, 23.984429543479457 ], [ 92.325362033217644, 23.985665802468493 ], [ 92.328619030113359, 23.987891068648754 ], [ 92.326869902150847, 24.000088824007229 ], [ 92.327050846422836, 24.002396507453426 ], [ 92.324276367585739, 24.004704190899623 ], [ 92.316737022919696, 24.015830521800936 ], [ 92.31703859670634, 24.016984363524031 ], [ 92.318486150882222, 24.01739644985371 ], [ 92.320536852631378, 24.016160190864678 ], [ 92.321320944476653, 24.016984363524031 ], [ 92.31794331806627, 24.020775557757073 ], [ 92.318727409911531, 24.023660162064818 ], [ 92.316314819618398, 24.026215097308825 ], [ 92.31890835418352, 24.028440363489086 ], [ 92.31896866894084, 24.029511787946248 ], [ 92.313781599810625, 24.032890895849611 ], [ 92.316857652434365, 24.03569308289142 ], [ 92.317159226220994, 24.037753514539812 ], [ 92.315048209714519, 24.043110636825627 ], [ 92.31492758019985, 24.046901831058669 ], [ 92.316495763890387, 24.049539183568609 ], [ 92.318667095154211, 24.048302924579573 ], [ 92.319933705058105, 24.049374349036736 ], [ 92.318244891852913, 24.055473226715971 ], [ 92.321381259233974, 24.056956737502816 ], [ 92.318727409911531, 24.059511672746819 ], [ 92.316435449133067, 24.06495121229857 ], [ 92.317822688551615, 24.067258895744768 ], [ 92.318848039426186, 24.067670982074446 ], [ 92.320838426418021, 24.06684680941509 ], [ 92.323009757681845, 24.067835816606319 ], [ 92.322527239623213, 24.069978665520644 ], [ 92.323311331468474, 24.071462176307485 ], [ 92.324758885644357, 24.071956679903099 ], [ 92.326990531665501, 24.07269843529652 ], [ 92.326688957878858, 24.074594032413039 ], [ 92.325965180790917, 24.074676449678975 ], [ 92.322527239623213, 24.07517095327459 ], [ 92.322466924865878, 24.075665456870201 ], [ 92.327774623510763, 24.078797312975755 ], [ 92.328739659628027, 24.080363241028532 ], [ 92.328136512054741, 24.083083010804408 ], [ 92.328438085841384, 24.087286291367128 ], [ 92.327593679238788, 24.091901658259523 ], [ 92.329885640017253, 24.094126924439784 ], [ 92.331212564678481, 24.096929111481597 ], [ 92.328015882540086, 24.096764276949724 ], [ 92.329403121958634, 24.099319212193727 ], [ 92.329161862929325, 24.101049974778377 ], [ 92.331996656523742, 24.103440075490511 ], [ 92.332056971281077, 24.105006003543288 ], [ 92.329041233414657, 24.10854994597852 ], [ 92.331574453222444, 24.109951039499425 ], [ 92.33139350895047, 24.111269715754396 ], [ 92.328257141569395, 24.114071902796205 ], [ 92.327955567782752, 24.122725715719447 ], [ 92.330730046619848, 24.126104823622811 ], [ 92.328498400598704, 24.127918003473393 ], [ 92.328980918657336, 24.129813600589912 ], [ 92.327895253025432, 24.133357543025145 ], [ 92.327955567782752, 24.136819068194441 ], [ 92.328980918657336, 24.13797290991754 ], [ 92.332056971281077, 24.138632248045024 ], [ 92.331996656523742, 24.142176190480257 ], [ 92.332961692640993, 24.142753111341808 ], [ 92.335012394390162, 24.141681686884642 ], [ 92.336037745264733, 24.142505859543999 ], [ 92.336580578080685, 24.144895960256132 ], [ 92.334047358272912, 24.149016823552913 ], [ 92.331574453222444, 24.161709082507002 ], [ 92.329222177686646, 24.162698089698228 ], [ 92.328317456326729, 24.164264017751005 ], [ 92.329644380987943, 24.172835413408311 ], [ 92.329765010502598, 24.178192535694127 ], [ 92.330549102347874, 24.180252967342518 ], [ 92.330126899046576, 24.182972737118394 ], [ 92.326809587393512, 24.184291413373366 ], [ 92.326809587393512, 24.184291413373366 ], [ 92.329403121958634, 24.186269427755821 ], [ 92.328619030113359, 24.187258434947047 ], [ 92.329222177686646, 24.189318866595439 ], [ 92.324517626615048, 24.192945226296604 ], [ 92.324336682343059, 24.194428737083449 ], [ 92.325362033217644, 24.19566499607248 ], [ 92.324939829916346, 24.197148506859325 ], [ 92.323793849527107, 24.197972679518678 ], [ 92.319994019815425, 24.20077486656049 ], [ 92.319994019815425, 24.202423211879204 ], [ 92.3231303871965, 24.202752880942946 ], [ 92.3231303871965, 24.202752880942946 ], [ 92.324577941372368, 24.202835298208882 ], [ 92.324396997100393, 24.203906722666044 ], [ 92.318787724668866, 24.207120996037535 ], [ 92.315892616317115, 24.211406693866188 ], [ 92.312514989906731, 24.209181427685927 ], [ 92.309559566797645, 24.212972621918965 ], [ 92.309499252040311, 24.214291298173933 ], [ 92.313419711266647, 24.21931875139601 ], [ 92.313600655538636, 24.221049513980656 ], [ 92.303226517278176, 24.219813254991621 ], [ 92.300693297470389, 24.220225341321299 ], [ 92.300934556499712, 24.222038521171882 ], [ 92.300994871257032, 24.22269785929937 ], [ 92.301718648344973, 24.223274780160917 ], [ 92.297436300574674, 24.225417629075245 ], [ 92.299004484265197, 24.22756047798957 ], [ 92.29930605805184, 24.229785744169831 ], [ 92.29616969067078, 24.232011010350096 ], [ 92.296109375913446, 24.234236276530357 ], [ 92.296652208729398, 24.236296708178749 ], [ 92.294722136494897, 24.238934060688688 ], [ 92.293938044649636, 24.242478003123921 ], [ 92.295144339796195, 24.246186780091023 ], [ 92.295988746398791, 24.246928535484443 ], [ 92.296953782516042, 24.2477527081438 ], [ 92.296471264457423, 24.249895557058128 ], [ 92.303347146792831, 24.250884564249354 ], [ 92.310343658642907, 24.24948347072845 ], [ 92.313902229325279, 24.250719729717485 ], [ 92.376328003159998, 24.249318636196577 ], [ 92.395447781233045, 24.250554895185612 ], [ 92.406545696581446, 24.249895557058128 ], [ 92.416196057753965, 24.251379067844969 ], [ 92.422106903972121, 24.251049398781227 ], [ 92.422227533486776, 24.246104362825086 ], [ 92.419754628436323, 24.233164852073195 ], [ 92.418186444745785, 24.219648420459752 ], [ 92.417884870959156, 24.208934175888118 ], [ 92.419392739892359, 24.200445197496748 ], [ 92.418608648047083, 24.192368305435057 ], [ 92.421805330185478, 24.186516679553627 ], [ 92.432842930776545, 24.181241974533748 ], [ 92.433868281651129, 24.179346377417225 ], [ 92.434049225923118, 24.172093658014891 ], [ 92.437366537576168, 24.168467298313722 ], [ 92.437728426120131, 24.167066204792818 ], [ 92.43483331776838, 24.160555240783903 ], [ 92.436160242429608, 24.15041791707382 ], [ 92.437064963789524, 24.149346492616658 ], [ 92.438331573693418, 24.149181658084785 ], [ 92.441407626317158, 24.150830003403499 ], [ 92.443518642823648, 24.151077255201304 ], [ 92.45021358088708, 24.141599269618709 ], [ 92.456787889435859, 24.141434435086836 ], [ 92.462638420896695, 24.134264132950435 ], [ 92.464387548859222, 24.134511384748244 ], [ 92.465533529248447, 24.132698204897657 ], [ 92.466377935851042, 24.132945456695467 ], [ 92.468127063813569, 24.135912478269148 ], [ 92.470720598378676, 24.136983902726314 ], [ 92.4728919296425, 24.137890492651604 ], [ 92.4728919296425, 24.139950924299995 ], [ 92.474339483818369, 24.140775096959352 ], [ 92.479164664404635, 24.138797082576897 ], [ 92.480431274308529, 24.139209168906575 ], [ 92.481034421881816, 24.140857514225289 ], [ 92.478320257802039, 24.146626722840782 ], [ 92.48019001527922, 24.148027816361687 ], [ 92.48019001527922, 24.150170665276015 ], [ 92.482481976057684, 24.15058275160569 ], [ 92.483085123630971, 24.151819010594725 ], [ 92.480732848095172, 24.154950866700279 ], [ 92.482180402271041, 24.154950866700279 ], [ 92.483507326932269, 24.156022291157441 ], [ 92.484412048292185, 24.157176132880544 ], [ 92.48447236304952, 24.159236564528932 ], [ 92.48543739916677, 24.160060737188289 ], [ 92.48760873043058, 24.160060737188289 ], [ 92.494303668494027, 24.157835471008028 ], [ 92.499671681896231, 24.158412391869575 ], [ 92.50196364267471, 24.159978319922352 ], [ 92.502808049277306, 24.164511269548814 ], [ 92.504436547725163, 24.165170607676298 ], [ 92.506306305202344, 24.164676104080684 ], [ 92.50908078403944, 24.160720075315773 ], [ 92.512337780935155, 24.160390406252031 ], [ 92.511493374332574, 24.162615672432295 ], [ 92.50817606267951, 24.167066204792818 ], [ 92.513242502295086, 24.167066204792818 ], [ 92.51432816792699, 24.168055211984047 ], [ 92.513121872780431, 24.171434319887407 ], [ 92.514690056470968, 24.173329917003926 ], [ 92.517102646764087, 24.17398925513141 ], [ 92.521264365019746, 24.170774981759919 ], [ 92.524883250459439, 24.170692564493987 ], [ 92.529165598229739, 24.172588161610506 ], [ 92.529406857259048, 24.174236506929219 ], [ 92.531035355706919, 24.175225514120445 ], [ 92.532422595125468, 24.178357370225999 ], [ 92.532482909882788, 24.178274952960063 ], [ 92.53604148056516, 24.175884852247929 ], [ 92.535981165807826, 24.171022233557728 ], [ 92.535981165807826, 24.171022233557728 ], [ 92.535981165807826, 24.170857399025856 ], [ 92.532181336096144, 24.165665111271913 ], [ 92.53206070658149, 24.165665111271913 ], [ 92.529286227744393, 24.164428852282878 ], [ 92.529406857259048, 24.161461830709193 ], [ 92.540444457850114, 24.152808017785954 ], [ 92.54128886445271, 24.150335499807884 ], [ 92.543822084260498, 24.147038809170461 ], [ 92.54526963843638, 24.140939931491221 ], [ 92.54526963843638, 24.140857514225289 ], [ 92.544787120377748, 24.138137744449409 ], [ 92.542495159599284, 24.134264132950435 ], [ 92.542374530084615, 24.134016881152629 ], [ 92.539419106975544, 24.13113227684488 ], [ 92.539057218431566, 24.128082838005263 ], [ 92.537730293770352, 24.125363068229387 ], [ 92.538031867556995, 24.124044391974419 ], [ 92.543822084260498, 24.123549888378804 ], [ 92.543822084260498, 24.123549888378804 ], [ 92.544183972804476, 24.122313629389769 ], [ 92.542857048143247, 24.120830118602928 ], [ 92.539479421732864, 24.112670809275301 ], [ 92.539479421732864, 24.112670809275301 ], [ 92.539298477460889, 24.112093888413753 ], [ 92.538333441343624, 24.109786204967556 ], [ 92.540685716879437, 24.099648881257473 ], [ 92.54032382833546, 24.095528017960689 ], [ 92.54032382833546, 24.09536318342882 ], [ 92.54026351357814, 24.095280766162883 ], [ 92.54026351357814, 24.095280766162883 ], [ 92.54026351357814, 24.095280766162883 ], [ 92.538273126586304, 24.091901658259523 ], [ 92.540746031636758, 24.079209399305434 ], [ 92.540685716879437, 24.078714895709822 ], [ 92.540685716879437, 24.078632478443886 ], [ 92.540565087364769, 24.077066550391109 ], [ 92.540022254548816, 24.072616018030583 ], [ 92.540022254548816, 24.072616018030583 ], [ 92.540022254548816, 24.072616018030583 ], [ 92.536644628138447, 24.063385284245793 ], [ 92.536584313381113, 24.063302866979857 ], [ 92.538454070858293, 24.057945744694042 ], [ 92.538454070858293, 24.057945744694042 ], [ 92.538514385615613, 24.057863327428105 ], [ 92.538514385615613, 24.053742464131325 ], [ 92.537549349498363, 24.051846867014806 ], [ 92.537549349498363, 24.051846867014806 ], [ 92.537368405226374, 24.051434780685128 ], [ 92.536885887167756, 24.048550176377379 ], [ 92.536825572410422, 24.048220507313637 ], [ 92.536825572410422, 24.048220507313637 ], [ 92.536704942895767, 24.047231500122411 ], [ 92.538815959402257, 24.038495269933232 ], [ 92.538876274159591, 24.038330435401363 ], [ 92.539057218431566, 24.037506262742006 ], [ 92.539298477460889, 24.033055730381481 ], [ 92.541771382511342, 24.033962320306774 ], [ 92.550215448537287, 24.040143615251946 ], [ 92.550155133779967, 24.040226032517882 ], [ 92.550155133779967, 24.040308449783815 ], [ 92.549250412420037, 24.044429313080599 ], [ 92.550275763294621, 24.053577629599452 ], [ 92.550275763294621, 24.053742464131325 ], [ 92.550396392809276, 24.054813888588487 ], [ 92.550637651838585, 24.055473226715971 ], [ 92.550697966595919, 24.055720478513781 ], [ 92.551301114169206, 24.0576160756303 ], [ 92.553653389705005, 24.060171010874303 ], [ 92.553894648734314, 24.060418262672112 ], [ 92.553954963491648, 24.060583097203981 ], [ 92.554075593006303, 24.060583097203981 ], [ 92.554256537278278, 24.060583097203981 ], [ 92.555342202910197, 24.060665514469918 ], [ 92.557875422717984, 24.059429255480882 ], [ 92.558538885048591, 24.057121572034685 ], [ 92.558599199805911, 24.056956737502816 ], [ 92.558599199805911, 24.056956737502816 ], [ 92.558418255533937, 24.052918291471968 ], [ 92.564208472237439, 24.052341370610421 ], [ 92.564208472237439, 24.052341370610421 ], [ 92.564268786994774, 24.052341370610421 ], [ 92.563183121362869, 24.049539183568609 ], [ 92.563122806605534, 24.049539183568609 ], [ 92.559564235923162, 24.040226032517882 ], [ 92.559503921165842, 24.040061197986009 ], [ 92.561132419613699, 24.039237025326653 ], [ 92.565414767384013, 24.039484277124458 ], [ 92.567827357677132, 24.038248018135427 ], [ 92.570963725058206, 24.045830406601503 ], [ 92.573617574380648, 24.04912709723893 ], [ 92.572652538263398, 24.058522665555593 ], [ 92.572652538263398, 24.058687500087462 ], [ 92.572773167778053, 24.061242435331465 ], [ 92.576090479431102, 24.065198464096376 ], [ 92.576271423703091, 24.065363298628249 ], [ 92.576814256519043, 24.066105054021669 ], [ 92.576934886033698, 24.067835816606319 ], [ 92.574100092439267, 24.073192938892134 ], [ 92.574039777681946, 24.073275356158071 ], [ 92.574100092439267, 24.073275356158071 ], [ 92.574220721953935, 24.07418194608336 ], [ 92.582242584678582, 24.074264363349297 ], [ 92.583388565067821, 24.074264363349297 ], [ 92.583509194582476, 24.074264363349297 ], [ 92.58356950933981, 24.074264363349297 ], [ 92.58356950933981, 24.074264363349297 ], [ 92.585861470118274, 24.073110521626198 ], [ 92.586102729147598, 24.063714953309535 ], [ 92.586102729147598, 24.063632536043599 ], [ 92.586163043904918, 24.063550118777666 ], [ 92.587007450507514, 24.062313859788631 ], [ 92.588274060411408, 24.061324852597402 ], [ 92.592435778667053, 24.060500679938045 ], [ 92.592435778667053, 24.060500679938045 ], [ 92.599130716730485, 24.05250620514229 ], [ 92.599130716730485, 24.05250620514229 ], [ 92.60136236275163, 24.049868852632351 ], [ 92.60136236275163, 24.049868852632351 ], [ 92.611374612468126, 24.049868852632351 ], [ 92.614510979849186, 24.049291931770799 ], [ 92.616018848782389, 24.046324910197118 ], [ 92.617044199656974, 24.039978780720073 ], [ 92.619215530920798, 24.035940334689229 ], [ 92.620542455582012, 24.033467816711159 ], [ 92.620663085096666, 24.033302982179286 ], [ 92.622412213059192, 24.031407385062767 ], [ 92.626332672285528, 24.030583212403414 ], [ 92.626272357528194, 24.030583212403414 ], [ 92.626272357528194, 24.030748046935283 ], [ 92.6250057476243, 24.034456823902389 ], [ 92.6250057476243, 24.037094176412328 ], [ 92.625126377138955, 24.037341428210134 ], [ 92.625729524712241, 24.038412852667296 ], [ 92.627418337917433, 24.038989773528847 ], [ 92.629710298695898, 24.038330435401363 ], [ 92.63332918413559, 24.034704075700194 ], [ 92.638274994236511, 24.032726061317739 ], [ 92.638335308993845, 24.032726061317739 ], [ 92.637792476177893, 24.031160133264962 ], [ 92.636646495788654, 24.030418377871541 ], [ 92.631941944717042, 24.02909970161657 ], [ 92.629770613453232, 24.025967845511015 ], [ 92.629469039666589, 24.023742579330754 ], [ 92.627237393645444, 24.020445888693331 ], [ 92.627177078888124, 24.020198636895522 ], [ 92.626151728013539, 24.016984363524031 ], [ 92.626151728013539, 24.016984363524031 ], [ 92.625729524712241, 24.012451413897573 ], [ 92.625729524712241, 24.012286579365703 ], [ 92.625729524712241, 24.012121744833831 ], [ 92.623075675389799, 24.007836047005178 ], [ 92.623015360632465, 24.007836047005178 ], [ 92.623075675389799, 24.007753629739241 ], [ 92.624402600051013, 24.005610780824917 ], [ 92.63236414801834, 24.000336075805034 ], [ 92.632726036562318, 23.997121802433547 ], [ 92.632726036562318, 23.996956967901674 ], [ 92.631338797143769, 23.995226205317024 ], [ 92.631278482386435, 23.994896536253282 ], [ 92.630735649570482, 23.992671270073021 ], [ 92.630675334813148, 23.992671270073021 ], [ 92.630615020055828, 23.990198752094955 ], [ 92.632062574231711, 23.985583385202556 ], [ 92.632122888989031, 23.985500967936623 ], [ 92.632122888989031, 23.985500967936623 ], [ 92.625488265682932, 23.97800099673648 ], [ 92.625488265682932, 23.977918579470543 ], [ 92.622955045875145, 23.969924104674789 ], [ 92.620240881795368, 23.96118787448561 ], [ 92.620240881795368, 23.961105457219674 ], [ 92.620240881795368, 23.960940622687804 ], [ 92.620240881795368, 23.957314262986635 ], [ 92.627418337917433, 23.953770320551403 ] ] ] } },
{ "type": "Feature", "properties": { "district": "Saiha", "dt_code": "267", "st_nm": "Mizoram", "st_code": "15", "year": "2011_c" }, "geometry": { "type": "Polygon", "coordinates": [ [ [ 92.85450339925822, 22.063612743583633 ], [ 92.852030494207767, 22.070865462985971 ], [ 92.84829097925342, 22.080837952164181 ], [ 92.848833812069373, 22.088337923364325 ], [ 92.847506887408159, 22.09616756362821 ], [ 92.847687831680133, 22.105398297413 ], [ 92.84521492662968, 22.114793865729663 ], [ 92.845576815173644, 22.123942182248516 ], [ 92.848230664496086, 22.134409175022341 ], [ 92.846421221776239, 22.141579477158743 ], [ 92.846059333232276, 22.149079448358883 ], [ 92.84424989051243, 22.160205779260195 ], [ 92.843707057696477, 22.167128829598788 ], [ 92.842862651093881, 22.181881520201266 ], [ 92.84123415264601, 22.187897980614565 ], [ 92.841656355947308, 22.195068282750967 ], [ 92.840691319830057, 22.205864944588534 ], [ 92.841596041189987, 22.216414354628295 ], [ 92.840570690315403, 22.226386843806505 ], [ 92.840088172256785, 22.232650556017614 ], [ 92.838942191867545, 22.240397779015563 ], [ 92.837374008177008, 22.244765894110152 ], [ 92.835805824486471, 22.249463678268484 ], [ 92.8347804736119, 22.255232886883977 ], [ 92.837012119633044, 22.264133951605025 ], [ 92.836288342545103, 22.269820742954582 ], [ 92.834237640795948, 22.274683361644787 ], [ 92.837434322934342, 22.279298728537182 ], [ 92.840208801771439, 22.287375620598873 ], [ 92.837132749147699, 22.294051419139659 ], [ 92.830256866812277, 22.300315131350768 ], [ 92.82766333224717, 22.308886527008074 ], [ 92.829050571665718, 22.313831562964211 ], [ 92.828507738849765, 22.319435937047835 ], [ 92.82464759438075, 22.325205145663329 ], [ 92.825853889527323, 22.330315016151339 ], [ 92.841897614976631, 22.331221606076628 ], [ 92.852392382751745, 22.322979879483068 ], [ 92.865661629363956, 22.323721634876488 ], [ 92.868737681987696, 22.327760080907332 ], [ 92.875010416749831, 22.343666613232909 ], [ 92.880680003938679, 22.352567677953957 ], [ 92.883213223746466, 22.35685337578261 ], [ 92.887193997730122, 22.359902814622231 ], [ 92.894673027638831, 22.363941260653075 ], [ 92.899860096769061, 22.366825864960823 ], [ 92.905107480656611, 22.372182987246639 ], [ 92.910716753088138, 22.377540109532454 ], [ 92.918678301055465, 22.383721404477626 ], [ 92.92284001931111, 22.38858402316783 ], [ 92.932128491939665, 22.394765318113002 ], [ 92.939486892333704, 22.392045548337126 ], [ 92.943286722045386, 22.388748857699699 ], [ 92.938823430003097, 22.384215908073241 ], [ 92.940753502237598, 22.379023620319295 ], [ 92.95691785720156, 22.372265404512575 ], [ 92.962768388662411, 22.377540109532454 ], [ 92.966749162646067, 22.392787303730547 ], [ 92.964577831382258, 22.3970730015592 ], [ 92.952756138945915, 22.400864195792238 ], [ 92.95167047331401, 22.406715821673668 ], [ 92.948232532146307, 22.413721289278197 ], [ 92.946362774669126, 22.423611361190471 ], [ 92.945216794279887, 22.430287159731257 ], [ 92.942924833501422, 22.438528886324821 ], [ 92.941899482626837, 22.457979361085631 ], [ 92.946242145154471, 22.462182641648347 ], [ 92.946121515639817, 22.467045260338551 ], [ 92.940029725149657, 22.474710066070564 ], [ 92.936471154467299, 22.482045202738835 ], [ 92.935988636408666, 22.498034152330348 ], [ 92.941055076024242, 22.529599965183696 ], [ 92.939848780877682, 22.539737288893775 ], [ 92.937496505341869, 22.545094411179594 ], [ 92.934661711747452, 22.55457239676219 ], [ 92.940934446509587, 22.559352598186457 ], [ 92.945035850007898, 22.563885547812916 ], [ 92.949378512535532, 22.575176713246098 ], [ 92.950283233895462, 22.588445893061735 ], [ 92.948956309234234, 22.594874439804713 ], [ 92.953902119335154, 22.601879907409241 ], [ 92.951730788071345, 22.61910511598979 ], [ 92.955168729239048, 22.62742925984929 ], [ 92.951851417585999, 22.632621547603232 ], [ 92.941778853112183, 22.645066554759513 ], [ 92.933998249416831, 22.663363187797223 ], [ 92.933877619902177, 22.677538957538154 ], [ 92.933033213299581, 22.684214756078937 ], [ 92.937013987283251, 22.706714669679364 ], [ 92.933696675630202, 22.713720137283893 ], [ 92.921090891348598, 22.722538784739008 ], [ 92.919824281444704, 22.728143158822629 ], [ 92.918617986298145, 22.736549719948066 ], [ 92.919884596202039, 22.764241921302435 ], [ 92.925011350574934, 22.771412223438837 ], [ 92.927544570382722, 22.773390237821292 ], [ 92.923201907855088, 22.777758352915882 ], [ 92.921392465135241, 22.780642957223627 ], [ 92.922719389796455, 22.780642957223627 ], [ 92.92277970455379, 22.78229130254234 ], [ 92.923201907855088, 22.784516568722601 ], [ 92.92380505542836, 22.786082496775379 ], [ 92.922900334068444, 22.787566007562219 ], [ 92.922297186495157, 22.788390180221576 ], [ 92.922598760281801, 22.790450611869968 ], [ 92.92380505542836, 22.791769288124936 ], [ 92.92585575717753, 22.792675878050229 ], [ 92.927363626110733, 22.792840712582102 ], [ 92.930138104947829, 22.792263791720551 ], [ 92.931404714851723, 22.791274784529325 ], [ 92.932430065726308, 22.79078028093371 ], [ 92.934299823203474, 22.791109949997452 ], [ 92.93514422980607, 22.792016539922745 ], [ 92.936772728253942, 22.791934122656809 ], [ 92.938521856216454, 22.791109949997452 ], [ 92.939969410392337, 22.790368194604032 ], [ 92.940451928450955, 22.790368194604032 ], [ 92.941356649810885, 22.790862698199646 ], [ 92.942080426898826, 22.791686870859003 ], [ 92.943105777773397, 22.791027532731515 ], [ 92.943648610589349, 22.789791273742484 ], [ 92.943950184375993, 22.788719849285318 ], [ 92.9494991420502, 22.785917662243509 ], [ 92.95782257856149, 22.781714381680789 ], [ 92.960295483611944, 22.780478122691758 ], [ 92.960355798369278, 22.780395705425821 ], [ 92.960778001670576, 22.77981878456427 ], [ 92.968317346336605, 22.769516626322318 ], [ 92.980139038772933, 22.757483705495716 ], [ 92.988462475284237, 22.754516683922031 ], [ 92.99093538033469, 22.753692511262678 ], [ 92.991236954121334, 22.753692511262678 ], [ 92.994192377230419, 22.75377492852861 ], [ 92.999922279176602, 22.753939763060483 ], [ 93.000284167720565, 22.753939763060483 ], [ 93.005953754909413, 22.753527676730805 ], [ 93.008848863261179, 22.756659532836359 ], [ 93.008547289474535, 22.762593575983725 ], [ 93.012045545399573, 22.767868281003604 ], [ 93.013131211031478, 22.77643967666091 ], [ 93.017534188316446, 22.779736367298334 ], [ 93.019223001521638, 22.784186899658859 ], [ 93.028692418422168, 22.783445144265439 ], [ 93.031527212016584, 22.795807734155783 ], [ 93.045339291444762, 22.793582467975522 ], [ 93.055773744462542, 22.791769288124936 ], [ 93.060960813592772, 22.79325279891178 ], [ 93.063252774371236, 22.793912137039264 ], [ 93.063252774371236, 22.800093431984436 ], [ 93.069766768162694, 22.802236280898761 ], [ 93.078633037489936, 22.806357144195545 ], [ 93.083277273804214, 22.804873633408704 ], [ 93.086413641185288, 22.803967043483411 ], [ 93.083337588561548, 22.801164856441599 ], [ 93.082251922929629, 22.797785748538239 ], [ 93.08201066390032, 22.797126410410755 ], [ 93.090334100411624, 22.791109949997452 ], [ 93.092565746432768, 22.789708856476548 ], [ 93.097209982747032, 22.786824252168799 ], [ 93.10167327478932, 22.784104482392923 ], [ 93.105593734015656, 22.76720894287612 ], [ 93.10897136042604, 22.749983734295572 ], [ 93.110298285087268, 22.741247504106397 ], [ 93.10680002916223, 22.734818957363416 ], [ 93.102155792847952, 22.728637662418244 ], [ 93.09956225828283, 22.724434381855527 ], [ 93.098476592650925, 22.716604741591642 ], [ 93.096667149931079, 22.711330036571763 ], [ 93.093048264491387, 22.708115763200272 ], [ 93.095581484299174, 22.698308108553931 ], [ 93.101793904303989, 22.693198238065921 ], [ 93.104447753626431, 22.683308166153648 ], [ 93.100768553429404, 22.675725777687568 ], [ 93.101130441973368, 22.671110410795173 ], [ 93.104990586442383, 22.661137921616962 ], [ 93.108187268580778, 22.656110468394889 ], [ 93.112107727807114, 22.651907187832172 ], [ 93.11602818703345, 22.648445662662876 ], [ 93.112348986836423, 22.636165490038465 ], [ 93.121818403736953, 22.627017173519612 ], [ 93.127065787624517, 22.626193000860255 ], [ 93.133881355202604, 22.61984687138321 ], [ 93.136595519282366, 22.615149087224879 ], [ 93.140455663751382, 22.604599677185117 ], [ 93.14184290316993, 22.595781029730006 ], [ 93.14304919831649, 22.58308877077592 ], [ 93.133459151901306, 22.578473403883525 ], [ 93.131167191122827, 22.574352540586741 ], [ 93.126703899080539, 22.571467936278996 ], [ 93.121939033251607, 22.564050382344789 ], [ 93.11910423965719, 22.55704491474026 ], [ 93.11301244916703, 22.551770209720377 ], [ 93.113977485284281, 22.542869144999329 ], [ 93.113494967225662, 22.537512022713514 ], [ 93.109152304698029, 22.528858209790272 ], [ 93.117294796937344, 22.525808770950654 ], [ 93.123265957912835, 22.525561519152848 ], [ 93.128272082771076, 22.523089001174778 ], [ 93.131106876365507, 22.516990123495543 ], [ 93.128091138499087, 22.510973663082243 ], [ 93.128030823741767, 22.502979188286485 ], [ 93.13267506005603, 22.495973720681956 ], [ 93.13575111267977, 22.483611130791612 ], [ 93.133700410930615, 22.47668808045302 ], [ 93.131951282968103, 22.471907879028752 ], [ 93.135630483165116, 22.466385922211064 ], [ 93.139490627634132, 22.460287044531828 ], [ 93.143169827831144, 22.45550684310756 ], [ 93.154086798907556, 22.449160713630519 ], [ 93.160118274640382, 22.450726641683296 ], [ 93.172784373679306, 22.448254123705226 ], [ 93.175438223001748, 22.443556339546895 ], [ 93.179539626500073, 22.435644282017073 ], [ 93.185209213688921, 22.430616828794999 ], [ 93.188104322040687, 22.424188282052022 ], [ 93.185571102232899, 22.415864138192521 ], [ 93.186234564563506, 22.41042459864077 ], [ 93.19154226320839, 22.405809231748375 ], [ 93.192808873112284, 22.400204857664754 ], [ 93.190516912333806, 22.39608399436797 ], [ 93.189551876216555, 22.387759850508473 ], [ 93.193713594472214, 22.381084051967687 ], [ 93.189853450003199, 22.367814872152049 ], [ 93.191783522237699, 22.360397318217842 ], [ 93.194377056802821, 22.355534699527642 ], [ 93.197211850397252, 22.340534757127354 ], [ 93.19672933233862, 22.334106210384377 ], [ 93.199926014477015, 22.330644685215081 ], [ 93.203786158946031, 22.326441404652364 ], [ 93.193592964957546, 22.32157878596216 ], [ 93.19672933233862, 22.314738152889504 ], [ 93.197814997970525, 22.310122785997109 ], [ 93.198538775058466, 22.303034901126644 ], [ 93.19890066360243, 22.296853606181472 ], [ 93.198297516029157, 22.28894154865165 ], [ 93.198780034087775, 22.283419591833962 ], [ 93.199141922631753, 22.277815217750341 ], [ 93.201132309623588, 22.272705347262331 ], [ 93.204509936033958, 22.266606469583095 ], [ 93.205776545937852, 22.25803507392579 ], [ 93.193592964957546, 22.252677951639974 ], [ 93.187561489224734, 22.246661491226671 ], [ 93.180866551161301, 22.246166987631057 ], [ 93.168140137365043, 22.246743908492608 ], [ 93.163194327264122, 22.246002153099187 ], [ 93.157585054832595, 22.244188973248605 ], [ 93.148779100262672, 22.245177980439831 ], [ 93.143712660647097, 22.238254930101238 ], [ 93.14920130356397, 22.231826383358257 ], [ 93.153724910363593, 22.225809922944958 ], [ 93.154870890752832, 22.220205548861333 ], [ 93.153483651334284, 22.214518757511776 ], [ 93.156318444928701, 22.206936369045696 ], [ 93.163134012506788, 22.202321002153301 ], [ 93.166994156975804, 22.197128714399359 ], [ 93.16361653056542, 22.190782584922314 ], [ 93.160178589397717, 22.179491419489132 ], [ 93.151613893857103, 22.175370556192352 ], [ 93.145582418124278, 22.173969462671444 ], [ 93.135932056951759, 22.173969462671444 ], [ 93.127970508984433, 22.176277146117641 ], [ 93.120008961017106, 22.186249635295855 ], [ 93.117174167422675, 22.195727620878451 ], [ 93.108790416154051, 22.197952887058715 ], [ 93.09950194352551, 22.196057289942193 ], [ 93.094556133424589, 22.196634210803744 ], [ 93.086112067398645, 22.199930901441167 ], [ 93.07887429651926, 22.205700110056664 ], [ 93.068862046802764, 22.205535275524792 ], [ 93.057100669123756, 22.201331994962075 ], [ 93.051189822905599, 22.200672656834591 ], [ 93.044012366783534, 22.195068282750967 ], [ 93.043891737268879, 22.18748589428489 ], [ 93.05100887863361, 22.173227707278024 ], [ 93.052275488537504, 22.162843131770135 ], [ 93.049320065428418, 22.154106901580956 ], [ 93.048174085039179, 22.147595937572042 ], [ 93.045339291444762, 22.143227822477453 ], [ 93.044253625812843, 22.136139937606991 ], [ 93.051370767177573, 22.129134470002462 ], [ 93.056557836307803, 22.125013606705679 ], [ 93.059935462718187, 22.118255390898959 ], [ 93.063735292429868, 22.110673002432879 ], [ 93.062890885827272, 22.099464254265634 ], [ 93.057040354366436, 22.097238988085373 ], [ 93.049380380185752, 22.096744484489758 ], [ 93.043590163482236, 22.09880491613815 ], [ 93.036473022117505, 22.102431275839319 ], [ 93.029536825024763, 22.102431275839319 ], [ 93.020308667153543, 22.103173031232739 ], [ 93.013312155303467, 22.103008196700866 ], [ 93.01059799122369, 22.095673060032595 ], [ 93.012889952002169, 22.090645606810522 ], [ 93.011804286370264, 22.082815966546637 ], [ 93.009090122290488, 22.076964340665207 ], [ 93.005410922093461, 22.067568772348544 ], [ 93.001128574323161, 22.058750124893432 ], [ 92.998112836456755, 22.053310585341681 ], [ 92.99732874461148, 22.048035880321802 ], [ 92.997268429854159, 22.037156801218298 ], [ 92.998896928302017, 22.029821664550024 ], [ 93.005772810637438, 22.017541491925616 ], [ 93.007702882871939, 22.008805261736441 ], [ 93.006858476269343, 22.000316283345068 ], [ 93.00746162384263, 21.993393233006476 ], [ 93.0065569024827, 21.981607563977683 ], [ 93.003903053160258, 21.977569117946835 ], [ 92.996303393736909, 21.975673520830316 ], [ 92.989668770430796, 21.978558125138065 ], [ 92.983094461882018, 21.987788858922855 ], [ 92.979053373141028, 21.999656945217584 ], [ 92.976882041877218, 22.004189894844043 ], [ 92.970488677600414, 22.007733837279275 ], [ 92.966809477403402, 22.011854700576059 ], [ 92.964276257595614, 22.018035995521231 ], [ 92.963914369051636, 22.024876628593887 ], [ 92.958305096620123, 22.027926067433505 ], [ 92.953178342247213, 22.027678815635699 ], [ 92.948534105932936, 22.023722786870788 ], [ 92.939486892333704, 22.016140398404712 ], [ 92.93206817718233, 22.017871160989358 ], [ 92.933093528056915, 22.010536024321087 ], [ 92.936471154467299, 22.006415161024307 ], [ 92.929595272131877, 21.99973936248352 ], [ 92.925131980089589, 21.993805319336154 ], [ 92.922176556980503, 21.984986671881042 ], [ 92.919643337172715, 21.978722959669934 ], [ 92.916868858335619, 21.971717492065405 ], [ 92.913129343381271, 21.96298126187623 ], [ 92.911862733477378, 21.954574700750793 ], [ 92.913491231925235, 21.947321981348459 ], [ 92.908304162795005, 21.944190125242905 ], [ 92.903237723179444, 21.951525261911176 ], [ 92.902152057547525, 21.978722959669934 ], [ 92.898774431137156, 21.988283362518466 ], [ 92.893828621036235, 22.001882211397845 ], [ 92.891717604529745, 22.009876686193603 ], [ 92.886892423943493, 22.016140398404712 ], [ 92.883213223746466, 22.019519506308072 ], [ 92.877000803741652, 22.023970038668597 ], [ 92.8721756231554, 22.028090901965378 ], [ 92.869943977134255, 22.034519448708355 ], [ 92.868797996745016, 22.044656772418438 ], [ 92.867652016355777, 22.052239160884518 ], [ 92.867652016355777, 22.058750124893432 ], [ 92.865239426062658, 22.063365491785827 ], [ 92.86083644877769, 22.065590757966088 ], [ 92.85450339925822, 22.063612743583633 ] ] ] } },
{ "type": "Feature", "properties": { "district": "Serchhip", "dt_code": "268", "st_nm": "Mizoram", "st_code": "15", "year": "2011_c" }, "geometry": { "type": "Polygon", "coordinates": [ [ [ 92.689361593693519, 23.328058437568089 ], [ 92.691593239714663, 23.322618898016337 ], [ 92.702027692732457, 23.296904711044423 ], [ 92.712100257206274, 23.297893718235649 ], [ 92.736165845380228, 23.313635416029356 ], [ 92.756552233357183, 23.304651934042372 ], [ 92.765720076471069, 23.302673919659917 ], [ 92.78116065434709, 23.299542063554362 ], [ 92.791233218820906, 23.2758058909649 ], [ 92.812584642915098, 23.272838869391219 ], [ 92.827542702732501, 23.298635473629069 ], [ 92.853598677898304, 23.322618898016337 ], [ 92.831221902929528, 23.334899070640748 ], [ 92.811981495341826, 23.367948394280937 ], [ 92.820003358066472, 23.386080192786775 ], [ 92.833996381766624, 23.41657458118296 ], [ 92.839183450896854, 23.427618494818333 ], [ 92.852332067994411, 23.4802831277512 ], [ 92.880921262967988, 23.518689573677207 ], [ 92.91361186143989, 23.522068681580567 ], [ 92.919884596202039, 23.522645602442115 ], [ 92.947569069815685, 23.514074206784812 ], [ 92.971936231776297, 23.477563357975328 ], [ 93.019102372006969, 23.433964624295378 ], [ 93.036231763088196, 23.417728422906059 ], [ 93.039850648527889, 23.414678984066438 ], [ 93.044615514356821, 23.41072295530153 ], [ 93.041479146975746, 23.379486811511924 ], [ 93.040815684645139, 23.372481343907396 ], [ 93.042504497850331, 23.360613257612666 ], [ 93.045218661930093, 23.341739703713404 ], [ 93.046485271833987, 23.314871675018388 ], [ 93.044917088143464, 23.31281124337 ], [ 93.041177573189103, 23.307948624679796 ], [ 93.01482002423667, 23.273827876582445 ], [ 93.012769322487515, 23.262042207553648 ], [ 93.02615919861438, 23.249514783131435 ], [ 93.037980891050708, 23.244487329909362 ], [ 93.050646990089646, 23.213168768853819 ], [ 93.078391778460627, 23.206575387578969 ], [ 93.130805302578864, 23.194624884018303 ], [ 93.165425973285267, 23.179130438022405 ], [ 93.183641029998398, 23.121108682803719 ], [ 93.188707469613959, 23.098114265607681 ], [ 93.193351705928237, 23.075696769273186 ], [ 93.195703981464035, 23.064900107435619 ], [ 93.196608702823966, 23.055257287321151 ], [ 93.192205725538997, 23.056905632639864 ], [ 93.188647154856639, 23.054845200991473 ], [ 93.184847325144958, 23.05377377653431 ], [ 93.180745921646633, 23.054597949193667 ], [ 93.174473186884498, 23.049652913237527 ], [ 93.169889265327555, 23.047510064323202 ], [ 93.165606917557255, 23.045696884472619 ], [ 93.159756386096419, 23.048663906046301 ], [ 93.15342333657695, 23.054845200991473 ], [ 93.14516021482298, 23.058471560692642 ], [ 93.139671571906106, 23.057400136235476 ], [ 93.138103388215583, 23.053196855672759 ], [ 93.134665447047865, 23.050147416833141 ], [ 93.130744987821529, 23.044295790951711 ], [ 93.132856004328019, 23.038444165070281 ], [ 93.133640096173295, 23.032015618327303 ], [ 93.132132227240078, 23.028059589562393 ], [ 93.129418063160315, 23.022702467276577 ], [ 93.131951282968103, 23.016686006863274 ], [ 93.13357978141596, 23.009680539258746 ], [ 93.127970508984433, 23.003251992515768 ], [ 93.122723125096883, 23.00696076948287 ], [ 93.118862980627867, 23.009680539258746 ], [ 93.096003687600472, 23.025504654318389 ], [ 93.083639162348177, 23.028389258626135 ], [ 93.081950349143, 23.031273862933883 ], [ 93.083458218076203, 23.033911215443823 ], [ 93.080623424481772, 23.035889229826278 ], [ 93.06144333165139, 23.044213373685775 ], [ 93.046063068532689, 23.045944136270425 ], [ 93.041780720762389, 23.049488078705657 ], [ 93.042444183092996, 23.070257229721435 ], [ 93.044494884842166, 23.074295675752282 ], [ 93.043288589695592, 23.077427531857836 ], [ 93.039730019013234, 23.080971474293069 ], [ 93.033396969493765, 23.080889057027132 ], [ 93.02712423473163, 23.078911042644677 ], [ 93.021816536086746, 23.078911042644677 ], [ 93.006918791026678, 23.087152769238241 ], [ 92.999801649661947, 23.092757143321862 ], [ 92.99515741334767, 23.094405488640575 ], [ 92.99401143295843, 23.097454927480193 ], [ 92.991538527907977, 23.097290092948324 ], [ 92.990271918004083, 23.09902085553297 ], [ 92.989487826158808, 23.100174697256069 ], [ 92.987919642468285, 23.1000098627242 ], [ 92.98478327508721, 23.104295560552853 ], [ 92.967653884005998, 23.111301028157381 ], [ 92.9672316807047, 23.115009805124483 ], [ 92.962768388662411, 23.114680136060741 ], [ 92.960416113126598, 23.116163646847582 ], [ 92.961200204971874, 23.130256999322576 ], [ 92.962165241089124, 23.131575675577544 ], [ 92.962165241089124, 23.134460279885293 ], [ 92.960054224582635, 23.134625114417165 ], [ 92.961019260699885, 23.140064653968917 ], [ 92.959692336038671, 23.141465747489821 ], [ 92.960958945942565, 23.147811876966866 ], [ 92.95782257856149, 23.151603071199904 ], [ 92.960054224582635, 23.157454697081334 ], [ 92.95691785720156, 23.165366754611153 ], [ 92.955108414481714, 23.166520596334252 ], [ 92.950826066711414, 23.167097517195803 ], [ 92.948895994476914, 23.169240366110127 ], [ 92.939788466120348, 23.169405200642 ], [ 92.937677449613858, 23.171383215024456 ], [ 92.93629021019531, 23.175916164650914 ], [ 92.936893357768597, 23.180696366075182 ], [ 92.937979023400501, 23.182591963191701 ], [ 92.938340911944465, 23.186630409222548 ], [ 92.936048951166001, 23.18696007828629 ], [ 92.932249121454319, 23.185806236563192 ], [ 92.928087403198674, 23.186135905626934 ], [ 92.925493868633552, 23.186712826488481 ], [ 92.924528832516302, 23.188278754541258 ], [ 92.922176556980503, 23.189844682594035 ], [ 92.919341763386072, 23.184817229371962 ], [ 92.919040189599443, 23.184734812106029 ], [ 92.917532320666226, 23.181932625064217 ], [ 92.912948399109283, 23.180284279745504 ], [ 92.908304162795005, 23.177564509969628 ], [ 92.901247336187609, 23.177234840905886 ], [ 92.897507821233262, 23.178141430831179 ], [ 92.887254312487457, 23.169240366110127 ], [ 92.884298889378371, 23.168745862514516 ], [ 92.87832772840288, 23.169405200642 ], [ 92.87525167577914, 23.171712884088198 ], [ 92.873321603544639, 23.174185402066268 ], [ 92.871874049368756, 23.174350236598137 ], [ 92.868134534414409, 23.172866725811296 ], [ 92.867048868782504, 23.174350236598137 ], [ 92.867109183539824, 23.175091991991557 ], [ 92.864093445673419, 23.175504078321236 ], [ 92.865239426062658, 23.179954610681762 ], [ 92.86276652101219, 23.183910639446673 ], [ 92.862284002953572, 23.186383157424739 ], [ 92.859268265087152, 23.192564452369911 ], [ 92.85866511751388, 23.195861143007338 ], [ 92.86180148489494, 23.210778668141685 ], [ 92.860595189748381, 23.215146783236275 ], [ 92.857458822367306, 23.218690725671507 ], [ 92.855106546831507, 23.220091819192412 ], [ 92.8544430845009, 23.22149291271332 ], [ 92.85142734663448, 23.223470927095775 ], [ 92.849436959642659, 23.22734453859475 ], [ 92.850040107215932, 23.229075301179396 ], [ 92.848954441584027, 23.23146540189153 ], [ 92.849678218671968, 23.234020337135536 ], [ 92.848894126826707, 23.234185171667406 ], [ 92.849014756341361, 23.234926927060826 ], [ 92.849135385856016, 23.235256596124568 ], [ 92.849135385856016, 23.23657527237954 ], [ 92.846722795562883, 23.23805878316638 ], [ 92.839846913227461, 23.241190639271935 ], [ 92.838761247595556, 23.244487329909362 ], [ 92.835443935942507, 23.245558754366524 ], [ 92.825793574769989, 23.242591732792842 ], [ 92.82344129923419, 23.241355473803807 ], [ 92.821450912242355, 23.241355473803807 ], [ 92.820123987581141, 23.239542293953221 ], [ 92.818917692434567, 23.2339379198696 ], [ 92.819581154765174, 23.228498380317848 ], [ 92.818374859618615, 23.226437948669457 ], [ 92.816625731656103, 23.225531358744163 ], [ 92.802512078441296, 23.226273114137587 ], [ 92.798772563486935, 23.227674207658492 ], [ 92.790690386004954, 23.230641229232173 ], [ 92.779592470656567, 23.228580797583785 ], [ 92.773380050651753, 23.233360999008049 ], [ 92.768615184822821, 23.232536826348692 ], [ 92.76668511258832, 23.230888481029982 ], [ 92.758602935106339, 23.226767617733199 ], [ 92.756672862871838, 23.231795070955272 ], [ 92.754984049666646, 23.232866495412438 ], [ 92.753536495490764, 23.233443416273985 ], [ 92.74919383296313, 23.233031329944307 ], [ 92.74497179995015, 23.234185171667406 ], [ 92.740870396451839, 23.232371991816823 ], [ 92.738337176644052, 23.237152193241091 ], [ 92.736286474894897, 23.239212624889479 ], [ 92.725067930031841, 23.24069613567632 ], [ 92.724585411973209, 23.238800538559801 ], [ 92.725610762847793, 23.228251128520043 ], [ 92.727359890810305, 23.222152250840804 ], [ 92.725972651391757, 23.21712479761873 ], [ 92.72742020556764, 23.210448999077943 ], [ 92.724886985759852, 23.205916049451485 ], [ 92.722293451194744, 23.191905114242427 ], [ 92.716442919733908, 23.191245776114943 ], [ 92.709386093126497, 23.192482035103978 ], [ 92.706129096230768, 23.195284222145787 ], [ 92.706671929046735, 23.197344653794179 ], [ 92.703354617393671, 23.197756740123857 ], [ 92.707154447105353, 23.204267704132771 ], [ 92.707516335649331, 23.207646812036135 ], [ 92.696900938359548, 23.216465459491246 ], [ 92.694729607095738, 23.222069833574867 ], [ 92.692859849618557, 23.236987358709218 ], [ 92.693402682434524, 23.239707128485094 ], [ 92.691472610200009, 23.242674150058775 ], [ 92.692437646317259, 23.248196106876463 ], [ 92.693342367677189, 23.260641114032744 ], [ 92.691532924957343, 23.269294926955986 ], [ 92.689301278936199, 23.273663042050575 ], [ 92.690748833112082, 23.279349833400133 ], [ 92.687431521459018, 23.279514667932006 ], [ 92.686587114856422, 23.280338840591359 ], [ 92.688577501848258, 23.284954207483757 ], [ 92.687129947672375, 23.290723416099251 ], [ 92.689602852722842, 23.297151962842229 ], [ 92.691894813501307, 23.307289286552312 ], [ 92.687129947672375, 23.311492567115028 ], [ 92.688034669032305, 23.317344192996458 ], [ 92.684174524563304, 23.326327674983443 ], [ 92.686587114856422, 23.327151847642799 ], [ 92.687491836216353, 23.326657344047184 ], [ 92.68912033466421, 23.327399099440605 ], [ 92.689361593693519, 23.328058437568089 ] ] ] } },
{ "type": "Feature", "properties": { "district": "Khawzawl", "dt_code": "996", "st_nm": "Mizoram", "st_code": "15", "year": "2019" }, "geometry": { "type": "Polygon", "coordinates": [ [ [ 93.044615514356821, 23.41072295530153 ], [ 93.059513259416889, 23.416409746651087 ], [ 93.04485677338613, 23.475667760858805 ], [ 93.056859410094447, 23.55561250881637 ], [ 93.04576149474606, 23.653441803481964 ], [ 93.045580550474071, 23.666628566031665 ], [ 93.04672653086331, 23.666875817829471 ], [ 93.051129508148264, 23.666710983297598 ], [ 93.05625626252116, 23.666216479701987 ], [ 93.060478295534139, 23.665474724308567 ], [ 93.063554348157879, 23.664897803447015 ], [ 93.064398754760475, 23.664980220712952 ], [ 93.067414492626895, 23.666546148765729 ], [ 93.077185483314068, 23.671326350189997 ], [ 93.087077103515895, 23.653194551684155 ], [ 93.096546520416425, 23.64857918479176 ], [ 93.108428527610087, 23.642809976176267 ], [ 93.108609471882076, 23.642809976176267 ], [ 93.116751964121377, 23.643386897037814 ], [ 93.132252856754747, 23.644540738760917 ], [ 93.138163702972903, 23.64956819198299 ], [ 93.144738011521682, 23.655090148800674 ], [ 93.145823677153587, 23.655996738725968 ], [ 93.1543883726942, 23.658716508501843 ], [ 93.162591179690835, 23.661271443745846 ], [ 93.163495901050766, 23.663249458128302 ], [ 93.170613042415496, 23.679980163113235 ], [ 93.168321081637018, 23.701655904054306 ], [ 93.164099048624053, 23.708908623456644 ], [ 93.159273868037786, 23.717067932784271 ], [ 93.157343795803286, 23.744512882340835 ], [ 93.160781736970989, 23.76519961609068 ], [ 93.174231927855189, 23.771133659238046 ], [ 93.188586840099305, 23.764869947026938 ], [ 93.196548388066631, 23.747891990244195 ], [ 93.19672933233862, 23.734787644960431 ], [ 93.20499245409259, 23.727534925558096 ], [ 93.227972376634639, 23.729018436344937 ], [ 93.242809806937387, 23.735941486683529 ], [ 93.251253872963346, 23.739320594586893 ], [ 93.259818568503945, 23.729348105408679 ], [ 93.263377139186318, 23.713441573083102 ], [ 93.266513506567392, 23.704293256564249 ], [ 93.270856169095012, 23.691271328546417 ], [ 93.27525914637998, 23.674128537231805 ], [ 93.278576458033029, 23.658304422172165 ], [ 93.277008274342492, 23.639430868272907 ], [ 93.274776628321348, 23.623936422277009 ], [ 93.272243408513575, 23.611738666918534 ], [ 93.267176968897999, 23.601354091410645 ], [ 93.268443578801893, 23.59764531444354 ], [ 93.270675224823037, 23.591381602232431 ], [ 93.268503893559213, 23.58841458065875 ], [ 93.266332562295403, 23.585365141819132 ], [ 93.26205021452509, 23.579266264139896 ], [ 93.260240771805243, 23.572013544737558 ], [ 93.27435442502005, 23.554953170688883 ], [ 93.276525756283874, 23.55239823544488 ], [ 93.280084326966232, 23.540942235479825 ], [ 93.279179605606316, 23.537233458512723 ], [ 93.277671736673113, 23.53146424989723 ], [ 93.273630647932123, 23.523717026899281 ], [ 93.274113165990741, 23.519431329070628 ], [ 93.274113165990741, 23.519431329070628 ], [ 93.27429411026273, 23.51803023554972 ], [ 93.274655998806693, 23.515228048507911 ], [ 93.274173480748075, 23.510859933413322 ], [ 93.273992536476086, 23.509376422626481 ], [ 93.273871906961432, 23.508387415435251 ], [ 93.273510018417454, 23.505255559329697 ], [ 93.271399001910979, 23.502041285958207 ], [ 93.270735539580357, 23.500969861501044 ], [ 93.269348300161809, 23.49882701258672 ], [ 93.266392877052724, 23.494294062960257 ], [ 93.261507381709137, 23.488112768015085 ], [ 93.260059827533269, 23.486299588164503 ], [ 93.258129755298768, 23.483909487452369 ], [ 93.256863145394874, 23.481272134942429 ], [ 93.253787092771134, 23.474926005465385 ], [ 93.25463149937373, 23.474184250071964 ], [ 93.256320312578922, 23.472618322019187 ], [ 93.258491643842731, 23.470557890370799 ], [ 93.259697938989291, 23.469404048647696 ], [ 93.260421716077232, 23.460255732128843 ], [ 93.260723289863876, 23.455805199768321 ], [ 93.260662975106541, 23.449459070291276 ], [ 93.260662975106541, 23.448470063100046 ], [ 93.267418227927308, 23.449706322089082 ], [ 93.269167355889834, 23.464706264489369 ], [ 93.268805467345857, 23.469898552243311 ], [ 93.26820231977257, 23.47937653782591 ], [ 93.274716313564028, 23.484651242845789 ], [ 93.29184570464524, 23.472288652955445 ], [ 93.298420013194018, 23.467508451531177 ], [ 93.313920905827374, 23.46445901269156 ], [ 93.326767949138286, 23.469156796849891 ], [ 93.336961143126757, 23.478305113368748 ], [ 93.355417458869198, 23.489431444270057 ], [ 93.36941048256935, 23.493469890300904 ], [ 93.391003165692865, 23.496766580938328 ], [ 93.394622051132558, 23.497343501799879 ], [ 93.394802995404532, 23.495777573747102 ], [ 93.394742680647212, 23.494953401087745 ], [ 93.39522519870583, 23.492151214045933 ], [ 93.39516488394851, 23.491574293184382 ], [ 93.394018903559271, 23.48959627880193 ], [ 93.394079218316605, 23.487700681685407 ], [ 93.393657015015307, 23.486546839962308 ], [ 93.393898274044616, 23.486052336366697 ], [ 93.39522519870583, 23.486217170898566 ], [ 93.395828346279117, 23.485805084568888 ], [ 93.395948975793772, 23.48539299823921 ], [ 93.395587087249808, 23.483909487452369 ], [ 93.395587087249808, 23.482261142133655 ], [ 93.395285513463165, 23.481519386740235 ], [ 93.394501421617889, 23.480860048612751 ], [ 93.392933237927366, 23.480530379549009 ], [ 93.392450719868734, 23.480118293219331 ], [ 93.39214914608209, 23.478964451496232 ], [ 93.392511034626068, 23.47789302703907 ], [ 93.393355441228664, 23.477398523443455 ], [ 93.393837959287282, 23.476656768050034 ], [ 93.395104569191176, 23.475173257263194 ], [ 93.395888661036452, 23.474678753667579 ], [ 93.396552123367059, 23.475255674529127 ], [ 93.397456844726975, 23.475173257263194 ], [ 93.398180621814916, 23.475008422731321 ], [ 93.398361566086905, 23.474596336401643 ], [ 93.398120307057596, 23.474101832806028 ], [ 93.39733621521232, 23.473854581008222 ], [ 93.39733621521232, 23.473030408348865 ], [ 93.397758418513618, 23.472535904753251 ], [ 93.399025028417512, 23.472700739285123 ], [ 93.399145657932166, 23.472123818423576 ], [ 93.398301251329571, 23.470969976700474 ], [ 93.397879048028273, 23.47031063857299 ], [ 93.397637788998964, 23.469321631381764 ], [ 93.397396529969654, 23.468332624190534 ], [ 93.39733621521232, 23.466519444339951 ], [ 93.396914011911022, 23.466189775276209 ], [ 93.39631086433775, 23.466189775276209 ], [ 93.394863310161867, 23.465860106212467 ], [ 93.393898274044616, 23.464953516287174 ], [ 93.393596700257973, 23.46445901269156 ], [ 93.393536385500639, 23.463717257298139 ], [ 93.393898274044616, 23.462975501904719 ], [ 93.39426016258858, 23.462151329245362 ], [ 93.393958588801937, 23.461656825649747 ], [ 93.393536385500639, 23.461327156586005 ], [ 93.393355441228664, 23.460667818458521 ], [ 93.393476070743318, 23.459926063065101 ], [ 93.394079218316605, 23.459184307671681 ], [ 93.39426016258858, 23.458689804076066 ], [ 93.394018903559271, 23.458360135012324 ], [ 93.393476070743318, 23.458195300480451 ], [ 93.392752293655377, 23.458607386810129 ], [ 93.392269775596745, 23.45844255227826 ], [ 93.391847572295447, 23.457783214150773 ], [ 93.392209460839425, 23.45695904149142 ], [ 93.393355441228664, 23.45671178969361 ], [ 93.394139533073925, 23.455393113438642 ], [ 93.395647402007128, 23.454486523513349 ], [ 93.395828346279117, 23.453992019917735 ], [ 93.395647402007128, 23.453332681790251 ], [ 93.395104569191176, 23.452755760928699 ], [ 93.393415755985984, 23.451684336471537 ], [ 93.392872923170032, 23.450942581078117 ], [ 93.392691978898043, 23.450200825684696 ], [ 93.393114182199341, 23.449953573886891 ], [ 93.393657015015307, 23.449953573886891 ], [ 93.39426016258858, 23.449459070291276 ], [ 93.394742680647212, 23.448470063100046 ], [ 93.394802995404532, 23.448057976770372 ], [ 93.394622051132558, 23.447728307706626 ], [ 93.394380792103235, 23.447810724972562 ], [ 93.394079218316605, 23.447975559504435 ], [ 93.393234811714009, 23.447975559504435 ], [ 93.39208883132477, 23.448799732163792 ], [ 93.390701591906222, 23.450942581078117 ], [ 93.390038129575601, 23.451024998344053 ], [ 93.389495296759648, 23.450448077482502 ], [ 93.388409631127743, 23.448634897631919 ], [ 93.387746168797136, 23.44599754512198 ], [ 93.38804774258378, 23.445173372462623 ], [ 93.388650890157052, 23.444184365271397 ], [ 93.391063480450185, 23.442453602686747 ], [ 93.39118410996484, 23.441711847293327 ], [ 93.390942850935531, 23.441299760963648 ], [ 93.390219073847589, 23.440970091899906 ], [ 93.389495296759648, 23.439898667442741 ], [ 93.389495296759648, 23.439486581113066 ], [ 93.390580962391567, 23.437261314932801 ], [ 93.390580962391567, 23.436519559539381 ], [ 93.390038129575601, 23.434623962422862 ], [ 93.38907309345835, 23.433140451636021 ], [ 93.389133408215685, 23.43165694084918 ], [ 93.389796870546292, 23.430173430062339 ], [ 93.390460332876899, 23.427700912084269 ], [ 93.390339703362244, 23.426959156690849 ], [ 93.389736555788971, 23.425722897701814 ], [ 93.389615926274303, 23.424816307776521 ], [ 93.389555611516982, 23.423415214255616 ], [ 93.38804774258378, 23.422838293394065 ], [ 93.387806483554456, 23.421766868936903 ], [ 93.388168372098434, 23.420613027213804 ], [ 93.388831834429041, 23.41995368908632 ], [ 93.390098444332935, 23.419376768224769 ], [ 93.390580962391567, 23.418799847363221 ], [ 93.390460332876899, 23.418470178299479 ], [ 93.390460332876899, 23.417728422906059 ], [ 93.390098444332935, 23.416904250246702 ], [ 93.390038129575601, 23.416409746651087 ], [ 93.390279388604924, 23.415667991257667 ], [ 93.390339703362244, 23.414596566800505 ], [ 93.390882536178196, 23.412124048822434 ], [ 93.391244424722174, 23.409733948110301 ], [ 93.391365054236829, 23.407591099195976 ], [ 93.39208883132477, 23.405860336611326 ], [ 93.392993552684686, 23.401904307846415 ], [ 93.393837959287282, 23.400008710729896 ], [ 93.394079218316605, 23.398937286272734 ], [ 93.393898274044616, 23.397865861815571 ], [ 93.394320477345914, 23.39728894095402 ], [ 93.394983939676521, 23.397206523688084 ], [ 93.396733067639047, 23.397536192751829 ], [ 93.39733621521232, 23.397371358219957 ], [ 93.397758418513618, 23.396876854624342 ], [ 93.397999677542927, 23.395970264699052 ], [ 93.397939362785607, 23.394651588444081 ], [ 93.397939362785607, 23.393250494923176 ], [ 93.398421880844225, 23.39242632226382 ], [ 93.4015582482253, 23.390283473349491 ], [ 93.402342340070561, 23.389706552487944 ], [ 93.402342340070561, 23.389129631626393 ], [ 93.402282025313241, 23.388882379828587 ], [ 93.401739192497288, 23.387810955371425 ], [ 93.401196359681336, 23.385915358254906 ], [ 93.401437618710645, 23.384267012936192 ], [ 93.401377303953311, 23.383525257542772 ], [ 93.401075730166667, 23.382865919415284 ], [ 93.40035195307874, 23.382453833085606 ], [ 93.399507546476144, 23.382536250351542 ], [ 93.399085343174846, 23.383113171213093 ], [ 93.398542510358894, 23.383772509340577 ], [ 93.397758418513618, 23.384019761138383 ], [ 93.396793382396368, 23.383772509340577 ], [ 93.395948975793772, 23.382536250351542 ], [ 93.395888661036452, 23.381382408628443 ], [ 93.39516488394851, 23.380063732373475 ], [ 93.395104569191176, 23.37882747338444 ], [ 93.394863310161867, 23.377261545331663 ], [ 93.394501421617889, 23.376437372672306 ], [ 93.392691978898043, 23.375118696417335 ], [ 93.391907887052781, 23.374871444619529 ], [ 93.389434982002328, 23.375118696417335 ], [ 93.387203335981184, 23.374871444619529 ], [ 93.386720817922551, 23.374459358289851 ], [ 93.386419244135908, 23.372563761173332 ], [ 93.38690176219454, 23.37149233671617 ], [ 93.3881080573411, 23.371409919450233 ], [ 93.389555611516982, 23.37149233671617 ], [ 93.390580962391567, 23.370750581322749 ], [ 93.391304739479494, 23.369843991397456 ], [ 93.391003165692865, 23.369431905067778 ], [ 93.38804774258378, 23.368360480610615 ], [ 93.387625539282482, 23.367371473419386 ], [ 93.387987427826445, 23.367041804355644 ], [ 93.388711204914387, 23.367041804355644 ], [ 93.38901277870103, 23.366794552557838 ], [ 93.388952463943696, 23.366217631696287 ], [ 93.38907309345835, 23.365063789973188 ], [ 93.38907309345835, 23.364569286377574 ], [ 93.388349316370423, 23.362756106526991 ], [ 93.387927113069125, 23.360778092144535 ], [ 93.387987427826445, 23.360448423080793 ], [ 93.387565224525147, 23.359624250421437 ], [ 93.387203335981184, 23.359376998623631 ], [ 93.38690176219454, 23.359459415889567 ], [ 93.38599704083461, 23.359953919485179 ], [ 93.385574837533312, 23.36127259574015 ], [ 93.384971689960039, 23.361849516601701 ], [ 93.38388602432812, 23.362179185665443 ], [ 93.383222561997513, 23.362096768399507 ], [ 93.382498784909572, 23.36127259574015 ], [ 93.382378155394917, 23.359871502219246 ], [ 93.38195595209362, 23.358717660496147 ], [ 93.380930601219049, 23.358387991432402 ], [ 93.380508397917751, 23.358635243230211 ], [ 93.379663991315155, 23.360366005814857 ], [ 93.379181473256523, 23.360942926676408 ], [ 93.378518010925916, 23.360942926676408 ], [ 93.377794233837975, 23.360366005814857 ], [ 93.376226050147437, 23.359871502219246 ], [ 93.37459755169958, 23.359047329559889 ], [ 93.373210312281032, 23.359376998623631 ], [ 93.371038981017207, 23.359459415889567 ], [ 93.369953315385303, 23.359129746825822 ], [ 93.366756633246908, 23.356986897911497 ], [ 93.3641630986818, 23.356245142518077 ], [ 93.362172711689965, 23.355915473454335 ], [ 93.362293341204619, 23.356245142518077 ], [ 93.362353655961954, 23.356657228847755 ], [ 93.361810823145987, 23.356904480645561 ], [ 93.361267990330035, 23.356904480645561 ], [ 93.36018232469813, 23.356245142518077 ], [ 93.359458547610188, 23.355256135326847 ], [ 93.35807130819164, 23.354431962667494 ], [ 93.356261865471794, 23.35369020727407 ], [ 93.355658717898521, 23.353278120944395 ], [ 93.355357144111878, 23.352701200082844 ], [ 93.355839662170496, 23.351877027423487 ], [ 93.355839662170496, 23.350805602966325 ], [ 93.356080921199805, 23.350228682104774 ], [ 93.356382494986448, 23.349239674913548 ], [ 93.356985642559735, 23.347673746860771 ], [ 93.358131622948974, 23.346684739669545 ], [ 93.358312567220963, 23.345695732478315 ], [ 93.35807130819164, 23.344212221691475 ], [ 93.357709419647676, 23.342811128170567 ], [ 93.358131622948974, 23.342151790043083 ], [ 93.359217288580879, 23.341657286447472 ], [ 93.360001380426141, 23.340915531054048 ], [ 93.361871137903321, 23.337289171352882 ], [ 93.363801210137822, 23.335393574236363 ], [ 93.367420095577515, 23.333992480715455 ], [ 93.367842298878813, 23.333827646183586 ], [ 93.369531112084005, 23.333333142587971 ], [ 93.3703755186866, 23.332508969928615 ], [ 93.370556462958589, 23.331437545471452 ], [ 93.37061677771591, 23.331190293673643 ], [ 93.371400869561185, 23.329624365620866 ], [ 93.36633442994561, 23.330118869216481 ], [ 93.357528475375688, 23.33036612101429 ], [ 93.35596029168515, 23.33036612101429 ], [ 93.35185888818684, 23.331767214535194 ], [ 93.347274966629897, 23.336300164161653 ], [ 93.345525838667371, 23.339349603001271 ], [ 93.336900828369437, 23.345613315212379 ], [ 93.336538939825459, 23.345860567010188 ], [ 93.336357995553485, 23.346107818807994 ], [ 93.328698021372787, 23.351712192891618 ], [ 93.313981220584708, 23.347920998658577 ], [ 93.30004851164189, 23.336135329629784 ], [ 93.297153403290125, 23.333415559853908 ], [ 93.291363186586622, 23.333168308056099 ], [ 93.289795002896085, 23.333085890790166 ], [ 93.285030137067153, 23.333827646183586 ], [ 93.282919120560663, 23.334981487906685 ], [ 93.281773140171424, 23.335558408768232 ], [ 93.279722438422269, 23.33860784760785 ], [ 93.277852680945088, 23.341739703713404 ], [ 93.275982923467922, 23.350970437498198 ], [ 93.275017887350671, 23.353113286412523 ], [ 93.270494280551048, 23.362756106526991 ], [ 93.270614910065703, 23.368772566940294 ], [ 93.269348300161809, 23.37561320001295 ], [ 93.2691070411325, 23.376849459001985 ], [ 93.266392877052724, 23.384514264733998 ], [ 93.266453191810058, 23.38805820716923 ], [ 93.264583434332877, 23.391766984136332 ], [ 93.264100916274259, 23.390283473349491 ], [ 93.263739027730281, 23.389541717956071 ], [ 93.262894621127685, 23.388964797094523 ], [ 93.262231158797078, 23.389376883424202 ], [ 93.26174864073846, 23.390283473349491 ], [ 93.261085178407839, 23.390777976945106 ], [ 93.260964548893185, 23.390777976945106 ], [ 93.258009125784099, 23.390036221551686 ], [ 93.258009125784099, 23.38978896975388 ], [ 93.258793217629375, 23.389376883424202 ], [ 93.259577309474636, 23.388717545296714 ], [ 93.259939198018614, 23.38805820716923 ], [ 93.259275735687993, 23.387481286307683 ], [ 93.257948811026779, 23.387810955371425 ], [ 93.257526607725481, 23.388305458967036 ], [ 93.256561571608231, 23.389047214360456 ], [ 93.255355276461657, 23.389294466158265 ], [ 93.25463149937373, 23.389129631626393 ], [ 93.246489007134414, 23.385256020127418 ], [ 93.246489007134414, 23.385256020127418 ], [ 93.246187433347771, 23.384596681999934 ], [ 93.245222397230521, 23.384926351063676 ], [ 93.244377990627925, 23.38558568919116 ], [ 93.244076416841281, 23.385997775520838 ], [ 93.243955787326627, 23.386080192786775 ], [ 93.242749492180067, 23.386492279116453 ], [ 93.242568547908078, 23.386492279116453 ], [ 93.241422567518839, 23.386162610052711 ], [ 93.240336901886934, 23.386904365446131 ], [ 93.24021627237228, 23.387398869041746 ], [ 93.237924311593801, 23.388140624435167 ], [ 93.237441793535183, 23.387728538105488 ], [ 93.236718016447242, 23.387893372637357 ], [ 93.229419930810522, 23.386162610052711 ], [ 93.229419930810522, 23.386162610052711 ], [ 93.229721504597165, 23.385503271925227 ], [ 93.230023078383809, 23.38484393379774 ], [ 93.229962763626474, 23.384184595670256 ], [ 93.229540560325177, 23.383607674808705 ], [ 93.22893741275189, 23.383525257542772 ], [ 93.228756468479915, 23.38467909926587 ], [ 93.228394579935937, 23.385091185595549 ], [ 93.22773111760533, 23.385420854659291 ], [ 93.226886711002734, 23.38558568919116 ], [ 93.225981989642818, 23.383525257542772 ], [ 93.226102619157473, 23.383195588479026 ], [ 93.228093006149308, 23.380805487766896 ], [ 93.228153320906628, 23.379651646043797 ], [ 93.227308914304032, 23.378745056118504 ], [ 93.22676608148808, 23.378497804320698 ], [ 93.22676608148808, 23.378168135256953 ], [ 93.226645451973425, 23.3773439625976 ], [ 93.225620101098841, 23.377261545331663 ], [ 93.223448769835031, 23.3773439625976 ], [ 93.223388455077696, 23.3773439625976 ], [ 93.218261700704801, 23.374294523757978 ], [ 93.218261700704801, 23.374129689226109 ], [ 93.21753792361686, 23.373800020162367 ], [ 93.21729666458755, 23.373717602896431 ], [ 93.21639194322762, 23.373140682034879 ], [ 93.2163316284703, 23.372811012971138 ], [ 93.21639194322762, 23.37223409210959 ], [ 93.217115720315562, 23.37149233671617 ], [ 93.217960126918157, 23.370915415854618 ], [ 93.218261700704801, 23.370173660461198 ], [ 93.21844264497679, 23.369514322333714 ], [ 93.218020441675492, 23.368854984206227 ], [ 93.216452257984955, 23.368690149674357 ], [ 93.21542690711037, 23.368278063344679 ], [ 93.215185648081061, 23.367453890685322 ], [ 93.220010828667313, 23.359953919485179 ], [ 93.220794920512589, 23.3595418331555 ], [ 93.221096494299232, 23.358882495028016 ], [ 93.221699641872505, 23.358140739634596 ], [ 93.221820271387159, 23.357398984241176 ], [ 93.221820271387159, 23.35715173244337 ], [ 93.221940900901828, 23.356657228847755 ], [ 93.221639327115184, 23.356080307986204 ], [ 93.220915550027243, 23.356080307986204 ], [ 93.216150684198311, 23.350475933902583 ], [ 93.216030054683657, 23.350146264838841 ], [ 93.21536659235305, 23.349239674913548 ], [ 93.214522185750454, 23.348415502254191 ], [ 93.213979352934501, 23.348333084988255 ], [ 93.21325557584656, 23.348580336786064 ], [ 93.212712743030607, 23.348910005849806 ], [ 93.209938264193497, 23.347591329594835 ], [ 93.209877949436176, 23.346931991467351 ], [ 93.20927480186289, 23.345118811616768 ], [ 93.209033542833581, 23.343635300829924 ], [ 93.208671654289617, 23.342069372777146 ], [ 93.208309765745639, 23.340256192926564 ], [ 93.208189136230985, 23.338937516671592 ], [ 93.206982841084425, 23.338855099405659 ], [ 93.205113083607245, 23.338772682139723 ], [ 93.201735457196861, 23.340585861990306 ], [ 93.192326355053666, 23.34371771809586 ], [ 93.169467062026257, 23.345201228882701 ], [ 93.155172464539461, 23.341245200117793 ], [ 93.144918955793671, 23.332673804460487 ], [ 93.139792201420775, 23.327151847642799 ], [ 93.133700410930615, 23.323772739739439 ], [ 93.132554430541376, 23.323195818877888 ], [ 93.120189905289095, 23.322371646218532 ], [ 93.111022062175195, 23.321382639027306 ], [ 93.104990586442383, 23.318003531123942 ], [ 93.099803517312154, 23.314789257752455 ], [ 93.098175018864282, 23.31429475415684 ], [ 93.094194244880626, 23.312976077901869 ], [ 93.085810493612001, 23.312893660635936 ], [ 93.081347201569713, 23.312893660635936 ], [ 93.079115555548569, 23.312976077901869 ], [ 93.056678465822458, 23.313388164231547 ], [ 93.047691566980561, 23.309349718200703 ], [ 93.044313940570177, 23.308360711009474 ], [ 93.042926701151629, 23.307866207413859 ], [ 93.041177573189103, 23.307948624679796 ], [ 93.044917088143464, 23.31281124337 ], [ 93.046485271833987, 23.314871675018388 ], [ 93.045218661930093, 23.341739703713404 ], [ 93.042504497850331, 23.360613257612666 ], [ 93.040815684645139, 23.372481343907396 ], [ 93.041479146975746, 23.379486811511924 ], [ 93.044615514356821, 23.41072295530153 ] ] ] } },
{ "type": "Feature", "properties": { "district": "Hnahthial", "dt_code": "994", "st_nm": "Mizoram", "st_code": "15", "year": "2019" }, "geometry": { "type": "Polygon", "coordinates": [ [ [ 92.921392465135241, 22.780642957223627 ], [ 92.91668791406363, 22.787895676625961 ], [ 92.914275323770511, 22.791192367263388 ], [ 92.914094379498522, 22.791604453593067 ], [ 92.912164307264021, 22.796549489549204 ], [ 92.906374090560504, 22.79910442479321 ], [ 92.901850483760896, 22.80248353269657 ], [ 92.895396804726772, 22.807181316854901 ], [ 92.890752568412495, 22.811137345619812 ], [ 92.888822496177994, 22.816576885171564 ], [ 92.886832109186159, 22.822428511052991 ], [ 92.886832109186159, 22.823005431914542 ], [ 92.887495571516766, 22.83190649663559 ], [ 92.882791020445168, 22.837016367123599 ], [ 92.879775282578763, 22.84023064049509 ], [ 92.879714967821428, 22.840313057761023 ], [ 92.869642403347612, 22.852758064917303 ], [ 92.871632790339447, 22.85869210806467 ], [ 92.872054993640745, 22.859928367053705 ], [ 92.876277026653725, 22.863719561286743 ], [ 92.877965839858916, 22.865203072073584 ], [ 92.86909957053166, 22.876576654772702 ], [ 92.861982429166929, 22.874186554060568 ], [ 92.85751913712464, 22.872703043273727 ], [ 92.854744658287544, 22.871796453348434 ], [ 92.853900251684948, 22.871631618816565 ], [ 92.85257332702372, 22.87624698570896 ], [ 92.8544430845009, 22.879955762676062 ], [ 92.861318966836322, 22.888444741067435 ], [ 92.867471072083802, 22.896356798597253 ], [ 92.869280514803648, 22.898664482043451 ], [ 92.869642403347612, 22.899158985639065 ], [ 92.869340829560969, 22.899735906500613 ], [ 92.867169498297159, 22.903279848935846 ], [ 92.866867924510515, 22.903856769797397 ], [ 92.862585576740216, 22.911109489199731 ], [ 92.860353930719072, 22.914900683432769 ], [ 92.860534874991046, 22.91564243882619 ], [ 92.867591701598457, 22.923636913621948 ], [ 92.86909957053166, 22.925285258940661 ], [ 92.887736830546089, 22.946796165349859 ], [ 92.88870186666334, 22.947950007072958 ], [ 92.888581237148685, 22.949103848796057 ], [ 92.887495571516766, 22.959818093367691 ], [ 92.887193997730122, 22.963032366739178 ], [ 92.886349591127541, 22.971109258800873 ], [ 92.887193997730122, 22.973334524981134 ], [ 92.889546273265935, 22.979103733596627 ], [ 92.889908161809899, 22.98001032352192 ], [ 92.889546273265935, 22.980834496181277 ], [ 92.882730705687834, 22.996741028506854 ], [ 92.882127558114561, 23.000284970942083 ], [ 92.878568987432189, 23.020477201096313 ], [ 92.877603951314939, 23.026658496041488 ], [ 92.875010416749831, 23.042482611101128 ], [ 92.875010416749831, 23.050064999567205 ], [ 92.875010416749831, 23.051466093088113 ], [ 92.872839085486007, 23.061273747734454 ], [ 92.872658141214032, 23.062180337659743 ], [ 92.872054993640745, 23.075202265677575 ], [ 92.867169498297159, 23.084185747664556 ], [ 92.86487753751868, 23.08830661096134 ], [ 92.860112671689748, 23.096795589352709 ], [ 92.859569838873796, 23.097867013809871 ], [ 92.864334704702728, 23.107921920254018 ], [ 92.865480685091967, 23.113855963401384 ], [ 92.862284002953572, 23.118965833889394 ], [ 92.861318966836322, 23.120449344676235 ], [ 92.85564937964746, 23.131246006513802 ], [ 92.855408120618151, 23.131740510109417 ], [ 92.859992042175094, 23.139570150373302 ], [ 92.861318966836322, 23.1418778338195 ], [ 92.861318966836322, 23.15259207839113 ], [ 92.86487753751868, 23.163883243824312 ], [ 92.863731557129441, 23.173938150268459 ], [ 92.864093445673419, 23.175504078321236 ], [ 92.867109183539824, 23.175091991991557 ], [ 92.867048868782504, 23.174350236598137 ], [ 92.868134534414409, 23.172866725811296 ], [ 92.871874049368756, 23.174350236598137 ], [ 92.873321603544639, 23.174185402066268 ], [ 92.87525167577914, 23.171712884088198 ], [ 92.87832772840288, 23.169405200642 ], [ 92.884298889378371, 23.168745862514516 ], [ 92.887254312487457, 23.169240366110127 ], [ 92.897507821233262, 23.178141430831179 ], [ 92.901247336187609, 23.177234840905886 ], [ 92.908304162795005, 23.177564509969628 ], [ 92.912948399109283, 23.180284279745504 ], [ 92.917532320666226, 23.181932625064217 ], [ 92.919040189599443, 23.184734812106029 ], [ 92.919341763386072, 23.184817229371962 ], [ 92.922176556980503, 23.189844682594035 ], [ 92.924528832516302, 23.188278754541258 ], [ 92.925493868633552, 23.186712826488481 ], [ 92.928087403198674, 23.186135905626934 ], [ 92.932249121454319, 23.185806236563192 ], [ 92.936048951166001, 23.18696007828629 ], [ 92.938340911944465, 23.186630409222548 ], [ 92.937979023400501, 23.182591963191701 ], [ 92.936893357768597, 23.180696366075182 ], [ 92.93629021019531, 23.175916164650914 ], [ 92.937677449613858, 23.171383215024456 ], [ 92.939788466120348, 23.169405200642 ], [ 92.948895994476914, 23.169240366110127 ], [ 92.950826066711414, 23.167097517195803 ], [ 92.955108414481714, 23.166520596334252 ], [ 92.95691785720156, 23.165366754611153 ], [ 92.960054224582635, 23.157454697081334 ], [ 92.95782257856149, 23.151603071199904 ], [ 92.960958945942565, 23.147811876966866 ], [ 92.959692336038671, 23.141465747489821 ], [ 92.961019260699885, 23.140064653968917 ], [ 92.960054224582635, 23.134625114417165 ], [ 92.962165241089124, 23.134460279885293 ], [ 92.962165241089124, 23.131575675577544 ], [ 92.961200204971874, 23.130256999322576 ], [ 92.960416113126598, 23.116163646847582 ], [ 92.962768388662411, 23.114680136060741 ], [ 92.9672316807047, 23.115009805124483 ], [ 92.967653884005998, 23.111301028157381 ], [ 92.98478327508721, 23.104295560552853 ], [ 92.987919642468285, 23.1000098627242 ], [ 92.989487826158808, 23.100174697256069 ], [ 92.990271918004083, 23.09902085553297 ], [ 92.991538527907977, 23.097290092948324 ], [ 92.99401143295843, 23.097454927480193 ], [ 92.99515741334767, 23.094405488640575 ], [ 92.999801649661947, 23.092757143321862 ], [ 93.006918791026678, 23.087152769238241 ], [ 93.021816536086746, 23.078911042644677 ], [ 93.02712423473163, 23.078911042644677 ], [ 93.033396969493765, 23.080889057027132 ], [ 93.039730019013234, 23.080971474293069 ], [ 93.043288589695592, 23.077427531857836 ], [ 93.044494884842166, 23.074295675752282 ], [ 93.042444183092996, 23.070257229721435 ], [ 93.041780720762389, 23.049488078705657 ], [ 93.046063068532689, 23.045944136270425 ], [ 93.06144333165139, 23.044213373685775 ], [ 93.080623424481772, 23.035889229826278 ], [ 93.083458218076203, 23.033911215443823 ], [ 93.081950349143, 23.031273862933883 ], [ 93.083639162348177, 23.028389258626135 ], [ 93.096003687600472, 23.025504654318389 ], [ 93.118862980627867, 23.009680539258746 ], [ 93.122723125096883, 23.00696076948287 ], [ 93.121637459464964, 23.005559675961965 ], [ 93.119405813443819, 23.004982755100414 ], [ 93.119466128201154, 23.003087157983895 ], [ 93.120853367619702, 23.001521229931118 ], [ 93.122783439854203, 23.001768481728927 ], [ 93.125497603933979, 23.002675071654217 ], [ 93.126522954808564, 23.00185089899486 ], [ 93.126342010536575, 22.99946079828273 ], [ 93.127005472867182, 22.996576193974981 ], [ 93.129960895976268, 22.993444337869427 ], [ 93.131106876365507, 22.991383906221035 ], [ 93.13357978141596, 22.990559733561682 ], [ 93.137500240642296, 22.991631158018844 ], [ 93.140998496567335, 22.990724568093551 ], [ 93.141179440839323, 22.987839963785806 ], [ 93.139490627634132, 22.986603704796771 ], [ 93.138947794818179, 22.982070755170309 ], [ 93.141239755596644, 22.978361978203207 ], [ 93.143652345889777, 22.978197143671334 ], [ 93.144255493463064, 22.976219129288879 ], [ 93.143109513073824, 22.972098265992098 ], [ 93.139550942391452, 22.971603762396484 ], [ 93.135509853650461, 22.970285086141516 ], [ 93.135328909378472, 22.967894985429382 ], [ 93.138284332487558, 22.960971935090789 ], [ 93.141179440839323, 22.959735676101754 ], [ 93.141541329383287, 22.955449978273101 ], [ 93.137560555399631, 22.951081863178512 ], [ 93.140576293266037, 22.948856596998251 ], [ 93.144798326279016, 22.946796165349859 ], [ 93.146487139484208, 22.942922553850885 ], [ 93.14516021482298, 22.93830718695849 ], [ 93.145341159094968, 22.933444568268289 ], [ 93.146004621425575, 22.927675359652795 ], [ 93.150347283953209, 22.923719330887884 ], [ 93.153845539878247, 22.921988568303235 ], [ 93.153061448032986, 22.920175388452652 ], [ 93.153724910363593, 22.917702870474582 ], [ 93.157585054832595, 22.917702870474582 ], [ 93.161807087845574, 22.916384194219614 ], [ 93.165003769983969, 22.909131474817276 ], [ 93.15842946143519, 22.908554553955728 ], [ 93.150286969195875, 22.908224884891986 ], [ 93.147874378902756, 22.910697402870053 ], [ 93.139249368604808, 22.913252338114059 ], [ 93.135389224135807, 22.911851244593151 ], [ 93.129719636946959, 22.903197431669913 ], [ 93.129719636946959, 22.900642496425906 ], [ 93.131770338696114, 22.899076568373129 ], [ 93.134846391319854, 22.891988683502664 ], [ 93.130021210733588, 22.883005201515683 ], [ 93.127487990925815, 22.879049172750772 ], [ 93.126221381021921, 22.875999733911154 ], [ 93.127789564712444, 22.874104136794632 ], [ 93.125075400632682, 22.868170093647269 ], [ 93.120069275774441, 22.86528548933952 ], [ 93.119888331502452, 22.858197604469055 ], [ 93.118018574025271, 22.854818496565695 ], [ 93.116631334606723, 22.845505345514969 ], [ 93.117475741209319, 22.84262074120722 ], [ 93.114942521401531, 22.838747129708246 ], [ 93.114399688585578, 22.835615273602695 ], [ 93.110298285087268, 22.834791100943338 ], [ 93.110298285087268, 22.832813086560883 ], [ 93.113072763924364, 22.831164741242169 ], [ 93.114218744313604, 22.829846064987198 ], [ 93.112409301593758, 22.826714208881643 ], [ 93.104628697898406, 22.825807618956354 ], [ 93.104085865082453, 22.823170266446414 ], [ 93.104809642170395, 22.820862583000217 ], [ 93.11084111790322, 22.820120827606793 ], [ 93.11084111790322, 22.817401057830917 ], [ 93.108428527610087, 22.816247216107818 ], [ 93.103482717509166, 22.811549431949491 ], [ 93.099019425466878, 22.809653834832968 ], [ 93.095340225269865, 22.806934065057092 ], [ 93.095340225269865, 22.803719791685605 ], [ 93.097390927019021, 22.800835187377857 ], [ 93.096365576144436, 22.798857172995401 ], [ 93.096546520416425, 22.796879158612946 ], [ 93.098295648378951, 22.795725316889847 ], [ 93.097752815562984, 22.792346208986487 ], [ 93.097209982747032, 22.786824252168799 ], [ 93.097209982747032, 22.786824252168799 ], [ 93.092565746432768, 22.789708856476548 ], [ 93.090334100411624, 22.791109949997452 ], [ 93.08201066390032, 22.797126410410755 ], [ 93.082251922929629, 22.797785748538239 ], [ 93.083337588561548, 22.801164856441599 ], [ 93.086413641185288, 22.803967043483411 ], [ 93.083277273804214, 22.804873633408704 ], [ 93.078633037489936, 22.806357144195545 ], [ 93.069766768162694, 22.802236280898761 ], [ 93.063252774371236, 22.800093431984436 ], [ 93.063252774371236, 22.793912137039264 ], [ 93.060960813592772, 22.79325279891178 ], [ 93.055773744462542, 22.791769288124936 ], [ 93.045339291444762, 22.793582467975522 ], [ 93.031527212016584, 22.795807734155783 ], [ 93.028692418422168, 22.783445144265439 ], [ 93.019223001521638, 22.784186899658859 ], [ 93.017534188316446, 22.779736367298334 ], [ 93.013131211031478, 22.77643967666091 ], [ 93.012045545399573, 22.767868281003604 ], [ 93.008547289474535, 22.762593575983725 ], [ 93.008848863261179, 22.756659532836359 ], [ 93.005953754909413, 22.753527676730805 ], [ 93.000284167720565, 22.753939763060483 ], [ 92.999922279176602, 22.753939763060483 ], [ 92.994192377230419, 22.75377492852861 ], [ 92.991236954121334, 22.753692511262678 ], [ 92.99093538033469, 22.753692511262678 ], [ 92.988462475284237, 22.754516683922031 ], [ 92.980139038772933, 22.757483705495716 ], [ 92.968317346336605, 22.769516626322318 ], [ 92.960778001670576, 22.77981878456427 ], [ 92.960355798369278, 22.780395705425821 ], [ 92.960295483611944, 22.780478122691758 ], [ 92.95782257856149, 22.781714381680789 ], [ 92.9494991420502, 22.785917662243509 ], [ 92.943950184375993, 22.788719849285318 ], [ 92.943648610589349, 22.789791273742484 ], [ 92.943105777773397, 22.791027532731515 ], [ 92.942080426898826, 22.791686870859003 ], [ 92.941356649810885, 22.790862698199646 ], [ 92.940451928450955, 22.790368194604032 ], [ 92.939969410392337, 22.790368194604032 ], [ 92.938521856216454, 22.791109949997452 ], [ 92.936772728253942, 22.791934122656809 ], [ 92.93514422980607, 22.792016539922745 ], [ 92.934299823203474, 22.791109949997452 ], [ 92.932430065726308, 22.79078028093371 ], [ 92.931404714851723, 22.791274784529325 ], [ 92.930138104947829, 22.792263791720551 ], [ 92.927363626110733, 22.792840712582102 ], [ 92.92585575717753, 22.792675878050229 ], [ 92.92380505542836, 22.791769288124936 ], [ 92.922598760281801, 22.790450611869968 ], [ 92.922297186495157, 22.788390180221576 ], [ 92.922900334068444, 22.787566007562219 ], [ 92.92380505542836, 22.786082496775379 ], [ 92.923201907855088, 22.784516568722601 ], [ 92.92277970455379, 22.78229130254234 ], [ 92.922719389796455, 22.780642957223627 ], [ 92.921392465135241, 22.780642957223627 ] ] ] } }
]
}
