{
"type": "FeatureCollection",
"name": "odisha",
"crs": { "type": "name", "properties": { "name": "urn:ogc:def:crs:OGC:1.3:CRS84" } },
"features": [
{ "type": "Feature", "properties": { "dt_code": "378", "district": "Bhadrak", "st_code": "21", "year": "2011_c", "st_nm": "Odisha" }, "geometry": { "type": "Polygon", "coordinates": [ [ [ 86.621831126468948, 20.795142129474694 ], [ 86.617127018686361, 20.799380368399397 ], [ 86.624725962027469, 20.811443048415853 ], [ 86.600843568669688, 20.830026096008776 ], [ 86.59867244200079, 20.853499419284049 ], [ 86.59867244200079, 20.854151456041695 ], [ 86.594692043107827, 20.854803492799341 ], [ 86.49590577967335, 20.867844227952268 ], [ 86.455739936298883, 20.841110720888768 ], [ 86.388073155118491, 20.865236080921683 ], [ 86.36093407175737, 20.848609143601699 ], [ 86.328367171724025, 20.861975897133451 ], [ 86.339584659513292, 20.875342650665203 ], [ 86.324748627275881, 20.875016632286382 ], [ 86.315340411710693, 20.89327366150048 ], [ 86.282411657232529, 20.904684304759293 ], [ 86.28060238500845, 20.908270506926346 ], [ 86.290734309463275, 20.984232789192156 ], [ 86.292905436132159, 20.999555652996847 ], [ 86.293990999466615, 21.008358149225071 ], [ 86.286392056125493, 21.015530553559181 ], [ 86.284220929456609, 21.021072865999177 ], [ 86.308465177259208, 21.017160645453298 ], [ 86.316787829489954, 21.056282850912083 ], [ 86.325110481720699, 21.052696648745027 ], [ 86.326919753944765, 21.057586924427376 ], [ 86.328005317279207, 21.060521089836783 ], [ 86.328367171724025, 21.062477200109726 ], [ 86.32655789949996, 21.064759328761486 ], [ 86.30955074059365, 21.085298486627348 ], [ 86.313169285041795, 21.111379956933206 ], [ 86.28385907501179, 21.131593096420243 ], [ 86.275536422781045, 21.144307813194349 ], [ 86.280240530563646, 21.15474040131669 ], [ 86.293990999466615, 21.174301504046085 ], [ 86.314254848376251, 21.168433173227264 ], [ 86.314978557265874, 21.168107154848443 ], [ 86.332709425061807, 21.178865761349609 ], [ 86.345374330630335, 21.186038165683719 ], [ 86.352611419526625, 21.190276404608422 ], [ 86.352973273971443, 21.200056955973118 ], [ 86.354420691750704, 21.236244996022492 ], [ 86.354420691750704, 21.236244996022492 ], [ 86.355144400640341, 21.236244996022492 ], [ 86.366723742874413, 21.236244996022492 ], [ 86.366723742874413, 21.236571014401317 ], [ 86.380836066222201, 21.228094536551914 ], [ 86.418468928482952, 21.20559926841311 ], [ 86.421363764041473, 21.221900187354272 ], [ 86.434028669609987, 21.22059611383898 ], [ 86.443798739619993, 21.200056955973118 ], [ 86.426791580713697, 21.180821871622548 ], [ 86.427515289603321, 21.180821871622548 ], [ 86.428238998492958, 21.180495853243723 ], [ 86.444160594064812, 21.173649467288438 ], [ 86.444884302954435, 21.172345393773146 ], [ 86.432581251830726, 21.160934750514333 ], [ 86.449588410737036, 21.154088364559044 ], [ 86.456101790743702, 21.162238824029625 ], [ 86.515445919693349, 21.1351792985873 ], [ 86.530643806375579, 21.160282713756686 ], [ 86.562486997519301, 21.157348548347276 ], [ 86.561763288629663, 21.14235170292141 ], [ 86.58998793532524, 21.116270232615552 ], [ 86.593244625328566, 21.097035148264982 ], [ 86.628706360920432, 21.093122927719104 ], [ 86.635219740927099, 21.085624505006173 ], [ 86.625087816472288, 21.072257751474421 ], [ 86.651503190943771, 21.061499144973254 ], [ 86.652950608723032, 21.060521089836783 ], [ 86.647160937606003, 21.078778119050884 ], [ 86.666339223181183, 21.082038302839116 ], [ 86.669595913184523, 21.094100982855576 ], [ 86.669595913184523, 21.095079037992043 ], [ 86.652226899833408, 21.108445791523796 ], [ 86.672852603187863, 21.16973724674256 ], [ 86.69456386987676, 21.165172989439036 ], [ 86.706143212110831, 21.18408205541078 ], [ 86.775257411070484, 21.170715301879028 ], [ 86.757526543274551, 21.197122790563707 ], [ 86.771638866622339, 21.204295194897817 ], [ 86.770191448843079, 21.22581240790015 ], [ 86.78502748108049, 21.219944077081333 ], [ 86.801672785541982, 21.2307026835825 ], [ 86.840391211137174, 21.203969176518996 ], [ 86.858122078933107, 21.212119635989577 ], [ 86.859569496712368, 21.214401764641337 ], [ 86.861016914491628, 21.215053801398984 ], [ 86.840753065581993, 21.157674566726101 ], [ 86.852332407816078, 21.094427001234397 ], [ 86.976810336832415, 20.860997841996983 ], [ 86.977534045722038, 20.823179710053491 ], [ 86.96812583015685, 20.791881945686463 ], [ 86.865721022274229, 20.783731486215881 ], [ 86.811804709996792, 20.752759740227678 ], [ 86.806015038879764, 20.735154747771226 ], [ 86.798054241093837, 20.737110858044165 ], [ 86.791540861087157, 20.738740949938279 ], [ 86.781047082187527, 20.741349096968865 ], [ 86.77634297440494, 20.737436876422986 ], [ 86.761868796612333, 20.735806784528872 ], [ 86.756440979940109, 20.739392986695925 ], [ 86.75463170771603, 20.743631225620629 ], [ 86.765125486615673, 20.756345942394734 ], [ 86.763678068836413, 20.759280107804141 ], [ 86.761506942167514, 20.764170383486491 ], [ 86.760059524388254, 20.767104548895897 ], [ 86.758250252164189, 20.766778530517076 ], [ 86.710485465448613, 20.759606126182966 ], [ 86.706143212110831, 20.776885100260596 ], [ 86.659102134284893, 20.796446202989987 ], [ 86.646437228716366, 20.786013614867645 ], [ 86.646437228716366, 20.786013614867645 ], [ 86.631963050923773, 20.795142129474694 ], [ 86.630877487589331, 20.796120184611162 ], [ 86.630153778699693, 20.795142129474694 ], [ 86.621831126468948, 20.795142129474694 ] ] ] } },
{ "type": "Feature", "properties": { "dt_code": "383", "district": "Dhenkanal", "st_code": "21", "year": "2011_c", "st_nm": "Odisha" }, "geometry": { "type": "Polygon", "coordinates": [ [ [ 85.711767197759357, 21.138765500754353 ], [ 85.697293019966764, 21.136157353723767 ], [ 85.681371424394897, 21.112358012069674 ], [ 85.701635273304547, 21.074539880126181 ], [ 85.726965084441588, 21.063781273625018 ], [ 85.73130733777937, 21.02759323357564 ], [ 85.720813558879726, 20.98097260540392 ], [ 85.750847477799368, 20.992709267041558 ], [ 85.770025763374562, 20.987492972980387 ], [ 85.780157687829387, 20.972170109175696 ], [ 85.800783391183842, 20.967605851872172 ], [ 85.827560620100144, 20.92489744424633 ], [ 85.845291487896077, 20.932721885338086 ], [ 85.917300522414251, 20.928157628034562 ], [ 85.919471649083135, 20.901098102592236 ], [ 85.898484091283876, 20.846979051707585 ], [ 85.953485966895741, 20.833286279797008 ], [ 85.958190074678342, 20.840132665752297 ], [ 85.969769416912413, 20.823505728432313 ], [ 86.030560963641321, 20.808834901385268 ], [ 86.018257912517612, 20.765800475380605 ], [ 86.030560963641321, 20.741349096968865 ], [ 86.02368572918985, 20.727656325058291 ], [ 86.02368572918985, 20.727656325058291 ], [ 85.981348759146499, 20.737110858044165 ], [ 85.959275638012784, 20.721461975860649 ], [ 85.905359325735361, 20.715593645041832 ], [ 85.907530452404245, 20.704509020161844 ], [ 85.915491250190172, 20.701248836373612 ], [ 85.909701579073129, 20.692120321766559 ], [ 85.910063433517948, 20.689838193114799 ], [ 85.888352166829051, 20.65854042874777 ], [ 85.849633741233859, 20.66864699849129 ], [ 85.810191606749029, 20.660170520641888 ], [ 85.787032922280872, 20.672233200658347 ], [ 85.781243251163829, 20.663104686051295 ], [ 85.762426820033454, 20.661800612536002 ], [ 85.754466022247527, 20.636045160608969 ], [ 85.732754755558631, 20.643869601700725 ], [ 85.720813558879726, 20.639957381154847 ], [ 85.711405343314539, 20.631806921684269 ], [ 85.70561567219751, 20.624308498971335 ], [ 85.706339381087133, 20.620722296804278 ], [ 85.713214615538618, 20.614853965985461 ], [ 85.708872362200836, 20.60539943299959 ], [ 85.689694076625642, 20.596270918392538 ], [ 85.656041613257855, 20.550302326978468 ], [ 85.599230465421911, 20.538239646962008 ], [ 85.585118142074123, 20.513788268550268 ], [ 85.503700891990761, 20.536609555067891 ], [ 85.456659814164823, 20.484446614456179 ], [ 85.41468469856629, 20.509224011246744 ], [ 85.405638337445907, 20.509224011246744 ], [ 85.408171318559624, 20.488032816623235 ], [ 85.399848666328879, 20.487380779865589 ], [ 85.382117798532946, 20.500421515018516 ], [ 85.349912752944405, 20.497161331230284 ], [ 85.293825313998099, 20.5170484523385 ], [ 85.251126489509929, 20.518678544232614 ], [ 85.21132250058028, 20.548346216705529 ], [ 85.196848322787687, 20.567255282677273 ], [ 85.207703956132136, 20.576057778905501 ], [ 85.178393746102131, 20.601161194074887 ], [ 85.127010414938411, 20.616158039500753 ], [ 85.134609358279519, 20.641587473048965 ], [ 85.113621800480246, 20.683643843917157 ], [ 85.140399029396562, 20.731242527225348 ], [ 85.152702080520271, 20.733524655877108 ], [ 85.15993916941656, 20.70744318557125 ], [ 85.174775201653972, 20.701900873131258 ], [ 85.163557713864719, 20.675493384446579 ], [ 85.169347384981748, 20.661800612536002 ], [ 85.170071093871385, 20.662126630914827 ], [ 85.17549891054361, 20.666038851460705 ], [ 85.193591632784361, 20.678101531477164 ], [ 85.192867923894724, 20.681687733644218 ], [ 85.188887525001761, 20.70027078123714 ], [ 85.188887525001761, 20.700922817994787 ], [ 85.216750317252504, 20.752433721848853 ], [ 85.196486468342869, 20.786991670004113 ], [ 85.255468742847711, 20.796120184611162 ], [ 85.258363578406232, 20.874690613907557 ], [ 85.248231653951407, 20.884471165272252 ], [ 85.262705831744015, 20.893925698258126 ], [ 85.244974963948081, 20.898163937182829 ], [ 85.239547147275857, 20.911204672335757 ], [ 85.241718273944741, 20.965323723220408 ], [ 85.259449141740674, 20.978364458373335 ], [ 85.261620268409558, 20.980320568646277 ], [ 85.258725432851051, 20.985210844328623 ], [ 85.253659470623631, 20.994013340556851 ], [ 85.248593508396226, 21.002163800027432 ], [ 85.205894683908056, 21.026289160060347 ], [ 85.169709239426567, 21.050740538472088 ], [ 85.167899967202487, 21.057912942806198 ], [ 85.179479309436573, 21.075843953641474 ], [ 85.184907126108797, 21.08138626608147 ], [ 85.229777077265851, 21.072583769853242 ], [ 85.272114047309202, 21.174953540803731 ], [ 85.29020676954994, 21.180495853243723 ], [ 85.316983998466256, 21.158000585104922 ], [ 85.333267448482928, 21.177235669455492 ], [ 85.378137399639982, 21.167455118090796 ], [ 85.393697140767017, 21.183430018653134 ], [ 85.395144558546278, 21.181799926759016 ], [ 85.468239156398894, 21.122790600192019 ], [ 85.471495846402235, 21.12018245316143 ], [ 85.497911220873732, 21.115292177479084 ], [ 85.545314153144489, 21.167129099711971 ], [ 85.606467554318215, 21.136483372102592 ], [ 85.62528398544859, 21.160934750514333 ], [ 85.663278702154159, 21.166477062954328 ], [ 85.683542551063795, 21.185712147304898 ], [ 85.707424944421575, 21.18114789000137 ], [ 85.70561567219751, 21.168759191606089 ], [ 85.72805064777603, 21.141373647784938 ], [ 85.711767197759357, 21.138765500754353 ] ] ] } },
{ "type": "Feature", "properties": { "dt_code": "382", "district": "Jajpur", "st_code": "21", "year": "2011_c", "st_nm": "Odisha" }, "geometry": { "type": "Polygon", "coordinates": [ [ [ 86.286392056125493, 21.015530553559181 ], [ 86.293990999466615, 21.008358149225071 ], [ 86.292905436132159, 20.999555652996847 ], [ 86.290734309463275, 20.984232789192156 ], [ 86.28060238500845, 20.908270506926346 ], [ 86.282411657232529, 20.904684304759293 ], [ 86.315340411710693, 20.89327366150048 ], [ 86.324748627275881, 20.875016632286382 ], [ 86.339584659513292, 20.875342650665203 ], [ 86.328367171724025, 20.861975897133451 ], [ 86.36093407175737, 20.848609143601699 ], [ 86.388073155118491, 20.865236080921683 ], [ 86.455739936298883, 20.841110720888768 ], [ 86.49590577967335, 20.867844227952268 ], [ 86.594692043107827, 20.854803492799341 ], [ 86.59867244200079, 20.854151456041695 ], [ 86.59867244200079, 20.853499419284049 ], [ 86.600843568669688, 20.830026096008776 ], [ 86.624725962027469, 20.811443048415853 ], [ 86.617127018686361, 20.799380368399397 ], [ 86.621831126468948, 20.795142129474694 ], [ 86.624725962027469, 20.792533982444109 ], [ 86.618212582020803, 20.777537137018243 ], [ 86.617488873131165, 20.774928989987657 ], [ 86.616765164241542, 20.774928989987657 ], [ 86.564658124188185, 20.774276953230007 ], [ 86.541137585275223, 20.752433721848853 ], [ 86.538242749716701, 20.73450271101358 ], [ 86.56103957974004, 20.738088913180633 ], [ 86.546203547502628, 20.721461975860649 ], [ 86.555973617512635, 20.706465130434783 ], [ 86.525939698592992, 20.688208101220681 ], [ 86.513998501914102, 20.699292726100673 ], [ 86.511103666355581, 20.687230046084213 ], [ 86.487583127442605, 20.679405604992457 ], [ 86.46876669631223, 20.689186156357152 ], [ 86.452121391850739, 20.675167366067754 ], [ 86.450673974071478, 20.647455803867782 ], [ 86.426429726268879, 20.645173675216018 ], [ 86.422087472931096, 20.624960535728981 ], [ 86.400014351797381, 20.624308498971335 ], [ 86.376855667329238, 20.593988789740777 ], [ 86.330176443948105, 20.608985635166643 ], [ 86.319682665048475, 20.630502848168973 ], [ 86.314616702821056, 20.580948054587846 ], [ 86.280240530563646, 20.581274072966671 ], [ 86.280240530563646, 20.581274072966671 ], [ 86.277345695005124, 20.583556201618432 ], [ 86.250568466088822, 20.60539943299959 ], [ 86.208593350490275, 20.615832021121932 ], [ 86.201356261593986, 20.632458958441916 ], [ 86.183625393798053, 20.625938590865452 ], [ 86.16408525377804, 20.638001270881908 ], [ 86.188691356025458, 20.639305344397201 ], [ 86.187243938246198, 20.658214410368949 ], [ 86.173855323788047, 20.644521638458372 ], [ 86.144906968202847, 20.642239509806611 ], [ 86.117044175952103, 20.613875910848993 ], [ 86.08701025703246, 20.617136094637225 ], [ 86.077602041467273, 20.594640826498424 ], [ 86.041416596985769, 20.59235869784666 ], [ 86.041054742540965, 20.593010734604306 ], [ 86.024771292524292, 20.6125718373337 ], [ 86.004145589169838, 20.637675252503087 ], [ 85.992204392490947, 20.652346079550131 ], [ 85.985329158039463, 20.660822557399534 ], [ 85.981710613591304, 20.661800612536002 ], [ 85.965427163574631, 20.666690888218351 ], [ 85.957828220233523, 20.684947917432449 ], [ 85.916576813524614, 20.702552909888905 ], [ 85.915491250190172, 20.701248836373612 ], [ 85.907530452404245, 20.704509020161844 ], [ 85.905359325735361, 20.715593645041832 ], [ 85.959275638012784, 20.721461975860649 ], [ 85.981348759146499, 20.737110858044165 ], [ 86.02368572918985, 20.727656325058291 ], [ 86.02368572918985, 20.727656325058291 ], [ 86.030560963641321, 20.741349096968865 ], [ 86.018257912517612, 20.765800475380605 ], [ 86.030560963641321, 20.808834901385268 ], [ 85.969769416912413, 20.823505728432313 ], [ 85.958190074678342, 20.840132665752297 ], [ 85.953485966895741, 20.833286279797008 ], [ 85.898484091283876, 20.846979051707585 ], [ 85.919471649083135, 20.901098102592236 ], [ 85.917300522414251, 20.928157628034562 ], [ 85.845291487896077, 20.932721885338086 ], [ 85.827560620100144, 20.92489744424633 ], [ 85.800783391183842, 20.967605851872172 ], [ 85.780157687829387, 20.972170109175696 ], [ 85.770025763374562, 20.987492972980387 ], [ 85.750847477799368, 20.992709267041558 ], [ 85.720813558879726, 20.98097260540392 ], [ 85.73130733777937, 21.02759323357564 ], [ 85.726965084441588, 21.063781273625018 ], [ 85.701635273304547, 21.074539880126181 ], [ 85.681371424394897, 21.112358012069674 ], [ 85.697293019966764, 21.136157353723767 ], [ 85.711767197759357, 21.138765500754353 ], [ 85.740353698899739, 21.139417537511999 ], [ 85.744695952237521, 21.143003739679056 ], [ 85.761703111143817, 21.144959849951995 ], [ 85.762064965588635, 21.144959849951995 ], [ 85.774006162267526, 21.105511626114385 ], [ 85.778710270050126, 21.105511626114385 ], [ 85.806934916745689, 21.106489681250856 ], [ 85.82213280342792, 21.090840799067344 ], [ 85.886181040160167, 21.086276541763816 ], [ 85.887266603494609, 21.086276541763816 ], [ 85.887990312384233, 21.086276541763816 ], [ 85.916938667969433, 21.092470890961458 ], [ 85.928879864648323, 21.136157353723767 ], [ 85.942268479106474, 21.128658931010836 ], [ 85.975197233584638, 21.143003739679056 ], [ 86.027304273637995, 21.138113463996707 ], [ 86.036712489203182, 21.160608732135508 ], [ 86.065298990343564, 21.152132254286105 ], [ 86.084839130363576, 21.169085209984914 ], [ 86.074707205908751, 21.153436327801398 ], [ 86.076878332577635, 21.129636986147304 ], [ 86.053357793664674, 21.116270232615552 ], [ 86.02911354586206, 21.071931733095596 ], [ 86.04937739477171, 21.021724902756823 ], [ 86.089543238146163, 21.019768792483884 ], [ 86.093161782594308, 21.054000722260319 ], [ 86.113063777059139, 21.054978777396791 ], [ 86.13368948041358, 21.07649599039912 ], [ 86.270832314998458, 21.029875362227404 ], [ 86.286392056125493, 21.015530553559181 ] ] ] } },
{ "type": "Feature", "properties": { "dt_code": "392", "district": "Subarnapur", "st_code": "21", "year": "2011_c", "st_nm": "Odisha" }, "geometry": { "type": "Polygon", "coordinates": [ [ [ 84.279185450736989, 20.922289297215745 ], [ 84.276290615178468, 20.918703095048691 ], [ 84.268329817392541, 20.913160782608696 ], [ 84.267967962947722, 20.907944488547525 ], [ 84.266520545168461, 20.881863018241667 ], [ 84.266520545168461, 20.881536999862846 ], [ 84.235039208469559, 20.894903753394594 ], [ 84.232144372911037, 20.894903753394594 ], [ 84.230335100686972, 20.895881808531065 ], [ 84.222012448456226, 20.894251716636948 ], [ 84.19849190954325, 20.890665514469895 ], [ 84.192340383981403, 20.889361440954602 ], [ 84.107304589449882, 20.837850537100536 ], [ 84.04108522604875, 20.820897581401727 ], [ 84.012498724908369, 20.840458684131121 ], [ 83.93687114594205, 20.842088776025236 ], [ 83.896343448122764, 20.817311379234674 ], [ 83.836999319173117, 20.825461838705252 ], [ 83.785254133564578, 20.801336478672336 ], [ 83.782721152450875, 20.800358423535865 ], [ 83.76245730354124, 20.780145284048828 ], [ 83.757753195758639, 20.717223736935949 ], [ 83.715778080160106, 20.640283399533672 ], [ 83.732061530176779, 20.622678407077217 ], [ 83.730252257952714, 20.608985635166643 ], [ 83.683934889016399, 20.55877880482787 ], [ 83.644130900086751, 20.536609555067891 ], [ 83.601793930043399, 20.530741224249073 ], [ 83.597813531150436, 20.535631499931423 ], [ 83.597089822260813, 20.546064088053765 ], [ 83.606498037826, 20.568885374571391 ], [ 83.596004258926371, 20.579317962693732 ], [ 83.594918695591915, 20.606377488136058 ], [ 83.621695924508231, 20.633110995199562 ], [ 83.628209304514897, 20.661148575778356 ], [ 83.641597918973048, 20.671255145521876 ], [ 83.636531956745642, 20.679731623371278 ], [ 83.664756603441205, 20.704509020161844 ], [ 83.678507072344175, 20.739392986695925 ], [ 83.653539115651938, 20.745587335893568 ], [ 83.656072096765641, 20.770364732684129 ], [ 83.635446393411186, 20.771016769441779 ], [ 83.634722684521563, 20.795468147853519 ], [ 83.593471277812654, 20.799380368399397 ], [ 83.593833132257473, 20.820571563022906 ], [ 83.622419633397854, 20.815355268961731 ], [ 83.626761886735636, 20.825787857084077 ], [ 83.569950738899692, 20.845348959813467 ], [ 83.576464118906358, 20.873060522013439 ], [ 83.619886652284151, 20.902728194486354 ], [ 83.609031018939703, 20.930439756686326 ], [ 83.639426792304164, 20.981298623782745 ], [ 83.575016701127097, 20.973148164312164 ], [ 83.510244755505227, 20.979342513509806 ], [ 83.490342761040395, 20.995317414072144 ], [ 83.469355203241136, 20.994991395693319 ], [ 83.446558373217783, 21.016182590316827 ], [ 83.457052152117427, 21.057912942806198 ], [ 83.458861424341492, 21.05921701632149 ], [ 83.493961305488554, 21.040633968728571 ], [ 83.491790178819656, 21.062151181730901 ], [ 83.548239472210795, 21.076822008777945 ], [ 83.594918695591915, 21.107793754766149 ], [ 83.604326911157102, 21.128332912632011 ], [ 83.712883244601585, 21.119204398024962 ], [ 83.762095449096421, 21.142677721300231 ], [ 83.768246974658283, 21.15474040131669 ], [ 83.784168570230136, 21.151480217528459 ], [ 83.799728311357185, 21.113662085584966 ], [ 83.839894154731638, 21.093448946097929 ], [ 83.846407534738304, 21.099317276916747 ], [ 83.877888871437207, 21.162564842408447 ], [ 83.894534175898698, 21.175605577561377 ], [ 83.902494973684625, 21.175279559182552 ], [ 83.984274078212806, 21.131267078041422 ], [ 83.982464805988727, 21.116922269373198 ], [ 83.992958584888356, 21.109097828281442 ], [ 83.988616331550588, 21.078126082293238 ], [ 84.017564687135774, 21.051718593608559 ], [ 84.142404470596929, 21.033135546015636 ], [ 84.139871489483227, 21.012596388149774 ], [ 84.157964211723979, 20.994013340556851 ], [ 84.15579308505508, 20.974452237827457 ], [ 84.192340383981403, 20.976408348100396 ], [ 84.238657752917703, 20.92261531559457 ], [ 84.238657752917703, 20.92261531559457 ], [ 84.279185450736989, 20.922289297215745 ] ] ] } },
{ "type": "Feature", "properties": { "dt_code": "394", "district": "Nuapada", "st_code": "21", "year": "2011_c", "st_nm": "Odisha" }, "geometry": { "type": "Polygon", "coordinates": [ [ [ 82.638175543501205, 21.08855867041558 ], [ 82.670380589089731, 21.063781273625018 ], [ 82.693539273557889, 21.02042082924153 ], [ 82.687387747996027, 20.973148164312164 ], [ 82.698605235785294, 20.937612161020436 ], [ 82.693901128002707, 20.902728194486354 ], [ 82.680874367989361, 20.885123202029899 ], [ 82.684131057992701, 20.812421103552325 ], [ 82.698605235785294, 20.759932144561787 ], [ 82.686302184661585, 20.731894563982991 ], [ 82.700776362454178, 20.728308361815937 ], [ 82.694262982447512, 20.683317825538335 ], [ 82.694986691337149, 20.683317825538335 ], [ 82.719954648029372, 20.676797457961872 ], [ 82.732257699153081, 20.652998116307778 ], [ 82.728277300260117, 20.638001270881908 ], [ 82.743113332497529, 20.629524793032505 ], [ 82.729724718039378, 20.583882219997257 ], [ 82.711270141353822, 20.569211392950212 ], [ 82.706204179126402, 20.503029662049101 ], [ 82.684492912437506, 20.459995236044438 ], [ 82.687387747996027, 20.456409033877382 ], [ 82.692815564668251, 20.450214684679743 ], [ 82.697157818006033, 20.444998390618572 ], [ 82.697519672450852, 20.424785251131532 ], [ 82.697519672450852, 20.42445923275271 ], [ 82.697519672450852, 20.42445923275271 ], [ 82.73081028137382, 20.381750825126868 ], [ 82.713803122467525, 20.358603520230421 ], [ 82.717783521360488, 20.358277501851596 ], [ 82.727553591370494, 20.357299446715128 ], [ 82.772785396972353, 20.352735189411604 ], [ 82.804628588116074, 20.384032953778632 ], [ 82.816207930350146, 20.379468696475108 ], [ 82.813674949236443, 20.362189722397478 ], [ 82.791239973657923, 20.345562785077494 ], [ 82.789430701433844, 20.322741498559868 ], [ 82.812589385902001, 20.325675663969278 ], [ 82.815122367015704, 20.356973428336303 ], [ 82.835748070370158, 20.334804178576327 ], [ 82.852393374831649, 20.33610825209162 ], [ 82.846965558159425, 20.2894876239199 ], [ 82.8368336337046, 20.294051881223425 ], [ 82.835024361480535, 20.320133351529282 ], [ 82.816931639239783, 20.316221130983404 ], [ 82.811503822567559, 20.294051881223425 ], [ 82.811865677012378, 20.294051881223425 ], [ 82.826339854804971, 20.281337164449322 ], [ 82.829596544808311, 20.278402999039912 ], [ 82.846241849269788, 20.288835587162254 ], [ 82.846603703714607, 20.288509568783432 ], [ 82.856373773724613, 20.274490778494034 ], [ 82.852031520386831, 20.241562922232891 ], [ 82.861801590396837, 20.229826260595253 ], [ 82.847327412604244, 20.1939642389247 ], [ 82.817655348129406, 20.187443871348236 ], [ 82.817293493684602, 20.184183687560004 ], [ 82.816207930350146, 20.167882768618846 ], [ 82.815846075905341, 20.166578695103553 ], [ 82.820550183687928, 20.165600639967082 ], [ 82.822359455912007, 20.164622584830614 ], [ 82.813674949236443, 20.101701037717735 ], [ 82.788345138099402, 20.103331129611849 ], [ 82.755054529176419, 20.054754391167194 ], [ 82.739856642494203, 20.052798280894255 ], [ 82.744922604721609, 20.024760700315458 ], [ 82.728277300260117, 20.023456626800165 ], [ 82.727915445815299, 20.022804590042519 ], [ 82.727191736925676, 20.021826534906047 ], [ 82.716697958026046, 20.006503671101356 ], [ 82.71705981247085, 19.998353211630779 ], [ 82.717783521360488, 19.988898678644905 ], [ 82.642517796838973, 20.005199597586063 ], [ 82.609950896805628, 19.990202752160197 ], [ 82.602713807909339, 19.990202752160197 ], [ 82.5509686223008, 20.016284222466055 ], [ 82.51007907003671, 20.016610240844877 ], [ 82.479683296672249, 20.036497361953092 ], [ 82.399351609923329, 20.056710501440133 ], [ 82.398627901033706, 20.122240195583597 ], [ 82.386686704354815, 20.145061482101219 ], [ 82.421786585501863, 20.204396827047045 ], [ 82.410569097712596, 20.242214958990537 ], [ 82.422148439946682, 20.247431253051708 ], [ 82.411292806602233, 20.264384208750513 ], [ 82.438070035518535, 20.293399844465778 ], [ 82.431194801067051, 20.312960947195172 ], [ 82.400437173257785, 20.340672509395144 ], [ 82.421062876612226, 20.392835450006856 ], [ 82.416720623274458, 20.407506277053901 ], [ 82.438070035518535, 20.434239784117405 ], [ 82.425766984394826, 20.445324408997394 ], [ 82.418529895498523, 20.480208375531475 ], [ 82.396818628809626, 20.458039125771499 ], [ 82.389581539913337, 20.5170484523385 ], [ 82.358462057659239, 20.528133077218488 ], [ 82.332046683187755, 20.562038988616102 ], [ 82.35086311431813, 20.581274072966671 ], [ 82.346882715425167, 20.60246526759018 ], [ 82.37655477989999, 20.632458958441916 ], [ 82.368593982114064, 20.649737932519542 ], [ 82.374021798786288, 20.667342924975998 ], [ 82.353396095431833, 20.700922817994787 ], [ 82.349053842094051, 20.718527810451242 ], [ 82.347968278759609, 20.732872619119462 ], [ 82.353396095431833, 20.735806784528872 ], [ 82.342540462087385, 20.804596662460568 ], [ 82.340369335418501, 20.833612298175833 ], [ 82.345435297645906, 20.869148301467561 ], [ 82.345797152090725, 20.873060522013439 ], [ 82.339645626528863, 20.874364595528732 ], [ 82.35086311431813, 20.889361440954602 ], [ 82.3646135832211, 20.887405330681663 ], [ 82.365699146555542, 20.869474319846386 ], [ 82.406226844374814, 20.86882228308874 ], [ 82.421062876612226, 20.830352114387601 ], [ 82.459781302207432, 20.826439893841723 ], [ 82.461228719986693, 20.828069985735837 ], [ 82.465570973324475, 20.833286279797008 ], [ 82.487644094458176, 20.860345805239337 ], [ 82.488005948902995, 20.908596525305171 ], [ 82.560014983421169, 20.946740675627485 ], [ 82.629491036825641, 21.038351840076807 ], [ 82.611760169029708, 21.073561824989714 ], [ 82.630576600160083, 21.077800063914413 ], [ 82.638175543501205, 21.08855867041558 ] ] ] } },
{ "type": "Feature", "properties": { "dt_code": "393", "district": "Balangir", "st_code": "21", "year": "2011_c", "st_nm": "Odisha" }, "geometry": { "type": "Polygon", "coordinates": [ [ [ 83.457052152117427, 21.057912942806198 ], [ 83.446558373217783, 21.016182590316827 ], [ 83.469355203241136, 20.994991395693319 ], [ 83.490342761040395, 20.995317414072144 ], [ 83.510244755505227, 20.979342513509806 ], [ 83.575016701127097, 20.973148164312164 ], [ 83.639426792304164, 20.981298623782745 ], [ 83.609031018939703, 20.930439756686326 ], [ 83.619886652284151, 20.902728194486354 ], [ 83.576464118906358, 20.873060522013439 ], [ 83.569950738899692, 20.845348959813467 ], [ 83.626761886735636, 20.825787857084077 ], [ 83.622419633397854, 20.815355268961731 ], [ 83.593833132257473, 20.820571563022906 ], [ 83.593471277812654, 20.799380368399397 ], [ 83.634722684521563, 20.795468147853519 ], [ 83.635446393411186, 20.771016769441779 ], [ 83.656072096765641, 20.770364732684129 ], [ 83.653539115651938, 20.745587335893568 ], [ 83.678507072344175, 20.739392986695925 ], [ 83.664756603441205, 20.704509020161844 ], [ 83.636531956745642, 20.679731623371278 ], [ 83.641597918973048, 20.671255145521876 ], [ 83.628209304514897, 20.661148575778356 ], [ 83.621695924508231, 20.633110995199562 ], [ 83.594918695591915, 20.606377488136058 ], [ 83.596004258926371, 20.579317962693732 ], [ 83.606498037826, 20.568885374571391 ], [ 83.597089822260813, 20.546064088053765 ], [ 83.597813531150436, 20.535631499931423 ], [ 83.601793930043399, 20.530741224249073 ], [ 83.603965056712298, 20.528133077218488 ], [ 83.601793930043399, 20.527481040460842 ], [ 83.581168226688945, 20.521612709642024 ], [ 83.570312593344497, 20.484772632835003 ], [ 83.583339353357843, 20.48770679824441 ], [ 83.617715525615267, 20.458365144150321 ], [ 83.619886652284151, 20.445324408997394 ], [ 83.664032894551568, 20.422177104100946 ], [ 83.665842166775647, 20.421199048964475 ], [ 83.658243223434539, 20.414026644630365 ], [ 83.655710242320836, 20.398377762446852 ], [ 83.651006134538235, 20.388597211082157 ], [ 83.651006134538235, 20.388597211082157 ], [ 83.651006134538235, 20.387945174324511 ], [ 83.652091697872677, 20.36773203483747 ], [ 83.652091697872677, 20.367079998079824 ], [ 83.627123741180455, 20.36773203483747 ], [ 83.627123741180455, 20.367079998079824 ], [ 83.626400032290817, 20.367079998079824 ], [ 83.625314468956375, 20.36349379591277 ], [ 83.619162943394514, 20.351105097517486 ], [ 83.576464118906358, 20.363167777533945 ], [ 83.569950738899692, 20.387293137566864 ], [ 83.554752852217462, 20.399681835962145 ], [ 83.499389122160778, 20.416308773282129 ], [ 83.489980906595591, 20.405224148402141 ], [ 83.497579849936699, 20.434565802496227 ], [ 83.486362362147432, 20.453800886846796 ], [ 83.486000507702613, 20.453474868467975 ], [ 83.422314125415184, 20.402942019750377 ], [ 83.40820180206741, 20.368058053216295 ], [ 83.387214244268137, 20.346866858592787 ], [ 83.364055559799979, 20.34328065642573 ], [ 83.361522578686277, 20.317525204498697 ], [ 83.300007323067732, 20.305136506103416 ], [ 83.284809436385515, 20.28003309093403 ], [ 83.237768358559563, 20.256885786037579 ], [ 83.239215776338824, 20.229826260595253 ], [ 83.22510345299105, 20.204396827047045 ], [ 83.189641717399184, 20.176359246468248 ], [ 83.14477176624213, 20.16951286051296 ], [ 83.126679044001378, 20.194942294061171 ], [ 83.101711087309141, 20.192008128651764 ], [ 83.091217308409512, 20.200484606501167 ], [ 83.060821535045051, 20.186139797832944 ], [ 83.034406160573567, 20.18679183459059 ], [ 83.015951583887997, 20.171794989164724 ], [ 82.926211681573903, 20.180271467014126 ], [ 82.911013794891673, 20.167882768618846 ], [ 82.909566377112412, 20.147343610752984 ], [ 82.820550183687928, 20.165600639967082 ], [ 82.815846075905341, 20.166578695103553 ], [ 82.816207930350146, 20.167882768618846 ], [ 82.817293493684602, 20.184183687560004 ], [ 82.817655348129406, 20.187443871348236 ], [ 82.847327412604244, 20.1939642389247 ], [ 82.861801590396837, 20.229826260595253 ], [ 82.852031520386831, 20.241562922232891 ], [ 82.856373773724613, 20.274490778494034 ], [ 82.846603703714607, 20.288509568783432 ], [ 82.846241849269788, 20.288835587162254 ], [ 82.829596544808311, 20.278402999039912 ], [ 82.826339854804971, 20.281337164449322 ], [ 82.811865677012378, 20.294051881223425 ], [ 82.811503822567559, 20.294051881223425 ], [ 82.816931639239783, 20.316221130983404 ], [ 82.835024361480535, 20.320133351529282 ], [ 82.8368336337046, 20.294051881223425 ], [ 82.846965558159425, 20.2894876239199 ], [ 82.852393374831649, 20.33610825209162 ], [ 82.835748070370158, 20.334804178576327 ], [ 82.815122367015704, 20.356973428336303 ], [ 82.812589385902001, 20.325675663969278 ], [ 82.789430701433844, 20.322741498559868 ], [ 82.791239973657923, 20.345562785077494 ], [ 82.813674949236443, 20.362189722397478 ], [ 82.816207930350146, 20.379468696475108 ], [ 82.804628588116074, 20.384032953778632 ], [ 82.772785396972353, 20.352735189411604 ], [ 82.727553591370494, 20.357299446715128 ], [ 82.717783521360488, 20.358277501851596 ], [ 82.713803122467525, 20.358603520230421 ], [ 82.73081028137382, 20.381750825126868 ], [ 82.697519672450852, 20.42445923275271 ], [ 82.697519672450852, 20.42445923275271 ], [ 82.697519672450852, 20.424785251131532 ], [ 82.697157818006033, 20.444998390618572 ], [ 82.692815564668251, 20.450214684679743 ], [ 82.687387747996027, 20.456409033877382 ], [ 82.684492912437506, 20.459995236044438 ], [ 82.706204179126402, 20.503029662049101 ], [ 82.711270141353822, 20.569211392950212 ], [ 82.729724718039378, 20.583882219997257 ], [ 82.743113332497529, 20.629524793032505 ], [ 82.728277300260117, 20.638001270881908 ], [ 82.732257699153081, 20.652998116307778 ], [ 82.719954648029372, 20.676797457961872 ], [ 82.694986691337149, 20.683317825538335 ], [ 82.694262982447512, 20.683317825538335 ], [ 82.700776362454178, 20.728308361815937 ], [ 82.708013451350482, 20.727004288300645 ], [ 82.734790680266784, 20.722114012618295 ], [ 82.746370022500869, 20.769386677547661 ], [ 82.771699833637911, 20.801010460293512 ], [ 82.888578819313139, 20.9076184701687 ], [ 82.917889029343158, 20.899468010698122 ], [ 82.925849827129085, 20.882841073378138 ], [ 82.96710123383798, 20.892947643121655 ], [ 82.980489848296145, 20.845674978192292 ], [ 83.002562969429846, 20.848609143601699 ], [ 83.01450416610875, 20.86164987875463 ], [ 83.032596888349488, 20.852847382526402 ], [ 83.086875055071729, 20.857737658208748 ], [ 83.102434796198779, 20.874690613907557 ], [ 83.130297588449523, 20.857737658208748 ], [ 83.14477176624213, 20.880884963105199 ], [ 83.191450989623249, 20.895881808531065 ], [ 83.216780800760304, 20.930113738307501 ], [ 83.251518827462533, 20.916420966396927 ], [ 83.252604390796975, 20.897185882046358 ], [ 83.277210493044393, 20.868170246331093 ], [ 83.279381619713291, 20.841762757646414 ], [ 83.284809436385515, 20.853173400905224 ], [ 83.318461899753302, 20.860019786860512 ], [ 83.328955678652932, 20.880884963105199 ], [ 83.350666945341828, 20.873060522013439 ], [ 83.40494511206407, 20.889035422575777 ], [ 83.415800745408518, 20.907292451789878 ], [ 83.379977155371847, 20.939894289672196 ], [ 83.391918352050737, 20.963367612947469 ], [ 83.386490535378513, 20.98879704649568 ], [ 83.361160724241458, 21.0031418551639 ], [ 83.332574223101076, 20.980646587025099 ], [ 83.326784551984048, 20.994665377314497 ], [ 83.295665069729964, 21.013574443286242 ], [ 83.322080444201447, 21.055956832533258 ], [ 83.322080444201447, 21.056282850912083 ], [ 83.342344293111083, 21.056282850912083 ], [ 83.352114363121089, 21.070953677959128 ], [ 83.378529737592586, 21.060521089836783 ], [ 83.391918352050737, 21.069649604443835 ], [ 83.424847106528887, 21.030201380606226 ], [ 83.457052152117427, 21.057912942806198 ] ] ] } },
{ "type": "Feature", "properties": { "dt_code": "391", "district": "Boudh", "st_code": "21", "year": "2011_c", "st_nm": "Odisha" }, "geometry": { "type": "Polygon", "coordinates": [ [ [ 83.601793930043399, 20.530741224249073 ], [ 83.644130900086751, 20.536609555067891 ], [ 83.683934889016399, 20.55877880482787 ], [ 83.730252257952714, 20.608985635166643 ], [ 83.732061530176779, 20.622678407077217 ], [ 83.715778080160106, 20.640283399533672 ], [ 83.757753195758639, 20.717223736935949 ], [ 83.76245730354124, 20.780145284048828 ], [ 83.782721152450875, 20.800358423535865 ], [ 83.785254133564578, 20.801336478672336 ], [ 83.836999319173117, 20.825461838705252 ], [ 83.896343448122764, 20.817311379234674 ], [ 83.93687114594205, 20.842088776025236 ], [ 84.012498724908369, 20.840458684131121 ], [ 84.04108522604875, 20.820897581401727 ], [ 84.107304589449882, 20.837850537100536 ], [ 84.192340383981403, 20.889361440954602 ], [ 84.19849190954325, 20.890665514469895 ], [ 84.222012448456226, 20.894251716636948 ], [ 84.230335100686972, 20.895881808531065 ], [ 84.232144372911037, 20.894903753394594 ], [ 84.235039208469559, 20.894903753394594 ], [ 84.266520545168461, 20.881536999862846 ], [ 84.266520545168461, 20.881210981484021 ], [ 84.302705989649951, 20.859367750102866 ], [ 84.347937795251823, 20.83230822466054 ], [ 84.351194485255164, 20.825787857084077 ], [ 84.349023358586265, 20.782101394321767 ], [ 84.349023358586265, 20.781775375942942 ], [ 84.349747067475903, 20.780797320806474 ], [ 84.360240846375532, 20.76612649375943 ], [ 84.36964906194072, 20.761562236455905 ], [ 84.412709740873694, 20.740371041832397 ], [ 84.417413848656295, 20.738414931559458 ], [ 84.418499411990737, 20.738088913180633 ], [ 84.462645654258168, 20.735480766150047 ], [ 84.515838257645953, 20.70222689151008 ], [ 84.560708208803007, 20.690164211493624 ], [ 84.639230623327862, 20.623656462213688 ], [ 84.761899280120119, 20.608007580030176 ], [ 84.76660338790272, 20.603443322726648 ], [ 84.790123926815681, 20.581274072966671 ], [ 84.786867236812355, 20.550628345357289 ], [ 84.766241533457901, 20.531719279385545 ], [ 84.740549867876041, 20.540847793992594 ], [ 84.712687075625297, 20.523568819914964 ], [ 84.711239657846036, 20.506615864216158 ], [ 84.696765480053429, 20.497487349609106 ], [ 84.692785081160466, 20.470101805787959 ], [ 84.680843884481575, 20.459995236044438 ], [ 84.691337663381205, 20.450214684679743 ], [ 84.680843884481575, 20.432609692223288 ], [ 84.64682956666897, 20.423481177616239 ], [ 84.618243065528588, 20.434239784117405 ], [ 84.6041307421808, 20.419894975449182 ], [ 84.590018418833026, 20.423481177616239 ], [ 84.563603044361528, 20.411092479220958 ], [ 84.542615486562269, 20.418590901933889 ], [ 84.510048586528924, 20.395117578658621 ], [ 84.481823939833347, 20.384032953778632 ], [ 84.46373121759261, 20.397725725689206 ], [ 84.464816780927052, 20.441412188451515 ], [ 84.464816780927052, 20.445650427376219 ], [ 84.464816780927052, 20.44597644575504 ], [ 84.455408565361864, 20.466189585242081 ], [ 84.425736500887041, 20.485424669592646 ], [ 84.433697298672968, 20.508897992867919 ], [ 84.388103638626276, 20.530415205870252 ], [ 84.381228404174806, 20.558452786449045 ], [ 84.394255164188138, 20.576057778905501 ], [ 84.379780986395545, 20.588446477300781 ], [ 84.368925353051097, 20.650715987656014 ], [ 84.356984156372192, 20.670929127143054 ], [ 84.320075003001079, 20.687230046084213 ], [ 84.318265730777, 20.688534119599506 ], [ 84.317542021887363, 20.688208101220681 ], [ 84.276652469623272, 20.672233200658347 ], [ 84.28063286851625, 20.635393123851323 ], [ 84.271948361840685, 20.636045160608969 ], [ 84.256750475158455, 20.601813230832533 ], [ 84.225269138459552, 20.581926109724318 ], [ 84.185827003974723, 20.584208238376078 ], [ 84.17605693396473, 20.599205083801948 ], [ 84.144937451710632, 20.57801388917844 ], [ 84.104771608336179, 20.591706661089013 ], [ 84.060263511623944, 20.589750550816074 ], [ 84.004899781567246, 20.568559356192566 ], [ 83.979569970430205, 20.585838330270196 ], [ 83.937956709276492, 20.584208238376078 ], [ 83.929634057045746, 20.596270918392538 ], [ 83.940851544835013, 20.60474739624194 ], [ 83.921311404815, 20.610289708681936 ], [ 83.912626898139436, 20.579317962693732 ], [ 83.873546618099425, 20.582252128103139 ], [ 83.841341572510899, 20.545086032917297 ], [ 83.819630305822002, 20.544433996159647 ], [ 83.819268451377184, 20.521938728020846 ], [ 83.795747912464208, 20.508897992867919 ], [ 83.811307653591257, 20.462929401453849 ], [ 83.828314812497553, 20.452170794952682 ], [ 83.813116925815336, 20.454778941983268 ], [ 83.814564343594597, 20.436195894390345 ], [ 83.806241691363851, 20.431305618707995 ], [ 83.785977842454216, 20.442064225209162 ], [ 83.780188171337173, 20.40718025867508 ], [ 83.719396624608265, 20.435217839253873 ], [ 83.692257541247145, 20.414026644630365 ], [ 83.676335945675277, 20.429023490056235 ], [ 83.674888527896016, 20.430327563571527 ], [ 83.670908129003053, 20.426089324646824 ], [ 83.665842166775647, 20.421199048964475 ], [ 83.664032894551568, 20.422177104100946 ], [ 83.619886652284151, 20.445324408997394 ], [ 83.617715525615267, 20.458365144150321 ], [ 83.583339353357843, 20.48770679824441 ], [ 83.570312593344497, 20.484772632835003 ], [ 83.581168226688945, 20.521612709642024 ], [ 83.601793930043399, 20.527481040460842 ], [ 83.603965056712298, 20.528133077218488 ], [ 83.601793930043399, 20.530741224249073 ] ] ] } },
{ "type": "Feature", "properties": { "dt_code": "381", "district": "Cuttack", "st_code": "21", "year": "2011_c", "st_nm": "Odisha" }, "geometry": { "type": "Polygon", "coordinates": [ [ [ 85.127010414938411, 20.616158039500753 ], [ 85.178393746102131, 20.601161194074887 ], [ 85.207703956132136, 20.576057778905501 ], [ 85.196848322787687, 20.567255282677273 ], [ 85.21132250058028, 20.548346216705529 ], [ 85.251126489509929, 20.518678544232614 ], [ 85.293825313998099, 20.5170484523385 ], [ 85.349912752944405, 20.497161331230284 ], [ 85.382117798532946, 20.500421515018516 ], [ 85.399848666328879, 20.487380779865589 ], [ 85.408171318559624, 20.488032816623235 ], [ 85.405638337445907, 20.509224011246744 ], [ 85.41468469856629, 20.509224011246744 ], [ 85.456659814164823, 20.484446614456179 ], [ 85.503700891990761, 20.536609555067891 ], [ 85.585118142074123, 20.513788268550268 ], [ 85.599230465421911, 20.538239646962008 ], [ 85.656041613257855, 20.550302326978468 ], [ 85.689694076625642, 20.596270918392538 ], [ 85.708872362200836, 20.60539943299959 ], [ 85.713214615538618, 20.614853965985461 ], [ 85.706339381087133, 20.620722296804278 ], [ 85.70561567219751, 20.624308498971335 ], [ 85.711405343314539, 20.631806921684269 ], [ 85.720813558879726, 20.639957381154847 ], [ 85.732754755558631, 20.643869601700725 ], [ 85.754466022247527, 20.636045160608969 ], [ 85.762426820033454, 20.661800612536002 ], [ 85.781243251163829, 20.663104686051295 ], [ 85.787032922280872, 20.672233200658347 ], [ 85.810191606749029, 20.660170520641888 ], [ 85.849633741233859, 20.66864699849129 ], [ 85.888352166829051, 20.65854042874777 ], [ 85.910063433517948, 20.689838193114799 ], [ 85.909701579073129, 20.692120321766559 ], [ 85.915491250190172, 20.701248836373612 ], [ 85.916576813524614, 20.702552909888905 ], [ 85.957828220233523, 20.684947917432449 ], [ 85.965427163574631, 20.666690888218351 ], [ 85.981710613591304, 20.661800612536002 ], [ 85.985329158039463, 20.660822557399534 ], [ 85.992204392490947, 20.652346079550131 ], [ 86.004145589169838, 20.637675252503087 ], [ 86.024771292524292, 20.6125718373337 ], [ 86.041054742540965, 20.593010734604306 ], [ 86.041416596985769, 20.59235869784666 ], [ 86.077602041467273, 20.594640826498424 ], [ 86.08701025703246, 20.617136094637225 ], [ 86.117044175952103, 20.613875910848993 ], [ 86.144906968202847, 20.642239509806611 ], [ 86.173855323788047, 20.644521638458372 ], [ 86.187243938246198, 20.658214410368949 ], [ 86.188691356025458, 20.639305344397201 ], [ 86.16408525377804, 20.638001270881908 ], [ 86.183625393798053, 20.625938590865452 ], [ 86.201356261593986, 20.632458958441916 ], [ 86.208593350490275, 20.615832021121932 ], [ 86.250568466088822, 20.60539943299959 ], [ 86.277345695005124, 20.583556201618432 ], [ 86.280240530563646, 20.581274072966671 ], [ 86.280240530563646, 20.581274072966671 ], [ 86.272641587222523, 20.564321117267866 ], [ 86.266128207215857, 20.563343062131395 ], [ 86.263957080546973, 20.560408896721984 ], [ 86.270832314998458, 20.55877880482787 ], [ 86.249121048309561, 20.53856566534083 ], [ 86.249482902754366, 20.536283536689069 ], [ 86.276621986115487, 20.518352525853793 ], [ 86.268299333884741, 20.508245956110272 ], [ 86.277707549449929, 20.496183276093813 ], [ 86.262509662767712, 20.485424669592646 ], [ 86.274089005001784, 20.454778941983268 ], [ 86.264680789436596, 20.451192739816211 ], [ 86.275174568336226, 20.446628482512686 ], [ 86.26866118832956, 20.425437287889178 ], [ 86.277707549449929, 20.422503122479768 ], [ 86.265404498326234, 20.405550166780962 ], [ 86.273003441667342, 20.387945174324511 ], [ 86.26142409943327, 20.386967119188039 ], [ 86.257443700540293, 20.37490443917158 ], [ 86.251654029423264, 20.379794714853929 ], [ 86.248759193864743, 20.367406016458649 ], [ 86.248035484975105, 20.364797869428063 ], [ 86.236817997185852, 20.364471851049238 ], [ 86.211850040493616, 20.36349379591277 ], [ 86.198823280480283, 20.363167777533945 ], [ 86.194481027142501, 20.369362126731588 ], [ 86.164447108222859, 20.379142678096283 ], [ 86.137308024861738, 20.356973428336303 ], [ 86.104017415938756, 20.373926384035112 ], [ 86.089543238146163, 20.362189722397478 ], [ 86.089181383701344, 20.361863704018653 ], [ 86.027304273637995, 20.401637946235084 ], [ 86.026580564748357, 20.401963964613905 ], [ 86.011020823621323, 20.377512586202165 ], [ 86.039245470316885, 20.287531513646961 ], [ 86.046844413657993, 20.279055035797558 ], [ 86.066746408122825, 20.266340319023453 ], [ 86.077602041467273, 20.244497087642298 ], [ 86.150696639319889, 20.213851360032919 ], [ 86.138755442640999, 20.195268312439993 ], [ 86.168065652671004, 20.167882768618846 ], [ 86.146354385982107, 20.172773044301195 ], [ 86.141650278199521, 20.144083426964752 ], [ 86.164447108222859, 20.114089736113016 ], [ 86.15395332932323, 20.09126844959539 ], [ 86.182901684908416, 20.056710501440133 ], [ 86.18109241268435, 20.054102354409547 ], [ 86.170960488229525, 20.039431527362503 ], [ 86.125366828182848, 20.037475417089563 ], [ 86.116682321507284, 20.047255968454259 ], [ 86.116682321507284, 20.047255968454259 ], [ 86.117406030396921, 20.04823402359073 ], [ 86.123557555958769, 20.059318648470718 ], [ 86.1145111948384, 20.064208924153064 ], [ 86.109807087055799, 20.066491052804828 ], [ 86.08701025703246, 20.058340593334247 ], [ 86.075430914798375, 20.077575677684816 ], [ 86.077602041467273, 20.079205769578934 ], [ 86.088457674811721, 20.086052155534219 ], [ 86.087733965922084, 20.089638357701276 ], [ 86.08701025703246, 20.093224559868332 ], [ 86.0855628392532, 20.100722982581264 ], [ 86.080858731470599, 20.10430918474832 ], [ 86.044311432544291, 20.131368710190646 ], [ 86.033093944755038, 20.139845188040049 ], [ 86.031646526975777, 20.14082324317652 ], [ 86.032732090310219, 20.14082324317652 ], [ 86.044311432544291, 20.14082324317652 ], [ 86.053357793664674, 20.163970548072967 ], [ 86.037436198092806, 20.179293411877659 ], [ 86.021514602520952, 20.167556750240021 ], [ 86.027666128082814, 20.182227577287065 ], [ 86.01717234918317, 20.186139797832944 ], [ 86.004145589169838, 20.224609966534082 ], [ 85.989671411377245, 20.225914040049375 ], [ 85.949867422447596, 20.271230594705802 ], [ 85.931050991317221, 20.270904576326977 ], [ 85.938288080213511, 20.282641237964615 ], [ 85.910063433517948, 20.319481314771636 ], [ 85.915491250190172, 20.327631774242217 ], [ 85.927432446869062, 20.313286965573994 ], [ 85.926708737979439, 20.329587884515156 ], [ 85.899569654618318, 20.353713244548072 ], [ 85.89739852794942, 20.371970273762173 ], [ 85.878943951263864, 20.357299446715128 ], [ 85.865917191250531, 20.40000785434097 ], [ 85.823942075651985, 20.408484332190373 ], [ 85.82358022120718, 20.408484332190373 ], [ 85.816343132310877, 20.430979600329174 ], [ 85.798612264514944, 20.432609692223288 ], [ 85.785223650056793, 20.433913765738581 ], [ 85.785223650056793, 20.411744515978604 ], [ 85.771835035598642, 20.40424609326567 ], [ 85.771111326709004, 20.403920074886848 ], [ 85.767492782260859, 20.415982754903304 ], [ 85.71610945109714, 20.40424609326567 ], [ 85.677029171057129, 20.324371590453985 ], [ 85.66472611993342, 20.331870013166917 ], [ 85.643014853244523, 20.325675663969278 ], [ 85.62347471322451, 20.29242178932931 ], [ 85.565216147609306, 20.29959419366342 ], [ 85.550380115371894, 20.312960947195172 ], [ 85.548570843147814, 20.301876322315184 ], [ 85.524326595345215, 20.305788542861062 ], [ 85.510576126442245, 20.291117715814018 ], [ 85.459192795278526, 20.29731206501166 ], [ 85.451231997492599, 20.264384208750513 ], [ 85.419388806348877, 20.273512723357562 ], [ 85.4027435018874, 20.261124024962282 ], [ 85.398401248549618, 20.25786384117405 ], [ 85.396591976325539, 20.268622447675217 ], [ 85.381755944088127, 20.286879476889315 ], [ 85.36185394962331, 20.276446888766973 ], [ 85.354616860727006, 20.272534668221095 ], [ 85.33435301181737, 20.278076980661091 ], [ 85.330010758479588, 20.278402999039912 ], [ 85.354255006282187, 20.301876322315184 ], [ 85.350274607389224, 20.334804178576327 ], [ 85.372709582967758, 20.351757134275132 ], [ 85.366558057405896, 20.367079998079824 ], [ 85.271390338419565, 20.359581575366889 ], [ 85.196486468342869, 20.380772769990401 ], [ 85.1584917516373, 20.378490641338637 ], [ 84.948978028089456, 20.488684853380882 ], [ 84.878054556905724, 20.50205160691263 ], [ 84.8483824924309, 20.528133077218488 ], [ 84.897594696925722, 20.582252128103139 ], [ 84.943188356972414, 20.581926109724318 ], [ 84.979735655898722, 20.565299172404334 ], [ 84.987696453684649, 20.5802960178302 ], [ 85.027500442614297, 20.589750550816074 ], [ 85.055363234865041, 20.577687870799615 ], [ 85.073817811550612, 20.581274072966671 ], [ 85.090824970456907, 20.618766186531339 ], [ 85.121220743821368, 20.6125718373337 ], [ 85.121582598266187, 20.612245818954875 ], [ 85.121582598266187, 20.612897855712522 ], [ 85.127010414938411, 20.616158039500753 ] ] ] } },
{ "type": "Feature", "properties": { "dt_code": "390", "district": "Kandhamal", "st_code": "21", "year": "2011_c", "st_nm": "Odisha" }, "geometry": { "type": "Polygon", "coordinates": [ [ [ 83.651006134538235, 20.388597211082157 ], [ 83.655710242320836, 20.398377762446852 ], [ 83.658243223434539, 20.414026644630365 ], [ 83.665842166775647, 20.421199048964475 ], [ 83.670908129003053, 20.426089324646824 ], [ 83.674888527896016, 20.430327563571527 ], [ 83.676335945675277, 20.429023490056235 ], [ 83.692257541247145, 20.414026644630365 ], [ 83.719396624608265, 20.435217839253873 ], [ 83.780188171337173, 20.40718025867508 ], [ 83.785977842454216, 20.442064225209162 ], [ 83.806241691363851, 20.431305618707995 ], [ 83.814564343594597, 20.436195894390345 ], [ 83.813116925815336, 20.454778941983268 ], [ 83.828314812497553, 20.452170794952682 ], [ 83.811307653591257, 20.462929401453849 ], [ 83.795747912464208, 20.508897992867919 ], [ 83.819268451377184, 20.521938728020846 ], [ 83.819630305822002, 20.544433996159647 ], [ 83.841341572510899, 20.545086032917297 ], [ 83.873546618099425, 20.582252128103139 ], [ 83.912626898139436, 20.579317962693732 ], [ 83.921311404815, 20.610289708681936 ], [ 83.940851544835013, 20.60474739624194 ], [ 83.929634057045746, 20.596270918392538 ], [ 83.937956709276492, 20.584208238376078 ], [ 83.979569970430205, 20.585838330270196 ], [ 84.004899781567246, 20.568559356192566 ], [ 84.060263511623944, 20.589750550816074 ], [ 84.104771608336179, 20.591706661089013 ], [ 84.144937451710632, 20.57801388917844 ], [ 84.17605693396473, 20.599205083801948 ], [ 84.185827003974723, 20.584208238376078 ], [ 84.225269138459552, 20.581926109724318 ], [ 84.256750475158455, 20.601813230832533 ], [ 84.271948361840685, 20.636045160608969 ], [ 84.28063286851625, 20.635393123851323 ], [ 84.276652469623272, 20.672233200658347 ], [ 84.317542021887363, 20.688208101220681 ], [ 84.318265730777, 20.688534119599506 ], [ 84.320075003001079, 20.687230046084213 ], [ 84.356984156372192, 20.670929127143054 ], [ 84.368925353051097, 20.650715987656014 ], [ 84.379780986395545, 20.588446477300781 ], [ 84.394255164188138, 20.576057778905501 ], [ 84.381228404174806, 20.558452786449045 ], [ 84.388103638626276, 20.530415205870252 ], [ 84.433697298672968, 20.508897992867919 ], [ 84.425736500887041, 20.485424669592646 ], [ 84.455408565361864, 20.466189585242081 ], [ 84.464816780927052, 20.44597644575504 ], [ 84.464816780927052, 20.445650427376219 ], [ 84.464816780927052, 20.441412188451515 ], [ 84.46373121759261, 20.397725725689206 ], [ 84.481823939833347, 20.384032953778632 ], [ 84.510048586528924, 20.395117578658621 ], [ 84.520542365428554, 20.381098788369222 ], [ 84.51837123875967, 20.369036108352763 ], [ 84.483271357612608, 20.347844913729254 ], [ 84.493403282067433, 20.333500105061034 ], [ 84.51185785875299, 20.337738343985734 ], [ 84.514752694311511, 20.319155296392815 ], [ 84.542977341007074, 20.323067516938693 ], [ 84.552023702127457, 20.283945311479908 ], [ 84.54225363211745, 20.25069143683994 ], [ 84.543701049896711, 20.248735326567001 ], [ 84.586761728829686, 20.174403136195309 ], [ 84.587123583274504, 20.173425081058838 ], [ 84.558175227689304, 20.157450180496504 ], [ 84.560708208803007, 20.139193151282402 ], [ 84.525970182100778, 20.144083426964752 ], [ 84.523075346542257, 20.152559904814154 ], [ 84.508963023194468, 20.136585004251817 ], [ 84.486889902060767, 20.14082324317652 ], [ 84.453599293137785, 20.166904713482374 ], [ 84.45866525536519, 20.186139797832944 ], [ 84.459388964254828, 20.188095908105883 ], [ 84.459388964254828, 20.188095908105883 ], [ 84.458303400920386, 20.189726 ], [ 84.451428166468901, 20.199832569743521 ], [ 84.450704457579263, 20.199832569743521 ], [ 84.435144716452228, 20.200484606501167 ], [ 84.43478286200741, 20.200484606501167 ], [ 84.441658096458895, 20.146691573995337 ], [ 84.404387088642949, 20.083444008503633 ], [ 84.418137557545919, 20.049538097106023 ], [ 84.363497536378873, 20.025738755451925 ], [ 84.35770786526183, 20.032911159786039 ], [ 84.322607984114782, 19.990202752160197 ], [ 84.322246129669963, 19.990202752160197 ], [ 84.335634744128114, 19.978140072143738 ], [ 84.35589859303775, 19.989550715402551 ], [ 84.389912910850356, 19.955970822383762 ], [ 84.404748943087768, 19.962491189960225 ], [ 84.46373121759261, 19.953362675353176 ], [ 84.461560090923712, 19.85718725360033 ], [ 84.444191077572597, 19.844798555205049 ], [ 84.444191077572597, 19.835670040597996 ], [ 84.435506570897047, 19.836974114113289 ], [ 84.43152617200407, 19.8399082795227 ], [ 84.412709740873694, 19.840560316280346 ], [ 84.378695423061089, 19.845776610341517 ], [ 84.358431574151453, 19.863381602797972 ], [ 84.324417256338847, 19.872184099026196 ], [ 84.30632453409811, 19.908698157454396 ], [ 84.274481342954388, 19.879682521739131 ], [ 84.185103295085099, 19.860447437388562 ], [ 84.199939327322511, 19.835344022219175 ], [ 84.173885807295832, 19.823281342202716 ], [ 84.165201300620282, 19.805350331367439 ], [ 84.173162098406209, 19.79328765135098 ], [ 84.130463273918039, 19.780246916198053 ], [ 84.159773483948044, 19.738516563708682 ], [ 84.152898249496573, 19.724823791798109 ], [ 84.181484750636955, 19.737538508572214 ], [ 84.201386745101772, 19.733952306405158 ], [ 84.189083693978063, 19.705914725826361 ], [ 84.199215618432873, 19.687005659854616 ], [ 84.239019607362522, 19.665162428473462 ], [ 84.247342259593267, 19.6446232706076 ], [ 84.22418357512511, 19.627018278151144 ], [ 84.235401062914377, 19.595068477026473 ], [ 84.233953645135117, 19.573225245645318 ], [ 84.215499068449546, 19.584961907282953 ], [ 84.205005289549916, 19.579745613221782 ], [ 84.206814561773996, 19.592134311617063 ], [ 84.203557871770656, 19.59311236675353 ], [ 84.152898249496573, 19.583331815388835 ], [ 84.13010141947322, 19.629952443560555 ], [ 84.105857171670621, 19.623106057605266 ], [ 84.083060341647283, 19.632886608969962 ], [ 84.043256352717634, 19.627344296529969 ], [ 84.02733475714578, 19.636798829515843 ], [ 84.009603889349847, 19.618867818680567 ], [ 84.003452363788, 19.628648370045262 ], [ 83.966543210416873, 19.623758094362913 ], [ 83.954963868182787, 19.636146792758197 ], [ 83.940127835945376, 19.635168737621726 ], [ 83.923844385928703, 19.663532336579344 ], [ 83.936147437052412, 19.6713567776711 ], [ 83.92312067703908, 19.677551126868742 ], [ 83.911179480360175, 19.67624705335345 ], [ 83.872822909209802, 19.671682796049925 ], [ 83.854006478079427, 19.685701586339324 ], [ 83.844960116959044, 19.709174909614593 ], [ 83.832657065835335, 19.706892780962832 ], [ 83.814564343594597, 19.720585552873406 ], [ 83.79140565912644, 19.71080500150871 ], [ 83.766437702434203, 19.716021295569881 ], [ 83.763181012430863, 19.676573071732271 ], [ 83.742193454631604, 19.655055858729941 ], [ 83.728804840173453, 19.654729840351116 ], [ 83.722653314611591, 19.671682796049925 ], [ 83.695152376805652, 19.690917880400495 ], [ 83.647749444534895, 19.657990024139352 ], [ 83.634722684521563, 19.6713567776711 ], [ 83.643769045641932, 19.69646019284049 ], [ 83.63218970340786, 19.730692122616926 ], [ 83.625676323401194, 19.744710912906324 ], [ 83.607945455605261, 19.750253225346317 ], [ 83.621334070063412, 19.775356640515703 ], [ 83.619162943394514, 19.814478845974488 ], [ 83.606859892270819, 19.816108937868606 ], [ 83.599984657819334, 19.834365967082704 ], [ 83.585510480026727, 19.822955323823891 ], [ 83.52797562330116, 19.854905124948566 ], [ 83.52797562330116, 19.855557161706212 ], [ 83.526890059966703, 19.877726411466192 ], [ 83.559818814444867, 19.929889352077904 ], [ 83.499750976605583, 19.958252951035522 ], [ 83.495770577712619, 19.960209061308461 ], [ 83.495046868822996, 19.960535079687286 ], [ 83.50047468549522, 19.993788954327254 ], [ 83.523271515518559, 20.016610240844877 ], [ 83.542449801093753, 20.020522461390755 ], [ 83.554390997772643, 20.053776336030722 ], [ 83.568503321120431, 20.056384483061308 ], [ 83.572121865568576, 20.085400118776572 ], [ 83.58804346114043, 20.09909289068715 ], [ 83.584424916692285, 20.114089736113016 ], [ 83.635808247856005, 20.087356229049512 ], [ 83.675974091230472, 20.110829552324784 ], [ 83.710712117932701, 20.10137501933891 ], [ 83.715778080160106, 20.129086581538886 ], [ 83.726633713504555, 20.125174360993004 ], [ 83.732785239066416, 20.147343610752984 ], [ 83.76245730354124, 20.163970548072967 ], [ 83.773674791330507, 20.159406290769443 ], [ 83.789958241347179, 20.178641375120012 ], [ 83.782721152450875, 20.212547286517626 ], [ 83.731699675731974, 20.209613121108216 ], [ 83.740384182407524, 20.222001819503497 ], [ 83.719034770163447, 20.236998664929366 ], [ 83.717587352384186, 20.290139660677546 ], [ 83.70058019347789, 20.351757134275132 ], [ 83.705646155705296, 20.368058053216295 ], [ 83.653539115651938, 20.384684990536279 ], [ 83.653900970096757, 20.387293137566864 ], [ 83.651006134538235, 20.388597211082157 ] ] ] } },
{ "type": "Feature", "properties": { "dt_code": "385", "district": "Nayagarh", "st_code": "21", "year": "2011_c", "st_nm": "Odisha" }, "geometry": { "type": "Polygon", "coordinates": [ [ [ 84.510048586528924, 20.395117578658621 ], [ 84.542615486562269, 20.418590901933889 ], [ 84.563603044361528, 20.411092479220958 ], [ 84.590018418833026, 20.423481177616239 ], [ 84.6041307421808, 20.419894975449182 ], [ 84.618243065528588, 20.434239784117405 ], [ 84.64682956666897, 20.423481177616239 ], [ 84.680843884481575, 20.432609692223288 ], [ 84.691337663381205, 20.450214684679743 ], [ 84.680843884481575, 20.459995236044438 ], [ 84.692785081160466, 20.470101805787959 ], [ 84.696765480053429, 20.497487349609106 ], [ 84.711239657846036, 20.506615864216158 ], [ 84.712687075625297, 20.523568819914964 ], [ 84.740549867876041, 20.540847793992594 ], [ 84.766241533457901, 20.531719279385545 ], [ 84.786867236812355, 20.550628345357289 ], [ 84.790123926815681, 20.581274072966671 ], [ 84.76660338790272, 20.603443322726648 ], [ 84.8483824924309, 20.528133077218488 ], [ 84.878054556905724, 20.50205160691263 ], [ 84.948978028089456, 20.488684853380882 ], [ 85.1584917516373, 20.378490641338637 ], [ 85.196486468342869, 20.380772769990401 ], [ 85.271390338419565, 20.359581575366889 ], [ 85.366558057405896, 20.367079998079824 ], [ 85.372709582967758, 20.351757134275132 ], [ 85.350274607389224, 20.334804178576327 ], [ 85.354255006282187, 20.301876322315184 ], [ 85.330010758479588, 20.278402999039912 ], [ 85.328925195145146, 20.277098925524619 ], [ 85.324221087362545, 20.258189859552871 ], [ 85.340866391824036, 20.254929675764643 ], [ 85.340142682934413, 20.252647547112879 ], [ 85.339780828489594, 20.251343473597586 ], [ 85.338333410710334, 20.246453197915237 ], [ 85.326030359586625, 20.244823106021123 ], [ 85.32241181513848, 20.229826260595253 ], [ 85.256554306182153, 20.226566076807021 ], [ 85.254383179513269, 20.2262400584282 ], [ 85.245698672837705, 20.210917194623509 ], [ 85.244974963948081, 20.209939139487037 ], [ 85.244251255058444, 20.210591176244684 ], [ 85.232310058379554, 20.219393672472911 ], [ 85.227605950596953, 20.222653856261143 ], [ 85.222539988369547, 20.221023764367029 ], [ 85.205532829463252, 20.197876459470582 ], [ 85.200105012791028, 20.188421926484708 ], [ 85.200828721680651, 20.184509705938829 ], [ 85.21313177280436, 20.170490915649431 ], [ 85.202999848349549, 20.155820088602386 ], [ 85.212046209469918, 20.131368710190646 ], [ 85.235204893938075, 20.118980011795365 ], [ 85.243527546168821, 20.11865399341654 ], [ 85.27102848397476, 20.148647684268276 ], [ 85.271390338419565, 20.148647684268276 ], [ 85.311918036238836, 20.154842033465918 ], [ 85.312641745128474, 20.16951286051296 ], [ 85.313365454018097, 20.170164897270606 ], [ 85.324582941807364, 20.177989338362366 ], [ 85.327477777365885, 20.179945448635305 ], [ 85.327477777365885, 20.179945448635305 ], [ 85.339780828489594, 20.171142952407077 ], [ 85.346656062941079, 20.187443871348236 ], [ 85.353893151837383, 20.187443871348236 ], [ 85.35859725961997, 20.187443871348236 ], [ 85.361492095178491, 20.187443871348236 ], [ 85.36330136740257, 20.183857669181183 ], [ 85.368367329629976, 20.173751099437663 ], [ 85.369814747409237, 20.170816934028252 ], [ 85.355340569616629, 20.143757408585927 ], [ 85.385374488536272, 20.156146106981211 ], [ 85.38754561520517, 20.136911022630642 ], [ 85.41323728078703, 20.127456489644768 ], [ 85.415770261900732, 20.126804452887121 ], [ 85.400934229663321, 20.090616412837747 ], [ 85.38428892520183, 20.09192048635304 ], [ 85.380308526308866, 20.070729291729528 ], [ 85.400210520773683, 20.035193288437799 ], [ 85.41468469856629, 20.03323717816486 ], [ 85.415046553011109, 20.024760700315458 ], [ 85.43567225636555, 20.028672920861336 ], [ 85.41468469856629, 19.994114972706075 ], [ 85.43711967414481, 19.996397101357839 ], [ 85.450146434158157, 19.983682384583734 ], [ 85.454850541940743, 19.970641649430807 ], [ 85.435310401920745, 19.939669903442599 ], [ 85.430244439693325, 19.939669903442599 ], [ 85.417941388569616, 19.924021021259087 ], [ 85.383927070757011, 19.940321940200246 ], [ 85.382841507422569, 19.952058601837884 ], [ 85.360406531844049, 19.956622859141408 ], [ 85.327839631810704, 19.925977131532026 ], [ 85.243165691724002, 19.90609001042381 ], [ 85.210598791690657, 19.912284359621452 ], [ 85.163557713864719, 19.904785936908517 ], [ 85.16174844164064, 19.904459918529696 ], [ 85.123030016045433, 19.933801572623782 ], [ 85.026053024835036, 19.901199734741461 ], [ 84.944635774751674, 19.897613532574407 ], [ 84.939931666969073, 19.897287514195583 ], [ 84.927990470290183, 19.908372139075574 ], [ 84.907364766935729, 19.908046120696749 ], [ 84.92075338139388, 19.943256105609656 ], [ 84.92075338139388, 19.943256105609656 ], [ 84.917134836945735, 19.952058601837884 ], [ 84.901213241373881, 19.991832844054315 ], [ 84.900851386929062, 19.991832844054315 ], [ 84.862494815778675, 20.000635340282539 ], [ 84.857066999106451, 20.030303012755454 ], [ 84.811835193504592, 20.06681707118365 ], [ 84.798446579046427, 20.090616412837747 ], [ 84.806045522387549, 20.113763717734194 ], [ 84.822328972404222, 20.119632048553012 ], [ 84.831737187969409, 20.216459507063504 ], [ 84.831375333524591, 20.216785525442326 ], [ 84.765155970123459, 20.246453197915237 ], [ 84.73584576009344, 20.244171069263476 ], [ 84.704726277839356, 20.278729017418733 ], [ 84.699660315611951, 20.277750962282266 ], [ 84.672883086695649, 20.274164760115212 ], [ 84.672159377806011, 20.274164760115212 ], [ 84.672159377806011, 20.273838741736387 ], [ 84.672159377806011, 20.273838741736387 ], [ 84.647915130003412, 20.202766735152927 ], [ 84.597979216618953, 20.176359246468248 ], [ 84.58495245660562, 20.186465816211768 ], [ 84.586761728829686, 20.174403136195309 ], [ 84.543701049896711, 20.248735326567001 ], [ 84.54225363211745, 20.25069143683994 ], [ 84.552023702127457, 20.283945311479908 ], [ 84.542977341007074, 20.323067516938693 ], [ 84.514752694311511, 20.319155296392815 ], [ 84.51185785875299, 20.337738343985734 ], [ 84.493403282067433, 20.333500105061034 ], [ 84.483271357612608, 20.347844913729254 ], [ 84.51837123875967, 20.369036108352763 ], [ 84.520542365428554, 20.381098788369222 ], [ 84.510048586528924, 20.395117578658621 ] ] ] } },
{ "type": "Feature", "properties": { "dt_code": "386", "district": "Khordha", "st_code": "21", "year": "2011_c", "st_nm": "Odisha" }, "geometry": { "type": "Polygon", "coordinates": [ [ [ 85.330010758479588, 20.278402999039912 ], [ 85.33435301181737, 20.278076980661091 ], [ 85.354616860727006, 20.272534668221095 ], [ 85.36185394962331, 20.276446888766973 ], [ 85.381755944088127, 20.286879476889315 ], [ 85.396591976325539, 20.268622447675217 ], [ 85.398401248549618, 20.25786384117405 ], [ 85.4027435018874, 20.261124024962282 ], [ 85.419388806348877, 20.273512723357562 ], [ 85.451231997492599, 20.264384208750513 ], [ 85.459192795278526, 20.29731206501166 ], [ 85.510576126442245, 20.291117715814018 ], [ 85.524326595345215, 20.305788542861062 ], [ 85.548570843147814, 20.301876322315184 ], [ 85.550380115371894, 20.312960947195172 ], [ 85.565216147609306, 20.29959419366342 ], [ 85.62347471322451, 20.29242178932931 ], [ 85.643014853244523, 20.325675663969278 ], [ 85.66472611993342, 20.331870013166917 ], [ 85.677029171057129, 20.324371590453985 ], [ 85.71610945109714, 20.40424609326567 ], [ 85.767492782260859, 20.415982754903304 ], [ 85.771111326709004, 20.403920074886848 ], [ 85.771835035598642, 20.40424609326567 ], [ 85.785223650056793, 20.411744515978604 ], [ 85.785223650056793, 20.433913765738581 ], [ 85.798612264514944, 20.432609692223288 ], [ 85.816343132310877, 20.430979600329174 ], [ 85.82358022120718, 20.408484332190373 ], [ 85.823942075651985, 20.408484332190373 ], [ 85.865917191250531, 20.40000785434097 ], [ 85.878943951263864, 20.357299446715128 ], [ 85.89739852794942, 20.371970273762173 ], [ 85.899569654618318, 20.353713244548072 ], [ 85.926708737979439, 20.329587884515156 ], [ 85.927432446869062, 20.313286965573994 ], [ 85.915491250190172, 20.327631774242217 ], [ 85.910063433517948, 20.319481314771636 ], [ 85.938288080213511, 20.282641237964615 ], [ 85.931050991317221, 20.270904576326977 ], [ 85.949867422447596, 20.271230594705802 ], [ 85.989671411377245, 20.225914040049375 ], [ 86.004145589169838, 20.224609966534082 ], [ 86.01717234918317, 20.186139797832944 ], [ 86.027666128082814, 20.182227577287065 ], [ 86.021514602520952, 20.167556750240021 ], [ 86.037436198092806, 20.179293411877659 ], [ 86.053357793664674, 20.163970548072967 ], [ 86.044311432544291, 20.14082324317652 ], [ 86.032732090310219, 20.14082324317652 ], [ 86.031646526975777, 20.14082324317652 ], [ 86.033093944755038, 20.139845188040049 ], [ 86.044311432544291, 20.131368710190646 ], [ 86.080858731470599, 20.10430918474832 ], [ 86.081220585915418, 20.103657147990674 ], [ 86.075792769243193, 20.103331129611849 ], [ 86.071450515905411, 20.106917331778906 ], [ 86.02368572918985, 20.099744927444796 ], [ 86.004869298059461, 20.114089736113016 ], [ 85.999079626942432, 20.106917331778906 ], [ 85.959637492457603, 20.121914177204772 ], [ 85.952400403561299, 20.112459644218902 ], [ 85.947696295778698, 20.119306030174187 ], [ 85.924537611310541, 20.113111680976544 ], [ 85.904635616845724, 20.12582639775065 ], [ 85.8992078001735, 20.110177515567138 ], [ 85.882200641267204, 20.11148158908243 ], [ 85.872068716812379, 20.12354426909889 ], [ 85.903550053511282, 20.151907868056508 ], [ 85.887266603494609, 20.183531650802358 ], [ 85.851804867902743, 20.203744790289399 ], [ 85.842396652337555, 20.197876459470582 ], [ 85.856870830130148, 20.190704055136468 ], [ 85.856147121240525, 20.174729154574131 ], [ 85.844205924561635, 20.175707209710602 ], [ 85.83733069011015, 20.191682110272939 ], [ 85.825389493431246, 20.159080272390618 ], [ 85.805849353411247, 20.161362401042382 ], [ 85.800059682294204, 20.15027777616239 ], [ 85.763512383367896, 20.168534805376492 ], [ 85.764597946702338, 20.153537959950626 ], [ 85.752656750023448, 20.146691573995337 ], [ 85.759170130030114, 20.139845188040049 ], [ 85.728412502220849, 20.149625739404748 ], [ 85.720451704434922, 20.141801298312988 ], [ 85.724793957772704, 20.128108526402414 ], [ 85.719004286655661, 20.14310537182828 ], [ 85.703444545528612, 20.142453335070634 ], [ 85.69041778551528, 20.158428235632972 ], [ 85.674496189943426, 20.124196305856536 ], [ 85.692227057739359, 20.095506688520093 ], [ 85.671239499940086, 20.087682247428337 ], [ 85.679200297726013, 20.067795126320121 ], [ 85.649890087696008, 20.067143089562475 ], [ 85.64916637880637, 20.09713678041421 ], [ 85.631797365455256, 20.102679092854203 ], [ 85.643738562134146, 20.081813916609519 ], [ 85.618770605441924, 20.068773181456592 ], [ 85.612257225435243, 20.037801435468385 ], [ 85.630711802120814, 20.022152553284872 ], [ 85.613704643214504, 19.992810899190783 ], [ 85.606467554318215, 19.995745064600193 ], [ 85.614428352104142, 20.019544406254287 ], [ 85.591269667635984, 19.997049138115486 ], [ 85.571729527615972, 20.025738755451925 ], [ 85.570282109836711, 19.998353211630779 ], [ 85.561959457605965, 19.995745064600193 ], [ 85.57064396428153, 19.980096182416677 ], [ 85.555084223154481, 19.974553869976685 ], [ 85.566301710943748, 19.972597759703746 ], [ 85.563768729830045, 19.954666748868469 ], [ 85.550380115371894, 19.95271063859553 ], [ 85.552189387595973, 19.962817208339047 ], [ 85.531563684241519, 19.958578969414347 ], [ 85.526135867569295, 19.978466090522563 ], [ 85.505872018659659, 19.95271063859553 ], [ 85.520708050897071, 19.939669903442599 ], [ 85.50731943643892, 19.927607223426143 ], [ 85.526497722014113, 19.943908142367302 ], [ 85.53301110202078, 19.926955186668494 ], [ 85.570282109836711, 19.915218525030859 ], [ 85.564130584274864, 19.852949014675627 ], [ 85.5022534742115, 19.868271878480318 ], [ 85.502615328656319, 19.884572797421477 ], [ 85.438205237479252, 19.883268723906184 ], [ 85.386460051870728, 19.831431801673297 ], [ 85.359320968509607, 19.822303287066248 ], [ 85.329287049589965, 19.785137191880402 ], [ 85.252573907289189, 19.767532199423947 ], [ 85.249679071730668, 19.744058876148678 ], [ 85.221092570590287, 19.742102765875739 ], [ 85.219645152811026, 19.7401466556028 ], [ 85.215302899473258, 19.734930361541625 ], [ 85.20263799390473, 19.718955460979291 ], [ 85.200105012791028, 19.709174909614593 ], [ 85.199019449456586, 19.705262689068714 ], [ 85.198657595011767, 19.7036325971746 ], [ 85.212769918359541, 19.68635362309697 ], [ 85.182374144995094, 19.672334832807572 ], [ 85.182374144995094, 19.672334832807572 ], [ 85.182374144995094, 19.672660851186393 ], [ 85.182735999439899, 19.678203163626389 ], [ 85.137866048282859, 19.739168600466328 ], [ 85.083949736005422, 19.770466364833357 ], [ 85.072370393771351, 19.794591724866272 ], [ 85.044869455965411, 19.80632838650391 ], [ 85.00434175814614, 19.804698294609793 ], [ 84.984077909236504, 19.820347176793305 ], [ 84.969241876999092, 19.854579106569744 ], [ 84.934865704741668, 19.875118264435606 ], [ 84.939931666969073, 19.897287514195583 ], [ 84.939931666969073, 19.897287514195583 ], [ 84.944635774751674, 19.897613532574407 ], [ 85.026053024835036, 19.901199734741461 ], [ 85.123030016045433, 19.933801572623782 ], [ 85.16174844164064, 19.904459918529696 ], [ 85.163557713864719, 19.904785936908517 ], [ 85.210598791690657, 19.912284359621452 ], [ 85.243165691724002, 19.90609001042381 ], [ 85.327839631810704, 19.925977131532026 ], [ 85.360406531844049, 19.956622859141408 ], [ 85.382841507422569, 19.952058601837884 ], [ 85.383927070757011, 19.940321940200246 ], [ 85.417941388569616, 19.924021021259087 ], [ 85.430244439693325, 19.939669903442599 ], [ 85.435310401920745, 19.939669903442599 ], [ 85.454850541940743, 19.970641649430807 ], [ 85.450146434158157, 19.983682384583734 ], [ 85.43711967414481, 19.996397101357839 ], [ 85.41468469856629, 19.994114972706075 ], [ 85.43567225636555, 20.028672920861336 ], [ 85.415046553011109, 20.024760700315458 ], [ 85.41468469856629, 20.03323717816486 ], [ 85.400210520773683, 20.035193288437799 ], [ 85.380308526308866, 20.070729291729528 ], [ 85.38428892520183, 20.09192048635304 ], [ 85.400934229663321, 20.090616412837747 ], [ 85.415770261900732, 20.126804452887121 ], [ 85.41323728078703, 20.127456489644768 ], [ 85.38754561520517, 20.136911022630642 ], [ 85.385374488536272, 20.156146106981211 ], [ 85.355340569616629, 20.143757408585927 ], [ 85.369814747409237, 20.170816934028252 ], [ 85.368367329629976, 20.173751099437663 ], [ 85.36330136740257, 20.183857669181183 ], [ 85.361492095178491, 20.187443871348236 ], [ 85.35859725961997, 20.187443871348236 ], [ 85.353893151837383, 20.187443871348236 ], [ 85.346656062941079, 20.187443871348236 ], [ 85.339780828489594, 20.171142952407077 ], [ 85.327477777365885, 20.179945448635305 ], [ 85.327477777365885, 20.179945448635305 ], [ 85.324582941807364, 20.177989338362366 ], [ 85.313365454018097, 20.170164897270606 ], [ 85.312641745128474, 20.16951286051296 ], [ 85.311918036238836, 20.154842033465918 ], [ 85.271390338419565, 20.148647684268276 ], [ 85.27102848397476, 20.148647684268276 ], [ 85.243527546168821, 20.11865399341654 ], [ 85.235204893938075, 20.118980011795365 ], [ 85.212046209469918, 20.131368710190646 ], [ 85.202999848349549, 20.155820088602386 ], [ 85.21313177280436, 20.170490915649431 ], [ 85.200828721680651, 20.184509705938829 ], [ 85.200105012791028, 20.188421926484708 ], [ 85.205532829463252, 20.197876459470582 ], [ 85.222539988369547, 20.221023764367029 ], [ 85.227605950596953, 20.222653856261143 ], [ 85.232310058379554, 20.219393672472911 ], [ 85.244251255058444, 20.210591176244684 ], [ 85.244974963948081, 20.209939139487037 ], [ 85.245698672837705, 20.210917194623509 ], [ 85.254383179513269, 20.2262400584282 ], [ 85.256554306182153, 20.226566076807021 ], [ 85.32241181513848, 20.229826260595253 ], [ 85.326030359586625, 20.244823106021123 ], [ 85.338333410710334, 20.246453197915237 ], [ 85.339780828489594, 20.251343473597586 ], [ 85.340142682934413, 20.252647547112879 ], [ 85.340866391824036, 20.254929675764643 ], [ 85.324221087362545, 20.258189859552871 ], [ 85.328925195145146, 20.277098925524619 ], [ 85.330010758479588, 20.278402999039912 ] ] ] } },
{ "type": "Feature", "properties": { "dt_code": "395", "district": "Kalahandi", "st_code": "21", "year": "2011_c", "st_nm": "Odisha" }, "geometry": { "type": "Polygon", "coordinates": [ [ [ 82.717783521360488, 19.988898678644905 ], [ 82.71705981247085, 19.998353211630779 ], [ 82.716697958026046, 20.006503671101356 ], [ 82.727191736925676, 20.021826534906047 ], [ 82.727915445815299, 20.022804590042519 ], [ 82.728277300260117, 20.023456626800165 ], [ 82.744922604721609, 20.024760700315458 ], [ 82.739856642494203, 20.052798280894255 ], [ 82.755054529176419, 20.054754391167194 ], [ 82.788345138099402, 20.103331129611849 ], [ 82.813674949236443, 20.101701037717735 ], [ 82.822359455912007, 20.164622584830614 ], [ 82.820550183687928, 20.165600639967082 ], [ 82.909566377112412, 20.147343610752984 ], [ 82.911013794891673, 20.167882768618846 ], [ 82.926211681573903, 20.180271467014126 ], [ 83.015951583887997, 20.171794989164724 ], [ 83.034406160573567, 20.18679183459059 ], [ 83.060821535045051, 20.186139797832944 ], [ 83.091217308409512, 20.200484606501167 ], [ 83.101711087309141, 20.192008128651764 ], [ 83.126679044001378, 20.194942294061171 ], [ 83.14477176624213, 20.16951286051296 ], [ 83.189641717399184, 20.176359246468248 ], [ 83.22510345299105, 20.204396827047045 ], [ 83.239215776338824, 20.229826260595253 ], [ 83.237768358559563, 20.256885786037579 ], [ 83.284809436385515, 20.28003309093403 ], [ 83.300007323067732, 20.305136506103416 ], [ 83.361522578686277, 20.317525204498697 ], [ 83.364055559799979, 20.34328065642573 ], [ 83.387214244268137, 20.346866858592787 ], [ 83.40820180206741, 20.368058053216295 ], [ 83.422314125415184, 20.402942019750377 ], [ 83.486000507702613, 20.453474868467975 ], [ 83.486362362147432, 20.453800886846796 ], [ 83.497579849936699, 20.434565802496227 ], [ 83.489980906595591, 20.405224148402141 ], [ 83.499389122160778, 20.416308773282129 ], [ 83.554752852217462, 20.399681835962145 ], [ 83.569950738899692, 20.387293137566864 ], [ 83.576464118906358, 20.363167777533945 ], [ 83.619162943394514, 20.351105097517486 ], [ 83.625314468956375, 20.36349379591277 ], [ 83.626400032290817, 20.367079998079824 ], [ 83.627123741180455, 20.367079998079824 ], [ 83.627123741180455, 20.36773203483747 ], [ 83.652091697872677, 20.367079998079824 ], [ 83.652091697872677, 20.36773203483747 ], [ 83.651006134538235, 20.387945174324511 ], [ 83.651006134538235, 20.388597211082157 ], [ 83.651006134538235, 20.388597211082157 ], [ 83.653900970096757, 20.387293137566864 ], [ 83.653539115651938, 20.384684990536279 ], [ 83.705646155705296, 20.368058053216295 ], [ 83.70058019347789, 20.351757134275132 ], [ 83.717587352384186, 20.290139660677546 ], [ 83.719034770163447, 20.236998664929366 ], [ 83.740384182407524, 20.222001819503497 ], [ 83.731699675731974, 20.209613121108216 ], [ 83.782721152450875, 20.212547286517626 ], [ 83.789958241347179, 20.178641375120012 ], [ 83.773674791330507, 20.159406290769443 ], [ 83.76245730354124, 20.163970548072967 ], [ 83.732785239066416, 20.147343610752984 ], [ 83.726633713504555, 20.125174360993004 ], [ 83.715778080160106, 20.129086581538886 ], [ 83.710712117932701, 20.10137501933891 ], [ 83.675974091230472, 20.110829552324784 ], [ 83.635808247856005, 20.087356229049512 ], [ 83.584424916692285, 20.114089736113016 ], [ 83.58804346114043, 20.09909289068715 ], [ 83.572121865568576, 20.085400118776572 ], [ 83.568503321120431, 20.056384483061308 ], [ 83.554390997772643, 20.053776336030722 ], [ 83.542449801093753, 20.020522461390755 ], [ 83.523271515518559, 20.016610240844877 ], [ 83.50047468549522, 19.993788954327254 ], [ 83.495046868822996, 19.960535079687286 ], [ 83.495770577712619, 19.960209061308461 ], [ 83.483829381033729, 19.963469245096697 ], [ 83.450900626555566, 19.971945722946099 ], [ 83.442216119880015, 19.933475554244961 ], [ 83.418695580967039, 19.934127591002607 ], [ 83.404221403174446, 19.920760837470855 ], [ 83.43063677764593, 19.870880025510903 ], [ 83.42195227097038, 19.849688830887395 ], [ 83.438959429876675, 19.833061893567411 ], [ 83.431722340980372, 19.825889489233301 ], [ 83.436788303207791, 19.801764129200386 ], [ 83.45958513323113, 19.796547835139211 ], [ 83.450538772110761, 19.784485155122756 ], [ 83.454157316558906, 19.736886471814564 ], [ 83.428103796532227, 19.696134174461665 ], [ 83.383957554264811, 19.667770575504047 ], [ 83.369483376472203, 19.619845873817034 ], [ 83.373101920920362, 19.597350605678233 ], [ 83.357904034238132, 19.606805138664107 ], [ 83.319547463087744, 19.592134311617063 ], [ 83.287704271944023, 19.597024587299412 ], [ 83.288066126388841, 19.588548109450006 ], [ 83.266354859699945, 19.601262826224112 ], [ 83.269611549703285, 19.577137466191196 ], [ 83.252966245241794, 19.569965061857083 ], [ 83.265993005255126, 19.558880436977095 ], [ 83.263821878586242, 19.547795812097107 ], [ 83.248262137459193, 19.539319334247704 ], [ 83.257308498579576, 19.527908690988891 ], [ 83.24572915634549, 19.504435367713619 ], [ 83.228360142994376, 19.505739441228911 ], [ 83.205201458526219, 19.474115658483061 ], [ 83.200859205188436, 19.460096868193663 ], [ 83.219313781874007, 19.442817894116033 ], [ 83.216057091870667, 19.430429195720752 ], [ 83.201582914078074, 19.439231691948979 ], [ 83.19615509740585, 19.453250482238378 ], [ 83.188556154064727, 19.461400941708956 ], [ 83.18566131850622, 19.457162702784256 ], [ 83.183852046282141, 19.43727558167604 ], [ 83.185299464061401, 19.423582809765463 ], [ 83.18240462850288, 19.42423484652311 ], [ 83.169377868489548, 19.42716901193252 ], [ 83.148390310690274, 19.466943254148951 ], [ 83.158160380700281, 19.48324417309011 ], [ 83.156351108476201, 19.485852320120696 ], [ 83.135363550676942, 19.50769555150185 ], [ 83.122336790663596, 19.497588981758334 ], [ 83.107138903981365, 19.508673606638322 ], [ 83.107500758426184, 19.508673606638322 ], [ 83.11401413843285, 19.514541937457139 ], [ 83.102434796198779, 19.524322488821834 ], [ 83.107862612871003, 19.538341279111233 ], [ 83.087960618406171, 19.53703720559594 ], [ 83.070591605055057, 19.56148858400768 ], [ 83.042005103914676, 19.551708032642985 ], [ 83.025721653898003, 19.509325643395968 ], [ 83.025359799453199, 19.508021569880675 ], [ 83.025359799453199, 19.508021569880675 ], [ 82.99930627942652, 19.497588981758334 ], [ 82.997135152757622, 19.467269272527773 ], [ 82.993878462754296, 19.464335107118366 ], [ 82.98410839274429, 19.454880574132492 ], [ 82.979042430516884, 19.449664280071321 ], [ 82.978680576072065, 19.449664280071321 ], [ 82.934896188249454, 19.45162039034426 ], [ 82.922593137125745, 19.440535765464272 ], [ 82.924402409349824, 19.436297526539569 ], [ 82.938152878252794, 19.403369670278426 ], [ 82.955883746048727, 19.392285045398438 ], [ 82.945389967149083, 19.363595428061995 ], [ 82.953712619379829, 19.34664247236319 ], [ 82.938152878252794, 19.306542211767933 ], [ 82.901605579326485, 19.283394906871486 ], [ 82.918250883787962, 19.238404370593884 ], [ 82.884236565975357, 19.217865212728022 ], [ 82.894368490430182, 19.211018826772733 ], [ 82.887493255978697, 19.200912257029216 ], [ 82.887131401533878, 19.200586238650391 ], [ 82.886407692644255, 19.200586238650391 ], [ 82.870124242627583, 19.195043926210396 ], [ 82.864696425955358, 19.20449845919627 ], [ 82.86252529928646, 19.20743262460568 ], [ 82.8610778815072, 19.204824477575094 ], [ 82.856373773724613, 19.205802532711562 ], [ 82.850222248162751, 19.206780587848034 ], [ 82.836109924814977, 19.236774278699766 ], [ 82.798477062554227, 19.23612224194212 ], [ 82.824530582580891, 19.25633538142916 ], [ 82.825978000360152, 19.282416851735015 ], [ 82.841175887042382, 19.308172303662051 ], [ 82.853117083721273, 19.307846285283226 ], [ 82.848051121493867, 19.323821185845564 ], [ 82.846241849269788, 19.324147204224388 ], [ 82.822359455912007, 19.322191093951446 ], [ 82.811503822567559, 19.327733406391442 ], [ 82.779660631423837, 19.343056270196133 ], [ 82.756863801400499, 19.326755351254974 ], [ 82.741304060273464, 19.349576637772596 ], [ 82.725744319146415, 19.345012380469072 ], [ 82.711993850243445, 19.363595428061995 ], [ 82.7083753057953, 19.419344570840764 ], [ 82.689558874664925, 19.420322625977231 ], [ 82.682321785768622, 19.43727558167604 ], [ 82.673999133537876, 19.434015397887809 ], [ 82.649754885735277, 19.459444831436016 ], [ 82.649031176845654, 19.477375842271293 ], [ 82.633109581273786, 19.481940099574818 ], [ 82.646498195731937, 19.50769555150185 ], [ 82.607056061247107, 19.520736286654781 ], [ 82.61610242236749, 19.538667297490058 ], [ 82.566166508983031, 19.544535628308875 ], [ 82.55820571119709, 19.582027741873542 ], [ 82.529257355611904, 19.584961907282953 ], [ 82.529257355611904, 19.584961907282953 ], [ 82.547350077852641, 19.612021432725278 ], [ 82.524553247829303, 19.632234572212315 ], [ 82.555672730083387, 19.645275307365246 ], [ 82.577022142327479, 19.680811310656974 ], [ 82.567613926762277, 19.684397512824031 ], [ 82.567252072317473, 19.684723531202852 ], [ 82.573041743434501, 19.714065185296942 ], [ 82.563633527869314, 19.727105920449869 ], [ 82.562909818979691, 19.72808397558634 ], [ 82.601990099019702, 19.746993041558085 ], [ 82.594753010123412, 19.775356640515703 ], [ 82.594391155678593, 19.775356640515703 ], [ 82.595476719013035, 19.776986732409821 ], [ 82.595114864568217, 19.778616824303938 ], [ 82.597285991237115, 19.779594879440406 ], [ 82.626958055711938, 19.793613669729805 ], [ 82.65228786684898, 19.832083838430943 ], [ 82.696795963561215, 19.830779764915651 ], [ 82.711270141353822, 19.8399082795227 ], [ 82.724658755811973, 19.875444282814428 ], [ 82.714164976912343, 19.877726411466192 ], [ 82.707289742460858, 19.902177789877932 ], [ 82.720316502474191, 19.948146381292005 ], [ 82.717783521360488, 19.988898678644905 ] ] ] } },
{ "type": "Feature", "properties": { "dt_code": "380", "district": "Jagatsinghpur", "st_code": "21", "year": "2011_c", "st_nm": "Odisha" }, "geometry": { "type": "Polygon", "coordinates": [ [ [ 86.18109241268435, 20.054102354409547 ], [ 86.182901684908416, 20.056710501440133 ], [ 86.15395332932323, 20.09126844959539 ], [ 86.164447108222859, 20.114089736113016 ], [ 86.141650278199521, 20.144083426964752 ], [ 86.146354385982107, 20.172773044301195 ], [ 86.168065652671004, 20.167882768618846 ], [ 86.138755442640999, 20.195268312439993 ], [ 86.150696639319889, 20.213851360032919 ], [ 86.077602041467273, 20.244497087642298 ], [ 86.066746408122825, 20.266340319023453 ], [ 86.046844413657993, 20.279055035797558 ], [ 86.039245470316885, 20.287531513646961 ], [ 86.011020823621323, 20.377512586202165 ], [ 86.026580564748357, 20.401963964613905 ], [ 86.027304273637995, 20.401637946235084 ], [ 86.089181383701344, 20.361863704018653 ], [ 86.089543238146163, 20.362189722397478 ], [ 86.104017415938756, 20.373926384035112 ], [ 86.137308024861738, 20.356973428336303 ], [ 86.164447108222859, 20.379142678096283 ], [ 86.194481027142501, 20.369362126731588 ], [ 86.198823280480283, 20.363167777533945 ], [ 86.211850040493616, 20.36349379591277 ], [ 86.236817997185852, 20.364471851049238 ], [ 86.248035484975105, 20.364797869428063 ], [ 86.269023042774378, 20.372622310519819 ], [ 86.273003441667342, 20.357299446715128 ], [ 86.30955074059365, 20.361537685639831 ], [ 86.316064120600316, 20.355343336442189 ], [ 86.317511538379577, 20.354039262926896 ], [ 86.335966115065148, 20.370340181868055 ], [ 86.355506255085146, 20.353713244548072 ], [ 86.359124799533305, 20.35045306075984 ], [ 86.359848508422928, 20.355343336442189 ], [ 86.365638179539971, 20.357625465093953 ], [ 86.389520572897752, 20.354039262926896 ], [ 86.393862826235534, 20.365449906185709 ], [ 86.452121391850739, 20.330239921272803 ], [ 86.473108949650012, 20.336760288849266 ], [ 86.498800615231872, 20.328283810999864 ], [ 86.52015002747595, 20.341324546152791 ], [ 86.548374674171512, 20.324371590453985 ], [ 86.604100258673014, 20.340998527773969 ], [ 86.664168096512299, 20.32893584775751 ], [ 86.697458705435281, 20.296986046632835 ], [ 86.723150371017141, 20.298616138526953 ], [ 86.776704828849745, 20.334478160197502 ], [ 86.776704828849745, 20.335456215333974 ], [ 86.778152246629006, 20.336434270470441 ], [ 86.784303772190867, 20.332196031545742 ], [ 86.679727837639348, 20.264058190371692 ], [ 86.669234058739704, 20.275794852009327 ], [ 86.680089692084152, 20.259819951446989 ], [ 86.595415751997464, 20.224609966534082 ], [ 86.532814933044477, 20.181575540529419 ], [ 86.475280076318896, 20.096484743656564 ], [ 86.432581251830726, 20.052146244136608 ], [ 86.408698858472945, 19.994767009463722 ], [ 86.37287526843626, 19.960535079687286 ], [ 86.369980432877753, 19.98140025593197 ], [ 86.341393931737372, 19.985964513235494 ], [ 86.322577500606997, 20.018566351117816 ], [ 86.269746751664002, 20.041387637635442 ], [ 86.278069403894747, 20.054754391167194 ], [ 86.255272573871409, 20.053450317651901 ], [ 86.245140649416584, 20.034867270058978 ], [ 86.230304617179172, 20.043017729529556 ], [ 86.207869641600652, 20.036823380331917 ], [ 86.200632552704349, 20.052146244136608 ], [ 86.200270698259544, 20.05247226251543 ], [ 86.199908843814725, 20.052146244136608 ], [ 86.183625393798053, 20.050842170621316 ], [ 86.18109241268435, 20.054102354409547 ] ] ] } },
{ "type": "Feature", "properties": { "dt_code": "387", "district": "Puri", "st_code": "21", "year": "2011_c", "st_nm": "Odisha" }, "geometry": { "type": "Polygon", "coordinates": [ [ [ 86.080858731470599, 20.10430918474832 ], [ 86.0855628392532, 20.100722982581264 ], [ 86.08701025703246, 20.093224559868332 ], [ 86.087733965922084, 20.089638357701276 ], [ 86.088457674811721, 20.086052155534219 ], [ 86.077602041467273, 20.079205769578934 ], [ 86.075430914798375, 20.077575677684816 ], [ 86.08701025703246, 20.058340593334247 ], [ 86.109807087055799, 20.066491052804828 ], [ 86.1145111948384, 20.064208924153064 ], [ 86.123557555958769, 20.059318648470718 ], [ 86.117406030396921, 20.04823402359073 ], [ 86.116682321507284, 20.047255968454259 ], [ 86.116682321507284, 20.047255968454259 ], [ 86.125366828182848, 20.037475417089563 ], [ 86.170960488229525, 20.039431527362503 ], [ 86.18109241268435, 20.054102354409547 ], [ 86.183625393798053, 20.050842170621316 ], [ 86.199908843814725, 20.052146244136608 ], [ 86.200270698259544, 20.05247226251543 ], [ 86.200632552704349, 20.052146244136608 ], [ 86.207869641600652, 20.036823380331917 ], [ 86.230304617179172, 20.043017729529556 ], [ 86.245140649416584, 20.034867270058978 ], [ 86.255272573871409, 20.053450317651901 ], [ 86.278069403894747, 20.054754391167194 ], [ 86.269746751664002, 20.041387637635442 ], [ 86.322577500606997, 20.018566351117816 ], [ 86.341393931737372, 19.985964513235494 ], [ 86.369980432877753, 19.98140025593197 ], [ 86.37287526843626, 19.957926932656701 ], [ 86.411231839586648, 19.974553869976685 ], [ 86.388073155118491, 19.95499276724729 ], [ 86.307379613924766, 19.941299995336717 ], [ 86.228133490510288, 19.901525753120286 ], [ 86.057700047002442, 19.850340867645041 ], [ 85.88545733127053, 19.812848754080374 ], [ 85.679200297726013, 19.745036931285146 ], [ 85.353169442947745, 19.588874127828831 ], [ 85.172604074985088, 19.467269272527773 ], [ 85.134971212724338, 19.521388323412427 ], [ 85.174051492764349, 19.557902381840627 ], [ 85.182374144995094, 19.672334832807572 ], [ 85.182374144995094, 19.672334832807572 ], [ 85.212769918359541, 19.68635362309697 ], [ 85.198657595011767, 19.7036325971746 ], [ 85.199019449456586, 19.705262689068714 ], [ 85.200105012791028, 19.709174909614593 ], [ 85.20263799390473, 19.718955460979291 ], [ 85.215302899473258, 19.734930361541625 ], [ 85.219645152811026, 19.7401466556028 ], [ 85.221092570590287, 19.742102765875739 ], [ 85.249679071730668, 19.744058876148678 ], [ 85.252573907289189, 19.767532199423947 ], [ 85.329287049589965, 19.785137191880402 ], [ 85.359320968509607, 19.822303287066248 ], [ 85.386460051870728, 19.831431801673297 ], [ 85.438205237479252, 19.883268723906184 ], [ 85.502615328656319, 19.884572797421477 ], [ 85.5022534742115, 19.868271878480318 ], [ 85.564130584274864, 19.852949014675627 ], [ 85.570282109836711, 19.915218525030859 ], [ 85.53301110202078, 19.926955186668494 ], [ 85.526497722014113, 19.943908142367302 ], [ 85.50731943643892, 19.927607223426143 ], [ 85.520708050897071, 19.939669903442599 ], [ 85.505872018659659, 19.95271063859553 ], [ 85.526135867569295, 19.978466090522563 ], [ 85.531563684241519, 19.958578969414347 ], [ 85.552189387595973, 19.962817208339047 ], [ 85.550380115371894, 19.95271063859553 ], [ 85.563768729830045, 19.954666748868469 ], [ 85.566301710943748, 19.972597759703746 ], [ 85.555084223154481, 19.974553869976685 ], [ 85.57064396428153, 19.980096182416677 ], [ 85.561959457605965, 19.995745064600193 ], [ 85.570282109836711, 19.998353211630779 ], [ 85.571729527615972, 20.025738755451925 ], [ 85.591269667635984, 19.997049138115486 ], [ 85.614428352104142, 20.019544406254287 ], [ 85.606467554318215, 19.995745064600193 ], [ 85.613704643214504, 19.992810899190783 ], [ 85.630711802120814, 20.022152553284872 ], [ 85.612257225435243, 20.037801435468385 ], [ 85.618770605441924, 20.068773181456592 ], [ 85.643738562134146, 20.081813916609519 ], [ 85.631797365455256, 20.102679092854203 ], [ 85.64916637880637, 20.09713678041421 ], [ 85.649890087696008, 20.067143089562475 ], [ 85.679200297726013, 20.067795126320121 ], [ 85.671239499940086, 20.087682247428337 ], [ 85.692227057739359, 20.095506688520093 ], [ 85.674496189943426, 20.124196305856536 ], [ 85.69041778551528, 20.158428235632972 ], [ 85.703444545528612, 20.142453335070634 ], [ 85.719004286655661, 20.14310537182828 ], [ 85.724793957772704, 20.128108526402414 ], [ 85.720451704434922, 20.141801298312988 ], [ 85.728412502220849, 20.149625739404748 ], [ 85.759170130030114, 20.139845188040049 ], [ 85.752656750023448, 20.146691573995337 ], [ 85.764597946702338, 20.153537959950626 ], [ 85.763512383367896, 20.168534805376492 ], [ 85.800059682294204, 20.15027777616239 ], [ 85.805849353411247, 20.161362401042382 ], [ 85.825389493431246, 20.159080272390618 ], [ 85.83733069011015, 20.191682110272939 ], [ 85.844205924561635, 20.175707209710602 ], [ 85.856147121240525, 20.174729154574131 ], [ 85.856870830130148, 20.190704055136468 ], [ 85.842396652337555, 20.197876459470582 ], [ 85.851804867902743, 20.203744790289399 ], [ 85.887266603494609, 20.183531650802358 ], [ 85.903550053511282, 20.151907868056508 ], [ 85.872068716812379, 20.12354426909889 ], [ 85.882200641267204, 20.11148158908243 ], [ 85.8992078001735, 20.110177515567138 ], [ 85.904635616845724, 20.12582639775065 ], [ 85.924537611310541, 20.113111680976544 ], [ 85.947696295778698, 20.119306030174187 ], [ 85.952400403561299, 20.112459644218902 ], [ 85.959637492457603, 20.121914177204772 ], [ 85.999079626942432, 20.106917331778906 ], [ 86.004869298059461, 20.114089736113016 ], [ 86.02368572918985, 20.099744927444796 ], [ 86.071450515905411, 20.106917331778906 ], [ 86.075792769243193, 20.103331129611849 ], [ 86.081220585915418, 20.103657147990674 ], [ 86.080858731470599, 20.10430918474832 ] ] ] } },
{ "type": "Feature", "properties": { "dt_code": "397", "district": "Nabarangapur", "st_code": "21", "year": "2011_c", "st_nm": "Odisha" }, "geometry": { "type": "Polygon", "coordinates": [ [ [ 82.594391155678593, 19.775356640515703 ], [ 82.594753010123412, 19.775356640515703 ], [ 82.601990099019702, 19.746993041558085 ], [ 82.562909818979691, 19.72808397558634 ], [ 82.563633527869314, 19.727105920449869 ], [ 82.573041743434501, 19.714065185296942 ], [ 82.567252072317473, 19.684723531202852 ], [ 82.567613926762277, 19.684397512824031 ], [ 82.577022142327479, 19.680811310656974 ], [ 82.555672730083387, 19.645275307365246 ], [ 82.524553247829303, 19.632234572212315 ], [ 82.547350077852641, 19.612021432725278 ], [ 82.529257355611904, 19.584961907282953 ], [ 82.529257355611904, 19.584961907282953 ], [ 82.55820571119709, 19.582027741873542 ], [ 82.566166508983031, 19.544535628308875 ], [ 82.61610242236749, 19.538667297490058 ], [ 82.607056061247107, 19.520736286654781 ], [ 82.646498195731937, 19.50769555150185 ], [ 82.633109581273786, 19.481940099574818 ], [ 82.649031176845654, 19.477375842271293 ], [ 82.649754885735277, 19.459444831436016 ], [ 82.673999133537876, 19.434015397887809 ], [ 82.682321785768622, 19.43727558167604 ], [ 82.689558874664925, 19.420322625977231 ], [ 82.7083753057953, 19.419344570840764 ], [ 82.711993850243445, 19.363595428061995 ], [ 82.725744319146415, 19.345012380469072 ], [ 82.741304060273464, 19.349576637772596 ], [ 82.756863801400499, 19.326755351254974 ], [ 82.779660631423837, 19.343056270196133 ], [ 82.811503822567559, 19.327733406391442 ], [ 82.822359455912007, 19.322191093951446 ], [ 82.846241849269788, 19.324147204224388 ], [ 82.848051121493867, 19.323821185845564 ], [ 82.853117083721273, 19.307846285283226 ], [ 82.841175887042382, 19.308172303662051 ], [ 82.825978000360152, 19.282416851735015 ], [ 82.824530582580891, 19.25633538142916 ], [ 82.798477062554227, 19.23612224194212 ], [ 82.836109924814977, 19.236774278699766 ], [ 82.850222248162751, 19.206780587848034 ], [ 82.856373773724613, 19.205802532711562 ], [ 82.856373773724613, 19.205802532711562 ], [ 82.85384079261091, 19.193413834316281 ], [ 82.842623304821643, 19.200586238650391 ], [ 82.832853234811637, 19.189501613770403 ], [ 82.822721310356826, 19.147771261281033 ], [ 82.817293493684602, 19.170266529419834 ], [ 82.803181170336813, 19.151357463448086 ], [ 82.791963682547546, 19.155269683993964 ], [ 82.788345138099402, 19.173200694829241 ], [ 82.761206054738281, 19.164724216979838 ], [ 82.74962671250421, 19.173200694829241 ], [ 82.736238098046044, 19.157225794266907 ], [ 82.722849483587893, 19.161138014812785 ], [ 82.725020610256792, 19.174178749965712 ], [ 82.701500071343816, 19.190805687285696 ], [ 82.685578475771962, 19.185915411603347 ], [ 82.6794269502101, 19.19732605486216 ], [ 82.668571316865652, 19.183959301330407 ], [ 82.65373528462824, 19.188849577012757 ], [ 82.637089980166749, 19.175482823481005 ], [ 82.637089980166749, 19.155921720751611 ], [ 82.634918853497865, 19.157225794266907 ], [ 82.633109581273786, 19.162116069949253 ], [ 82.62804361904638, 19.161464033191606 ], [ 82.626234346822301, 19.161138014812785 ], [ 82.623701365708598, 19.160485978055139 ], [ 82.625510637932678, 19.154291628857496 ], [ 82.625510637932678, 19.152009500205732 ], [ 82.618635403481193, 19.156573757509257 ], [ 82.61610242236749, 19.1585298677822 ], [ 82.615740567922671, 19.181677172678647 ], [ 82.605246789023042, 19.181351154299822 ], [ 82.587877775671927, 19.20254234892333 ], [ 82.579555123441182, 19.195043926210396 ], [ 82.574489161213762, 19.211344845151558 ], [ 82.57340359787932, 19.209388734878619 ], [ 82.568699490096733, 19.198304109998627 ], [ 82.518039867822637, 19.20254234892333 ], [ 82.488729657792632, 19.180373099163354 ], [ 82.460143156652251, 19.184611338088054 ], [ 82.440241162187419, 19.171244584556302 ], [ 82.411654661047038, 19.185589393224525 ], [ 82.401884591037032, 19.165376253737485 ], [ 82.35267238654221, 19.184285319709232 ], [ 82.340369335418501, 19.16798440076807 ], [ 82.311420979833301, 19.177112915375119 ], [ 82.285729314251441, 19.148097279659854 ], [ 82.275235535351811, 19.156573757509257 ], [ 82.25859023089032, 19.142228948841037 ], [ 82.22964187530512, 19.143859040735155 ], [ 82.235431546422163, 19.122015809354 ], [ 82.212272861954006, 19.118103588808118 ], [ 82.205759481947339, 19.121037754217529 ], [ 82.205759481947339, 19.12429793800576 ], [ 82.185133778592885, 19.130492287203403 ], [ 82.182962651924001, 19.131144323961049 ], [ 82.182600797479182, 19.13147034233987 ], [ 82.18151523414474, 19.129840250445756 ], [ 82.172468873024357, 19.121363772596354 ], [ 82.168126619686589, 19.12918821368811 ], [ 82.166679201907328, 19.133100434233988 ], [ 82.175725563027697, 19.13864274667398 ], [ 82.173916290803618, 19.14353302235633 ], [ 82.180791525255103, 19.15070542669044 ], [ 82.169574037465836, 19.161138014812785 ], [ 82.1782585441414, 19.155921720751611 ], [ 82.186219341927327, 19.166354308873956 ], [ 82.176087417472516, 19.172222639692773 ], [ 82.180429670810284, 19.191131705664517 ], [ 82.161613239679909, 19.202216330544509 ], [ 82.168850328576212, 19.212974937045672 ], [ 82.157994695231764, 19.227645764092717 ], [ 82.158356549676583, 19.265137877657388 ], [ 82.181153379699921, 19.323495167466739 ], [ 82.194180139713254, 19.326103314497328 ], [ 82.178620398586219, 19.343382288574954 ], [ 82.148948334111395, 19.352836821560828 ], [ 82.147139061887316, 19.365225519956113 ], [ 82.153290587449163, 19.376962181593747 ], [ 82.178982253031037, 19.378918291866686 ], [ 82.189476031930667, 19.427495030311341 ], [ 82.171383309689915, 19.43727558167604 ], [ 82.126151504088043, 19.429125122205459 ], [ 82.102630965175081, 19.466291217391305 ], [ 82.108058781847305, 19.494328797970102 ], [ 82.09792685739248, 19.498893055273626 ], [ 82.100097984061378, 19.516498047730078 ], [ 82.075853736258765, 19.523670452064188 ], [ 82.065721811803954, 19.510955735290082 ], [ 82.029174512877645, 19.50769555150185 ], [ 82.029174512877645, 19.50769555150185 ], [ 82.029898221767269, 19.509651661774789 ], [ 82.048352798452839, 19.54420960993005 ], [ 82.049076507342463, 19.556924326704156 ], [ 82.040030146222094, 19.597676624057058 ], [ 82.058846577352469, 19.628322351666437 ], [ 82.045096108449499, 19.706892780962832 ], [ 82.04473425400468, 19.708848891235771 ], [ 82.065359957359135, 19.790679504320394 ], [ 81.986113833944671, 19.801112092442736 ], [ 81.965488130590217, 19.836974114113289 ], [ 81.968021111703919, 19.859795400630915 ], [ 81.889860551623883, 19.893701312028529 ], [ 81.869596702714247, 19.902503808256753 ], [ 81.858017360480176, 19.915218525030859 ], [ 81.853313252697575, 19.92043481909203 ], [ 81.852227689363133, 19.921738892607323 ], [ 81.856931797145734, 19.947494344534356 ], [ 81.844990600466829, 19.951732583459059 ], [ 81.846799872690909, 19.957926932656701 ], [ 81.87538637383129, 20.049864115484844 ], [ 81.876110082720913, 20.052146244136608 ], [ 81.895288368296107, 20.04823402359073 ], [ 81.945947990570204, 20.104635203127142 ], [ 81.946309845015023, 20.105287239884788 ], [ 81.99516019506504, 20.053450317651901 ], [ 82.01759517064356, 20.048886060348373 ], [ 82.021575569536523, 20.023782645178986 ], [ 82.032431202880971, 20.015632185708409 ], [ 82.07042591958654, 20.057036519818954 ], [ 82.12687521297768, 20.014980148950762 ], [ 82.171383309689915, 20.005525615964888 ], [ 82.184410069703262, 19.98433442134138 ], [ 82.210101735285122, 19.986290531614319 ], [ 82.237602673091047, 20.003569505691949 ], [ 82.26908400978995, 19.975205906734331 ], [ 82.304183890936997, 19.889137054725005 ], [ 82.345435297645906, 19.835996058976821 ], [ 82.360995038772955, 19.862729566040322 ], [ 82.374021798786288, 19.860447437388562 ], [ 82.395009356585561, 19.888158999588534 ], [ 82.446030833304462, 19.910328249348513 ], [ 82.464123555545214, 19.900873716362639 ], [ 82.497414164468182, 19.904133900150871 ], [ 82.531066627835969, 19.878378448223838 ], [ 82.535047026728932, 19.886854926073241 ], [ 82.548435641187098, 19.875770301193253 ], [ 82.600180826795622, 19.867619841722671 ], [ 82.603437516798962, 19.866967804965025 ], [ 82.601628244574883, 19.864685676313265 ], [ 82.575936578993023, 19.833387911946236 ], [ 82.581726250110066, 19.783181081607463 ], [ 82.594391155678593, 19.775356640515703 ] ] ] } },
{ "type": "Feature", "properties": { "dt_code": "396", "district": "Rayagada", "st_code": "21", "year": "2011_c", "st_nm": "Odisha" }, "geometry": { "type": "Polygon", "coordinates": [ [ [ 83.495770577712619, 19.960209061308461 ], [ 83.499750976605583, 19.958252951035522 ], [ 83.559818814444867, 19.929889352077904 ], [ 83.526890059966703, 19.877726411466192 ], [ 83.52797562330116, 19.855557161706212 ], [ 83.52797562330116, 19.854905124948566 ], [ 83.585510480026727, 19.822955323823891 ], [ 83.599984657819334, 19.834365967082704 ], [ 83.606859892270819, 19.816108937868606 ], [ 83.619162943394514, 19.814478845974488 ], [ 83.621334070063412, 19.775356640515703 ], [ 83.607945455605261, 19.750253225346317 ], [ 83.625676323401194, 19.744710912906324 ], [ 83.63218970340786, 19.730692122616926 ], [ 83.643769045641932, 19.69646019284049 ], [ 83.634722684521563, 19.6713567776711 ], [ 83.647749444534895, 19.657990024139352 ], [ 83.695152376805652, 19.690917880400495 ], [ 83.722653314611591, 19.671682796049925 ], [ 83.728804840173453, 19.654729840351116 ], [ 83.742193454631604, 19.655055858729941 ], [ 83.763181012430863, 19.676573071732271 ], [ 83.766437702434203, 19.716021295569881 ], [ 83.79140565912644, 19.71080500150871 ], [ 83.814564343594597, 19.720585552873406 ], [ 83.832657065835335, 19.706892780962832 ], [ 83.844960116959044, 19.709174909614593 ], [ 83.854006478079427, 19.685701586339324 ], [ 83.872822909209802, 19.671682796049925 ], [ 83.911179480360175, 19.67624705335345 ], [ 83.92312067703908, 19.677551126868742 ], [ 83.936147437052412, 19.6713567776711 ], [ 83.923844385928703, 19.663532336579344 ], [ 83.940127835945376, 19.635168737621726 ], [ 83.924929949263145, 19.626366241393498 ], [ 83.937594854831673, 19.559858492113566 ], [ 83.940127835945376, 19.554642198052395 ], [ 83.979208115985386, 19.531494893155944 ], [ 83.959306121520569, 19.50769555150185 ], [ 83.976675134871684, 19.485852320120696 ], [ 83.941937108169455, 19.41999660759841 ], [ 83.947364924841679, 19.396523284323138 ], [ 83.977760698206126, 19.383482549170211 ], [ 83.987168913771328, 19.402391615141955 ], [ 83.990063749329835, 19.388698843231381 ], [ 84.01539356046689, 19.376962181593747 ], [ 84.028782174925041, 19.347294509120836 ], [ 84.014307997132448, 19.306542211767933 ], [ 84.020097668249477, 19.290567311205596 ], [ 83.979931824875024, 19.212974937045672 ], [ 83.997662692670957, 19.193413834316281 ], [ 83.98825447710577, 19.186567448360993 ], [ 83.988978185995393, 19.156899775888082 ], [ 84.033848137152447, 19.132122379097517 ], [ 84.015755414911695, 19.118103588808118 ], [ 84.013584288242811, 19.09984655959402 ], [ 84.032038864928381, 19.058442225483475 ], [ 84.009242034905029, 19.057138151968182 ], [ 84.003452363788, 19.069852868742284 ], [ 83.977760698206126, 19.072134997394048 ], [ 83.964733938192794, 19.062680464408174 ], [ 83.963286520413533, 19.042793343299959 ], [ 83.985721495992067, 19.021928167055275 ], [ 83.955325722627606, 19.001062990810588 ], [ 83.950259760400201, 18.997476788643535 ], [ 83.907922790356849, 19.019646038403511 ], [ 83.891277485895358, 18.994542623234125 ], [ 83.857625022527571, 18.990956421067068 ], [ 83.847854952517565, 19.005301229735291 ], [ 83.833380774724972, 19.003671137841174 ], [ 83.832657065835335, 19.004649192977645 ], [ 83.83229521139053, 19.00432317459882 ], [ 83.829762230276813, 19.007583358387052 ], [ 83.809136526922373, 19.031056681662324 ], [ 83.801537583581251, 19.024210295707036 ], [ 83.794662349129766, 19.017689928130572 ], [ 83.793214931350505, 19.018015946509397 ], [ 83.775845917999391, 19.018341964888219 ], [ 83.780188171337173, 19.00921345028117 ], [ 83.74870683463827, 18.998128825401182 ], [ 83.746535707969386, 18.993890586476478 ], [ 83.757029486869015, 18.951508197229462 ], [ 83.767523265768645, 18.955746436154165 ], [ 83.782359298006057, 18.934555241530656 ], [ 83.785254133564578, 18.920862469620079 ], [ 83.785254133564578, 18.919558396104787 ], [ 83.785977842454216, 18.916950249074201 ], [ 83.778378899113093, 18.912712010149502 ], [ 83.777293335778651, 18.913038028528323 ], [ 83.776207772444209, 18.912385991770677 ], [ 83.75196352464161, 18.92607876368125 ], [ 83.756305777979378, 18.910755899876563 ], [ 83.733147093511235, 18.987696237278836 ], [ 83.709626554598259, 19.00204104594706 ], [ 83.730252257952714, 19.021928167055275 ], [ 83.700218339033071, 19.025188350843507 ], [ 83.68538230679566, 19.058442225483475 ], [ 83.66113805899306, 19.080937493622276 ], [ 83.662947331217126, 19.098868504457553 ], [ 83.647387590090091, 19.118429607186943 ], [ 83.654986533431199, 19.129514232066931 ], [ 83.636531956745642, 19.132774415855163 ], [ 83.637617520080084, 19.152987555342204 ], [ 83.624952614511557, 19.163094125085724 ], [ 83.618801088949709, 19.142554967219862 ], [ 83.597089822260813, 19.131144323961049 ], [ 83.608669164494884, 19.096912394184614 ], [ 83.583701207802662, 19.08745786119874 ], [ 83.582615644468206, 19.058768243862296 ], [ 83.561628086668946, 19.06105037251406 ], [ 83.560180668889686, 19.086805824441093 ], [ 83.547153908876339, 19.081589530379922 ], [ 83.555476561107085, 19.057138151968182 ], [ 83.53991681998005, 19.042467324921137 ], [ 83.535212712197449, 19.01149557893293 ], [ 83.501198394384843, 19.020624093539983 ], [ 83.496494286602257, 19.035294920587027 ], [ 83.514948863287813, 19.028448534631739 ], [ 83.519291116625595, 19.038881122754081 ], [ 83.511692173284487, 19.070178887121109 ], [ 83.49902726771596, 19.062680464408174 ], [ 83.480934545475208, 19.078329346591691 ], [ 83.48346752658891, 19.092022118502264 ], [ 83.466098513237796, 19.093978228775203 ], [ 83.476592292137425, 19.08028545686463 ], [ 83.464289241013716, 19.080937493622276 ], [ 83.460308842120753, 19.064636574681114 ], [ 83.481296399920026, 19.034316865450556 ], [ 83.477677855471882, 19.009539468659991 ], [ 83.448005790997044, 19.010843542175284 ], [ 83.453433607669268, 18.992260494582361 ], [ 83.465736658792977, 18.991934476203539 ], [ 83.459946987675949, 18.955746436154165 ], [ 83.445472809883341, 18.958028564805925 ], [ 83.438959429876675, 18.976285594020027 ], [ 83.415800745408518, 18.9899783659306 ], [ 83.414715182074076, 19.002693082704706 ], [ 83.407839947622591, 19.005953266492938 ], [ 83.396984314278143, 19.009865487038816 ], [ 83.370568939806645, 19.003345119462352 ], [ 83.365864832024059, 19.017037891372926 ], [ 83.347410255338488, 19.018341964888219 ], [ 83.362608142020719, 19.047683618982308 ], [ 83.340535020887017, 19.060724354135235 ], [ 83.340896875331822, 19.102128688245784 ], [ 83.327146406428852, 19.100172577972845 ], [ 83.298559905288471, 19.122667846111646 ], [ 83.287704271944023, 19.116799515292826 ], [ 83.284809436385515, 19.119407662323415 ], [ 83.281552746382175, 19.121689790975175 ], [ 83.279381619713291, 19.123319882869293 ], [ 83.25947962524846, 19.067570740090524 ], [ 83.268164131924024, 19.054530004937597 ], [ 83.264545587475865, 19.047031582224662 ], [ 83.260565188582902, 19.038555104375259 ], [ 83.234511668556237, 19.0264924243588 ], [ 83.23704464966994, 18.989326329172954 ], [ 83.200859205188436, 18.960310693457689 ], [ 83.185299464061401, 18.960962730215336 ], [ 83.196516951850668, 18.991282439445893 ], [ 83.184575755171764, 19.013777707584694 ], [ 83.195431388516212, 19.076047217939927 ], [ 83.185299464061401, 19.080937493622276 ], [ 83.189641717399184, 19.096260357426964 ], [ 83.178786084054735, 19.098216467699906 ], [ 83.205563312971037, 19.132448397476342 ], [ 83.220761199653268, 19.138316728295159 ], [ 83.22510345299105, 19.122667846111646 ], [ 83.244643593011048, 19.127884140172817 ], [ 83.241025048562904, 19.145163114250447 ], [ 83.257308498579576, 19.16374616184337 ], [ 83.226912725215115, 19.173200694829241 ], [ 83.22003749076363, 19.161138014812785 ], [ 83.198326224074734, 19.168962455904541 ], [ 83.201221059633255, 19.148097279659854 ], [ 83.175529394051395, 19.145163114250447 ], [ 83.161778925148425, 19.121689790975175 ], [ 83.135725405121747, 19.13636061802222 ], [ 83.129573879559899, 19.093326192017557 ], [ 83.120165663994712, 19.0897399898505 ], [ 83.100987378419518, 19.111257202852833 ], [ 83.073848295058397, 19.081263512001097 ], [ 83.065163788382833, 19.044097416815251 ], [ 83.02174125500504, 19.061376390892882 ], [ 83.028616489456525, 19.086479806062268 ], [ 83.009438203881331, 19.095608320669321 ], [ 83.005095950543549, 19.120711735838707 ], [ 82.980489848296145, 19.138316728295159 ], [ 82.979042430516884, 19.170592547798655 ], [ 82.979042430516884, 19.172548658071594 ], [ 82.955160037159089, 19.155921720751611 ], [ 82.920060156012042, 19.162442088328078 ], [ 82.901605579326485, 19.155269683993964 ], [ 82.897987034878327, 19.174178749965712 ], [ 82.870847951517206, 19.194391889452749 ], [ 82.870124242627583, 19.195043926210396 ], [ 82.886407692644255, 19.200586238650391 ], [ 82.887131401533878, 19.200586238650391 ], [ 82.887493255978697, 19.200912257029216 ], [ 82.894368490430182, 19.211018826772733 ], [ 82.884236565975357, 19.217865212728022 ], [ 82.918250883787962, 19.238404370593884 ], [ 82.901605579326485, 19.283394906871486 ], [ 82.938152878252794, 19.306542211767933 ], [ 82.953712619379829, 19.34664247236319 ], [ 82.945389967149083, 19.363595428061995 ], [ 82.955883746048727, 19.392285045398438 ], [ 82.938152878252794, 19.403369670278426 ], [ 82.924402409349824, 19.436297526539569 ], [ 82.922593137125745, 19.440535765464272 ], [ 82.934896188249454, 19.45162039034426 ], [ 82.978680576072065, 19.449664280071321 ], [ 82.979042430516884, 19.449664280071321 ], [ 82.98410839274429, 19.454880574132492 ], [ 82.993878462754296, 19.464335107118366 ], [ 82.997135152757622, 19.467269272527773 ], [ 82.99930627942652, 19.497588981758334 ], [ 83.025359799453199, 19.508021569880675 ], [ 83.025359799453199, 19.508021569880675 ], [ 83.025721653898003, 19.509325643395968 ], [ 83.042005103914676, 19.551708032642985 ], [ 83.070591605055057, 19.56148858400768 ], [ 83.087960618406171, 19.53703720559594 ], [ 83.107862612871003, 19.538341279111233 ], [ 83.102434796198779, 19.524322488821834 ], [ 83.11401413843285, 19.514541937457139 ], [ 83.107500758426184, 19.508673606638322 ], [ 83.107138903981365, 19.508673606638322 ], [ 83.122336790663596, 19.497588981758334 ], [ 83.135363550676942, 19.50769555150185 ], [ 83.156351108476201, 19.485852320120696 ], [ 83.158160380700281, 19.48324417309011 ], [ 83.148390310690274, 19.466943254148951 ], [ 83.169377868489548, 19.42716901193252 ], [ 83.18240462850288, 19.42423484652311 ], [ 83.185299464061401, 19.423582809765463 ], [ 83.183852046282141, 19.43727558167604 ], [ 83.18566131850622, 19.457162702784256 ], [ 83.188556154064727, 19.461400941708956 ], [ 83.19615509740585, 19.453250482238378 ], [ 83.201582914078074, 19.439231691948979 ], [ 83.216057091870667, 19.430429195720752 ], [ 83.219313781874007, 19.442817894116033 ], [ 83.200859205188436, 19.460096868193663 ], [ 83.205201458526219, 19.474115658483061 ], [ 83.228360142994376, 19.505739441228911 ], [ 83.24572915634549, 19.504435367713619 ], [ 83.257308498579576, 19.527908690988891 ], [ 83.248262137459193, 19.539319334247704 ], [ 83.263821878586242, 19.547795812097107 ], [ 83.265993005255126, 19.558880436977095 ], [ 83.252966245241794, 19.569965061857083 ], [ 83.269611549703285, 19.577137466191196 ], [ 83.266354859699945, 19.601262826224112 ], [ 83.288066126388841, 19.588548109450006 ], [ 83.287704271944023, 19.597024587299412 ], [ 83.319547463087744, 19.592134311617063 ], [ 83.357904034238132, 19.606805138664107 ], [ 83.373101920920362, 19.597350605678233 ], [ 83.369483376472203, 19.619845873817034 ], [ 83.383957554264811, 19.667770575504047 ], [ 83.428103796532227, 19.696134174461665 ], [ 83.454157316558906, 19.736886471814564 ], [ 83.450538772110761, 19.784485155122756 ], [ 83.45958513323113, 19.796547835139211 ], [ 83.436788303207791, 19.801764129200386 ], [ 83.431722340980372, 19.825889489233301 ], [ 83.438959429876675, 19.833061893567411 ], [ 83.42195227097038, 19.849688830887395 ], [ 83.43063677764593, 19.870880025510903 ], [ 83.404221403174446, 19.920760837470855 ], [ 83.418695580967039, 19.934127591002607 ], [ 83.442216119880015, 19.933475554244961 ], [ 83.450900626555566, 19.971945722946099 ], [ 83.483829381033729, 19.963469245096697 ], [ 83.495770577712619, 19.960209061308461 ] ] ] } },
{ "type": "Feature", "properties": { "dt_code": "398", "district": "Koraput", "st_code": "21", "year": "2011_c", "st_nm": "Odisha" }, "geometry": { "type": "Polygon", "coordinates": [ [ [ 82.856373773724613, 19.205802532711562 ], [ 82.8610778815072, 19.204824477575094 ], [ 82.86252529928646, 19.20743262460568 ], [ 82.864696425955358, 19.20449845919627 ], [ 82.870124242627583, 19.195043926210396 ], [ 82.870847951517206, 19.194391889452749 ], [ 82.897987034878327, 19.174178749965712 ], [ 82.901605579326485, 19.155269683993964 ], [ 82.920060156012042, 19.162442088328078 ], [ 82.955160037159089, 19.155921720751611 ], [ 82.979042430516884, 19.172548658071594 ], [ 82.979042430516884, 19.170592547798655 ], [ 82.980489848296145, 19.138316728295159 ], [ 83.005095950543549, 19.120711735838707 ], [ 83.009438203881331, 19.095608320669321 ], [ 83.028616489456525, 19.086479806062268 ], [ 83.02174125500504, 19.061376390892882 ], [ 83.065163788382833, 19.044097416815251 ], [ 83.073848295058397, 19.081263512001097 ], [ 83.100987378419518, 19.111257202852833 ], [ 83.120165663994712, 19.0897399898505 ], [ 83.129573879559899, 19.093326192017557 ], [ 83.135725405121747, 19.13636061802222 ], [ 83.161778925148425, 19.121689790975175 ], [ 83.175529394051395, 19.145163114250447 ], [ 83.201221059633255, 19.148097279659854 ], [ 83.198326224074734, 19.168962455904541 ], [ 83.22003749076363, 19.161138014812785 ], [ 83.226912725215115, 19.173200694829241 ], [ 83.257308498579576, 19.16374616184337 ], [ 83.241025048562904, 19.145163114250447 ], [ 83.244643593011048, 19.127884140172817 ], [ 83.22510345299105, 19.122667846111646 ], [ 83.220761199653268, 19.138316728295159 ], [ 83.205563312971037, 19.132448397476342 ], [ 83.178786084054735, 19.098216467699906 ], [ 83.189641717399184, 19.096260357426964 ], [ 83.185299464061401, 19.080937493622276 ], [ 83.195431388516212, 19.076047217939927 ], [ 83.184575755171764, 19.013777707584694 ], [ 83.196516951850668, 18.991282439445893 ], [ 83.185299464061401, 18.960962730215336 ], [ 83.200859205188436, 18.960310693457689 ], [ 83.23704464966994, 18.989326329172954 ], [ 83.234511668556237, 19.0264924243588 ], [ 83.260565188582902, 19.038555104375259 ], [ 83.264545587475865, 19.047031582224662 ], [ 83.268164131924024, 19.054530004937597 ], [ 83.25947962524846, 19.067570740090524 ], [ 83.279381619713291, 19.123319882869293 ], [ 83.281552746382175, 19.121689790975175 ], [ 83.284809436385515, 19.119407662323415 ], [ 83.287704271944023, 19.116799515292826 ], [ 83.298559905288471, 19.122667846111646 ], [ 83.327146406428852, 19.100172577972845 ], [ 83.340896875331822, 19.102128688245784 ], [ 83.340535020887017, 19.060724354135235 ], [ 83.362608142020719, 19.047683618982308 ], [ 83.347410255338488, 19.018341964888219 ], [ 83.336916476438859, 18.997802807022357 ], [ 83.308691829743296, 18.999758917295296 ], [ 83.317014481974041, 18.974003465368263 ], [ 83.332936077545895, 18.969439208064738 ], [ 83.337278330883677, 18.953464307502401 ], [ 83.335830913104417, 18.951508197229462 ], [ 83.330403096432192, 18.943683756137705 ], [ 83.324975279759968, 18.935859315045949 ], [ 83.327146406428852, 18.932925149636539 ], [ 83.348495818672944, 18.926404782060075 ], [ 83.35030509089701, 18.96552698751886 ], [ 83.350666945341828, 18.96552698751886 ], [ 83.358627743127755, 18.964874950761214 ], [ 83.365141123134421, 18.964222914003567 ], [ 83.365141123134421, 18.963244858867096 ], [ 83.369483376472203, 18.943683756137705 ], [ 83.350666945341828, 18.944335792895352 ], [ 83.355371053124429, 18.92607876368125 ], [ 83.362969996465537, 18.914668120422441 ], [ 83.389385370937035, 18.910103863118913 ], [ 83.387937953157774, 18.90879978960362 ], [ 83.376358610923688, 18.898041183102457 ], [ 83.412905909849997, 18.874567859827184 ], [ 83.403859548729628, 18.843270095460156 ], [ 83.37744417425813, 18.831859452201346 ], [ 83.363693705355161, 18.843922132217802 ], [ 83.326422697539229, 18.818818717048416 ], [ 83.328955678652932, 18.807082055410781 ], [ 83.306882557519216, 18.810342239199013 ], [ 83.282638309716617, 18.798605577561379 ], [ 83.269611549703285, 18.765351702921411 ], [ 83.222932326322152, 18.775458272664931 ], [ 83.224017889656594, 18.767959849951996 ], [ 83.226189016325492, 18.757853280208476 ], [ 83.225827161880673, 18.756875225072008 ], [ 83.210629275198443, 18.731445791523797 ], [ 83.204477749636595, 18.752310967768484 ], [ 83.175891248496214, 18.771872070497874 ], [ 83.154541836252122, 18.769263923467289 ], [ 83.136087259566565, 18.785890860787273 ], [ 83.113290429543227, 18.768937905088467 ], [ 83.120165663994712, 18.758505316966122 ], [ 83.070953459499876, 18.706668394733235 ], [ 83.056117427262464, 18.666242115759157 ], [ 83.015227874998374, 18.648637123302702 ], [ 83.017760856112076, 18.635922406528596 ], [ 82.998944424981701, 18.621577597860377 ], [ 82.998944424981701, 18.608536862707449 ], [ 83.013418602774294, 18.605928715676864 ], [ 83.011609330550229, 18.595170109175697 ], [ 83.023912381673938, 18.589627796735702 ], [ 83.051051465035059, 18.600060384858047 ], [ 83.051051465035059, 18.588975759978055 ], [ 83.027892780566901, 18.574630951309835 ], [ 83.043452521693936, 18.545289297215746 ], [ 83.061907098379507, 18.542029113427514 ], [ 83.086151346182106, 18.554091793443973 ], [ 83.093026580633591, 18.54757142586751 ], [ 83.053222591703943, 18.48660598902757 ], [ 83.019208273891337, 18.45726433493348 ], [ 83.039110268356154, 18.441615452749968 ], [ 83.040557686135415, 18.425314533808805 ], [ 83.058650408376167, 18.436725177067618 ], [ 83.065525642827652, 18.431182864627623 ], [ 83.055393718372827, 18.420424258126459 ], [ 83.074210149503216, 18.404775375942943 ], [ 83.077104985061723, 18.403471302427651 ], [ 83.055031863928022, 18.382932144561789 ], [ 83.053584446148761, 18.381628071046496 ], [ 83.020293837225779, 18.392386677547663 ], [ 82.994964026088738, 18.38619232835002 ], [ 82.96854865161724, 18.360762894801812 ], [ 82.938152878252794, 18.361414931559459 ], [ 82.894006635985363, 18.381628071046496 ], [ 82.895092199319805, 18.424010460293513 ], [ 82.850945957052389, 18.421076294884106 ], [ 82.845879994824983, 18.433791011658208 ], [ 82.829596544808311, 18.440963415992321 ], [ 82.811865677012378, 18.448787857084078 ], [ 82.806799714784958, 18.451396004114663 ], [ 82.804628588116074, 18.449765912220546 ], [ 82.780384340313475, 18.431508883006448 ], [ 82.785088448096062, 18.411295743519407 ], [ 82.797753353664589, 18.407383522973529 ], [ 82.791963682547546, 18.386844365107667 ], [ 82.780746194758294, 18.382606126182967 ], [ 82.78870699254422, 18.364023078590044 ], [ 82.772423542527548, 18.341201792072418 ], [ 82.664952772417507, 18.298819402825401 ], [ 82.641070379059713, 18.30273162337128 ], [ 82.6504785946249, 18.281866447126596 ], [ 82.640708524614908, 18.264587473048966 ], [ 82.650840449069719, 18.250894701138392 ], [ 82.636004416832307, 18.23752794760664 ], [ 82.586068503447848, 18.276650153065425 ], [ 82.596924136792296, 18.305013752023044 ], [ 82.579555123441182, 18.31577235852421 ], [ 82.593305592344151, 18.329465130434784 ], [ 82.607056061247107, 18.327835038540666 ], [ 82.601990099019702, 18.35228641695241 ], [ 82.621168384594895, 18.359784839665341 ], [ 82.605970497912665, 18.365979188862983 ], [ 82.594753010123412, 18.389126493759431 ], [ 82.53577073561857, 18.406405467837061 ], [ 82.53577073561857, 18.407057504594707 ], [ 82.543369678959678, 18.418794166232342 ], [ 82.556758293417829, 18.440963415992321 ], [ 82.560738692310807, 18.447483783568785 ], [ 82.56146240120043, 18.448461838705253 ], [ 82.540836697845975, 18.458242390069952 ], [ 82.538665571177091, 18.444549618159375 ], [ 82.519487285601897, 18.465740812782883 ], [ 82.534323317839309, 18.477803492799342 ], [ 82.532152191170425, 18.510731349060485 ], [ 82.532152191170425, 18.51105736743931 ], [ 82.532152191170425, 18.51105736743931 ], [ 82.503203835585225, 18.513991532848717 ], [ 82.485111113344473, 18.52833634151694 ], [ 82.486558531123734, 18.550179572898095 ], [ 82.485472967789292, 18.549527536140449 ], [ 82.438070035518535, 18.515947643121656 ], [ 82.428299965508529, 18.485953952269924 ], [ 82.428299965508529, 18.485953952269924 ], [ 82.428299965508529, 18.485953952269924 ], [ 82.387772267689257, 18.499646724180497 ], [ 82.387410413244439, 18.501602834453436 ], [ 82.383068159906657, 18.522468010698123 ], [ 82.402970154371488, 18.526054212865176 ], [ 82.414549496605559, 18.562894289672201 ], [ 82.386324849909997, 18.583433447538063 ], [ 82.385239286575555, 18.591257888629819 ], [ 82.408397971043712, 18.602342513509807 ], [ 82.394647502140742, 18.621577597860377 ], [ 82.385239286575555, 18.622229634618023 ], [ 82.364251728776281, 18.623207689754494 ], [ 82.363528019886658, 18.623207689754494 ], [ 82.312506543167743, 18.575609006446303 ], [ 82.28753858647552, 18.583433447538063 ], [ 82.266912883121066, 18.589627796735702 ], [ 82.265827319786624, 18.590279833493348 ], [ 82.264741756452167, 18.591583907008641 ], [ 82.237964527535865, 18.621577597860377 ], [ 82.23289856530846, 18.626793891921547 ], [ 82.229280020860315, 18.631032130846251 ], [ 82.231089293084381, 18.634944351392129 ], [ 82.222404786408831, 18.67178442819915 ], [ 82.171021455245096, 18.638530553559182 ], [ 82.160527676345467, 18.669502299547389 ], [ 82.146053498552874, 18.664938042243865 ], [ 82.130855611870643, 18.67895683253326 ], [ 82.143520517439171, 18.693953677959129 ], [ 82.13013190298102, 18.721665240159101 ], [ 82.091775331830632, 18.738292177479085 ], [ 82.091413477385814, 18.738618195857907 ], [ 82.089604205161734, 18.752310967768484 ], [ 82.088880496272111, 18.76013540886024 ], [ 82.09068976849619, 18.760461427239061 ], [ 82.133388592984346, 18.765351702921411 ], [ 82.133388592984346, 18.780348548347277 ], [ 82.159080258566206, 18.788172989439037 ], [ 82.168850328576212, 18.836097691126046 ], [ 82.160527676345467, 18.878806098751888 ], [ 82.160889530790286, 18.879132117130709 ], [ 82.176811126362139, 18.88728257660129 ], [ 82.176087417472516, 18.902605440405981 ], [ 82.180429670810284, 18.904887569057742 ], [ 82.218424387515867, 18.922492561514197 ], [ 82.245925325321792, 18.919232377725965 ], [ 82.23289856530846, 19.018015946509397 ], [ 82.20214093749918, 19.066592684954053 ], [ 82.217338824181411, 19.095608320669321 ], [ 82.205035773057702, 19.097238412563435 ], [ 82.205759481947339, 19.121037754217529 ], [ 82.212272861954006, 19.118103588808118 ], [ 82.235431546422163, 19.122015809354 ], [ 82.22964187530512, 19.143859040735155 ], [ 82.25859023089032, 19.142228948841037 ], [ 82.275235535351811, 19.156573757509257 ], [ 82.285729314251441, 19.148097279659854 ], [ 82.311420979833301, 19.177112915375119 ], [ 82.340369335418501, 19.16798440076807 ], [ 82.35267238654221, 19.184285319709232 ], [ 82.401884591037032, 19.165376253737485 ], [ 82.411654661047038, 19.185589393224525 ], [ 82.440241162187419, 19.171244584556302 ], [ 82.460143156652251, 19.184611338088054 ], [ 82.488729657792632, 19.180373099163354 ], [ 82.518039867822637, 19.20254234892333 ], [ 82.568699490096733, 19.198304109998627 ], [ 82.57340359787932, 19.209388734878619 ], [ 82.574489161213762, 19.211344845151558 ], [ 82.579555123441182, 19.195043926210396 ], [ 82.587877775671927, 19.20254234892333 ], [ 82.605246789023042, 19.181351154299822 ], [ 82.615740567922671, 19.181677172678647 ], [ 82.61610242236749, 19.1585298677822 ], [ 82.618635403481193, 19.156573757509257 ], [ 82.625510637932678, 19.152009500205732 ], [ 82.625510637932678, 19.154291628857496 ], [ 82.623701365708598, 19.160485978055139 ], [ 82.626234346822301, 19.161138014812785 ], [ 82.62804361904638, 19.161464033191606 ], [ 82.633109581273786, 19.162116069949253 ], [ 82.634918853497865, 19.157225794266907 ], [ 82.637089980166749, 19.155921720751611 ], [ 82.637089980166749, 19.175482823481005 ], [ 82.65373528462824, 19.188849577012757 ], [ 82.668571316865652, 19.183959301330407 ], [ 82.6794269502101, 19.19732605486216 ], [ 82.685578475771962, 19.185915411603347 ], [ 82.701500071343816, 19.190805687285696 ], [ 82.725020610256792, 19.174178749965712 ], [ 82.722849483587893, 19.161138014812785 ], [ 82.736238098046044, 19.157225794266907 ], [ 82.74962671250421, 19.173200694829241 ], [ 82.761206054738281, 19.164724216979838 ], [ 82.788345138099402, 19.173200694829241 ], [ 82.791963682547546, 19.155269683993964 ], [ 82.803181170336813, 19.151357463448086 ], [ 82.817293493684602, 19.170266529419834 ], [ 82.822721310356826, 19.147771261281033 ], [ 82.832853234811637, 19.189501613770403 ], [ 82.842623304821643, 19.200586238650391 ], [ 82.85384079261091, 19.193413834316281 ], [ 82.856373773724613, 19.205802532711562 ], [ 82.856373773724613, 19.205802532711562 ] ] ] } },
{ "type": "Feature", "properties": { "dt_code": "399", "district": "Malkangiri", "st_code": "21", "year": "2011_c", "st_nm": "Odisha" }, "geometry": { "type": "Polygon", "coordinates": [ [ [ 82.091775331830632, 18.738292177479085 ], [ 82.13013190298102, 18.721665240159101 ], [ 82.143520517439171, 18.693953677959129 ], [ 82.130855611870643, 18.67895683253326 ], [ 82.146053498552874, 18.664938042243865 ], [ 82.160527676345467, 18.669502299547389 ], [ 82.171021455245096, 18.638530553559182 ], [ 82.222404786408831, 18.67178442819915 ], [ 82.231089293084381, 18.634944351392129 ], [ 82.229280020860315, 18.631032130846251 ], [ 82.23289856530846, 18.626793891921547 ], [ 82.237964527535865, 18.621577597860377 ], [ 82.264741756452167, 18.591583907008641 ], [ 82.265827319786624, 18.590279833493348 ], [ 82.266912883121066, 18.589627796735702 ], [ 82.28753858647552, 18.583433447538063 ], [ 82.312506543167743, 18.575609006446303 ], [ 82.363528019886658, 18.623207689754494 ], [ 82.364251728776281, 18.623207689754494 ], [ 82.385239286575555, 18.622229634618023 ], [ 82.394647502140742, 18.621577597860377 ], [ 82.408397971043712, 18.602342513509807 ], [ 82.385239286575555, 18.591257888629819 ], [ 82.386324849909997, 18.583433447538063 ], [ 82.414549496605559, 18.562894289672201 ], [ 82.402970154371488, 18.526054212865176 ], [ 82.383068159906657, 18.522468010698123 ], [ 82.387410413244439, 18.501602834453436 ], [ 82.387772267689257, 18.499646724180497 ], [ 82.428299965508529, 18.485953952269924 ], [ 82.362442456552202, 18.422380368399399 ], [ 82.378002197679251, 18.404449357564122 ], [ 82.383791868796294, 18.368261317514744 ], [ 82.337474499859979, 18.328161056919491 ], [ 82.336388936525537, 18.327509020161845 ], [ 82.354119804321471, 18.316750413660678 ], [ 82.387410413244439, 18.329139112055959 ], [ 82.390667103247779, 18.298819402825401 ], [ 82.374745507675911, 18.281540428747771 ], [ 82.342902316532204, 18.28121441036895 ], [ 82.334941518746277, 18.241440168152518 ], [ 82.322638467622568, 18.231985635166644 ], [ 82.335303373191081, 18.225139249211356 ], [ 82.309249853164417, 18.204926109724319 ], [ 82.313953960947003, 18.184712970237278 ], [ 82.351586823207754, 18.172324271841998 ], [ 82.370765108782948, 18.148850948566729 ], [ 82.361718747662579, 18.135484195034977 ], [ 82.337112645415161, 18.147546875051436 ], [ 82.334217809856639, 18.106468559319712 ], [ 82.350139405428507, 18.077452923604444 ], [ 82.342178607642566, 18.058869876011521 ], [ 82.332408537632574, 18.052023490056236 ], [ 82.32046734095367, 18.060499967905638 ], [ 82.318296214284786, 18.045503122479772 ], [ 82.296946802040708, 18.055935710602114 ], [ 82.300203492044034, 18.069954500891512 ], [ 82.270893282014029, 18.057891820875053 ], [ 82.260037648669581, 18.042568957070362 ], [ 82.271616990903652, 18.023333872719792 ], [ 82.267636592010689, 17.999208512686877 ], [ 82.249543869769951, 17.993014163489235 ], [ 82.204312064168079, 18.019421652173914 ], [ 82.176811126362139, 18.021377762446853 ], [ 82.182600797479182, 18.029528221917435 ], [ 82.167041056352133, 18.052675526813882 ], [ 82.135559719653244, 18.044525067343301 ], [ 82.131941175205085, 18.060499967905638 ], [ 82.100459838506183, 18.06082598628446 ], [ 82.075130027369141, 18.07582283171033 ], [ 82.06029399513173, 18.056913765738582 ], [ 82.038944582887652, 18.057891820875053 ], [ 82.031345639546529, 18.070280519270334 ], [ 82.030621930656906, 18.069954500891512 ], [ 82.025194113984682, 18.067346353860927 ], [ 82.00710139174393, 18.058543857632699 ], [ 82.00710139174393, 18.057891820875053 ], [ 82.008548809523191, 18.031810350569195 ], [ 82.007463246188749, 18.031484332190374 ], [ 81.977791181713926, 18.015183413249211 ], [ 81.97996230838281, 18.012575266218626 ], [ 81.979238599493186, 18.012249247839804 ], [ 81.977429327269107, 18.015183413249211 ], [ 81.959336605028355, 18.00051258620217 ], [ 81.920256324988344, 17.996274347277467 ], [ 81.903611020526853, 17.981603520230422 ], [ 81.809167010430158, 17.956826123439857 ], [ 81.80880515598534, 17.956500105061036 ], [ 81.787817598186066, 17.925854377451653 ], [ 81.715808563667892, 17.87564754711288 ], [ 81.711104455885305, 17.874017455218763 ], [ 81.7060384936579, 17.88771022712934 ], [ 81.700248822540857, 17.902055035797559 ], [ 81.699886968096038, 17.902707072555206 ], [ 81.687583916972329, 17.886406153614047 ], [ 81.668043776952331, 17.88281995144699 ], [ 81.662254105835288, 17.881515877931697 ], [ 81.643075820260094, 17.84402376436703 ], [ 81.641628402480833, 17.841415617336445 ], [ 81.617384154678234, 17.823158588122343 ], [ 81.57432347574526, 17.838807470305859 ], [ 81.563467842400811, 17.827070808668221 ], [ 81.49218251677226, 17.812726 ], [ 81.476260921200407, 17.838481451927034 ], [ 81.445865147835946, 17.825440716774107 ], [ 81.435733223381135, 17.832613121108217 ], [ 81.416916792250746, 17.814030073515294 ], [ 81.39990963334445, 17.820224422712936 ], [ 81.397738506675566, 17.821202477849404 ], [ 81.397376652230747, 17.818594330818819 ], [ 81.391948835558523, 17.815334147030587 ], [ 81.38941585444482, 17.82902691894116 ], [ 81.389054, 17.830004974077632 ], [ 81.403890032237413, 17.853152278974079 ], [ 81.394119962227407, 17.869453197915238 ], [ 81.39990963334445, 17.891948466054039 ], [ 81.400271487789269, 17.893578557948157 ], [ 81.444779584501504, 17.8857541168564 ], [ 81.449121837839286, 17.932048726649295 ], [ 81.482774301207073, 17.976713244548073 ], [ 81.480965028982993, 18.051371453298589 ], [ 81.513170074571534, 18.099948191743245 ], [ 81.513531929016338, 18.139396415580855 ], [ 81.525834980140047, 18.153415205870253 ], [ 81.507018549009672, 18.186343062131396 ], [ 81.530539087922648, 18.240462113016047 ], [ 81.525473125695243, 18.258067105472502 ], [ 81.564191551290435, 18.275346079550133 ], [ 81.597482160213417, 18.308925972568922 ], [ 81.662254105835288, 18.321314670964203 ], [ 81.64958920026676, 18.336963553147719 ], [ 81.658997415831948, 18.346744104512414 ], [ 81.750184735925316, 18.353590490467703 ], [ 81.76936302150051, 18.418794166232342 ], [ 81.854760670476836, 18.490192191194623 ], [ 81.868149284934987, 18.525076157728709 ], [ 81.909038837199077, 18.537790874502811 ], [ 81.901439893857969, 18.548549481003977 ], [ 81.910848109423156, 18.570718730763957 ], [ 81.950652098352805, 18.570066694006311 ], [ 81.963678858366137, 18.590605851872173 ], [ 81.927855268329452, 18.619947505966259 ], [ 81.894564659406484, 18.629076020573311 ], [ 81.893840950516847, 18.65743961953093 ], [ 81.899268767189071, 18.660373784940337 ], [ 81.900716184968331, 18.661351840076808 ], [ 81.921703742767605, 18.64309481086271 ], [ 81.948842826128725, 18.643746847620356 ], [ 81.969106675038361, 18.673414520093267 ], [ 81.960784022807616, 18.688737383897958 ], [ 81.970192238372803, 18.698191916883829 ], [ 82.030983785101711, 18.723947368810862 ], [ 82.084900097379148, 18.718731074749691 ], [ 82.091775331830632, 18.738292177479085 ] ] ] } },
{ "type": "Feature", "properties": { "dt_code": "384", "district": "Angul", "st_code": "21", "year": "2011_c", "st_nm": "Odisha" }, "geometry": { "type": "MultiPolygon", "coordinates": [ [ [ [ 84.872264885788681, 21.172019375394321 ], [ 84.874797866902384, 21.178213724591963 ], [ 84.875159721347202, 21.179191779728431 ], [ 84.876607139126463, 21.172997430530792 ], [ 84.875521575792021, 21.172671412151967 ], [ 84.872264885788681, 21.172019375394321 ] ] ], [ [ [ 85.393697140767017, 21.183430018653134 ], [ 85.378137399639982, 21.167455118090796 ], [ 85.333267448482928, 21.177235669455492 ], [ 85.316983998466256, 21.158000585104922 ], [ 85.29020676954994, 21.180495853243723 ], [ 85.272114047309202, 21.174953540803731 ], [ 85.229777077265851, 21.072583769853242 ], [ 85.184907126108797, 21.08138626608147 ], [ 85.179479309436573, 21.075843953641474 ], [ 85.167899967202487, 21.057912942806198 ], [ 85.169709239426567, 21.050740538472088 ], [ 85.205894683908056, 21.026289160060347 ], [ 85.248593508396226, 21.002163800027432 ], [ 85.253659470623631, 20.994013340556851 ], [ 85.258725432851051, 20.985210844328623 ], [ 85.261620268409558, 20.980320568646277 ], [ 85.259449141740674, 20.978364458373335 ], [ 85.241718273944741, 20.965323723220408 ], [ 85.239547147275857, 20.911204672335757 ], [ 85.244974963948081, 20.898163937182829 ], [ 85.262705831744015, 20.893925698258126 ], [ 85.248231653951407, 20.884471165272252 ], [ 85.258363578406232, 20.874690613907557 ], [ 85.255468742847711, 20.796120184611162 ], [ 85.196486468342869, 20.786991670004113 ], [ 85.216750317252504, 20.752433721848853 ], [ 85.188887525001761, 20.700922817994787 ], [ 85.188887525001761, 20.70027078123714 ], [ 85.192867923894724, 20.681687733644218 ], [ 85.193591632784361, 20.678101531477164 ], [ 85.17549891054361, 20.666038851460705 ], [ 85.170071093871385, 20.662126630914827 ], [ 85.169347384981748, 20.661800612536002 ], [ 85.163557713864719, 20.675493384446579 ], [ 85.174775201653972, 20.701900873131258 ], [ 85.15993916941656, 20.70744318557125 ], [ 85.152702080520271, 20.733524655877108 ], [ 85.140399029396562, 20.731242527225348 ], [ 85.113621800480246, 20.683643843917157 ], [ 85.134609358279519, 20.641587473048965 ], [ 85.127010414938411, 20.616158039500753 ], [ 85.121582598266187, 20.612897855712522 ], [ 85.121582598266187, 20.612245818954875 ], [ 85.121220743821368, 20.6125718373337 ], [ 85.090824970456907, 20.618766186531339 ], [ 85.073817811550612, 20.581274072966671 ], [ 85.055363234865041, 20.577687870799615 ], [ 85.027500442614297, 20.589750550816074 ], [ 84.987696453684649, 20.5802960178302 ], [ 84.979735655898722, 20.565299172404334 ], [ 84.943188356972414, 20.581926109724318 ], [ 84.897594696925722, 20.582252128103139 ], [ 84.8483824924309, 20.528133077218488 ], [ 84.76660338790272, 20.603443322726648 ], [ 84.761899280120119, 20.608007580030176 ], [ 84.639230623327862, 20.623656462213688 ], [ 84.560708208803007, 20.690164211493624 ], [ 84.515838257645953, 20.70222689151008 ], [ 84.462645654258168, 20.735480766150047 ], [ 84.418499411990737, 20.738088913180633 ], [ 84.417413848656295, 20.738414931559458 ], [ 84.412709740873694, 20.740371041832397 ], [ 84.36964906194072, 20.761562236455905 ], [ 84.360240846375532, 20.76612649375943 ], [ 84.349747067475903, 20.780797320806474 ], [ 84.349023358586265, 20.781775375942942 ], [ 84.349023358586265, 20.782101394321767 ], [ 84.351194485255164, 20.825787857084077 ], [ 84.347937795251823, 20.83230822466054 ], [ 84.302705989649951, 20.859367750102866 ], [ 84.266520545168461, 20.881210981484021 ], [ 84.266520545168461, 20.881536999862846 ], [ 84.266520545168461, 20.881863018241667 ], [ 84.267967962947722, 20.907944488547525 ], [ 84.268329817392541, 20.913160782608696 ], [ 84.276290615178468, 20.918703095048691 ], [ 84.279185450736989, 20.922289297215745 ], [ 84.301620426315509, 20.936308087505143 ], [ 84.311390496325515, 20.93206984858044 ], [ 84.32875950967663, 20.951630951309834 ], [ 84.329845073011072, 20.951630951309834 ], [ 84.366030517492575, 20.953913079961595 ], [ 84.372543897499241, 20.954565116719241 ], [ 84.374353169723321, 20.954565116719241 ], [ 84.405472651977405, 20.976734366479221 ], [ 84.413795304208151, 21.003467873542725 ], [ 84.434059153117786, 21.015204535180359 ], [ 84.40909119642555, 21.030527398985051 ], [ 84.429355045335186, 21.040307950349746 ], [ 84.438763260900373, 21.033135546015636 ], [ 84.481462085388543, 21.080734229323824 ], [ 84.532121707662625, 21.087580615279112 ], [ 84.585314311050425, 21.061173126594433 ], [ 84.645382148889709, 21.08366839473323 ], [ 84.679396466702315, 21.063129236867368 ], [ 84.667455270023424, 21.093448946097929 ], [ 84.680482030036757, 21.147241978603759 ], [ 84.723180854524927, 21.148546052119052 ], [ 84.731141652310853, 21.169085209984914 ], [ 84.744530266769004, 21.169411228363735 ], [ 84.746339538993084, 21.168107154848443 ], [ 84.795189889043101, 21.133223188314361 ], [ 84.80423625016347, 21.136483372102592 ], [ 84.808940357946071, 21.141373647784938 ], [ 84.798446579046427, 21.165499007817857 ], [ 84.799170287936064, 21.165825026196678 ], [ 84.798808433491246, 21.166477062954328 ], [ 84.817624864621621, 21.171367338636674 ], [ 84.876607139126463, 21.164520952681386 ], [ 84.918582254724996, 21.140721611027292 ], [ 84.931970869183147, 21.153436327801398 ], [ 84.927990470290183, 21.180821871622548 ], [ 84.950425445868717, 21.170715301879028 ], [ 84.948978028089456, 21.147894015361402 ], [ 84.962366642547607, 21.147241978603759 ], [ 84.969965585888716, 21.188972331093126 ], [ 84.939569812524269, 21.196144735427239 ], [ 84.925819343621299, 21.233636848991907 ], [ 84.897594696925722, 21.261022392813057 ], [ 84.956938825875383, 21.297862469620078 ], [ 84.988420162574286, 21.287103863118912 ], [ 85.011216992597625, 21.297210432862432 ], [ 85.011578847042443, 21.297536451241257 ], [ 85.017368518159472, 21.296232377725964 ], [ 85.032928259286521, 21.293298212316554 ], [ 85.008322157039103, 21.323617921547111 ], [ 85.007598448149466, 21.37936706432588 ], [ 84.991676852577612, 21.412294920587023 ], [ 84.997466523694655, 21.435768243862295 ], [ 84.998552087029097, 21.43609426224112 ], [ 85.026053024835036, 21.447830923878755 ], [ 85.020987062607631, 21.458263512001096 ], [ 85.060067342647642, 21.442288611438759 ], [ 85.07960748266764, 21.458915548758743 ], [ 85.154149498299532, 21.462827769304621 ], [ 85.202999848349549, 21.521185059113975 ], [ 85.211684355025099, 21.556395044026882 ], [ 85.204085411683991, 21.56747966890687 ], [ 85.187801961667319, 21.588018826772732 ], [ 85.144017573844707, 21.595191231106842 ], [ 85.144017573844707, 21.595191231106842 ], [ 85.144379428289525, 21.595191231106842 ], [ 85.144379428289525, 21.595191231106842 ], [ 85.179479309436573, 21.626815013852696 ], [ 85.193591632784361, 21.639203712247976 ], [ 85.194315341673985, 21.639855749005623 ], [ 85.193953487229166, 21.639855749005623 ], [ 85.180203018326196, 21.644746024687969 ], [ 85.188887525001761, 21.657460741462074 ], [ 85.191058651670645, 21.661046943629131 ], [ 85.191058651670645, 21.660720925250306 ], [ 85.201552430570288, 21.660720925250306 ], [ 85.209513228356215, 21.675391752297351 ], [ 85.255106888402892, 21.674087678782058 ], [ 85.268495502861043, 21.622250756549171 ], [ 85.293825313998099, 21.599429470031545 ], [ 85.28296968065365, 21.592909102455081 ], [ 85.286226370656976, 21.584432624605679 ], [ 85.312279890683655, 21.569109760800988 ], [ 85.299976839559946, 21.553786896996296 ], [ 85.300338694004765, 21.548896621313947 ], [ 85.302509820673649, 21.531291628857495 ], [ 85.320964397359219, 21.534551812645727 ], [ 85.322049960693661, 21.531943665615142 ], [ 85.333991157372552, 21.481736835276369 ], [ 85.333991157372552, 21.481084798518722 ], [ 85.308299491790692, 21.461849714168153 ], [ 85.305766510676989, 21.446852868742283 ], [ 85.263067686188819, 21.457285456864625 ], [ 85.255106888402892, 21.451417126045808 ], [ 85.272475901754007, 21.427943802770539 ], [ 85.303957238452909, 21.416207141132901 ], [ 85.305042801787351, 21.396320020024689 ], [ 85.326392214031443, 21.390451689205868 ], [ 85.342675664048116, 21.366000310794128 ], [ 85.325668505141806, 21.320357737758879 ], [ 85.315174726242176, 21.330138289123575 ], [ 85.284417098432911, 21.298188487998903 ], [ 85.272837756198825, 21.302426726923603 ], [ 85.271752192864383, 21.302752745302428 ], [ 85.270666629529941, 21.280257477163627 ], [ 85.270304775085123, 21.274389146344809 ], [ 85.270304775085123, 21.274063127965984 ], [ 85.286588225101795, 21.263956558222464 ], [ 85.297443858446243, 21.275693219860102 ], [ 85.36004467739923, 21.244721473871895 ], [ 85.383203361867388, 21.203643158140171 ], [ 85.393335286322213, 21.183430018653134 ], [ 85.393335286322213, 21.183430018653134 ], [ 85.393697140767017, 21.183430018653134 ] ] ] ] } },
{ "type": "Feature", "properties": { "dt_code": "379", "district": "Kendrapara", "st_code": "21", "year": "2011_c", "st_nm": "Odisha" }, "geometry": { "type": "Polygon", "coordinates": [ [ [ 86.621831126468948, 20.795142129474694 ], [ 86.630153778699693, 20.795142129474694 ], [ 86.630877487589331, 20.796120184611162 ], [ 86.631963050923773, 20.795142129474694 ], [ 86.646437228716366, 20.786013614867645 ], [ 86.646437228716366, 20.786013614867645 ], [ 86.659102134284893, 20.796446202989987 ], [ 86.706143212110831, 20.776885100260596 ], [ 86.710485465448613, 20.759606126182966 ], [ 86.758250252164189, 20.766778530517076 ], [ 86.760059524388254, 20.767104548895897 ], [ 86.761506942167514, 20.764170383486491 ], [ 86.763678068836413, 20.759280107804141 ], [ 86.765125486615673, 20.756345942394734 ], [ 86.75463170771603, 20.743631225620629 ], [ 86.756440979940109, 20.739392986695925 ], [ 86.761868796612333, 20.735806784528872 ], [ 86.77634297440494, 20.737436876422986 ], [ 86.781047082187527, 20.741349096968865 ], [ 86.791540861087157, 20.738740949938279 ], [ 86.798054241093837, 20.737110858044165 ], [ 86.806015038879764, 20.735154747771226 ], [ 86.819403653337915, 20.732220582361816 ], [ 86.828450014458284, 20.755693905637088 ], [ 86.861016914491628, 20.774928989987657 ], [ 86.902268321200538, 20.762540291592373 ], [ 87.022042142434287, 20.770364732684129 ], [ 87.041220428009467, 20.75895408942532 ], [ 87.039773010230221, 20.742327152105336 ], [ 87.055694605802074, 20.714941608284185 ], [ 86.788646025528635, 20.534001408037305 ], [ 86.765487341060478, 20.504007717185573 ], [ 86.752098726602327, 20.518026507474968 ], [ 86.75788839771937, 20.494227165820874 ], [ 86.747756473264559, 20.473035971197366 ], [ 86.723150371017141, 20.480208375531475 ], [ 86.736177131030473, 20.461299309559731 ], [ 86.730749314358249, 20.411418497599779 ], [ 86.709761756558976, 20.396095633795088 ], [ 86.724597788796402, 20.378164622959815 ], [ 86.736177131030473, 20.39707368893156 ], [ 86.743776074371581, 20.378816659717458 ], [ 86.769467739953456, 20.393487486764503 ], [ 86.782494499966788, 20.382402861884515 ], [ 86.791540861087157, 20.433261728980934 ], [ 86.802396494431605, 20.444020335482101 ], [ 86.794435696645678, 20.493901147442052 ], [ 86.800225367762721, 20.487380779865589 ], [ 86.810357292217532, 20.451192739816211 ], [ 86.791540861087157, 20.387619155945686 ], [ 86.797330532204199, 20.378164622959815 ], [ 86.797330532204199, 20.396421652173913 ], [ 86.804567621100503, 20.391205358112742 ], [ 86.797692386649018, 20.400659891098613 ], [ 86.805291329990126, 20.399029799204499 ], [ 86.809995437772727, 20.37490443917158 ], [ 86.77634297440494, 20.345562785077494 ], [ 86.776704828849745, 20.335456215333974 ], [ 86.776704828849745, 20.334478160197502 ], [ 86.723150371017141, 20.298616138526953 ], [ 86.697458705435281, 20.296986046632835 ], [ 86.664168096512299, 20.32893584775751 ], [ 86.604100258673014, 20.340998527773969 ], [ 86.548374674171512, 20.324371590453985 ], [ 86.52015002747595, 20.341324546152791 ], [ 86.498800615231872, 20.328283810999864 ], [ 86.473108949650012, 20.336760288849266 ], [ 86.452121391850739, 20.330239921272803 ], [ 86.393862826235534, 20.365449906185709 ], [ 86.389520572897752, 20.354039262926896 ], [ 86.365638179539971, 20.357625465093953 ], [ 86.359848508422928, 20.355343336442189 ], [ 86.359124799533305, 20.35045306075984 ], [ 86.355506255085146, 20.353713244548072 ], [ 86.335966115065148, 20.370340181868055 ], [ 86.317511538379577, 20.354039262926896 ], [ 86.316064120600316, 20.355343336442189 ], [ 86.30955074059365, 20.361537685639831 ], [ 86.273003441667342, 20.357299446715128 ], [ 86.269023042774378, 20.372622310519819 ], [ 86.248035484975105, 20.364797869428063 ], [ 86.248759193864743, 20.367406016458649 ], [ 86.251654029423264, 20.379794714853929 ], [ 86.257443700540293, 20.37490443917158 ], [ 86.26142409943327, 20.386967119188039 ], [ 86.273003441667342, 20.387945174324511 ], [ 86.265404498326234, 20.405550166780962 ], [ 86.277707549449929, 20.422503122479768 ], [ 86.26866118832956, 20.425437287889178 ], [ 86.275174568336226, 20.446628482512686 ], [ 86.264680789436596, 20.451192739816211 ], [ 86.274089005001784, 20.454778941983268 ], [ 86.262509662767712, 20.485424669592646 ], [ 86.277707549449929, 20.496183276093813 ], [ 86.268299333884741, 20.508245956110272 ], [ 86.276621986115487, 20.518352525853793 ], [ 86.249482902754366, 20.536283536689069 ], [ 86.249121048309561, 20.53856566534083 ], [ 86.270832314998458, 20.55877880482787 ], [ 86.263957080546973, 20.560408896721984 ], [ 86.266128207215857, 20.563343062131395 ], [ 86.272641587222523, 20.564321117267866 ], [ 86.280240530563646, 20.581274072966671 ], [ 86.280240530563646, 20.581274072966671 ], [ 86.280240530563646, 20.581274072966671 ], [ 86.314616702821056, 20.580948054587846 ], [ 86.319682665048475, 20.630502848168973 ], [ 86.330176443948105, 20.608985635166643 ], [ 86.376855667329238, 20.593988789740777 ], [ 86.400014351797381, 20.624308498971335 ], [ 86.422087472931096, 20.624960535728981 ], [ 86.426429726268879, 20.645173675216018 ], [ 86.450673974071478, 20.647455803867782 ], [ 86.452121391850739, 20.675167366067754 ], [ 86.46876669631223, 20.689186156357152 ], [ 86.487583127442605, 20.679405604992457 ], [ 86.511103666355581, 20.687230046084213 ], [ 86.513998501914102, 20.699292726100673 ], [ 86.525939698592992, 20.688208101220681 ], [ 86.555973617512635, 20.706465130434783 ], [ 86.546203547502628, 20.721461975860649 ], [ 86.56103957974004, 20.738088913180633 ], [ 86.538242749716701, 20.73450271101358 ], [ 86.541137585275223, 20.752433721848853 ], [ 86.564658124188185, 20.774276953230007 ], [ 86.616765164241542, 20.774928989987657 ], [ 86.617488873131165, 20.774928989987657 ], [ 86.618212582020803, 20.777537137018243 ], [ 86.624725962027469, 20.792533982444109 ], [ 86.621831126468948, 20.795142129474694 ] ] ] } },
{ "type": "Feature", "properties": { "dt_code": "388", "district": "Ganjam", "st_code": "21", "year": "2011_c", "st_nm": "Odisha" }, "geometry": { "type": "MultiPolygon", "coordinates": [ [ [ [ 84.351918194144787, 19.112887294746947 ], [ 84.35589859303775, 19.112561276368126 ], [ 84.355174884148127, 19.111583221231655 ], [ 84.354089320813671, 19.110279147716362 ], [ 84.353365611924048, 19.109627110958716 ], [ 84.353003757479229, 19.109953129337541 ], [ 84.351918194144787, 19.112887294746947 ] ] ], [ [ [ 84.370372770830343, 19.118755625565768 ], [ 84.370010916385539, 19.116473496914004 ], [ 84.368201644161459, 19.118755625565768 ], [ 84.367839789716641, 19.119733680702236 ], [ 84.370372770830343, 19.118755625565768 ] ] ], [ [ [ 84.233953645135117, 19.573225245645318 ], [ 84.235401062914377, 19.595068477026473 ], [ 84.22418357512511, 19.627018278151144 ], [ 84.247342259593267, 19.6446232706076 ], [ 84.239019607362522, 19.665162428473462 ], [ 84.199215618432873, 19.687005659854616 ], [ 84.189083693978063, 19.705914725826361 ], [ 84.201386745101772, 19.733952306405158 ], [ 84.181484750636955, 19.737538508572214 ], [ 84.152898249496573, 19.724823791798109 ], [ 84.159773483948044, 19.738516563708682 ], [ 84.130463273918039, 19.780246916198053 ], [ 84.173162098406209, 19.79328765135098 ], [ 84.165201300620282, 19.805350331367439 ], [ 84.173885807295832, 19.823281342202716 ], [ 84.199939327322511, 19.835344022219175 ], [ 84.185103295085099, 19.860447437388562 ], [ 84.274481342954388, 19.879682521739131 ], [ 84.30632453409811, 19.908698157454396 ], [ 84.324417256338847, 19.872184099026196 ], [ 84.358431574151453, 19.863381602797972 ], [ 84.378695423061089, 19.845776610341517 ], [ 84.412709740873694, 19.840560316280346 ], [ 84.43152617200407, 19.8399082795227 ], [ 84.435506570897047, 19.836974114113289 ], [ 84.444191077572597, 19.835670040597996 ], [ 84.444191077572597, 19.844798555205049 ], [ 84.461560090923712, 19.85718725360033 ], [ 84.46373121759261, 19.953362675353176 ], [ 84.404748943087768, 19.962491189960225 ], [ 84.389912910850356, 19.955970822383762 ], [ 84.35589859303775, 19.989550715402551 ], [ 84.335634744128114, 19.978140072143738 ], [ 84.322246129669963, 19.990202752160197 ], [ 84.322607984114782, 19.990202752160197 ], [ 84.35770786526183, 20.032911159786039 ], [ 84.363497536378873, 20.025738755451925 ], [ 84.418137557545919, 20.049538097106023 ], [ 84.404387088642949, 20.083444008503633 ], [ 84.441658096458895, 20.146691573995337 ], [ 84.43478286200741, 20.200484606501167 ], [ 84.435144716452228, 20.200484606501167 ], [ 84.450704457579263, 20.199832569743521 ], [ 84.451428166468901, 20.199832569743521 ], [ 84.458303400920386, 20.189726 ], [ 84.459388964254828, 20.188095908105883 ], [ 84.459388964254828, 20.188095908105883 ], [ 84.45866525536519, 20.186139797832944 ], [ 84.453599293137785, 20.166904713482374 ], [ 84.486889902060767, 20.14082324317652 ], [ 84.508963023194468, 20.136585004251817 ], [ 84.523075346542257, 20.152559904814154 ], [ 84.525970182100778, 20.144083426964752 ], [ 84.560708208803007, 20.139193151282402 ], [ 84.558175227689304, 20.157450180496504 ], [ 84.587123583274504, 20.173425081058838 ], [ 84.586761728829686, 20.174403136195309 ], [ 84.58495245660562, 20.186465816211768 ], [ 84.597979216618953, 20.176359246468248 ], [ 84.647915130003412, 20.202766735152927 ], [ 84.672159377806011, 20.273838741736387 ], [ 84.672159377806011, 20.273838741736387 ], [ 84.672159377806011, 20.274164760115212 ], [ 84.672883086695649, 20.274164760115212 ], [ 84.699660315611951, 20.277750962282266 ], [ 84.704726277839356, 20.278729017418733 ], [ 84.73584576009344, 20.244171069263476 ], [ 84.765155970123459, 20.246453197915237 ], [ 84.831375333524591, 20.216785525442326 ], [ 84.831737187969409, 20.216459507063504 ], [ 84.822328972404222, 20.119632048553012 ], [ 84.806045522387549, 20.113763717734194 ], [ 84.798446579046427, 20.090616412837747 ], [ 84.811835193504592, 20.06681707118365 ], [ 84.857066999106451, 20.030303012755454 ], [ 84.862494815778675, 20.000635340282539 ], [ 84.900851386929062, 19.991832844054315 ], [ 84.901213241373881, 19.991832844054315 ], [ 84.917134836945735, 19.952058601837884 ], [ 84.92075338139388, 19.943256105609656 ], [ 84.92075338139388, 19.943256105609656 ], [ 84.907364766935729, 19.908046120696749 ], [ 84.927990470290183, 19.908372139075574 ], [ 84.939931666969073, 19.897287514195583 ], [ 84.939931666969073, 19.897287514195583 ], [ 84.934865704741668, 19.875118264435606 ], [ 84.969241876999092, 19.854579106569744 ], [ 84.984077909236504, 19.820347176793305 ], [ 85.00434175814614, 19.804698294609793 ], [ 85.044869455965411, 19.80632838650391 ], [ 85.072370393771351, 19.794591724866272 ], [ 85.083949736005422, 19.770466364833357 ], [ 85.137866048282859, 19.739168600466328 ], [ 85.182735999439899, 19.678203163626389 ], [ 85.182374144995094, 19.672660851186393 ], [ 85.182374144995094, 19.672334832807572 ], [ 85.174051492764349, 19.557902381840627 ], [ 85.134971212724338, 19.521388323412427 ], [ 85.172604074985088, 19.467269272527773 ], [ 85.101680603801356, 19.410868092991361 ], [ 85.079245628222836, 19.375006071320808 ], [ 84.981544928122801, 19.316648781511454 ], [ 84.878778265795347, 19.231231966259774 ], [ 84.810749630170136, 19.157551812645728 ], [ 84.765155970123459, 19.077025273076398 ], [ 84.700745878946393, 19.118755625565768 ], [ 84.697851043387871, 19.145163114250447 ], [ 84.708344822287515, 19.147445242902208 ], [ 84.709792240066776, 19.159181904539842 ], [ 84.672159377806011, 19.166354308873956 ], [ 84.668540833357866, 19.164724216979838 ], [ 84.665284143354526, 19.130818305582224 ], [ 84.593275108836352, 19.133426452612809 ], [ 84.60738743218414, 19.101802669866959 ], [ 84.623309027755994, 19.09984655959402 ], [ 84.623309027755994, 19.085827769304622 ], [ 84.656961491123795, 19.095282302290496 ], [ 84.668902687802685, 19.077351291455219 ], [ 84.659132617792679, 19.063984537923467 ], [ 84.616071938859704, 19.066918703332878 ], [ 84.618604919973407, 19.057138151968182 ], [ 84.604492596625619, 19.038881122754081 ], [ 84.594722526615612, 19.026818442737621 ], [ 84.59218954550191, 19.023232240570568 ], [ 84.586761728829686, 19.029100571389385 ], [ 84.579886494378201, 19.03659899410232 ], [ 84.575182386595614, 19.041489269784666 ], [ 84.580610203267838, 19.073765089288162 ], [ 84.570840133257832, 19.074743144424634 ], [ 84.554556683241159, 19.057464170347004 ], [ 84.514390839866692, 19.049313710876422 ], [ 84.480738376498905, 19.017363909751751 ], [ 84.473863142047421, 18.990304384309422 ], [ 84.419223120880375, 19.022906222191743 ], [ 84.429716899780004, 18.995846696749418 ], [ 84.44998074868964, 18.978567722671787 ], [ 84.428631336445562, 18.970091244822385 ], [ 84.422479810883701, 18.949552086956523 ], [ 84.411262323094434, 18.938793480455356 ], [ 84.393893309743319, 18.953464307502401 ], [ 84.41053861420481, 18.965200969140035 ], [ 84.40728192420147, 18.97269939185297 ], [ 84.386294366402211, 18.968787171307092 ], [ 84.384485094178132, 18.968461152928267 ], [ 84.39859741752592, 18.985414108627076 ], [ 84.393531455298501, 19.001062990810588 ], [ 84.359517137485895, 18.992586512961186 ], [ 84.371096479719981, 19.011169560554109 ], [ 84.353727466368866, 19.008561413523523 ], [ 84.364221245268496, 19.0532259314223 ], [ 84.351194485255164, 19.067896758469345 ], [ 84.358069719706648, 19.077351291455219 ], [ 84.348299649696642, 19.078655364970512 ], [ 84.387018075291834, 19.122015809354 ], [ 84.376162441947386, 19.135708581264574 ], [ 84.388465493071095, 19.141902930462216 ], [ 84.364944954158119, 19.161138014812785 ], [ 84.368563498606278, 19.179721062405704 ], [ 84.359878991930714, 19.188197540255111 ], [ 84.39859741752592, 19.201238275408038 ], [ 84.396788145301841, 19.213952992182143 ], [ 84.425736500887041, 19.260899638732685 ], [ 84.419584975325179, 19.279482686325608 ], [ 84.427545773111106, 19.299695825812645 ], [ 84.415604576432216, 19.327733406391442 ], [ 84.420670538659621, 19.348272564257304 ], [ 84.439486969790011, 19.36326940968317 ], [ 84.393531455298501, 19.371745887532576 ], [ 84.379419131950726, 19.384786622685503 ], [ 84.390274765295175, 19.399131431353723 ], [ 84.370372770830343, 19.40989003785489 ], [ 84.372182043054423, 19.426516975174874 ], [ 84.423565374218143, 19.440535765464272 ], [ 84.404387088642949, 19.457162702784256 ], [ 84.395702581967399, 19.451946408723085 ], [ 84.39534072752258, 19.470203437937183 ], [ 84.373991315278502, 19.487808430393635 ], [ 84.387018075291834, 19.514867955835964 ], [ 84.38339953084369, 19.546165720202989 ], [ 84.402577816418884, 19.555620253188863 ], [ 84.401130398639623, 19.575507374297079 ], [ 84.335996598572933, 19.594090421890002 ], [ 84.322607984114782, 19.607131157042929 ], [ 84.319713148556261, 19.578441539706489 ], [ 84.299449299646625, 19.574855337539432 ], [ 84.299811154091429, 19.57355126402414 ], [ 84.309943078546254, 19.571921172130025 ], [ 84.311028641880696, 19.571595153751201 ], [ 84.311752350770334, 19.571595153751201 ], [ 84.30306784409477, 19.567030896447676 ], [ 84.271948361840685, 19.551055995885338 ], [ 84.270139089616606, 19.550077940748867 ], [ 84.262178291830679, 19.580071631600603 ], [ 84.252770076265492, 19.560184510492387 ], [ 84.248427822927709, 19.565726822932383 ], [ 84.247342259593267, 19.562792657522973 ], [ 84.244085569589927, 19.571269135372376 ], [ 84.236486626248819, 19.58072366835825 ], [ 84.233953645135117, 19.573225245645318 ] ] ] ] } },
{ "type": "Feature", "properties": { "dt_code": "389", "district": "Gajapati", "st_code": "21", "year": "2011_c", "st_nm": "Odisha" }, "geometry": { "type": "Polygon", "coordinates": [ [ [ 83.940127835945376, 19.635168737621726 ], [ 83.954963868182787, 19.636146792758197 ], [ 83.966543210416873, 19.623758094362913 ], [ 84.003452363788, 19.628648370045262 ], [ 84.009603889349847, 19.618867818680567 ], [ 84.02733475714578, 19.636798829515843 ], [ 84.043256352717634, 19.627344296529969 ], [ 84.083060341647283, 19.632886608969962 ], [ 84.105857171670621, 19.623106057605266 ], [ 84.13010141947322, 19.629952443560555 ], [ 84.152898249496573, 19.583331815388835 ], [ 84.203557871770656, 19.59311236675353 ], [ 84.206814561773996, 19.592134311617063 ], [ 84.205005289549916, 19.579745613221782 ], [ 84.215499068449546, 19.584961907282953 ], [ 84.233953645135117, 19.573225245645318 ], [ 84.236486626248819, 19.58072366835825 ], [ 84.244085569589927, 19.571269135372376 ], [ 84.247342259593267, 19.562792657522973 ], [ 84.248427822927709, 19.565726822932383 ], [ 84.252770076265492, 19.560184510492387 ], [ 84.262178291830679, 19.580071631600603 ], [ 84.270139089616606, 19.550077940748867 ], [ 84.271948361840685, 19.551055995885338 ], [ 84.30306784409477, 19.567030896447676 ], [ 84.311752350770334, 19.571595153751201 ], [ 84.311028641880696, 19.571595153751201 ], [ 84.309943078546254, 19.571921172130025 ], [ 84.299811154091429, 19.57355126402414 ], [ 84.299449299646625, 19.574855337539432 ], [ 84.319713148556261, 19.578441539706489 ], [ 84.322607984114782, 19.607131157042929 ], [ 84.335996598572933, 19.594090421890002 ], [ 84.401130398639623, 19.575507374297079 ], [ 84.402577816418884, 19.555620253188863 ], [ 84.38339953084369, 19.546165720202989 ], [ 84.387018075291834, 19.514867955835964 ], [ 84.373991315278502, 19.487808430393635 ], [ 84.39534072752258, 19.470203437937183 ], [ 84.395702581967399, 19.451946408723085 ], [ 84.404387088642949, 19.457162702784256 ], [ 84.423565374218143, 19.440535765464272 ], [ 84.372182043054423, 19.426516975174874 ], [ 84.370372770830343, 19.40989003785489 ], [ 84.390274765295175, 19.399131431353723 ], [ 84.379419131950726, 19.384786622685503 ], [ 84.393531455298501, 19.371745887532576 ], [ 84.439486969790011, 19.36326940968317 ], [ 84.420670538659621, 19.348272564257304 ], [ 84.415604576432216, 19.327733406391442 ], [ 84.427545773111106, 19.299695825812645 ], [ 84.419584975325179, 19.279482686325608 ], [ 84.425736500887041, 19.260899638732685 ], [ 84.396788145301841, 19.213952992182143 ], [ 84.39859741752592, 19.201238275408038 ], [ 84.359878991930714, 19.188197540255111 ], [ 84.368563498606278, 19.179721062405704 ], [ 84.364944954158119, 19.161138014812785 ], [ 84.388465493071095, 19.141902930462216 ], [ 84.376162441947386, 19.135708581264574 ], [ 84.387018075291834, 19.122015809354 ], [ 84.348299649696642, 19.078655364970512 ], [ 84.358069719706648, 19.077351291455219 ], [ 84.351194485255164, 19.067896758469345 ], [ 84.364221245268496, 19.0532259314223 ], [ 84.353727466368866, 19.008561413523523 ], [ 84.371096479719981, 19.011169560554109 ], [ 84.359517137485895, 18.992586512961186 ], [ 84.393531455298501, 19.001062990810588 ], [ 84.39859741752592, 18.985414108627076 ], [ 84.384485094178132, 18.968461152928267 ], [ 84.386294366402211, 18.968787171307092 ], [ 84.40728192420147, 18.97269939185297 ], [ 84.41053861420481, 18.965200969140035 ], [ 84.393893309743319, 18.953464307502401 ], [ 84.411262323094434, 18.938793480455356 ], [ 84.422479810883701, 18.949552086956523 ], [ 84.422117956438882, 18.948574031820051 ], [ 84.423203519773338, 18.946291903168291 ], [ 84.43152617200407, 18.930643020984775 ], [ 84.43478286200741, 18.924122653408311 ], [ 84.428269482000744, 18.912712010149502 ], [ 84.426822064221483, 18.910755899876563 ], [ 84.425012791997403, 18.91173395501303 ], [ 84.417051994211477, 18.91890635934714 ], [ 84.416690139766658, 18.914342102043616 ], [ 84.416328285321853, 18.903909513921274 ], [ 84.415966430877035, 18.899019238238925 ], [ 84.376886150837024, 18.905539605815388 ], [ 84.39534072752258, 18.891846833904815 ], [ 84.390274765295175, 18.877502025236595 ], [ 84.358069719706648, 18.895433036071871 ], [ 84.382313967509248, 18.875545914963656 ], [ 84.372182043054423, 18.86283119818955 ], [ 84.360240846375532, 18.862179161431904 ], [ 84.336720307462556, 18.889564705253051 ], [ 84.330568781900709, 18.883044337676587 ], [ 84.333101763014412, 18.860223051158965 ], [ 84.362773827489235, 18.840009911671924 ], [ 84.347575940807005, 18.821426864079001 ], [ 84.32875950967663, 18.818818717048416 ], [ 84.342509978579599, 18.803169834864903 ], [ 84.325502819673289, 18.800235669455493 ], [ 84.318989439666623, 18.787846971060212 ], [ 84.286784394078097, 18.804799926759017 ], [ 84.284613267409213, 18.793389283500208 ], [ 84.258559747382535, 18.783934750514334 ], [ 84.22418357512511, 18.799583632697846 ], [ 84.216222777339183, 18.791107154848444 ], [ 84.193425947315845, 18.792737246742561 ], [ 84.187998130643621, 18.778718456453163 ], [ 84.157240502834341, 18.788825026196683 ], [ 84.138424071703966, 18.778066419695516 ], [ 84.135529236145445, 18.762417537512 ], [ 84.120331349463228, 18.768937905088467 ], [ 84.08921186720913, 18.758505316966122 ], [ 84.036381118266149, 18.817188625154301 ], [ 84.003452363788, 18.809690202441367 ], [ 83.963648374858352, 18.815558533260184 ], [ 83.948088633731302, 18.80610400027431 ], [ 83.913712461473892, 18.828925286791936 ], [ 83.891277485895358, 18.815558533260184 ], [ 83.854368332524231, 18.858918977643672 ], [ 83.848216806962384, 18.866417400356603 ], [ 83.846045680293486, 18.913364046907148 ], [ 83.826867394718306, 18.915972193937733 ], [ 83.821801432490886, 18.959984675078864 ], [ 83.81854474248756, 18.966831061034153 ], [ 83.812755071370518, 18.978567722671787 ], [ 83.795386058019403, 19.013777707584694 ], [ 83.793214931350505, 19.018015946509397 ], [ 83.794662349129766, 19.017689928130572 ], [ 83.801537583581251, 19.024210295707036 ], [ 83.809136526922373, 19.031056681662324 ], [ 83.829762230276813, 19.007583358387052 ], [ 83.83229521139053, 19.00432317459882 ], [ 83.832657065835335, 19.004649192977645 ], [ 83.833380774724972, 19.003671137841174 ], [ 83.847854952517565, 19.005301229735291 ], [ 83.857625022527571, 18.990956421067068 ], [ 83.891277485895358, 18.994542623234125 ], [ 83.907922790356849, 19.019646038403511 ], [ 83.950259760400201, 18.997476788643535 ], [ 83.955325722627606, 19.001062990810588 ], [ 83.985721495992067, 19.021928167055275 ], [ 83.963286520413533, 19.042793343299959 ], [ 83.964733938192794, 19.062680464408174 ], [ 83.977760698206126, 19.072134997394048 ], [ 84.003452363788, 19.069852868742284 ], [ 84.009242034905029, 19.057138151968182 ], [ 84.032038864928381, 19.058442225483475 ], [ 84.013584288242811, 19.09984655959402 ], [ 84.015755414911695, 19.118103588808118 ], [ 84.033848137152447, 19.132122379097517 ], [ 83.988978185995393, 19.156899775888082 ], [ 83.98825447710577, 19.186567448360993 ], [ 83.997662692670957, 19.193413834316281 ], [ 83.979931824875024, 19.212974937045672 ], [ 84.020097668249477, 19.290567311205596 ], [ 84.014307997132448, 19.306542211767933 ], [ 84.028782174925041, 19.347294509120836 ], [ 84.01539356046689, 19.376962181593747 ], [ 83.990063749329835, 19.388698843231381 ], [ 83.987168913771328, 19.402391615141955 ], [ 83.977760698206126, 19.383482549170211 ], [ 83.947364924841679, 19.396523284323138 ], [ 83.941937108169455, 19.41999660759841 ], [ 83.976675134871684, 19.485852320120696 ], [ 83.959306121520569, 19.50769555150185 ], [ 83.979208115985386, 19.531494893155944 ], [ 83.940127835945376, 19.554642198052395 ], [ 83.937594854831673, 19.559858492113566 ], [ 83.924929949263145, 19.626366241393498 ], [ 83.940127835945376, 19.635168737621726 ] ], [ [ 84.351918194144787, 19.112887294746947 ], [ 84.353003757479229, 19.109953129337541 ], [ 84.353365611924048, 19.109627110958716 ], [ 84.354089320813671, 19.110279147716362 ], [ 84.355174884148127, 19.111583221231655 ], [ 84.35589859303775, 19.112561276368126 ], [ 84.351918194144787, 19.112887294746947 ] ], [ [ 84.370372770830343, 19.118755625565768 ], [ 84.367839789716641, 19.119733680702236 ], [ 84.368201644161459, 19.118755625565768 ], [ 84.370010916385539, 19.116473496914004 ], [ 84.370372770830343, 19.118755625565768 ] ] ] } },
{ "type": "Feature", "properties": { "dt_code": "376", "district": "Mayurbhanj", "st_code": "21", "year": "2011_c", "st_nm": "Odisha" }, "geometry": { "type": "Polygon", "coordinates": [ [ [ 87.100926411403947, 21.863830375257166 ], [ 87.108525354745055, 21.85600593416541 ], [ 87.178001408149527, 21.813297526539568 ], [ 87.185600351490635, 21.791780313537238 ], [ 87.174744718146187, 21.811341416266629 ], [ 87.173659154811745, 21.788194111370181 ], [ 87.164250939246557, 21.788194111370181 ], [ 87.159184977019152, 21.771241155671376 ], [ 87.13059847587877, 21.778739578384307 ], [ 87.124446950316909, 21.771893192429022 ], [ 87.117209861420619, 21.789172166506653 ], [ 87.103821246962454, 21.783955872445478 ], [ 87.102011974738389, 21.771567174050197 ], [ 87.122275823648025, 21.754288199972567 ], [ 87.094413031397266, 21.747441814017279 ], [ 87.095860449176527, 21.733097005349059 ], [ 87.084642961387274, 21.737987281031408 ], [ 87.093689322507643, 21.725924601014949 ], [ 87.086814088056158, 21.729836821560827 ], [ 87.087175942500977, 21.715818031271429 ], [ 87.069806929149848, 21.707667571800851 ], [ 87.046286390236887, 21.71386192099849 ], [ 87.046286390236887, 21.739617372925522 ], [ 87.025298832437613, 21.742877556713754 ], [ 87.03651632022688, 21.698213038814977 ], [ 87.051714206909111, 21.683216193389107 ], [ 87.052076061353915, 21.682564156631464 ], [ 87.032535921333917, 21.673761660403237 ], [ 87.030726649109837, 21.661046943629131 ], [ 87.015890616872426, 21.674087678782058 ], [ 87.001416439079833, 21.674087678782058 ], [ 86.990560805735385, 21.671153513372651 ], [ 86.989475242400943, 21.655178612810314 ], [ 86.989475242400943, 21.653222502537375 ], [ 87.011910217979462, 21.648984263612672 ], [ 87.003949420193536, 21.626162977095049 ], [ 86.993093786849087, 21.63561751008092 ], [ 86.986218552397602, 21.62844510574681 ], [ 87.006120546862419, 21.600733543546838 ], [ 87.005396837972796, 21.600407525168016 ], [ 86.960526886815742, 21.580846422438622 ], [ 86.963059867929445, 21.593887157591549 ], [ 86.955099070143518, 21.595843267864488 ], [ 86.957270196812402, 21.573674018104512 ], [ 86.920722897886094, 21.591279010560964 ], [ 86.910229118986464, 21.580846422438622 ], [ 86.901182757866096, 21.612144186805651 ], [ 86.891412687856089, 21.612470205184472 ], [ 86.875491092284221, 21.638225657111505 ], [ 86.873319965615337, 21.622250756549171 ], [ 86.886708580073488, 21.612470205184472 ], [ 86.864635458939773, 21.590952992182142 ], [ 86.856674661153846, 21.603341690577423 ], [ 86.843647901140514, 21.599103451652724 ], [ 86.830259286682363, 21.608884003017419 ], [ 86.799501658873083, 21.607579929502126 ], [ 86.794797551090497, 21.597799378137427 ], [ 86.739795675478618, 21.605623819229187 ], [ 86.693116452097499, 21.585084661363325 ], [ 86.682984527642674, 21.59682132300096 ], [ 86.664168096512299, 21.578238275408037 ], [ 86.64860835538525, 21.580846422438622 ], [ 86.637390867595997, 21.533573757509256 ], [ 86.609889929790057, 21.51857691208339 ], [ 86.582027137539313, 21.522163114250446 ], [ 86.529920097485956, 21.426639729255246 ], [ 86.529196388596318, 21.425661674118775 ], [ 86.527025261927434, 21.423705563845836 ], [ 86.457549208522963, 21.365348274036482 ], [ 86.429686416272219, 21.341874950761213 ], [ 86.410508130697025, 21.32557403182005 ], [ 86.404718459579982, 21.320683756137704 ], [ 86.360572217312551, 21.301774690165956 ], [ 86.360210362867747, 21.303078763681249 ], [ 86.359486653978109, 21.306990984227127 ], [ 86.358039236198849, 21.314163388561241 ], [ 86.269384897219197, 21.37936706432588 ], [ 86.267575624995118, 21.360784016732957 ], [ 86.226686072731027, 21.322965884789465 ], [ 86.208955204935094, 21.280257477163627 ], [ 86.1897769193599, 21.270802944177753 ], [ 86.158295582660998, 21.291016083664793 ], [ 86.13839358819618, 21.279931458784802 ], [ 86.137669879306557, 21.26460859498011 ], [ 86.116320467062465, 21.272759054450692 ], [ 86.116320467062465, 21.272759054450692 ], [ 86.108359669276538, 21.303404782060074 ], [ 86.091352510370243, 21.311555241530655 ], [ 86.106912251497278, 21.325248013441229 ], [ 86.106912251497278, 21.35002541023179 ], [ 86.125366828182848, 21.358827906460018 ], [ 86.122110138179508, 21.371868641612949 ], [ 86.13839358819618, 21.400884277328213 ], [ 86.164808962667678, 21.423379545467014 ], [ 86.131156499299877, 21.470978228775202 ], [ 86.00848784250762, 21.533573757509256 ], [ 86.021152748076133, 21.549222639692772 ], [ 86.017896058072807, 21.56030726457276 ], [ 86.048653685882073, 21.576934201892744 ], [ 86.080858731470599, 21.628771124125635 ], [ 86.073621642574309, 21.660720925250306 ], [ 86.084477275918758, 21.691366652859688 ], [ 86.059509319226521, 21.692670726374981 ], [ 86.051548521440594, 21.717122104786721 ], [ 86.037436198092806, 21.692018689617335 ], [ 86.026580564748357, 21.694952855026745 ], [ 86.028027982527618, 21.72396849074201 ], [ 86.016086785848728, 21.750375979426689 ], [ 85.967960144688334, 21.739291354546701 ], [ 85.938288080213511, 21.762438659443148 ], [ 85.902102635732021, 21.766024861610205 ], [ 85.8749635523709, 21.79504049732547 ], [ 85.812000878973095, 21.810363361130158 ], [ 85.807296771190508, 21.886977680153613 ], [ 85.789927757839394, 21.903278599094772 ], [ 85.795717428956422, 21.950877282402963 ], [ 85.749761914464926, 21.976958752708818 ], [ 85.740353698899739, 21.992281616513509 ], [ 85.707786798866394, 21.984457175421753 ], [ 85.707786798866394, 21.984131157042928 ], [ 85.699464146635648, 21.991303561377038 ], [ 85.704530108863054, 22.004018278151143 ], [ 85.671239499940086, 22.013146792758192 ], [ 85.664364265488601, 22.033033913866412 ], [ 85.679200297726013, 22.056181218762859 ], [ 85.683180696618976, 22.057159273899327 ], [ 85.749400060020108, 22.073460192840486 ], [ 85.808744188969769, 22.11519054532986 ], [ 85.809829752304211, 22.115842582087502 ], [ 85.822856512317543, 22.106388049101632 ], [ 85.815257568976435, 22.094977405842819 ], [ 85.835159563441252, 22.09302129556988 ], [ 85.838416253444592, 22.079654542038128 ], [ 85.818152404534956, 22.073460192840486 ], [ 85.795717428956422, 22.080632597174599 ], [ 85.777262852270866, 22.055529182005209 ], [ 85.783414377832713, 22.031403821972294 ], [ 85.761341256699012, 22.010864664106432 ], [ 85.766045364481599, 21.994889763544094 ], [ 85.784138086722351, 21.984457175421753 ], [ 85.817790550090137, 21.98543523055822 ], [ 85.825751347876064, 21.975002642435879 ], [ 85.896674819059797, 21.983805138664106 ], [ 85.909339724628325, 21.974676624057054 ], [ 85.918024231303875, 22.009234572212314 ], [ 85.930689136872402, 22.023253362501713 ], [ 85.943715896885735, 22.020319197092306 ], [ 86.009211551397243, 22.115842582087502 ], [ 85.996546645828715, 22.132469519407486 ], [ 86.031284672530958, 22.189848754080373 ], [ 85.973749815805377, 22.247227988753256 ], [ 85.989671411377245, 22.254400393087366 ], [ 85.988223993597984, 22.267115109861471 ], [ 86.01717234918317, 22.297108800713207 ], [ 86.044311432544291, 22.308519443972017 ], [ 86.015724931403909, 22.312431664517899 ], [ 86.02911354586206, 22.334274895899053 ], [ 85.997994063607976, 22.341447300233163 ], [ 86.024771292524292, 22.37372311973666 ], [ 86.026580564748357, 22.392306167329583 ], [ 86.017896058072807, 22.425886060348375 ], [ 85.989671411377245, 22.434036519818953 ], [ 85.986414721373905, 22.435014574955424 ], [ 85.980263195812043, 22.441208924153063 ], [ 85.968683853577971, 22.453271604169522 ], [ 85.957828220233523, 22.464030210670689 ], [ 85.957104511343886, 22.464682247428335 ], [ 85.957104511343886, 22.464682247428335 ], [ 85.957466365788704, 22.465334284185982 ], [ 85.962532328016124, 22.485221405294197 ], [ 85.984605449149825, 22.51521509614593 ], [ 86.028389836972437, 22.524017592374157 ], [ 86.033817653644661, 22.534450180496499 ], [ 86.024047583634655, 22.544556750240019 ], [ 86.04612070476837, 22.566726 ], [ 86.053357793664674, 22.563139797832942 ], [ 86.066746408122825, 22.556945448635304 ], [ 86.066746408122825, 22.556945448635304 ], [ 86.068917534791709, 22.555967393498833 ], [ 86.118491593731363, 22.486851497188312 ], [ 86.118491593731363, 22.48652547880949 ], [ 86.207869641600652, 22.473484743656563 ], [ 86.225962363841404, 22.452945585790701 ], [ 86.269384897219197, 22.442186979289534 ], [ 86.283497220566971, 22.44772929172953 ], [ 86.322939355051801, 22.384807744616651 ], [ 86.359486653978109, 22.348619704567273 ], [ 86.429686416272219, 22.316669903442598 ], [ 86.432581251830726, 22.306563333699081 ], [ 86.44452244850963, 22.305911296941431 ], [ 86.446693575178514, 22.327754528322586 ], [ 86.447417284068152, 22.327428509943765 ], [ 86.463700734084824, 22.325146381292001 ], [ 86.496267634118169, 22.346663594294334 ], [ 86.496629488562974, 22.34731563105198 ], [ 86.496991343007792, 22.346663594294334 ], [ 86.510018103021139, 22.327102491564943 ], [ 86.529196388596318, 22.32286425264024 ], [ 86.534262350823738, 22.301021021259086 ], [ 86.540775730830404, 22.308193425593196 ], [ 86.554888054178178, 22.2984128742285 ], [ 86.582388991984118, 22.301673058016732 ], [ 86.582750846428937, 22.300368984501439 ], [ 86.595777606442269, 22.277547697983813 ], [ 86.612784765348579, 22.282437973666163 ], [ 86.646437228716366, 22.267767146619118 ], [ 86.646437228716366, 22.267767146619118 ], [ 86.65005577316451, 22.254074374708544 ], [ 86.65512173539193, 22.236795400630914 ], [ 86.659825843174517, 22.238099474146207 ], [ 86.670681476518965, 22.24233771307091 ], [ 86.671405185408602, 22.241033639555617 ], [ 86.672490748743044, 22.241359657934439 ], [ 86.685517508756377, 22.222776610341516 ], [ 86.727130769910104, 22.21723429790152 ], [ 86.727130769910104, 22.216908279522698 ], [ 86.726768915465286, 22.215930224386227 ], [ 86.726768915465286, 22.215930224386227 ], [ 86.726768915465286, 22.215930224386227 ], [ 86.72170295323788, 22.14681432807571 ], [ 86.794797551090497, 22.157246916198051 ], [ 86.804205766655684, 22.150400530242763 ], [ 86.8020346399868, 22.130513409134547 ], [ 86.813975836665691, 22.125949151831023 ], [ 86.808909874438285, 22.119102765875738 ], [ 86.828450014458284, 22.117798692360445 ], [ 86.837858230023471, 22.097585552873404 ], [ 86.964869140153525, 22.08584889123577 ], [ 86.992731932404268, 22.054877145247566 ], [ 87.028193667996135, 22.037924189548757 ], [ 87.030726649109837, 21.98543523055822 ], [ 87.002140147969456, 21.913385168838293 ], [ 87.003949420193536, 21.910451003428882 ], [ 87.03651632022688, 21.869698706075983 ], [ 87.038687446895764, 21.868068614181865 ], [ 87.039773010230221, 21.867416577424223 ], [ 87.099117139179867, 21.86546046715128 ], [ 87.100926411403947, 21.863830375257166 ] ] ] } },
{ "type": "Feature", "properties": { "dt_code": "374", "district": "Sundargarh", "st_code": "21", "year": "2011_c", "st_nm": "Odisha" }, "geometry": { "type": "Polygon", "coordinates": [ [ [ 85.191058651670645, 21.661046943629131 ], [ 85.188887525001761, 21.657460741462074 ], [ 85.180203018326196, 21.644746024687969 ], [ 85.193953487229166, 21.639855749005623 ], [ 85.194315341673985, 21.639855749005623 ], [ 85.193591632784361, 21.639203712247976 ], [ 85.179479309436573, 21.626815013852696 ], [ 85.144379428289525, 21.595191231106842 ], [ 85.144379428289525, 21.595191231106842 ], [ 85.144017573844707, 21.595191231106842 ], [ 85.077436355998756, 21.603667708956245 ], [ 85.048488000413556, 21.590952992182142 ], [ 85.029671569283181, 21.627793068989163 ], [ 85.026414879279855, 21.672457586887944 ], [ 84.998190232584278, 21.681912119873815 ], [ 84.97539340256094, 21.672783605266766 ], [ 84.956576971430565, 21.684194248525579 ], [ 84.953682135872043, 21.664959164175009 ], [ 84.941379084748334, 21.659416851735013 ], [ 84.914601855832032, 21.670501476615005 ], [ 84.901213241373881, 21.658764814977367 ], [ 84.861047397999414, 21.651918429022082 ], [ 84.855257726882385, 21.660394906871485 ], [ 84.790123926815681, 21.668545366342066 ], [ 84.78180127458495, 21.649310281991497 ], [ 84.79374247126384, 21.636595565217391 ], [ 84.757557026782337, 21.624532885200932 ], [ 84.741273576765664, 21.669197403099712 ], [ 84.747063247882707, 21.682564156631464 ], [ 84.718114892297507, 21.717122104786721 ], [ 84.691337663381205, 21.70962368207379 ], [ 84.675054213364533, 21.736357189137291 ], [ 84.678310903367873, 21.749071905911396 ], [ 84.677949048923054, 21.749397924290221 ], [ 84.660941890016758, 21.761134585927856 ], [ 84.657323345568599, 21.763742732958441 ], [ 84.609920413297843, 21.766350879989027 ], [ 84.588209146608946, 21.757874402139624 ], [ 84.553832974351522, 21.769285045398433 ], [ 84.567583443254492, 21.786564019476067 ], [ 84.525970182100778, 21.813623544918393 ], [ 84.527779454324858, 21.852419731998353 ], [ 84.539358796558929, 21.861874264984227 ], [ 84.525246473211141, 21.872306853106569 ], [ 84.526693890990401, 21.890237863941845 ], [ 84.490870300953731, 21.911429058565354 ], [ 84.494850699846694, 21.920557573172402 ], [ 84.525246473211141, 21.925773867233573 ], [ 84.516923820980409, 21.948269135372378 ], [ 84.526693890990401, 21.97304653216294 ], [ 84.506791896525584, 21.958375705115895 ], [ 84.500278516518918, 21.972394495405293 ], [ 84.508601168749664, 22.019993178713481 ], [ 84.527779454324858, 22.045748630640514 ], [ 84.510410440973729, 22.057159273899327 ], [ 84.514390839866692, 22.084870836099299 ], [ 84.495212554291513, 22.092369258812234 ], [ 84.495936263181136, 22.137685813468657 ], [ 84.476396123161123, 22.189848754080373 ], [ 84.418137557545919, 22.172569780002743 ], [ 84.384485094178132, 22.145836272939238 ], [ 84.363859390823677, 22.150074511863941 ], [ 84.340338851910715, 22.130187390755726 ], [ 84.299811154091429, 22.117146655602795 ], [ 84.277738032957728, 22.123341004800437 ], [ 84.279547305181794, 22.109322214511039 ], [ 84.26688239961328, 22.104105920449868 ], [ 84.269415380726983, 22.015428921409956 ], [ 84.269415380726983, 22.01477688465231 ], [ 84.269777235171802, 22.008256517075846 ], [ 84.239381461807341, 21.977284771087639 ], [ 84.23467735402474, 21.977284771087639 ], [ 84.203919726215474, 21.977610789466464 ], [ 84.168457990623608, 22.001084112741736 ], [ 84.137700362814343, 21.997823928953501 ], [ 84.117436513904707, 22.012820774379371 ], [ 84.10621902611544, 21.991955598134687 ], [ 84.088850012764325, 21.999454020847619 ], [ 84.086678886095427, 21.989999487861745 ], [ 84.070395436078755, 21.989673469482923 ], [ 84.08921186720913, 21.962939962419419 ], [ 84.080165506088761, 21.93653247373474 ], [ 84.062796492737647, 21.93359830832533 ], [ 84.028420320480222, 21.953159411054724 ], [ 84.006709053791326, 21.922513683445342 ], [ 83.977760698206126, 21.904582672610065 ], [ 83.959306121520569, 21.941748767795911 ], [ 83.897790865902024, 21.945008951584143 ], [ 83.880059998106091, 21.923817756960634 ], [ 83.851835351410529, 21.923491738581813 ], [ 83.865947674758317, 21.910451003428882 ], [ 83.831209648056074, 21.896106194760662 ], [ 83.82903852138719, 21.877197128788918 ], [ 83.816373615818662, 21.884695551501849 ], [ 83.814202489149778, 21.853723805513646 ], [ 83.793938640240142, 21.866438522287751 ], [ 83.73821305573864, 21.8165577103278 ], [ 83.719396624608265, 21.785911982718417 ], [ 83.690086414578246, 21.789498184885474 ], [ 83.68682972457492, 21.801560864901933 ], [ 83.636531956745642, 21.818839838979564 ], [ 83.624590760066738, 21.847855474694828 ], [ 83.59130015114377, 21.825034188177206 ], [ 83.57935895446488, 21.830250482238377 ], [ 83.590938296698951, 21.85111565848306 ], [ 83.57429299223746, 21.874915000137154 ], [ 83.577911536685619, 21.889585827184199 ], [ 83.605412474491558, 21.913711187217118 ], [ 83.590576442254132, 21.929686087779451 ], [ 83.556923978886346, 21.935228400219447 ], [ 83.561628086668946, 21.947943116993553 ], [ 83.539193111090412, 21.96587412782883 ], [ 83.543535364428195, 21.994237726786448 ], [ 83.555476561107085, 22.006952443560554 ], [ 83.539554965535231, 22.020645215471127 ], [ 83.539193111090412, 22.023253362501713 ], [ 83.537383838866347, 22.042488446852282 ], [ 83.537021984421528, 22.044444557125221 ], [ 83.537383838866347, 22.044770575504046 ], [ 83.542811655538571, 22.052268998216981 ], [ 83.547877617765977, 22.059115384172266 ], [ 83.548239472210795, 22.059115384172266 ], [ 83.548239472210795, 22.059115384172266 ], [ 83.586596043361169, 22.049008814428745 ], [ 83.589852733364509, 22.050964924701685 ], [ 83.606498037826, 22.066287788506376 ], [ 83.606498037826, 22.066613806885201 ], [ 83.606498037826, 22.066613806885201 ], [ 83.564161067782649, 22.101497773419283 ], [ 83.562713650003388, 22.102801846934575 ], [ 83.606136183381182, 22.151704603758056 ], [ 83.607945455605261, 22.15398673240982 ], [ 83.627485595625259, 22.203867544369771 ], [ 83.630018576738962, 22.205823654642707 ], [ 83.633637121187121, 22.209409856809764 ], [ 83.649558716758975, 22.223428647099162 ], [ 83.675612236785653, 22.23451327197915 ], [ 83.69732350347455, 22.243641786586203 ], [ 83.704198737926035, 22.246575951995609 ], [ 83.757391341313834, 22.240381602797967 ], [ 83.76571399354458, 22.249836135783841 ], [ 83.795024203574584, 22.286024175833219 ], [ 83.796833475798664, 22.286350194212041 ], [ 83.802985001360511, 22.293522598546151 ], [ 83.809136526922373, 22.288958341242626 ], [ 83.81203136248088, 22.289610378000273 ], [ 83.826143685828669, 22.293522598546151 ], [ 83.823248850270147, 22.306563333699081 ], [ 83.821801432490886, 22.31275768289672 ], [ 83.821801432490886, 22.31275768289672 ], [ 83.821801432490886, 22.313083701275545 ], [ 83.838084882507559, 22.324494344534358 ], [ 83.864138402534238, 22.343403410506102 ], [ 83.890553777005735, 22.336557024550814 ], [ 83.923482531483884, 22.358400255931969 ], [ 84.010327598239485, 22.371440991084896 ], [ 84.013584288242811, 22.397522461390754 ], [ 84.047236751610598, 22.438274758743656 ], [ 84.047236751610598, 22.46924650473186 ], [ 83.979931824875024, 22.502500379371828 ], [ 83.977398843761321, 22.510324820463584 ], [ 83.976675134871684, 22.513585004251816 ], [ 83.975951425982061, 22.514889077767108 ], [ 83.997300838226138, 22.531189996708271 ], [ 84.008880180460224, 22.528255831298861 ], [ 84.011775016018731, 22.527603794541214 ], [ 84.059901657179125, 22.516519169661223 ], [ 84.111646842787664, 22.477070945823616 ], [ 84.140957052817669, 22.473810762035384 ], [ 84.140957052817669, 22.42556004196955 ], [ 84.156154939499899, 22.407629031134274 ], [ 84.196682637319171, 22.377961358661363 ], [ 84.250237095151789, 22.378939413797831 ], [ 84.291488501860698, 22.342751373748456 ], [ 84.429355045335186, 22.352531925113151 ], [ 84.430802463114446, 22.373071082979013 ], [ 84.485080629836688, 22.389372001920172 ], [ 84.4756724142715, 22.40110866355781 ], [ 84.480014667609282, 22.41317134357427 ], [ 84.535378397665966, 22.427190133863668 ], [ 84.628736844428218, 22.434362538197774 ], [ 84.666731561133787, 22.419691711150733 ], [ 84.749958083441228, 22.419039674393087 ], [ 84.759004444561597, 22.446751236593059 ], [ 84.810387775725331, 22.453271604169522 ], [ 84.817624864621621, 22.436970685228363 ], [ 84.836803150196815, 22.431428372788368 ], [ 84.880225683574608, 22.449033365244823 ], [ 84.886015354691651, 22.42034374790838 ], [ 84.889272044694991, 22.420669766287201 ], [ 84.912792583607953, 22.425234023590725 ], [ 84.925819343621299, 22.435014574955424 ], [ 84.921477090283517, 22.444143089562473 ], [ 84.954405844761681, 22.458813916609518 ], [ 84.959109952544267, 22.445121144698945 ], [ 85.035823094845043, 22.476744927444795 ], [ 85.038356075958745, 22.483917331778905 ], [ 85.049935418192817, 22.482939276642433 ], [ 85.069475558212829, 22.49076371773419 ], [ 85.066942577099127, 22.484243350157726 ], [ 85.072732248216155, 22.480657147990673 ], [ 85.075627083774677, 22.480331129611848 ], [ 85.075988938219496, 22.478701037717734 ], [ 85.077074501553938, 22.463704192291864 ], [ 85.059705488202823, 22.448707346865998 ], [ 85.086482717119125, 22.399804590042518 ], [ 85.076712647109133, 22.356118127280208 ], [ 85.095529078239508, 22.344707484021395 ], [ 85.091910533791349, 22.316017866684952 ], [ 85.117964053818028, 22.317647958579069 ], [ 85.116878490483586, 22.294500653682622 ], [ 85.07092297599209, 22.274613532574406 ], [ 85.07816006488838, 22.257334558496776 ], [ 85.049573563748012, 22.194739029762719 ], [ 85.054277671530599, 22.183654404882731 ], [ 85.029671569283181, 22.162463210259222 ], [ 85.028586005948739, 22.122036931285145 ], [ 84.984801618126127, 22.095629442600465 ], [ 84.984439763681308, 22.08584889123577 ], [ 85.000723213697995, 22.08291472582636 ], [ 85.024243752610957, 22.109322214511039 ], [ 85.035461240400224, 22.111604343162803 ], [ 85.049211709303194, 22.114212490193388 ], [ 85.055363234865041, 22.115516563708681 ], [ 85.09842391379803, 22.106062030722807 ], [ 85.121944452710991, 22.0708520458099 ], [ 85.156320624968416, 22.076068339871071 ], [ 85.158853606082118, 22.076394358249896 ], [ 85.165728840533603, 22.063027604718144 ], [ 85.170794802761009, 22.056181218762859 ], [ 85.167538112757683, 22.069221953915786 ], [ 85.180203018326196, 22.073460192840486 ], [ 85.180564872771015, 22.072808156082843 ], [ 85.187078252777681, 22.058137329035794 ], [ 85.214217336138802, 22.04933483280757 ], [ 85.221816279479924, 22.018037068440542 ], [ 85.238461583941415, 22.009886608969961 ], [ 85.239185292831039, 22.009560590591139 ], [ 85.234119330603633, 21.997171892195858 ], [ 85.233395621713996, 21.995867818680566 ], [ 85.278989281760687, 21.958375705115895 ], [ 85.29020676954994, 21.955115521327663 ], [ 85.314089162907734, 21.95870172349472 ], [ 85.378137399639982, 21.935554418598272 ], [ 85.364025076292194, 21.859266117953641 ], [ 85.364025076292194, 21.859266117953641 ], [ 85.340866391824036, 21.824708169798381 ], [ 85.309746909569952, 21.81949187573721 ], [ 85.290930478439577, 21.837422886572487 ], [ 85.244974963948081, 21.803516975174873 ], [ 85.226520387262511, 21.820143912494856 ], [ 85.200105012791028, 21.762112641064324 ], [ 85.214941045028439, 21.73831329941023 ], [ 85.184545271663978, 21.708971645316144 ], [ 85.192867923894724, 21.696582946920859 ], [ 85.191420506115463, 21.661372962007952 ], [ 85.191058651670645, 21.661046943629131 ] ] ] } },
{ "type": "Feature", "properties": { "dt_code": "375", "district": "Kendujhar", "st_code": "21", "year": "2011_c", "st_nm": "Odisha" }, "geometry": { "type": "Polygon", "coordinates": [ [ [ 86.366723742874413, 21.236571014401317 ], [ 86.366723742874413, 21.236244996022492 ], [ 86.355144400640341, 21.236244996022492 ], [ 86.354420691750704, 21.236244996022492 ], [ 86.354420691750704, 21.236244996022492 ], [ 86.352973273971443, 21.200056955973118 ], [ 86.352611419526625, 21.190276404608422 ], [ 86.345374330630335, 21.186038165683719 ], [ 86.332709425061807, 21.178865761349609 ], [ 86.314978557265874, 21.168107154848443 ], [ 86.314254848376251, 21.168433173227264 ], [ 86.293990999466615, 21.174301504046085 ], [ 86.280240530563646, 21.15474040131669 ], [ 86.275536422781045, 21.144307813194349 ], [ 86.28385907501179, 21.131593096420243 ], [ 86.313169285041795, 21.111379956933206 ], [ 86.30955074059365, 21.085298486627348 ], [ 86.32655789949996, 21.064759328761486 ], [ 86.328367171724025, 21.062477200109726 ], [ 86.328005317279207, 21.060521089836783 ], [ 86.326919753944765, 21.057586924427376 ], [ 86.325110481720699, 21.052696648745027 ], [ 86.316787829489954, 21.056282850912083 ], [ 86.308465177259208, 21.017160645453298 ], [ 86.284220929456609, 21.021072865999177 ], [ 86.286392056125493, 21.015530553559181 ], [ 86.270832314998458, 21.029875362227404 ], [ 86.13368948041358, 21.07649599039912 ], [ 86.113063777059139, 21.054978777396791 ], [ 86.093161782594308, 21.054000722260319 ], [ 86.089543238146163, 21.019768792483884 ], [ 86.04937739477171, 21.021724902756823 ], [ 86.02911354586206, 21.071931733095596 ], [ 86.053357793664674, 21.116270232615552 ], [ 86.076878332577635, 21.129636986147304 ], [ 86.074707205908751, 21.153436327801398 ], [ 86.084839130363576, 21.169085209984914 ], [ 86.065298990343564, 21.152132254286105 ], [ 86.036712489203182, 21.160608732135508 ], [ 86.027304273637995, 21.138113463996707 ], [ 85.975197233584638, 21.143003739679056 ], [ 85.942268479106474, 21.128658931010836 ], [ 85.928879864648323, 21.136157353723767 ], [ 85.916938667969433, 21.092470890961458 ], [ 85.887990312384233, 21.086276541763816 ], [ 85.887266603494609, 21.086276541763816 ], [ 85.886181040160167, 21.086276541763816 ], [ 85.82213280342792, 21.090840799067344 ], [ 85.806934916745689, 21.106489681250856 ], [ 85.778710270050126, 21.105511626114385 ], [ 85.774006162267526, 21.105511626114385 ], [ 85.762064965588635, 21.144959849951995 ], [ 85.761703111143817, 21.144959849951995 ], [ 85.744695952237521, 21.143003739679056 ], [ 85.740353698899739, 21.139417537511999 ], [ 85.711767197759357, 21.138765500754353 ], [ 85.72805064777603, 21.141373647784938 ], [ 85.70561567219751, 21.168759191606089 ], [ 85.707424944421575, 21.18114789000137 ], [ 85.683542551063795, 21.185712147304898 ], [ 85.663278702154159, 21.166477062954328 ], [ 85.62528398544859, 21.160934750514333 ], [ 85.606467554318215, 21.136483372102592 ], [ 85.545314153144489, 21.167129099711971 ], [ 85.497911220873732, 21.115292177479084 ], [ 85.471495846402235, 21.12018245316143 ], [ 85.468239156398894, 21.122790600192019 ], [ 85.395144558546278, 21.181799926759016 ], [ 85.393697140767017, 21.183430018653134 ], [ 85.393335286322213, 21.183430018653134 ], [ 85.393335286322213, 21.183430018653134 ], [ 85.383203361867388, 21.203643158140171 ], [ 85.36004467739923, 21.244721473871895 ], [ 85.297443858446243, 21.275693219860102 ], [ 85.286588225101795, 21.263956558222464 ], [ 85.270304775085123, 21.274063127965984 ], [ 85.270304775085123, 21.274389146344809 ], [ 85.270666629529941, 21.280257477163627 ], [ 85.271752192864383, 21.302752745302428 ], [ 85.272837756198825, 21.302426726923603 ], [ 85.284417098432911, 21.298188487998903 ], [ 85.315174726242176, 21.330138289123575 ], [ 85.325668505141806, 21.320357737758879 ], [ 85.342675664048116, 21.366000310794128 ], [ 85.326392214031443, 21.390451689205868 ], [ 85.305042801787351, 21.396320020024689 ], [ 85.303957238452909, 21.416207141132901 ], [ 85.272475901754007, 21.427943802770539 ], [ 85.255106888402892, 21.451417126045808 ], [ 85.263067686188819, 21.457285456864625 ], [ 85.305766510676989, 21.446852868742283 ], [ 85.308299491790692, 21.461849714168153 ], [ 85.333991157372552, 21.481084798518722 ], [ 85.333991157372552, 21.481736835276369 ], [ 85.322049960693661, 21.531943665615142 ], [ 85.320964397359219, 21.534551812645727 ], [ 85.302509820673649, 21.531291628857495 ], [ 85.300338694004765, 21.548896621313947 ], [ 85.299976839559946, 21.553786896996296 ], [ 85.312279890683655, 21.569109760800988 ], [ 85.286226370656976, 21.584432624605679 ], [ 85.28296968065365, 21.592909102455081 ], [ 85.293825313998099, 21.599429470031545 ], [ 85.268495502861043, 21.622250756549171 ], [ 85.255106888402892, 21.674087678782058 ], [ 85.209513228356215, 21.675391752297351 ], [ 85.201552430570288, 21.660720925250306 ], [ 85.191058651670645, 21.660720925250306 ], [ 85.191058651670645, 21.661046943629131 ], [ 85.191420506115463, 21.661372962007952 ], [ 85.192867923894724, 21.696582946920859 ], [ 85.184545271663978, 21.708971645316144 ], [ 85.214941045028439, 21.73831329941023 ], [ 85.200105012791028, 21.762112641064324 ], [ 85.226520387262511, 21.820143912494856 ], [ 85.244974963948081, 21.803516975174873 ], [ 85.290930478439577, 21.837422886572487 ], [ 85.309746909569952, 21.81949187573721 ], [ 85.340866391824036, 21.824708169798381 ], [ 85.364025076292194, 21.859266117953641 ], [ 85.364025076292194, 21.859266117953641 ], [ 85.378137399639982, 21.935554418598272 ], [ 85.314089162907734, 21.95870172349472 ], [ 85.29020676954994, 21.955115521327663 ], [ 85.278989281760687, 21.958375705115895 ], [ 85.233395621713996, 21.995867818680566 ], [ 85.234119330603633, 21.997171892195858 ], [ 85.239185292831039, 22.009560590591139 ], [ 85.238461583941415, 22.009886608969961 ], [ 85.275008882867724, 22.082262689068713 ], [ 85.279351136205491, 22.086826946372238 ], [ 85.281160408429571, 22.090413148539294 ], [ 85.293825313998099, 22.101497773419283 ], [ 85.314812871797358, 22.120080821012206 ], [ 85.323135524028103, 22.12757924372514 ], [ 85.333991157372552, 22.126275170209848 ], [ 85.366558057405896, 22.123014986421616 ], [ 85.366196202961078, 22.153008677273348 ], [ 85.366196202961078, 22.158877008092169 ], [ 85.370176601854055, 22.159529044849812 ], [ 85.378499254084787, 22.160507099986283 ], [ 85.397677539659981, 22.163115247016869 ], [ 85.408533173004429, 22.158877008092169 ], [ 85.492121549756689, 22.124971096694555 ], [ 85.517089506448912, 22.114864526951035 ], [ 85.521793614231512, 22.110952306405157 ], [ 85.545314153144489, 22.089761111781648 ], [ 85.562683166495603, 22.09530342422164 ], [ 85.599230465421911, 22.078350468522835 ], [ 85.653870486588971, 22.092695277191055 ], [ 85.656041613257855, 22.093347313948705 ], [ 85.681009569950092, 22.06139751282403 ], [ 85.680285861060455, 22.060419457687559 ], [ 85.683180696618976, 22.057159273899327 ], [ 85.679200297726013, 22.056181218762859 ], [ 85.664364265488601, 22.033033913866412 ], [ 85.671239499940086, 22.013146792758192 ], [ 85.704530108863054, 22.004018278151143 ], [ 85.699464146635648, 21.991303561377038 ], [ 85.707786798866394, 21.984131157042928 ], [ 85.707786798866394, 21.984457175421753 ], [ 85.740353698899739, 21.992281616513509 ], [ 85.749761914464926, 21.976958752708818 ], [ 85.795717428956422, 21.950877282402963 ], [ 85.789927757839394, 21.903278599094772 ], [ 85.807296771190508, 21.886977680153613 ], [ 85.812000878973095, 21.810363361130158 ], [ 85.8749635523709, 21.79504049732547 ], [ 85.902102635732021, 21.766024861610205 ], [ 85.938288080213511, 21.762438659443148 ], [ 85.967960144688334, 21.739291354546701 ], [ 86.016086785848728, 21.750375979426689 ], [ 86.028027982527618, 21.72396849074201 ], [ 86.026580564748357, 21.694952855026745 ], [ 86.037436198092806, 21.692018689617335 ], [ 86.051548521440594, 21.717122104786721 ], [ 86.059509319226521, 21.692670726374981 ], [ 86.084477275918758, 21.691366652859688 ], [ 86.073621642574309, 21.660720925250306 ], [ 86.080858731470599, 21.628771124125635 ], [ 86.048653685882073, 21.576934201892744 ], [ 86.017896058072807, 21.56030726457276 ], [ 86.021152748076133, 21.549222639692772 ], [ 86.00848784250762, 21.533573757509256 ], [ 86.131156499299877, 21.470978228775202 ], [ 86.164808962667678, 21.423379545467014 ], [ 86.13839358819618, 21.400884277328213 ], [ 86.122110138179508, 21.371868641612949 ], [ 86.125366828182848, 21.358827906460018 ], [ 86.106912251497278, 21.35002541023179 ], [ 86.106912251497278, 21.325248013441229 ], [ 86.091352510370243, 21.311555241530655 ], [ 86.108359669276538, 21.303404782060074 ], [ 86.116320467062465, 21.272759054450692 ], [ 86.116320467062465, 21.272759054450692 ], [ 86.137669879306557, 21.26460859498011 ], [ 86.13839358819618, 21.279931458784802 ], [ 86.158295582660998, 21.291016083664793 ], [ 86.1897769193599, 21.270802944177753 ], [ 86.208955204935094, 21.280257477163627 ], [ 86.226686072731027, 21.322965884789465 ], [ 86.267575624995118, 21.360784016732957 ], [ 86.269384897219197, 21.37936706432588 ], [ 86.358039236198849, 21.314163388561241 ], [ 86.359486653978109, 21.306990984227127 ], [ 86.360210362867747, 21.303078763681249 ], [ 86.358039236198849, 21.302100708544781 ], [ 86.352973273971443, 21.283517660951858 ], [ 86.372151559546637, 21.258414245782472 ], [ 86.366723742874413, 21.236571014401317 ] ] ] } },
{ "type": "Feature", "properties": { "dt_code": "377", "district": "Balasore", "st_code": "21", "year": "2011_c", "st_nm": "Odisha" }, "geometry": { "type": "Polygon", "coordinates": [ [ [ 86.859569496712368, 21.214401764641337 ], [ 86.858122078933107, 21.212119635989577 ], [ 86.840391211137174, 21.203969176518996 ], [ 86.801672785541982, 21.2307026835825 ], [ 86.78502748108049, 21.219944077081333 ], [ 86.770191448843079, 21.22581240790015 ], [ 86.771638866622339, 21.204295194897817 ], [ 86.757526543274551, 21.197122790563707 ], [ 86.775257411070484, 21.170715301879028 ], [ 86.706143212110831, 21.18408205541078 ], [ 86.69456386987676, 21.165172989439036 ], [ 86.672852603187863, 21.16973724674256 ], [ 86.652226899833408, 21.108445791523796 ], [ 86.669595913184523, 21.095079037992043 ], [ 86.669595913184523, 21.094100982855576 ], [ 86.666339223181183, 21.082038302839116 ], [ 86.647160937606003, 21.078778119050884 ], [ 86.652950608723032, 21.060521089836783 ], [ 86.651503190943771, 21.061499144973254 ], [ 86.625087816472288, 21.072257751474421 ], [ 86.635219740927099, 21.085624505006173 ], [ 86.628706360920432, 21.093122927719104 ], [ 86.593244625328566, 21.097035148264982 ], [ 86.58998793532524, 21.116270232615552 ], [ 86.561763288629663, 21.14235170292141 ], [ 86.562486997519301, 21.157348548347276 ], [ 86.530643806375579, 21.160282713756686 ], [ 86.515445919693349, 21.1351792985873 ], [ 86.456101790743702, 21.162238824029625 ], [ 86.449588410737036, 21.154088364559044 ], [ 86.432581251830726, 21.160934750514333 ], [ 86.444884302954435, 21.172345393773146 ], [ 86.444160594064812, 21.173649467288438 ], [ 86.428238998492958, 21.180495853243723 ], [ 86.427515289603321, 21.180821871622548 ], [ 86.426791580713697, 21.180821871622548 ], [ 86.443798739619993, 21.200056955973118 ], [ 86.434028669609987, 21.22059611383898 ], [ 86.421363764041473, 21.221900187354272 ], [ 86.418468928482952, 21.20559926841311 ], [ 86.380836066222201, 21.228094536551914 ], [ 86.366723742874413, 21.236571014401317 ], [ 86.372151559546637, 21.258414245782472 ], [ 86.352973273971443, 21.283517660951858 ], [ 86.358039236198849, 21.302100708544781 ], [ 86.360210362867747, 21.303078763681249 ], [ 86.360572217312551, 21.301774690165956 ], [ 86.404718459579982, 21.320683756137704 ], [ 86.410508130697025, 21.32557403182005 ], [ 86.429686416272219, 21.341874950761213 ], [ 86.457549208522963, 21.365348274036482 ], [ 86.527025261927434, 21.423705563845836 ], [ 86.529196388596318, 21.425661674118775 ], [ 86.529920097485956, 21.426639729255246 ], [ 86.582027137539313, 21.522163114250446 ], [ 86.609889929790057, 21.51857691208339 ], [ 86.637390867595997, 21.533573757509256 ], [ 86.64860835538525, 21.580846422438622 ], [ 86.664168096512299, 21.578238275408037 ], [ 86.682984527642674, 21.59682132300096 ], [ 86.693116452097499, 21.585084661363325 ], [ 86.739795675478618, 21.605623819229187 ], [ 86.794797551090497, 21.597799378137427 ], [ 86.799501658873083, 21.607579929502126 ], [ 86.830259286682363, 21.608884003017419 ], [ 86.843647901140514, 21.599103451652724 ], [ 86.856674661153846, 21.603341690577423 ], [ 86.864635458939773, 21.590952992182142 ], [ 86.886708580073488, 21.612470205184472 ], [ 86.873319965615337, 21.622250756549171 ], [ 86.875491092284221, 21.638225657111505 ], [ 86.891412687856089, 21.612470205184472 ], [ 86.901182757866096, 21.612144186805651 ], [ 86.910229118986464, 21.580846422438622 ], [ 86.920722897886094, 21.591279010560964 ], [ 86.957270196812402, 21.573674018104512 ], [ 86.955099070143518, 21.595843267864488 ], [ 86.963059867929445, 21.593887157591549 ], [ 86.960526886815742, 21.580846422438622 ], [ 87.005396837972796, 21.600407525168016 ], [ 87.006120546862419, 21.600733543546838 ], [ 86.986218552397602, 21.62844510574681 ], [ 86.993093786849087, 21.63561751008092 ], [ 87.003949420193536, 21.626162977095049 ], [ 87.011910217979462, 21.648984263612672 ], [ 86.989475242400943, 21.653222502537375 ], [ 86.989475242400943, 21.655178612810314 ], [ 86.990560805735385, 21.671153513372651 ], [ 87.001416439079833, 21.674087678782058 ], [ 87.015890616872426, 21.674087678782058 ], [ 87.030726649109837, 21.661046943629131 ], [ 87.032535921333917, 21.673761660403237 ], [ 87.052076061353915, 21.682564156631464 ], [ 87.051714206909111, 21.683216193389107 ], [ 87.03651632022688, 21.698213038814977 ], [ 87.025298832437613, 21.742877556713754 ], [ 87.046286390236887, 21.739617372925522 ], [ 87.046286390236887, 21.71386192099849 ], [ 87.069806929149848, 21.707667571800851 ], [ 87.087175942500977, 21.715818031271429 ], [ 87.086814088056158, 21.729836821560827 ], [ 87.093689322507643, 21.725924601014949 ], [ 87.084642961387274, 21.737987281031408 ], [ 87.095860449176527, 21.733097005349059 ], [ 87.094413031397266, 21.747441814017279 ], [ 87.122275823648025, 21.754288199972567 ], [ 87.102011974738389, 21.771567174050197 ], [ 87.103821246962454, 21.783955872445478 ], [ 87.117209861420619, 21.789172166506653 ], [ 87.124446950316909, 21.771893192429022 ], [ 87.13059847587877, 21.778739578384307 ], [ 87.159184977019152, 21.771241155671376 ], [ 87.164250939246557, 21.788194111370181 ], [ 87.173659154811745, 21.788194111370181 ], [ 87.174744718146187, 21.811341416266629 ], [ 87.185600351490635, 21.791780313537238 ], [ 87.178001408149527, 21.813297526539568 ], [ 87.108525354745055, 21.85600593416541 ], [ 87.100926411403947, 21.863830375257166 ], [ 87.09839343029023, 21.873284908243036 ], [ 87.090794486949122, 21.899692396927719 ], [ 87.096584158066165, 21.908168874777122 ], [ 87.108525354745055, 21.925121830475927 ], [ 87.137473710330255, 21.923491738581813 ], [ 87.161356103688036, 21.935554418598272 ], [ 87.171126173698042, 21.978588844602932 ], [ 87.171488028142861, 21.979240881360582 ], [ 87.188133332604338, 21.96587412782883 ], [ 87.196455984835083, 21.959679778631187 ], [ 87.211292017072495, 21.966200146207651 ], [ 87.239154809323253, 21.956093576464134 ], [ 87.243497062661035, 21.963918017555891 ], [ 87.235898119319913, 21.94370487806885 ], [ 87.253628987115846, 21.924143775339459 ], [ 87.244582625995477, 21.909146929913589 ], [ 87.238792954878434, 21.901648507200658 ], [ 87.239154809323253, 21.900344433685365 ], [ 87.251457860446962, 21.874915000137154 ], [ 87.248924879333259, 21.853723805513646 ], [ 87.270636146022156, 21.827642335207791 ], [ 87.264122766015475, 21.819165857358385 ], [ 87.263760911570671, 21.818839838979564 ], [ 87.27606396269438, 21.808407250857222 ], [ 87.278958798252887, 21.805799103826633 ], [ 87.282577342701046, 21.802864938417226 ], [ 87.297775229383276, 21.810689379508982 ], [ 87.31044013495179, 21.792432350294884 ], [ 87.335408091644027, 21.793410405431352 ], [ 87.337941072757729, 21.783629854066657 ], [ 87.355310086108844, 21.791128276779592 ], [ 87.370146118346256, 21.769937082156083 ], [ 87.372317245015154, 21.766676898367848 ], [ 87.373764662794414, 21.764068751337263 ], [ 87.385705859473305, 21.775805412974901 ], [ 87.395837783928116, 21.766024861610205 ], [ 87.441431443974807, 21.767980971883141 ], [ 87.445049988422952, 21.743203575092579 ], [ 87.453372640653697, 21.739617372925522 ], [ 87.444326279533328, 21.73407506048553 ], [ 87.469294236225551, 21.732118950212591 ], [ 87.471827217339268, 21.683868230146757 ], [ 87.461695292884443, 21.651266392264436 ], [ 87.475807616232231, 21.647028153339733 ], [ 87.477255034011492, 21.644420006309147 ], [ 87.4848539773526, 21.615078352215058 ], [ 87.484130268462962, 21.602689653819777 ], [ 87.435279918412945, 21.581498459196268 ], [ 87.40777898060702, 21.545636437525715 ], [ 87.38208731502516, 21.573674018104512 ], [ 87.33613180053365, 21.577260220271565 ], [ 87.371231681680712, 21.56324142998217 ], [ 87.39402851170405, 21.532921720751609 ], [ 87.358928630557003, 21.542050235358662 ], [ 87.220700232637682, 21.536181904539841 ], [ 87.147967489229885, 21.508796360718694 ], [ 87.086090379166535, 21.459893603895214 ], [ 87.067635802480964, 21.462827769304621 ], [ 87.05026678912985, 21.429573894664653 ], [ 86.948947544581657, 21.358501888081197 ], [ 86.859569496712368, 21.214401764641337 ] ] ] } },
{ "type": "Feature", "properties": { "dt_code": "371", "district": "Jharsuguda", "st_code": "21", "year": "2011_c", "st_nm": "Odisha" }, "geometry": { "type": "Polygon", "coordinates": [ [ [ 83.59130015114377, 21.825034188177206 ], [ 83.624590760066738, 21.847855474694828 ], [ 83.636531956745642, 21.818839838979564 ], [ 83.68682972457492, 21.801560864901933 ], [ 83.690086414578246, 21.789498184885474 ], [ 83.719396624608265, 21.785911982718417 ], [ 83.73821305573864, 21.8165577103278 ], [ 83.793938640240142, 21.866438522287751 ], [ 83.814202489149778, 21.853723805513646 ], [ 83.816373615818662, 21.884695551501849 ], [ 83.82903852138719, 21.877197128788918 ], [ 83.831209648056074, 21.896106194760662 ], [ 83.865947674758317, 21.910451003428882 ], [ 83.851835351410529, 21.923491738581813 ], [ 83.880059998106091, 21.923817756960634 ], [ 83.897790865902024, 21.945008951584143 ], [ 83.959306121520569, 21.941748767795911 ], [ 83.977760698206126, 21.904582672610065 ], [ 84.006709053791326, 21.922513683445342 ], [ 84.028420320480222, 21.953159411054724 ], [ 84.062796492737647, 21.93359830832533 ], [ 84.080165506088761, 21.93653247373474 ], [ 84.08921186720913, 21.962939962419419 ], [ 84.070395436078755, 21.989673469482923 ], [ 84.086678886095427, 21.989999487861745 ], [ 84.088850012764325, 21.999454020847619 ], [ 84.10621902611544, 21.991955598134687 ], [ 84.117436513904707, 22.012820774379371 ], [ 84.137700362814343, 21.997823928953501 ], [ 84.168457990623608, 22.001084112741736 ], [ 84.203919726215474, 21.977610789466464 ], [ 84.23467735402474, 21.977284771087639 ], [ 84.239381461807341, 21.977284771087639 ], [ 84.269777235171802, 22.008256517075846 ], [ 84.269415380726983, 22.01477688465231 ], [ 84.269415380726983, 22.01477688465231 ], [ 84.274119488509569, 22.015102903031135 ], [ 84.286784394078097, 22.013798829515842 ], [ 84.28750810296772, 22.015428921409956 ], [ 84.298363736312183, 22.034990024139347 ], [ 84.323693547449224, 22.037598171169932 ], [ 84.358431574151453, 22.037924189548757 ], [ 84.392445891964059, 22.022927344122891 ], [ 84.383037676398871, 22.015102903031135 ], [ 84.380504695285168, 21.977936807845289 ], [ 84.363859390823677, 21.982827083527635 ], [ 84.373629460833683, 21.955441539706484 ], [ 84.329121364121448, 21.862526301741873 ], [ 84.329483218566267, 21.832206592511312 ], [ 84.288955520746981, 21.771241155671376 ], [ 84.265434981834019, 21.765046806473734 ], [ 84.253493785155115, 21.796018552461938 ], [ 84.238295898472899, 21.805473085447812 ], [ 84.164477591730645, 21.786890037854889 ], [ 84.157964211723979, 21.773523284323137 ], [ 84.116350950570251, 21.78721605623371 ], [ 84.08921186720913, 21.77058911891373 ], [ 84.057368676065423, 21.773197265944315 ], [ 84.03782853604541, 21.755266255109039 ], [ 84.021183231583933, 21.78493392758195 ], [ 84.006709053791326, 21.786890037854889 ], [ 84.001643091563921, 21.77287124756549 ], [ 83.981017388209466, 21.780369670278425 ], [ 83.984635932657611, 21.756244310245506 ], [ 83.970523609309836, 21.760482549170209 ], [ 83.955325722627606, 21.732770986970237 ], [ 83.943384525948716, 21.728858766424359 ], [ 83.974142153757981, 21.703103314497326 ], [ 83.971609172644278, 21.588670863530378 ], [ 83.967628773751315, 21.580846422438622 ], [ 83.899600138126104, 21.575956146756273 ], [ 83.881507415885352, 21.576282165135098 ], [ 83.864500256979056, 21.579542348923329 ], [ 83.810945799146438, 21.590300955424496 ], [ 83.808774672477554, 21.590626973803317 ], [ 83.799728311357185, 21.56324142998217 ], [ 83.731337821287156, 21.625184921958578 ], [ 83.696599794584913, 21.698539057193798 ], [ 83.694428667916029, 21.699843130709091 ], [ 83.688638996798986, 21.702777296118501 ], [ 83.649558716758975, 21.722338398847892 ], [ 83.569227030010055, 21.742877556713754 ], [ 83.567779612230794, 21.743203575092579 ], [ 83.566332194451533, 21.743529593471401 ], [ 83.545706491097093, 21.728206729666709 ], [ 83.526528205521899, 21.67310962364559 ], [ 83.487086071037069, 21.643441951172676 ], [ 83.486724216592251, 21.643441951172676 ], [ 83.417971872077416, 21.679956009600875 ], [ 83.43208419542519, 21.699843130709091 ], [ 83.460670696565572, 21.697561002057331 ], [ 83.490704615485214, 21.744507648607872 ], [ 83.476230437692621, 21.751680052941982 ], [ 83.48202010880965, 21.766024861610205 ], [ 83.468993348796317, 21.78721605623371 ], [ 83.484914944368171, 21.793410405431352 ], [ 83.492152033264475, 21.817209747085446 ], [ 83.541726092204115, 21.798300681113702 ], [ 83.541726092204115, 21.798626699492523 ], [ 83.533765294418188, 21.825686224934849 ], [ 83.532679731083746, 21.829598445480727 ], [ 83.537383838866347, 21.834162702784255 ], [ 83.545344636652274, 21.838074923330133 ], [ 83.59130015114377, 21.825034188177206 ] ] ] } },
{ "type": "Feature", "properties": { "dt_code": "370", "district": "Bargarh", "st_code": "21", "year": "2011_c", "st_nm": "Odisha" }, "geometry": { "type": "Polygon", "coordinates": [ [ [ 83.894534175898698, 21.175605577561377 ], [ 83.877888871437207, 21.162564842408447 ], [ 83.846407534738304, 21.099317276916747 ], [ 83.839894154731638, 21.093448946097929 ], [ 83.799728311357185, 21.113662085584966 ], [ 83.784168570230136, 21.151480217528459 ], [ 83.768246974658283, 21.15474040131669 ], [ 83.762095449096421, 21.142677721300231 ], [ 83.712883244601585, 21.119204398024962 ], [ 83.604326911157102, 21.128332912632011 ], [ 83.594918695591915, 21.107793754766149 ], [ 83.548239472210795, 21.076822008777945 ], [ 83.491790178819656, 21.062151181730901 ], [ 83.493961305488554, 21.040633968728571 ], [ 83.458861424341492, 21.05921701632149 ], [ 83.457052152117427, 21.057912942806198 ], [ 83.424847106528887, 21.030201380606226 ], [ 83.391918352050737, 21.069649604443835 ], [ 83.378529737592586, 21.060521089836783 ], [ 83.352114363121089, 21.070953677959128 ], [ 83.342344293111083, 21.056282850912083 ], [ 83.322080444201447, 21.056282850912083 ], [ 83.322080444201447, 21.055956832533258 ], [ 83.295665069729964, 21.013574443286242 ], [ 83.326784551984048, 20.994665377314497 ], [ 83.332574223101076, 20.980646587025099 ], [ 83.361160724241458, 21.0031418551639 ], [ 83.386490535378513, 20.98879704649568 ], [ 83.391918352050737, 20.963367612947469 ], [ 83.379977155371847, 20.939894289672196 ], [ 83.415800745408518, 20.907292451789878 ], [ 83.40494511206407, 20.889035422575777 ], [ 83.350666945341828, 20.873060522013439 ], [ 83.328955678652932, 20.880884963105199 ], [ 83.318461899753302, 20.860019786860512 ], [ 83.284809436385515, 20.853173400905224 ], [ 83.279381619713291, 20.841762757646414 ], [ 83.277210493044393, 20.868170246331093 ], [ 83.252604390796975, 20.897185882046358 ], [ 83.251518827462533, 20.916420966396927 ], [ 83.216780800760304, 20.930113738307501 ], [ 83.191450989623249, 20.895881808531065 ], [ 83.14477176624213, 20.880884963105199 ], [ 83.130297588449523, 20.857737658208748 ], [ 83.102434796198779, 20.874690613907557 ], [ 83.086875055071729, 20.857737658208748 ], [ 83.032596888349488, 20.852847382526402 ], [ 83.01450416610875, 20.86164987875463 ], [ 83.002562969429846, 20.848609143601699 ], [ 82.980489848296145, 20.845674978192292 ], [ 82.96710123383798, 20.892947643121655 ], [ 82.925849827129085, 20.882841073378138 ], [ 82.917889029343158, 20.899468010698122 ], [ 82.888578819313139, 20.9076184701687 ], [ 82.771699833637911, 20.801010460293512 ], [ 82.746370022500869, 20.769386677547661 ], [ 82.734790680266784, 20.722114012618295 ], [ 82.708013451350482, 20.727004288300645 ], [ 82.700776362454178, 20.728308361815937 ], [ 82.686302184661585, 20.731894563982991 ], [ 82.698605235785294, 20.759932144561787 ], [ 82.684131057992701, 20.812421103552325 ], [ 82.680874367989361, 20.885123202029899 ], [ 82.693901128002707, 20.902728194486354 ], [ 82.698605235785294, 20.937612161020436 ], [ 82.687387747996027, 20.973148164312164 ], [ 82.693539273557889, 21.02042082924153 ], [ 82.670380589089731, 21.063781273625018 ], [ 82.638175543501205, 21.08855867041558 ], [ 82.637451834611568, 21.089210707173226 ], [ 82.635642562387488, 21.090514780688519 ], [ 82.650116740180096, 21.106489681250856 ], [ 82.641432233504531, 21.116922269373198 ], [ 82.640346670170089, 21.118226342888491 ], [ 82.653011575738617, 21.129310967768482 ], [ 82.637451834611568, 21.144633831573174 ], [ 82.639984815725271, 21.154414382937869 ], [ 82.640346670170089, 21.154414382937869 ], [ 82.755778238066057, 21.16680308133315 ], [ 82.793772954771626, 21.142677721300231 ], [ 82.800286334778292, 21.155718456453162 ], [ 82.850945957052389, 21.168433173227264 ], [ 82.853117083721273, 21.159304658620215 ], [ 82.876637622634249, 21.163542897544918 ], [ 82.882427293751292, 21.148220033740227 ], [ 82.902329288216109, 21.16680308133315 ], [ 82.937791023807975, 21.16973724674256 ], [ 82.9479229482628, 21.161586787271979 ], [ 82.943942549369822, 21.177887706213138 ], [ 82.964930107169096, 21.193210570017829 ], [ 82.965653816058719, 21.175279559182552 ], [ 82.988088791637253, 21.182777981895487 ], [ 82.980489848296145, 21.170063265121382 ], [ 83.003286678319483, 21.168107154848443 ], [ 82.985917664968369, 21.150828180770812 ], [ 82.990259918306137, 21.139743555890824 ], [ 83.015951583887997, 21.146263923467288 ], [ 83.077828693951361, 21.111705975312027 ], [ 83.131383151783965, 21.10583764449321 ], [ 83.166844887375831, 21.138765500754353 ], [ 83.192174698512886, 21.139091519133178 ], [ 83.214609674091406, 21.194840661911947 ], [ 83.22184676298771, 21.265912668495403 ], [ 83.25079511857291, 21.282213587436566 ], [ 83.271058967482546, 21.272433036071867 ], [ 83.278657910823654, 21.289385991770676 ], [ 83.257670353024395, 21.31840162748594 ], [ 83.258032207469199, 21.319705701001233 ], [ 83.257308498579576, 21.320357737758879 ], [ 83.272144530816988, 21.370564568097652 ], [ 83.269249695258466, 21.377736972431766 ], [ 83.268887840813647, 21.378389009189412 ], [ 83.271782676372169, 21.377410954052941 ], [ 83.273953803041067, 21.376758917295295 ], [ 83.378891592037391, 21.344483097791798 ], [ 83.383233845375173, 21.345461152928266 ], [ 83.391918352050737, 21.342526987518859 ], [ 83.399517295391846, 21.35002541023179 ], [ 83.404583257619251, 21.355241704292965 ], [ 83.40820180206741, 21.358501888081197 ], [ 83.396622459833324, 21.367304384309421 ], [ 83.398793586502222, 21.405122516252913 ], [ 83.373101920920362, 21.442940648196405 ], [ 83.353923635345168, 21.448156942257576 ], [ 83.338002039773301, 21.501297938005759 ], [ 83.372740066475544, 21.558025135921 ], [ 83.369845230917022, 21.600407525168016 ], [ 83.38251013648555, 21.620294646276228 ], [ 83.443301683214457, 21.655504631189135 ], [ 83.450900626555566, 21.650614355506789 ], [ 83.444025392104081, 21.623880848443285 ], [ 83.45632844322779, 21.609862058153887 ], [ 83.466098513237796, 21.609536039775065 ], [ 83.473697456578918, 21.632357326292688 ], [ 83.488895343261134, 21.630727234398574 ], [ 83.489257197705953, 21.630401216019749 ], [ 83.486724216592251, 21.643441951172676 ], [ 83.487086071037069, 21.643441951172676 ], [ 83.526528205521899, 21.67310962364559 ], [ 83.545706491097093, 21.728206729666709 ], [ 83.566332194451533, 21.743529593471401 ], [ 83.567779612230794, 21.743203575092579 ], [ 83.569227030010055, 21.742877556713754 ], [ 83.649558716758975, 21.722338398847892 ], [ 83.688638996798986, 21.702777296118501 ], [ 83.694428667916029, 21.699843130709091 ], [ 83.696599794584913, 21.698539057193798 ], [ 83.731337821287156, 21.625184921958578 ], [ 83.799728311357185, 21.56324142998217 ], [ 83.816735470263481, 21.535529867782195 ], [ 83.847131243627942, 21.5257493164175 ], [ 83.850387933631268, 21.519228948841036 ], [ 83.886573378112772, 21.437724354135234 ], [ 83.880783706995729, 21.425661674118775 ], [ 83.846045680293486, 21.41392501248114 ], [ 83.88042185255091, 21.387191505417636 ], [ 83.872461054764983, 21.305686910711835 ], [ 83.872099200320164, 21.304708855575367 ], [ 83.873184763654606, 21.302426726923603 ], [ 83.877527016992389, 21.293624230695379 ], [ 83.878250725882026, 21.291994138801261 ], [ 83.891639340340177, 21.293624230695379 ], [ 83.889468213671279, 21.280257477163627 ], [ 83.889468213671279, 21.280257477163627 ], [ 83.890191922560916, 21.278953403648334 ], [ 83.910455771470552, 21.238527124674256 ], [ 83.898514574791662, 21.204947231655463 ], [ 83.888744504781656, 21.175931595940199 ], [ 83.894534175898698, 21.175605577561377 ] ] ] } },
{ "type": "Feature", "properties": { "dt_code": "373", "district": "Deogarh", "st_code": "21", "year": "2011_c", "st_nm": "Odisha" }, "geometry": { "type": "Polygon", "coordinates": [ [ [ 85.144017573844707, 21.595191231106842 ], [ 85.144017573844707, 21.595191231106842 ], [ 85.187801961667319, 21.588018826772732 ], [ 85.204085411683991, 21.56747966890687 ], [ 85.211684355025099, 21.556395044026882 ], [ 85.202999848349549, 21.521185059113975 ], [ 85.154149498299532, 21.462827769304621 ], [ 85.07960748266764, 21.458915548758743 ], [ 85.060067342647642, 21.442288611438759 ], [ 85.020987062607631, 21.458263512001096 ], [ 85.026053024835036, 21.447830923878755 ], [ 84.998552087029097, 21.43609426224112 ], [ 84.997466523694655, 21.435768243862295 ], [ 84.991676852577612, 21.412294920587023 ], [ 85.007598448149466, 21.37936706432588 ], [ 85.008322157039103, 21.323617921547111 ], [ 85.032928259286521, 21.293298212316554 ], [ 85.017368518159472, 21.296232377725964 ], [ 85.011578847042443, 21.297536451241257 ], [ 85.011216992597625, 21.297210432862432 ], [ 84.988420162574286, 21.287103863118912 ], [ 84.956938825875383, 21.297862469620078 ], [ 84.897594696925722, 21.261022392813057 ], [ 84.925819343621299, 21.233636848991907 ], [ 84.939569812524269, 21.196144735427239 ], [ 84.969965585888716, 21.188972331093126 ], [ 84.962366642547607, 21.147241978603759 ], [ 84.948978028089456, 21.147894015361402 ], [ 84.950425445868717, 21.170715301879028 ], [ 84.927990470290183, 21.180821871622548 ], [ 84.931970869183147, 21.153436327801398 ], [ 84.918582254724996, 21.140721611027292 ], [ 84.876607139126463, 21.164520952681386 ], [ 84.817624864621621, 21.171367338636674 ], [ 84.798808433491246, 21.166477062954328 ], [ 84.799170287936064, 21.165825026196678 ], [ 84.798446579046427, 21.165499007817857 ], [ 84.808940357946071, 21.141373647784938 ], [ 84.80423625016347, 21.136483372102592 ], [ 84.795189889043101, 21.133223188314361 ], [ 84.746339538993084, 21.168107154848443 ], [ 84.744530266769004, 21.169411228363735 ], [ 84.745253975658642, 21.16973724674256 ], [ 84.74091172232086, 21.1941886251543 ], [ 84.717753037852702, 21.20853343382252 ], [ 84.723180854524927, 21.227116481415443 ], [ 84.75104364677567, 21.229398610067207 ], [ 84.757918881227155, 21.23005064682485 ], [ 84.759004444561597, 21.230376665203675 ], [ 84.770221932350864, 21.252545914963655 ], [ 84.753576627889373, 21.257762209024825 ], [ 84.760813716785677, 21.277323311754216 ], [ 84.711239657846036, 21.31840162748594 ], [ 84.685547992264162, 21.322313848031818 ], [ 84.658047054458237, 21.313837370182416 ], [ 84.666369706688982, 21.303730800438895 ], [ 84.646105857779347, 21.300470616650664 ], [ 84.630546116652297, 21.275367201481277 ], [ 84.612453394411546, 21.276997293375395 ], [ 84.603045178846358, 21.26232646632835 ], [ 84.566136025475231, 21.249285731175419 ], [ 84.567583443254492, 21.321987829652997 ], [ 84.547319594344856, 21.373172715128241 ], [ 84.544786613231153, 21.373824751885884 ], [ 84.517647529870032, 21.381975211356465 ], [ 84.498469244294839, 21.375128825401177 ], [ 84.500278516518918, 21.363718182142367 ], [ 84.48761361095039, 21.36926049458236 ], [ 84.490870300953731, 21.390451689205868 ], [ 84.472053869823355, 21.394363909751746 ], [ 84.462283799813349, 21.392081781099986 ], [ 84.403301525308507, 21.37936706432588 ], [ 84.394978873077761, 21.42109741681525 ], [ 84.394617018632957, 21.426965747634068 ], [ 84.416328285321853, 21.454025273076397 ], [ 84.409453050870368, 21.475868504457551 ], [ 84.446000349796677, 21.490539331504593 ], [ 84.4467240586863, 21.490865349883418 ], [ 84.443829223127779, 21.517272838568097 ], [ 84.459750818699646, 21.514990709916333 ], [ 84.472777578712979, 21.53813801481278 ], [ 84.493403282067433, 21.530313573721024 ], [ 84.502087788742998, 21.542702272116308 ], [ 84.501725934298179, 21.543354308873955 ], [ 84.490146592064093, 21.577260220271565 ], [ 84.511134149863366, 21.571391889452748 ], [ 84.51185785875299, 21.580520404059797 ], [ 84.535740252110784, 21.56747966890687 ], [ 84.54406290434153, 21.582802532711561 ], [ 84.571201987702651, 21.580520404059797 ], [ 84.533207270997082, 21.605623819229187 ], [ 84.526332036545597, 21.623880848443285 ], [ 84.502449643187802, 21.623228811685639 ], [ 84.486528047615948, 21.639203712247976 ], [ 84.50317335207744, 21.682564156631464 ], [ 84.537187669890045, 21.679303972843229 ], [ 84.543339195451892, 21.678651936085583 ], [ 84.543701049896711, 21.678651936085583 ], [ 84.568307152144129, 21.702451277739677 ], [ 84.630907971097116, 21.697561002057331 ], [ 84.639954332217485, 21.722338398847892 ], [ 84.632717243321181, 21.738639317789055 ], [ 84.647915130003412, 21.742551538334933 ], [ 84.660941890016758, 21.761134585927856 ], [ 84.677949048923054, 21.749397924290221 ], [ 84.678310903367873, 21.749071905911396 ], [ 84.675054213364533, 21.736357189137291 ], [ 84.691337663381205, 21.70962368207379 ], [ 84.718114892297507, 21.717122104786721 ], [ 84.747063247882707, 21.682564156631464 ], [ 84.741273576765664, 21.669197403099712 ], [ 84.757557026782337, 21.624532885200932 ], [ 84.79374247126384, 21.636595565217391 ], [ 84.78180127458495, 21.649310281991497 ], [ 84.790123926815681, 21.668545366342066 ], [ 84.855257726882385, 21.660394906871485 ], [ 84.861047397999414, 21.651918429022082 ], [ 84.901213241373881, 21.658764814977367 ], [ 84.914601855832032, 21.670501476615005 ], [ 84.941379084748334, 21.659416851735013 ], [ 84.953682135872043, 21.664959164175009 ], [ 84.956576971430565, 21.684194248525579 ], [ 84.97539340256094, 21.672783605266766 ], [ 84.998190232584278, 21.681912119873815 ], [ 85.026414879279855, 21.672457586887944 ], [ 85.029671569283181, 21.627793068989163 ], [ 85.048488000413556, 21.590952992182142 ], [ 85.077436355998756, 21.603667708956245 ], [ 85.144017573844707, 21.595191231106842 ] ], [ [ 84.872264885788681, 21.172019375394321 ], [ 84.875521575792021, 21.172671412151967 ], [ 84.876607139126463, 21.172997430530792 ], [ 84.875159721347202, 21.179191779728431 ], [ 84.874797866902384, 21.178213724591963 ], [ 84.872264885788681, 21.172019375394321 ] ] ] } },
{ "type": "Feature", "properties": { "dt_code": "372", "district": "Sambalpur", "st_code": "21", "year": "2011_c", "st_nm": "Odisha" }, "geometry": { "type": "Polygon", "coordinates": [ [ [ 84.279185450736989, 20.922289297215745 ], [ 84.238657752917703, 20.92261531559457 ], [ 84.238657752917703, 20.92261531559457 ], [ 84.192340383981403, 20.976408348100396 ], [ 84.15579308505508, 20.974452237827457 ], [ 84.157964211723979, 20.994013340556851 ], [ 84.139871489483227, 21.012596388149774 ], [ 84.142404470596929, 21.033135546015636 ], [ 84.017564687135774, 21.051718593608559 ], [ 83.988616331550588, 21.078126082293238 ], [ 83.992958584888356, 21.109097828281442 ], [ 83.982464805988727, 21.116922269373198 ], [ 83.984274078212806, 21.131267078041422 ], [ 83.902494973684625, 21.175279559182552 ], [ 83.894534175898698, 21.175605577561377 ], [ 83.888744504781656, 21.175931595940199 ], [ 83.898514574791662, 21.204947231655463 ], [ 83.910455771470552, 21.238527124674256 ], [ 83.890191922560916, 21.278953403648334 ], [ 83.889468213671279, 21.280257477163627 ], [ 83.889468213671279, 21.280257477163627 ], [ 83.891639340340177, 21.293624230695379 ], [ 83.878250725882026, 21.291994138801261 ], [ 83.877527016992389, 21.293624230695379 ], [ 83.873184763654606, 21.302426726923603 ], [ 83.872099200320164, 21.304708855575367 ], [ 83.872461054764983, 21.305686910711835 ], [ 83.88042185255091, 21.387191505417636 ], [ 83.846045680293486, 21.41392501248114 ], [ 83.880783706995729, 21.425661674118775 ], [ 83.886573378112772, 21.437724354135234 ], [ 83.850387933631268, 21.519228948841036 ], [ 83.847131243627942, 21.5257493164175 ], [ 83.816735470263481, 21.535529867782195 ], [ 83.799728311357185, 21.56324142998217 ], [ 83.808774672477554, 21.590626973803317 ], [ 83.810945799146438, 21.590300955424496 ], [ 83.864500256979056, 21.579542348923329 ], [ 83.881507415885352, 21.576282165135098 ], [ 83.899600138126104, 21.575956146756273 ], [ 83.967628773751315, 21.580846422438622 ], [ 83.971609172644278, 21.588670863530378 ], [ 83.974142153757981, 21.703103314497326 ], [ 83.943384525948716, 21.728858766424359 ], [ 83.955325722627606, 21.732770986970237 ], [ 83.970523609309836, 21.760482549170209 ], [ 83.984635932657611, 21.756244310245506 ], [ 83.981017388209466, 21.780369670278425 ], [ 84.001643091563921, 21.77287124756549 ], [ 84.006709053791326, 21.786890037854889 ], [ 84.021183231583933, 21.78493392758195 ], [ 84.03782853604541, 21.755266255109039 ], [ 84.057368676065423, 21.773197265944315 ], [ 84.08921186720913, 21.77058911891373 ], [ 84.116350950570251, 21.78721605623371 ], [ 84.157964211723979, 21.773523284323137 ], [ 84.164477591730645, 21.786890037854889 ], [ 84.238295898472899, 21.805473085447812 ], [ 84.253493785155115, 21.796018552461938 ], [ 84.265434981834019, 21.765046806473734 ], [ 84.288955520746981, 21.771241155671376 ], [ 84.329483218566267, 21.832206592511312 ], [ 84.329121364121448, 21.862526301741873 ], [ 84.373629460833683, 21.955441539706484 ], [ 84.363859390823677, 21.982827083527635 ], [ 84.380504695285168, 21.977936807845289 ], [ 84.383037676398871, 22.015102903031135 ], [ 84.392445891964059, 22.022927344122891 ], [ 84.358431574151453, 22.037924189548757 ], [ 84.323693547449224, 22.037598171169932 ], [ 84.298363736312183, 22.034990024139347 ], [ 84.28750810296772, 22.015428921409956 ], [ 84.286784394078097, 22.013798829515842 ], [ 84.274119488509569, 22.015102903031135 ], [ 84.269415380726983, 22.01477688465231 ], [ 84.269415380726983, 22.01477688465231 ], [ 84.269415380726983, 22.015428921409956 ], [ 84.26688239961328, 22.104105920449868 ], [ 84.279547305181794, 22.109322214511039 ], [ 84.277738032957728, 22.123341004800437 ], [ 84.299811154091429, 22.117146655602795 ], [ 84.340338851910715, 22.130187390755726 ], [ 84.363859390823677, 22.150074511863941 ], [ 84.384485094178132, 22.145836272939238 ], [ 84.418137557545919, 22.172569780002743 ], [ 84.476396123161123, 22.189848754080373 ], [ 84.495936263181136, 22.137685813468657 ], [ 84.495212554291513, 22.092369258812234 ], [ 84.514390839866692, 22.084870836099299 ], [ 84.510410440973729, 22.057159273899327 ], [ 84.527779454324858, 22.045748630640514 ], [ 84.508601168749664, 22.019993178713481 ], [ 84.500278516518918, 21.972394495405293 ], [ 84.506791896525584, 21.958375705115895 ], [ 84.526693890990401, 21.97304653216294 ], [ 84.516923820980409, 21.948269135372378 ], [ 84.525246473211141, 21.925773867233573 ], [ 84.494850699846694, 21.920557573172402 ], [ 84.490870300953731, 21.911429058565354 ], [ 84.526693890990401, 21.890237863941845 ], [ 84.525246473211141, 21.872306853106569 ], [ 84.539358796558929, 21.861874264984227 ], [ 84.527779454324858, 21.852419731998353 ], [ 84.525970182100778, 21.813623544918393 ], [ 84.567583443254492, 21.786564019476067 ], [ 84.553832974351522, 21.769285045398433 ], [ 84.588209146608946, 21.757874402139624 ], [ 84.609920413297843, 21.766350879989027 ], [ 84.657323345568599, 21.763742732958441 ], [ 84.660941890016758, 21.761134585927856 ], [ 84.647915130003412, 21.742551538334933 ], [ 84.632717243321181, 21.738639317789055 ], [ 84.639954332217485, 21.722338398847892 ], [ 84.630907971097116, 21.697561002057331 ], [ 84.568307152144129, 21.702451277739677 ], [ 84.543701049896711, 21.678651936085583 ], [ 84.543339195451892, 21.678651936085583 ], [ 84.537187669890045, 21.679303972843229 ], [ 84.50317335207744, 21.682564156631464 ], [ 84.486528047615948, 21.639203712247976 ], [ 84.502449643187802, 21.623228811685639 ], [ 84.526332036545597, 21.623880848443285 ], [ 84.533207270997082, 21.605623819229187 ], [ 84.571201987702651, 21.580520404059797 ], [ 84.54406290434153, 21.582802532711561 ], [ 84.535740252110784, 21.56747966890687 ], [ 84.51185785875299, 21.580520404059797 ], [ 84.511134149863366, 21.571391889452748 ], [ 84.490146592064093, 21.577260220271565 ], [ 84.501725934298179, 21.543354308873955 ], [ 84.502087788742998, 21.542702272116308 ], [ 84.493403282067433, 21.530313573721024 ], [ 84.472777578712979, 21.53813801481278 ], [ 84.459750818699646, 21.514990709916333 ], [ 84.443829223127779, 21.517272838568097 ], [ 84.4467240586863, 21.490865349883418 ], [ 84.446000349796677, 21.490539331504593 ], [ 84.409453050870368, 21.475868504457551 ], [ 84.416328285321853, 21.454025273076397 ], [ 84.394617018632957, 21.426965747634068 ], [ 84.394978873077761, 21.42109741681525 ], [ 84.403301525308507, 21.37936706432588 ], [ 84.462283799813349, 21.392081781099986 ], [ 84.472053869823355, 21.394363909751746 ], [ 84.490870300953731, 21.390451689205868 ], [ 84.48761361095039, 21.36926049458236 ], [ 84.500278516518918, 21.363718182142367 ], [ 84.498469244294839, 21.375128825401177 ], [ 84.517647529870032, 21.381975211356465 ], [ 84.544786613231153, 21.373824751885884 ], [ 84.547319594344856, 21.373172715128241 ], [ 84.567583443254492, 21.321987829652997 ], [ 84.566136025475231, 21.249285731175419 ], [ 84.603045178846358, 21.26232646632835 ], [ 84.612453394411546, 21.276997293375395 ], [ 84.630546116652297, 21.275367201481277 ], [ 84.646105857779347, 21.300470616650664 ], [ 84.666369706688982, 21.303730800438895 ], [ 84.658047054458237, 21.313837370182416 ], [ 84.685547992264162, 21.322313848031818 ], [ 84.711239657846036, 21.31840162748594 ], [ 84.760813716785677, 21.277323311754216 ], [ 84.753576627889373, 21.257762209024825 ], [ 84.770221932350864, 21.252545914963655 ], [ 84.759004444561597, 21.230376665203675 ], [ 84.757918881227155, 21.23005064682485 ], [ 84.75104364677567, 21.229398610067207 ], [ 84.723180854524927, 21.227116481415443 ], [ 84.717753037852702, 21.20853343382252 ], [ 84.74091172232086, 21.1941886251543 ], [ 84.745253975658642, 21.16973724674256 ], [ 84.744530266769004, 21.169411228363735 ], [ 84.731141652310853, 21.169085209984914 ], [ 84.723180854524927, 21.148546052119052 ], [ 84.680482030036757, 21.147241978603759 ], [ 84.667455270023424, 21.093448946097929 ], [ 84.679396466702315, 21.063129236867368 ], [ 84.645382148889709, 21.08366839473323 ], [ 84.585314311050425, 21.061173126594433 ], [ 84.532121707662625, 21.087580615279112 ], [ 84.481462085388543, 21.080734229323824 ], [ 84.438763260900373, 21.033135546015636 ], [ 84.429355045335186, 21.040307950349746 ], [ 84.40909119642555, 21.030527398985051 ], [ 84.434059153117786, 21.015204535180359 ], [ 84.413795304208151, 21.003467873542725 ], [ 84.405472651977405, 20.976734366479221 ], [ 84.374353169723321, 20.954565116719241 ], [ 84.372543897499241, 20.954565116719241 ], [ 84.366030517492575, 20.953913079961595 ], [ 84.329845073011072, 20.951630951309834 ], [ 84.32875950967663, 20.951630951309834 ], [ 84.311390496325515, 20.93206984858044 ], [ 84.301620426315509, 20.936308087505143 ], [ 84.279185450736989, 20.922289297215745 ] ] ] } }
]
}
