{
"type": "FeatureCollection",
"name": "punjab",
"crs": { "type": "name", "properties": { "name": "urn:ogc:def:crs:OGC:1.3:CRS84" } },
"features": [
{ "type": "Feature", "properties": { "dt_code": "035", "district": "Gurdaspur", "st_code": "03", "year": "2011_c", "st_nm": "Punjab" }, "geometry": { "type": "Polygon", "coordinates": [ [ [ 75.379250810575982, 32.183302159040821 ], [ 75.400652321280575, 32.190315208074225 ], [ 75.420756770730335, 32.164151140526535 ], [ 75.442158281434928, 32.166848467077841 ], [ 75.434375913905981, 32.149046111839212 ], [ 75.480745853765924, 32.159835418044437 ], [ 75.506038548234983, 32.145269854667376 ], [ 75.543329059311162, 32.145809319977637 ], [ 75.551435692153817, 32.133401617841621 ], [ 75.587429141975164, 32.141223864840413 ], [ 75.582565162269574, 32.107507282949065 ], [ 75.594238713562987, 32.111553272776028 ], [ 75.600075489209686, 32.094829848157914 ], [ 75.600724019837102, 32.093211452227131 ], [ 75.597805632013745, 32.082152413366771 ], [ 75.578998243818816, 32.073251235747456 ], [ 75.577701182563985, 32.072981503092322 ], [ 75.577376917250277, 32.071902572471799 ], [ 75.558893794369041, 32.034949198718877 ], [ 75.53392536521369, 32.031172941547048 ], [ 75.55824526374164, 32.000693151517268 ], [ 75.531006977390334, 31.941351967388492 ], [ 75.568946019093929, 31.874728001571182 ], [ 75.569594549721344, 31.854767785091504 ], [ 75.547868773703044, 31.848833666678626 ], [ 75.567648957839111, 31.801090986720475 ], [ 75.552408488094926, 31.776545315103569 ], [ 75.529385650821808, 31.782209700861316 ], [ 75.542680528683746, 31.750381247555882 ], [ 75.494040731627877, 31.698053112460506 ], [ 75.474260547491809, 31.650310432502355 ], [ 75.475233343432933, 31.650040699847224 ], [ 75.468099506531402, 31.636554067090682 ], [ 75.468099506531402, 31.636284334435551 ], [ 75.468099506531402, 31.636284334435551 ], [ 75.425620750435925, 31.627652889471367 ], [ 75.404219239731347, 31.593666574924885 ], [ 75.404219239731347, 31.593666574924885 ], [ 75.372765504301867, 31.624685830264927 ], [ 75.338717646362753, 31.641139522227906 ], [ 75.32704409506934, 31.635475136470159 ], [ 75.302075665913989, 31.653007759053661 ], [ 75.313100686579986, 31.667303589775596 ], [ 75.284241073660169, 31.681869153152658 ], [ 75.284889604287571, 31.698322845115637 ], [ 75.227494643761631, 31.684296747048837 ], [ 75.212902704644875, 31.705605626804168 ], [ 75.193771051136224, 31.711000279906784 ], [ 75.203823275861112, 31.722598784077409 ], [ 75.200904888037755, 31.726644773904372 ], [ 75.196689438959581, 31.732039427006988 ], [ 75.190528397999159, 31.740401139316042 ], [ 75.189231336744342, 31.740670871971172 ], [ 75.155183478805228, 31.746874723039181 ], [ 75.144482723452924, 31.759012692520066 ], [ 75.104922355180818, 31.754966702693107 ], [ 75.099734110161521, 31.764407345622683 ], [ 75.110759130827518, 31.780591304930532 ], [ 75.111407661454933, 31.781670235551054 ], [ 75.082548048535102, 31.792189809101156 ], [ 75.071847293182813, 31.80621590716796 ], [ 75.070550231927996, 31.807564570443613 ], [ 75.039745027125932, 31.802709382651258 ], [ 75.023531761440637, 31.816735480718059 ], [ 75.028071475832519, 31.822939331786067 ], [ 75.013155271402042, 31.820511737889891 ], [ 75.01250674077464, 31.820781470545022 ], [ 75.000508924167519, 31.832919440025908 ], [ 74.99078096475634, 31.832379974715646 ], [ 74.969055188738054, 31.831301044095124 ], [ 74.961921351836523, 31.853958587126112 ], [ 74.941816902386748, 31.860701903504381 ], [ 74.944411024896397, 31.870412279089088 ], [ 74.916524207917689, 31.879313456708406 ], [ 74.919442595741046, 31.892800089464945 ], [ 74.906471983192816, 31.894688218050863 ], [ 74.906147717879108, 31.895497416016255 ], [ 74.890582982821229, 31.928674532597341 ], [ 74.907444779133925, 31.935148116320484 ], [ 74.938574249249697, 31.941351967388492 ], [ 74.971649311247702, 31.960233253247647 ], [ 74.971649311247702, 31.960233253247647 ], [ 74.971973576561396, 31.962391114488693 ], [ 74.973594903129936, 31.974529083969578 ], [ 74.97294637250252, 31.974529083969578 ], [ 74.939222779877113, 31.962660847143823 ], [ 74.917172738545105, 31.97533828193497 ], [ 74.920739656995877, 32.002581280103186 ], [ 74.935331596112633, 32.011752190377628 ], [ 74.935331596112633, 32.012021923032762 ], [ 74.922685248878111, 32.039264921200974 ], [ 74.913605820094347, 32.043580643683065 ], [ 74.908417575075049, 32.051402890681857 ], [ 74.924630840760344, 32.066238186714052 ], [ 74.973919168443643, 32.053560751922902 ], [ 74.971649311247702, 32.042501713062542 ], [ 75.012182475460932, 32.035758396684272 ], [ 75.021586169558404, 32.04870556413055 ], [ 75.040717823067055, 32.042771445717669 ], [ 75.068604640045749, 32.067317117334575 ], [ 75.083845109789934, 32.060034335646044 ], [ 75.090978946691465, 32.071902572471799 ], [ 75.104922355180818, 32.058685672370387 ], [ 75.122756947434638, 32.08161294805651 ], [ 75.157453336001169, 32.081882680711637 ], [ 75.173990867000171, 32.067586849989709 ], [ 75.198310765528106, 32.082961611332159 ], [ 75.20252621460628, 32.120184717740216 ], [ 75.215496827154524, 32.121263648360738 ], [ 75.223603459997165, 32.098336372674616 ], [ 75.235277011290577, 32.103461293122102 ], [ 75.231385827526111, 32.091593056296347 ], [ 75.261866767014453, 32.102382362501579 ], [ 75.262839562955577, 32.11209273808629 ], [ 75.279377093954579, 32.118026856499164 ], [ 75.285538134914987, 32.151743438390518 ], [ 75.29948154340434, 32.153631566976429 ], [ 75.322504380677458, 32.179795634524119 ], [ 75.310182298756629, 32.194900663211442 ], [ 75.316343339717051, 32.208117563312854 ], [ 75.334177931970871, 32.209196493933376 ], [ 75.379250810575982, 32.183302159040821 ] ] ] } },
{ "type": "Feature", "properties": { "dt_code": "038", "district": "Hoshiarpur", "st_code": "03", "year": "2011_c", "st_nm": "Punjab" }, "geometry": { "type": "Polygon", "coordinates": [ [ [ 75.475233343432933, 31.650040699847224 ], [ 75.474260547491809, 31.650310432502355 ], [ 75.494040731627877, 31.698053112460506 ], [ 75.542680528683746, 31.750381247555882 ], [ 75.529385650821808, 31.782209700861316 ], [ 75.552408488094926, 31.776545315103569 ], [ 75.567648957839111, 31.801090986720475 ], [ 75.547868773703044, 31.848833666678626 ], [ 75.569594549721344, 31.854767785091504 ], [ 75.568946019093929, 31.874728001571182 ], [ 75.531006977390334, 31.941351967388492 ], [ 75.55824526374164, 32.000693151517268 ], [ 75.53392536521369, 32.031172941547048 ], [ 75.558893794369041, 32.034949198718877 ], [ 75.577376917250277, 32.071902572471799 ], [ 75.577701182563985, 32.072981503092322 ], [ 75.578998243818816, 32.073251235747456 ], [ 75.597805632013745, 32.082152413366771 ], [ 75.594562978876695, 32.070284176541016 ], [ 75.600724019837102, 32.070823641851277 ], [ 75.65033661283411, 32.076757760264151 ], [ 75.655200592539686, 32.077297225574412 ], [ 75.661685898813815, 32.075409096988501 ], [ 75.723296308417929, 32.033061070132966 ], [ 75.750534594769221, 32.037646525270191 ], [ 75.779718473002745, 32.004739141344231 ], [ 75.798850126511397, 31.994759033104391 ], [ 75.80079571839363, 31.993680102483864 ], [ 75.811172208432225, 31.988015716726117 ], [ 75.868242903644457, 31.972910688038795 ], [ 75.910397394426226, 31.950253145007807 ], [ 75.96000998742322, 31.856925646332549 ], [ 75.980762967500397, 31.821860401165544 ], [ 75.986599743147096, 31.818084143993715 ], [ 75.984005620637461, 31.816465748062928 ], [ 75.982060028755214, 31.815117084787275 ], [ 75.978493110304456, 31.81295922354623 ], [ 75.967468089638459, 31.823478797096328 ], [ 75.936662884836394, 31.815386817442405 ], [ 75.960334252736928, 31.781130770240793 ], [ 76.008974049792812, 31.653277491708792 ], [ 76.018377743890284, 31.648961769226702 ], [ 76.017729213262868, 31.632238344608592 ], [ 76.045940295555283, 31.603376950509595 ], [ 76.055019724339047, 31.605534811750641 ], [ 76.055992520280157, 31.585574595270963 ], [ 76.120845583021335, 31.497641749698321 ], [ 76.116954399256869, 31.483076186321256 ], [ 76.130573542432515, 31.471207949495501 ], [ 76.133167664942164, 31.452056930981215 ], [ 76.168512584136096, 31.409708904125679 ], [ 76.168512584136096, 31.396222271369137 ], [ 76.147759604058919, 31.378689648785635 ], [ 76.147435338745225, 31.374643658958675 ], [ 76.149056665313751, 31.356301838409777 ], [ 76.152299318450801, 31.351986115927687 ], [ 76.178889074174691, 31.340657344412193 ], [ 76.179861870115801, 31.306940762520842 ], [ 76.180510400743216, 31.306401297210581 ], [ 76.200290584879284, 31.302355307383618 ], [ 76.269034831384928, 31.31314461358885 ], [ 76.275520137659043, 31.301006644107964 ], [ 76.289463546148397, 31.306940762520842 ], [ 76.289463546148397, 31.306940762520842 ], [ 76.288815015520981, 31.302625040038748 ], [ 76.288166484893566, 31.297230386936132 ], [ 76.310216526225574, 31.290756803212993 ], [ 76.308595199657049, 31.277539903111585 ], [ 76.329672445047919, 31.266211131596091 ], [ 76.339076139145391, 31.250566637598503 ], [ 76.346209976046921, 31.238698400772748 ], [ 76.347831302615447, 31.236001074221441 ], [ 76.330320975675335, 31.223053906775164 ], [ 76.317998893754506, 31.214152729155845 ], [ 76.236284034700631, 31.244093053875364 ], [ 76.23887815721028, 31.226560431291862 ], [ 76.224610483407218, 31.198238502503127 ], [ 76.236608300014339, 31.206869947467315 ], [ 76.246011994111811, 31.196350373917213 ], [ 76.234662708132106, 31.185830800367111 ], [ 76.208397217721924, 31.191225453469727 ], [ 76.195750870487402, 31.183672939126065 ], [ 76.210018544290449, 31.137278922443567 ], [ 76.170133910704635, 31.13431186323713 ], [ 76.156190502215281, 31.140785446960269 ], [ 76.155866236901574, 31.152923416441155 ], [ 76.13705884870663, 31.146989298028277 ], [ 76.129600746491391, 31.169377108404134 ], [ 76.116630133943161, 31.167219247163086 ], [ 76.116305868629453, 31.166949514507955 ], [ 76.112738950178695, 31.170186306369526 ], [ 76.09749848043451, 31.182863741160673 ], [ 76.093607296670044, 31.186370265677372 ], [ 76.09263450072892, 31.190955720814596 ], [ 76.085500663827389, 31.22575123332647 ], [ 76.049182948692334, 31.213613263845584 ], [ 76.054695459025339, 31.226290698636731 ], [ 76.027781437987755, 31.24247465794458 ], [ 76.025187315478107, 31.259198082562691 ], [ 76.006055661969455, 31.245981182461282 ], [ 76.003461539459806, 31.244362786530495 ], [ 75.993085049421225, 31.258658617252429 ], [ 75.952876150521689, 31.255421825390858 ], [ 75.942499660483108, 31.274033378594883 ], [ 75.930826109189695, 31.268638725492266 ], [ 75.915261374131802, 31.284283219489854 ], [ 75.900669435015047, 31.279158299042368 ], [ 75.890292944976451, 31.27565177452567 ], [ 75.88964441434905, 31.275382041870539 ], [ 75.881862046820103, 31.290217337902732 ], [ 75.864675985193685, 31.281855625593678 ], [ 75.855596556409921, 31.289138407282209 ], [ 75.856569352351045, 31.291026535868124 ], [ 75.871161291467814, 31.324743117759475 ], [ 75.880240720251578, 31.32258525651843 ], [ 75.905857680034345, 31.344973066894283 ], [ 75.890941475603867, 31.340657344412193 ], [ 75.878619393683039, 31.354953175134124 ], [ 75.856893617664753, 31.349828254686638 ], [ 75.849759780763222, 31.372755530372757 ], [ 75.829655331313461, 31.370058203821451 ], [ 75.833546515077927, 31.362505689477786 ], [ 75.821872963784514, 31.357111036375173 ], [ 75.801768514334753, 31.372485797717626 ], [ 75.7878251058454, 31.364663550718834 ], [ 75.786203779276875, 31.368979273200928 ], [ 75.785879513963167, 31.368709540545797 ], [ 75.781015534257577, 31.382196173302336 ], [ 75.820575902529697, 31.404583983678194 ], [ 75.799498657138813, 31.453945059567129 ], [ 75.788149371159108, 31.452326663636345 ], [ 75.786852309904276, 31.452056930981215 ], [ 75.778421411747928, 31.471747414805762 ], [ 75.735942655652451, 31.494944423147011 ], [ 75.733024267829109, 31.517062500867738 ], [ 75.702543328340752, 31.529200470348623 ], [ 75.703516124281862, 31.555904003206575 ], [ 75.695409491439221, 31.554285607275787 ], [ 75.681466082949868, 31.574245823755469 ], [ 75.669144001029039, 31.606883475026294 ], [ 75.665901347891989, 31.607962405646816 ], [ 75.650012347520402, 31.607153207681424 ], [ 75.639311592168099, 31.617942513886657 ], [ 75.624719653051343, 31.603646683164726 ], [ 75.598778427954869, 31.60526507909551 ], [ 75.576079855995459, 31.606613742371163 ], [ 75.576079855995459, 31.606613742371163 ], [ 75.576079855995459, 31.606613742371163 ], [ 75.573485733485811, 31.617672781231526 ], [ 75.567000427211696, 31.610929464853257 ], [ 75.572188672230993, 31.635475136470159 ], [ 75.550787161526401, 31.633856740539375 ], [ 75.532628303958873, 31.648692036571568 ], [ 75.532628303958873, 31.648692036571568 ], [ 75.531979773331457, 31.647073640640784 ], [ 75.52581873237105, 31.634935671159898 ], [ 75.524845936429926, 31.632777809918853 ], [ 75.475233343432933, 31.650040699847224 ] ] ] } },
{ "type": "Feature", "properties": { "dt_code": "049", "district": "Amritsar", "st_code": "03", "year": "2011_c", "st_nm": "Punjab" }, "geometry": { "type": "Polygon", "coordinates": [ [ [ 74.913605820094347, 32.043580643683065 ], [ 74.922685248878111, 32.039264921200974 ], [ 74.935331596112633, 32.012021923032762 ], [ 74.935331596112633, 32.011752190377628 ], [ 74.920739656995877, 32.002581280103186 ], [ 74.917172738545105, 31.97533828193497 ], [ 74.939222779877113, 31.962660847143823 ], [ 74.97294637250252, 31.974529083969578 ], [ 74.973594903129936, 31.974529083969578 ], [ 74.971973576561396, 31.962391114488693 ], [ 74.971649311247702, 31.960233253247647 ], [ 74.971649311247702, 31.960233253247647 ], [ 74.938574249249697, 31.941351967388492 ], [ 74.907444779133925, 31.935148116320484 ], [ 74.890582982821229, 31.928674532597341 ], [ 74.906147717879108, 31.895497416016255 ], [ 74.906471983192816, 31.894688218050863 ], [ 74.919442595741046, 31.892800089464945 ], [ 74.916524207917689, 31.879313456708406 ], [ 74.944411024896397, 31.870412279089088 ], [ 74.941816902386748, 31.860701903504381 ], [ 74.961921351836523, 31.853958587126112 ], [ 74.969055188738054, 31.831301044095124 ], [ 74.99078096475634, 31.832379974715646 ], [ 75.000508924167519, 31.832919440025908 ], [ 75.01250674077464, 31.820781470545022 ], [ 75.013155271402042, 31.820511737889891 ], [ 75.028071475832519, 31.822939331786067 ], [ 75.023531761440637, 31.816735480718059 ], [ 75.039745027125932, 31.802709382651258 ], [ 75.070550231927996, 31.807564570443613 ], [ 75.071847293182813, 31.80621590716796 ], [ 75.082548048535102, 31.792189809101156 ], [ 75.111407661454933, 31.781670235551054 ], [ 75.110759130827518, 31.780591304930532 ], [ 75.099734110161521, 31.764407345622683 ], [ 75.104922355180818, 31.754966702693107 ], [ 75.144482723452924, 31.759012692520066 ], [ 75.155183478805228, 31.746874723039181 ], [ 75.189231336744342, 31.740670871971172 ], [ 75.190528397999159, 31.740401139316042 ], [ 75.196689438959581, 31.732039427006988 ], [ 75.200904888037755, 31.726644773904372 ], [ 75.203823275861112, 31.722598784077409 ], [ 75.193771051136224, 31.711000279906784 ], [ 75.212902704644875, 31.705605626804168 ], [ 75.227494643761631, 31.684296747048837 ], [ 75.284889604287571, 31.698322845115637 ], [ 75.284241073660169, 31.681869153152658 ], [ 75.313100686579986, 31.667303589775596 ], [ 75.302075665913989, 31.653007759053661 ], [ 75.32704409506934, 31.635475136470159 ], [ 75.338717646362753, 31.641139522227906 ], [ 75.372765504301867, 31.624685830264927 ], [ 75.404219239731347, 31.593666574924885 ], [ 75.404219239731347, 31.593666574924885 ], [ 75.395788341574985, 31.580449674823477 ], [ 75.362064748949578, 31.569660368618244 ], [ 75.355255177361755, 31.564265715515628 ], [ 75.337096319794227, 31.551048815414219 ], [ 75.290402114620576, 31.491168165975182 ], [ 75.250517481034748, 31.502496937490676 ], [ 75.228143174389047, 31.491437898630313 ], [ 75.195068112391041, 31.499799610939366 ], [ 75.178206316078345, 31.529739935658885 ], [ 75.161668785079343, 31.510858649799729 ], [ 75.137997417178809, 31.50843105590355 ], [ 75.124702539316871, 31.495214155802142 ], [ 75.10459808986711, 31.523266351935746 ], [ 75.070550231927996, 31.528661005038362 ], [ 75.04817592528228, 31.517062500867738 ], [ 75.035853843361465, 31.527042609107578 ], [ 75.00861555701016, 31.525424213176791 ], [ 74.992402291324879, 31.504385066076591 ], [ 74.982025801286284, 31.526772876452448 ], [ 74.952517657739051, 31.496832551732929 ], [ 74.937277187994866, 31.523536084590877 ], [ 74.901283738173518, 31.523805817246007 ], [ 74.899013880977577, 31.552667211345003 ], [ 74.844537308274994, 31.531088598934538 ], [ 74.822811532256694, 31.536752984692285 ], [ 74.818920348492227, 31.556443468516836 ], [ 74.794276184650585, 31.570739299238767 ], [ 74.7731989392597, 31.559410527723273 ], [ 74.729423121909406, 31.563456517550236 ], [ 74.706724549949996, 31.539450311243595 ], [ 74.680134794226106, 31.550239617448828 ], [ 74.668136977618985, 31.532706994865325 ], [ 74.649329589424056, 31.540529241864117 ], [ 74.617227323367175, 31.506003462007374 ], [ 74.61398467023011, 31.499260145629105 ], [ 74.611066282406753, 31.499529878284235 ], [ 74.575397097899113, 31.500878541559889 ], [ 74.587070649192526, 31.50411533342146 ], [ 74.584152261369169, 31.52083875803957 ], [ 74.612687608975293, 31.527312341762709 ], [ 74.6188486499357, 31.551588280724481 ], [ 74.606526568014871, 31.562377586929713 ], [ 74.615930262112343, 31.569120903307983 ], [ 74.591934628898116, 31.573976091100338 ], [ 74.575397097899113, 31.603916415819857 ], [ 74.555292648449338, 31.607962405646816 ], [ 74.540376444018875, 31.660020808087062 ], [ 74.528702892725462, 31.666494391810204 ], [ 74.53486393368587, 31.677553430670564 ], [ 74.501788871687879, 31.695625518564327 ], [ 74.488169728512233, 31.720440922836364 ], [ 74.502761667628988, 31.728532902490286 ], [ 74.503734463570112, 31.740401139316042 ], [ 74.559508097527527, 31.757933761899544 ], [ 74.551401464684872, 31.778972908999748 ], [ 74.567290465056459, 31.79650553158325 ], [ 74.557886770958987, 31.804867243892303 ], [ 74.573127240703172, 31.815926282752667 ], [ 74.572154444762049, 31.839123291093916 ], [ 74.606526568014871, 31.868524150503173 ], [ 74.607823629269703, 31.889833030258508 ], [ 74.63668324218952, 31.88389891184563 ], [ 74.66651565105046, 31.922470681529333 ], [ 74.71904663187081, 31.92381934480499 ], [ 74.719695162498226, 31.941351967388492 ], [ 74.756012877633282, 31.943779561284668 ], [ 74.75536434700588, 31.955917530765554 ], [ 74.76833495955411, 31.9475558184565 ], [ 74.805949735943997, 31.962930579798954 ], [ 74.818920348492227, 31.95861485731686 ], [ 74.829296838530809, 31.999883953551876 ], [ 74.85329247174505, 32.013370586308412 ], [ 74.84842849203946, 32.020383635341815 ], [ 74.865614553665878, 32.023350694548256 ], [ 74.862696165842522, 32.029554545616264 ], [ 74.868857206802929, 32.022002031272599 ], [ 74.879882227468926, 32.031982139512444 ], [ 74.869181472116637, 32.042771445717669 ], [ 74.891231513448631, 32.054639682543424 ], [ 74.913605820094347, 32.043580643683065 ] ] ] } },
{ "type": "Feature", "properties": { "dt_code": "037", "district": "Jalandhar", "st_code": "03", "year": "2011_c", "st_nm": "Punjab" }, "geometry": { "type": "Polygon", "coordinates": [ [ [ 75.598778427954869, 31.60526507909551 ], [ 75.624719653051343, 31.603646683164726 ], [ 75.639311592168099, 31.617942513886657 ], [ 75.650012347520402, 31.607153207681424 ], [ 75.665901347891989, 31.607962405646816 ], [ 75.669144001029039, 31.606883475026294 ], [ 75.681466082949868, 31.574245823755469 ], [ 75.695409491439221, 31.554285607275787 ], [ 75.703516124281862, 31.555904003206575 ], [ 75.702543328340752, 31.529200470348623 ], [ 75.733024267829109, 31.517062500867738 ], [ 75.735942655652451, 31.494944423147011 ], [ 75.778421411747928, 31.471747414805762 ], [ 75.786852309904276, 31.452056930981215 ], [ 75.788149371159108, 31.452326663636345 ], [ 75.799498657138813, 31.453945059567129 ], [ 75.820575902529697, 31.404583983678194 ], [ 75.781015534257577, 31.382196173302336 ], [ 75.785879513963167, 31.368709540545797 ], [ 75.786203779276875, 31.368979273200928 ], [ 75.7878251058454, 31.364663550718834 ], [ 75.788473636472816, 31.362505689477786 ], [ 75.764802268572282, 31.351716383272556 ], [ 75.75539857447481, 31.328249642276177 ], [ 75.739509574103224, 31.321506325897907 ], [ 75.7385367781621, 31.32285498917356 ], [ 75.728160288123519, 31.342006007687846 ], [ 75.702543328340752, 31.343894136273761 ], [ 75.701246267085921, 31.343084938308369 ], [ 75.722323512476805, 31.316381405450421 ], [ 75.683087409518393, 31.315302474829895 ], [ 75.704164654909277, 31.285631882765507 ], [ 75.677250633871694, 31.291566001178385 ], [ 75.67303518479352, 31.268908458147401 ], [ 75.682763144204685, 31.253803429460074 ], [ 75.670441062283871, 31.250027172288242 ], [ 75.679196225753927, 31.245981182461282 ], [ 75.670116796970163, 31.237889202807356 ], [ 75.683411674832101, 31.230606421118825 ], [ 75.698327879262578, 31.245711449806151 ], [ 75.69897640988998, 31.246250915116413 ], [ 75.700273471144811, 31.243823321220233 ], [ 75.712271287751932, 31.220086847568723 ], [ 75.686654327969165, 31.196350373917213 ], [ 75.686654327969165, 31.196350373917213 ], [ 75.707407308046342, 31.165870583887433 ], [ 75.772260370787521, 31.165600851232302 ], [ 75.776800085179403, 31.176390157437535 ], [ 75.775827289238279, 31.189067592228682 ], [ 75.797877330570273, 31.21604085774176 ], [ 75.798201595883981, 31.21604085774176 ], [ 75.788149371159108, 31.198508235158258 ], [ 75.851381107331747, 31.182863741160673 ], [ 75.872782618036339, 31.162633792025861 ], [ 75.885753230584569, 31.166140316542563 ], [ 75.885753230584569, 31.149416891924453 ], [ 75.898075312505398, 31.155351010337331 ], [ 75.912667251622167, 31.099246618070126 ], [ 75.926610660111521, 31.09412169762264 ], [ 75.937635680777518, 31.062023511662073 ], [ 75.945093782992757, 31.058786719800505 ], [ 75.95028202801204, 31.023991207288631 ], [ 75.952551885207981, 31.010234841876958 ], [ 75.91072165973992, 31.016168960289836 ], [ 75.905533414720637, 31.016708425600097 ], [ 75.898399577819106, 31.004840188774342 ], [ 75.867270107703334, 31.008076980635913 ], [ 75.803389840903279, 30.995129813189635 ], [ 75.797553065256579, 30.994590347879374 ], [ 75.784906718022043, 30.999175803016595 ], [ 75.746967676318462, 31.012662435773137 ], [ 75.615315958953872, 30.972202537503517 ], [ 75.603642407660459, 30.970314408917599 ], [ 75.594238713562987, 30.968696012986815 ], [ 75.543004793997454, 30.975978794675346 ], [ 75.537168018350755, 30.966268419090639 ], [ 75.514793711705039, 30.976248527330476 ], [ 75.482042915020756, 30.967886815021423 ], [ 75.473936282178101, 30.980833982467701 ], [ 75.462262730884689, 30.974630131399692 ], [ 75.454156098042048, 30.982991843708749 ], [ 75.437294301729338, 30.981643180433093 ], [ 75.408758954123229, 30.978945853881786 ], [ 75.399030994712049, 30.995939011155027 ], [ 75.398058198770926, 30.995669278499896 ], [ 75.397409668143524, 30.996478476465288 ], [ 75.379899341203398, 30.993241684603717 ], [ 75.3747110961841, 30.998366605051203 ], [ 75.362713279576994, 30.995129813189635 ], [ 75.359146361126221, 30.994050882569109 ], [ 75.358497830498806, 30.999175803016595 ], [ 75.358173565185112, 30.999445535671725 ], [ 75.341636034186109, 30.987847031501101 ], [ 75.327692625696756, 31.009965109221827 ], [ 75.294941829012458, 31.014820297014182 ], [ 75.28164695115052, 31.042063295182395 ], [ 75.253760134171813, 31.04449088907857 ], [ 75.255705726054046, 31.029925325701509 ], [ 75.23008876627128, 31.03720810739004 ], [ 75.203823275861112, 31.020214950116799 ], [ 75.206741663684454, 31.054201264663281 ], [ 75.178854846705747, 31.059056452455636 ], [ 75.173990867000171, 31.060135383076158 ], [ 75.183394561097629, 31.07766800565966 ], [ 75.162641581020466, 31.089536242485416 ], [ 75.145779784707756, 31.085759985313583 ], [ 75.147725376589989, 31.091694103726461 ], [ 75.149022437844806, 31.095470360898293 ], [ 75.125999600571689, 31.121094963135718 ], [ 75.077035538202111, 31.13431186323713 ], [ 75.077035538202111, 31.13431186323713 ], [ 75.077035538202111, 31.134851328547391 ], [ 75.078656864770636, 31.147798495993669 ], [ 75.080926721966577, 31.147798495993669 ], [ 75.081899517907701, 31.151035287855237 ], [ 75.103949559239695, 31.150765555200106 ], [ 75.112380457396043, 31.157239138923245 ], [ 75.125675335257995, 31.169377108404134 ], [ 75.12826945776763, 31.169107375749 ], [ 75.184367357038752, 31.165061385922041 ], [ 75.205120337115929, 31.185021602401719 ], [ 75.222630664056041, 31.176659890092665 ], [ 75.230413031584987, 31.152653683786024 ], [ 75.269973399857108, 31.1480682286488 ], [ 75.276782971444931, 31.187449196297898 ], [ 75.294941829012458, 31.191495186124857 ], [ 75.301427135286573, 31.206330482157053 ], [ 75.320558788795225, 31.207139680122445 ], [ 75.344554422009452, 31.231955084394478 ], [ 75.363686075518103, 31.226020965981601 ], [ 75.367901524596277, 31.23977733139327 ], [ 75.376656688066348, 31.230876153773956 ], [ 75.38930303530087, 31.244362786530495 ], [ 75.417838382906993, 31.249757439633111 ], [ 75.423026627926276, 31.229527490498302 ], [ 75.439888424238987, 31.241125994668927 ], [ 75.460965669629871, 31.23546160891118 ], [ 75.471990690295868, 31.253803429460074 ], [ 75.462911261512104, 31.27996749700776 ], [ 75.437618567043046, 31.28940813993734 ], [ 75.442806812062344, 31.306401297210581 ], [ 75.434051648592288, 31.317730068726075 ], [ 75.46842377184511, 31.324743117759475 ], [ 75.482042915020756, 31.364393818063704 ], [ 75.460965669629871, 31.360887293547002 ], [ 75.455777424610574, 31.371946332407365 ], [ 75.479773057824815, 31.372216065062496 ], [ 75.490798078490812, 31.384893499853643 ], [ 75.471990690295868, 31.395682806058876 ], [ 75.460317139002456, 31.381386975336945 ], [ 75.436645771101922, 31.384893499853643 ], [ 75.43697003641563, 31.425892863433525 ], [ 75.452859036787217, 31.429399387950227 ], [ 75.450264914277582, 31.443964951327288 ], [ 75.458047281806515, 31.437491367604149 ], [ 75.466478179962863, 31.446662277878598 ], [ 75.457723016492807, 31.472826345426284 ], [ 75.444752403944577, 31.473096078081415 ], [ 75.441185485493804, 31.49467469049188 ], [ 75.474260547491809, 31.496293086422664 ], [ 75.490149547863396, 31.47093821684037 ], [ 75.512848119822806, 31.459339712669745 ], [ 75.508632670744632, 31.480109127114819 ], [ 75.519657691410629, 31.499799610939366 ], [ 75.512199589195404, 31.517332233522868 ], [ 75.539113610232988, 31.516253302902346 ], [ 75.540410671487805, 31.528391272383232 ], [ 75.524521671116219, 31.543766033725689 ], [ 75.567648957839111, 31.536483252037154 ], [ 75.569594549721344, 31.53756218265768 ], [ 75.57932250913251, 31.562647319584844 ], [ 75.595860040131512, 31.555094805241183 ], [ 75.602345346405627, 31.563186784895105 ], [ 75.591968856367046, 31.575324754375991 ], [ 75.594887244190403, 31.586114060581224 ], [ 75.602669611719335, 31.583956199340175 ], [ 75.602993877033043, 31.584225931995306 ], [ 75.602669611719335, 31.584765397305567 ], [ 75.598778427954869, 31.60526507909551 ] ] ] } },
{ "type": "Feature", "properties": { "dt_code": "050", "district": "Tarn Taran", "st_code": "03", "year": "2011_c", "st_nm": "Punjab" }, "geometry": { "type": "Polygon", "coordinates": [ [ [ 74.611066282406753, 31.499529878284235 ], [ 74.61398467023011, 31.499260145629105 ], [ 74.617227323367175, 31.506003462007374 ], [ 74.649329589424056, 31.540529241864117 ], [ 74.668136977618985, 31.532706994865325 ], [ 74.680134794226106, 31.550239617448828 ], [ 74.706724549949996, 31.539450311243595 ], [ 74.729423121909406, 31.563456517550236 ], [ 74.7731989392597, 31.559410527723273 ], [ 74.794276184650585, 31.570739299238767 ], [ 74.818920348492227, 31.556443468516836 ], [ 74.822811532256694, 31.536752984692285 ], [ 74.844537308274994, 31.531088598934538 ], [ 74.899013880977577, 31.552667211345003 ], [ 74.901283738173518, 31.523805817246007 ], [ 74.937277187994866, 31.523536084590877 ], [ 74.952517657739051, 31.496832551732929 ], [ 74.982025801286284, 31.526772876452448 ], [ 74.992402291324879, 31.504385066076591 ], [ 75.00861555701016, 31.525424213176791 ], [ 75.035853843361465, 31.527042609107578 ], [ 75.04817592528228, 31.517062500867738 ], [ 75.070550231927996, 31.528661005038362 ], [ 75.10459808986711, 31.523266351935746 ], [ 75.124702539316871, 31.495214155802142 ], [ 75.137997417178809, 31.50843105590355 ], [ 75.161668785079343, 31.510858649799729 ], [ 75.178206316078345, 31.529739935658885 ], [ 75.195068112391041, 31.499799610939366 ], [ 75.228143174389047, 31.491437898630313 ], [ 75.250517481034748, 31.502496937490676 ], [ 75.290402114620576, 31.491168165975182 ], [ 75.278404298013456, 31.481997255700733 ], [ 75.243059378819524, 31.455293722842782 ], [ 75.234952745976869, 31.459339712669745 ], [ 75.224576255938288, 31.421846873606565 ], [ 75.214199765899693, 31.421846873606565 ], [ 75.209984316821519, 31.435063773707974 ], [ 75.191501193940283, 31.433175645122059 ], [ 75.186312948920985, 31.414833824573165 ], [ 75.19441958176364, 31.408090508194892 ], [ 75.163290111647868, 31.383005371267728 ], [ 75.156156274746337, 31.365203016029096 ], [ 75.164262907588991, 31.356841303720042 ], [ 75.146104050021464, 31.336881087240361 ], [ 75.147725376589989, 31.32015766262225 ], [ 75.134430498728051, 31.310447287037544 ], [ 75.106867947063051, 31.316920870760683 ], [ 75.093248803887406, 31.284013486834723 ], [ 75.103949559239695, 31.27969776435263 ], [ 75.082223783221394, 31.273763645939752 ], [ 75.080926721966577, 31.249757439633111 ], [ 75.059200945948277, 31.230876153773956 ], [ 75.04720312934117, 31.190685988159466 ], [ 75.046878864027462, 31.190146522849204 ], [ 75.037799435243699, 31.186100533022241 ], [ 74.964839739659865, 31.153462881751416 ], [ 74.964839739659865, 31.153462881751416 ], [ 74.898041085036468, 31.160745663439947 ], [ 74.844213042961286, 31.132423734651212 ], [ 74.814380634100345, 31.137818387753828 ], [ 74.801734286865809, 31.129456675444775 ], [ 74.800437225610992, 31.11489111206771 ], [ 74.789087939631287, 31.129996140755036 ], [ 74.74174520383022, 31.118667369239542 ], [ 74.741420938516526, 31.103832073207347 ], [ 74.72066795843935, 31.101674211966301 ], [ 74.707697345891106, 31.072003619901913 ], [ 74.690835549578409, 31.081444262831489 ], [ 74.702509100871808, 31.091694103726461 ], [ 74.68921422300987, 31.128108012169118 ], [ 74.66651565105046, 31.124331754997289 ], [ 74.659057548835221, 31.134042130581996 ], [ 74.636358976875812, 31.118127903929281 ], [ 74.63084646654282, 31.132693467306343 ], [ 74.602311118936697, 31.133232932616604 ], [ 74.596474343289998, 31.127298814203726 ], [ 74.610417751779352, 31.099246618070126 ], [ 74.600689792368172, 31.087917846554632 ], [ 74.553022791253397, 31.085490252658452 ], [ 74.548483076861515, 31.122173893756241 ], [ 74.510219769844227, 31.131884269340951 ], [ 74.510544035157935, 31.180975612574755 ], [ 74.519623463941699, 31.184212404436327 ], [ 74.526108770215814, 31.2119948679148 ], [ 74.51702934143205, 31.22844855987778 ], [ 74.532594076489929, 31.249757439633111 ], [ 74.520920525196516, 31.272145250008968 ], [ 74.5419977705874, 31.303703970659271 ], [ 74.526433035529521, 31.312335415623458 ], [ 74.548807342175223, 31.334992958654446 ], [ 74.552049995312288, 31.364933283373965 ], [ 74.584476526682877, 31.380308044716422 ], [ 74.596474343289998, 31.416182487848818 ], [ 74.619172915249408, 31.419958745020647 ], [ 74.622415568386458, 31.430208585915619 ], [ 74.642520017836233, 31.416182487848818 ], [ 74.65451783444334, 31.425892863433525 ], [ 74.638628834071753, 31.444234683982422 ], [ 74.652247977247399, 31.4571818514287 ], [ 74.627603813405756, 31.476872335253248 ], [ 74.63668324218952, 31.48469458225204 ], [ 74.62209130307275, 31.481997255700733 ], [ 74.610742017093045, 31.498990412973974 ], [ 74.611066282406753, 31.499529878284235 ] ] ] } },
{ "type": "Feature", "properties": { "dt_code": "051", "district": "Rupnagar", "st_code": "03", "year": "2011_c", "st_nm": "Punjab" }, "geometry": { "type": "Polygon", "coordinates": [ [ [ 76.330320975675335, 31.223053906775164 ], [ 76.347831302615447, 31.236001074221441 ], [ 76.346209976046921, 31.238698400772748 ], [ 76.339076139145391, 31.250566637598503 ], [ 76.329672445047919, 31.266211131596091 ], [ 76.308595199657049, 31.277539903111585 ], [ 76.310216526225574, 31.290756803212993 ], [ 76.288166484893566, 31.297230386936132 ], [ 76.288815015520981, 31.302625040038748 ], [ 76.289463546148397, 31.306940762520842 ], [ 76.290112076775813, 31.307210495175973 ], [ 76.322538608146388, 31.321776058553038 ], [ 76.307622403715925, 31.342545472998108 ], [ 76.354316608889576, 31.344973066894283 ], [ 76.342318792282455, 31.354683442478994 ], [ 76.34167026165504, 31.378150183475373 ], [ 76.329672445047919, 31.378689648785635 ], [ 76.33096950630275, 31.401347191816622 ], [ 76.367935752065222, 31.404044518367932 ], [ 76.374745323653045, 31.435603239018235 ], [ 76.390634324024631, 31.408360240850023 ], [ 76.392255650593157, 31.412675963332116 ], [ 76.403280671259154, 31.396761736679398 ], [ 76.392579915906865, 31.389478954990867 ], [ 76.431816018865277, 31.32690097900052 ], [ 76.463918284922158, 31.301546109418226 ], [ 76.439598386394223, 31.279158299042368 ], [ 76.479483019980037, 31.308289425796495 ], [ 76.497317612233871, 31.270526854078184 ], [ 76.527474286408506, 31.277270170456454 ], [ 76.523907367957747, 31.258119151942168 ], [ 76.539472103015626, 31.261086211148605 ], [ 76.543039021466399, 31.28239509090394 ], [ 76.551145654309039, 31.278888566387238 ], [ 76.549200062426806, 31.252724498839552 ], [ 76.586166308189277, 31.273493913284621 ], [ 76.587787634757802, 31.274303111250013 ], [ 76.612107533285752, 31.247869311047197 ], [ 76.588436165385218, 31.222784174120033 ], [ 76.593300145090808, 31.21172513525967 ], [ 76.62767226834363, 31.226560431291862 ], [ 76.641615676832984, 31.222784174120033 ], [ 76.634481839931453, 31.217928986327678 ], [ 76.64550686059745, 31.20902780870836 ], [ 76.64550686059745, 31.20902780870836 ], [ 76.600109716678631, 31.17854801867858 ], [ 76.609189145462395, 31.173423098231094 ], [ 76.601731043247156, 31.153193149096285 ], [ 76.612431798599445, 31.14833796130393 ], [ 76.602055308560864, 31.123792289687028 ], [ 76.636103166499979, 31.116239775343363 ], [ 76.638697289009627, 31.10814779568944 ], [ 76.617944308932451, 31.078207470969922 ], [ 76.622484023324333, 31.055010462628672 ], [ 76.61081047203092, 31.045839552354224 ], [ 76.628969329598448, 31.02345174197837 ], [ 76.624753880520274, 30.998906070361464 ], [ 76.67306941226245, 30.968965745641945 ], [ 76.709387127397505, 30.969774943607337 ], [ 76.710035658024921, 30.969505210952207 ], [ 76.73532835249398, 30.944689806680174 ], [ 76.732734229984331, 30.937946490301904 ], [ 76.731112903415806, 30.933900500474941 ], [ 76.72073641337721, 30.93336103516468 ], [ 76.687337086065511, 30.920953333028663 ], [ 76.680203249163981, 30.914749481960655 ], [ 76.606919288266454, 30.890743275654014 ], [ 76.596867063541566, 30.874829049001296 ], [ 76.60270383918828, 30.858105624383185 ], [ 76.591678818522269, 30.852171505970308 ], [ 76.580329532542564, 30.856217495797271 ], [ 76.583896450993336, 30.851632040660046 ], [ 76.553091246191272, 30.838415140558638 ], [ 76.565089062798393, 30.818185191423826 ], [ 76.558928021837986, 30.785817272808131 ], [ 76.531041204859278, 30.76855438287976 ], [ 76.495047755037916, 30.746166572503903 ], [ 76.469430795255164, 30.745627107193641 ], [ 76.462296958353633, 30.749673097020604 ], [ 76.444138100786105, 30.759383472605311 ], [ 76.436679998570867, 30.798494707599279 ], [ 76.434085876061218, 30.79930390556467 ], [ 76.432464549492693, 30.819264122044352 ], [ 76.408468916278451, 30.819533854699483 ], [ 76.408144650964744, 30.826277171077752 ], [ 76.406847589709926, 30.847046585522822 ], [ 76.384797548377918, 30.84893471410874 ], [ 76.367935752065222, 30.872131722449989 ], [ 76.348479833242862, 30.865388406071716 ], [ 76.348479833242862, 30.873750118380773 ], [ 76.329348179734211, 30.876177712276949 ], [ 76.323511404087512, 30.876986910242341 ], [ 76.319295955009338, 30.877526375552605 ], [ 76.312810648735223, 30.924729590200496 ], [ 76.32383566940122, 30.930124243303112 ], [ 76.323187138773804, 30.932282104544157 ], [ 76.322862873460096, 30.934709698440333 ], [ 76.312162118107807, 30.988116764156231 ], [ 76.306649607774801, 30.990004892742149 ], [ 76.306325342461093, 30.99027462539728 ], [ 76.3060010771474, 30.992162753983195 ], [ 76.326429791910869, 30.99432061522424 ], [ 76.325132730656037, 30.979215586536917 ], [ 76.344912914792104, 30.98056424981257 ], [ 76.358856323281458, 30.968965745641945 ], [ 76.493750693783099, 30.975439329365084 ], [ 76.514503673860276, 30.988116764156231 ], [ 76.518394857624742, 30.995399545844766 ], [ 76.466836672745515, 31.031543721632293 ], [ 76.42565497790487, 31.096009826208554 ], [ 76.429221896355628, 31.116239775343363 ], [ 76.384797548377918, 31.151844485820632 ], [ 76.384473283064224, 31.152653683786024 ], [ 76.383500487123101, 31.153462881751416 ], [ 76.34069746571393, 31.215771125086629 ], [ 76.33096950630275, 31.222514441464902 ], [ 76.330320975675335, 31.223053906775164 ] ], [ [ 76.577411144719221, 30.857296426417793 ], [ 76.574492756895864, 30.858375357038316 ], [ 76.578059675346623, 30.869434395898679 ], [ 76.566386124053224, 30.867276534657634 ], [ 76.569628777190275, 30.851362308004916 ], [ 76.577411144719221, 30.857296426417793 ] ] ] } },
{ "type": "Feature", "properties": { "dt_code": "039", "district": "Shahid Bhagat Singh Nagar", "st_code": "03", "year": "2011_c", "st_nm": "Punjab" }, "geometry": { "type": "Polygon", "coordinates": [ [ [ 75.890292944976451, 31.27565177452567 ], [ 75.900669435015047, 31.279158299042368 ], [ 75.915261374131802, 31.284283219489854 ], [ 75.930826109189695, 31.268638725492266 ], [ 75.942499660483108, 31.274033378594883 ], [ 75.952876150521689, 31.255421825390858 ], [ 75.993085049421225, 31.258658617252429 ], [ 76.003461539459806, 31.244362786530495 ], [ 76.006055661969455, 31.245981182461282 ], [ 76.025187315478107, 31.259198082562691 ], [ 76.027781437987755, 31.24247465794458 ], [ 76.054695459025339, 31.226290698636731 ], [ 76.049182948692334, 31.213613263845584 ], [ 76.085500663827389, 31.22575123332647 ], [ 76.09263450072892, 31.190955720814596 ], [ 76.093607296670044, 31.186370265677372 ], [ 76.09749848043451, 31.182863741160673 ], [ 76.112738950178695, 31.170186306369526 ], [ 76.116305868629453, 31.166949514507955 ], [ 76.116630133943161, 31.167219247163086 ], [ 76.129600746491391, 31.169377108404134 ], [ 76.13705884870663, 31.146989298028277 ], [ 76.155866236901574, 31.152923416441155 ], [ 76.156190502215281, 31.140785446960269 ], [ 76.170133910704635, 31.13431186323713 ], [ 76.210018544290449, 31.137278922443567 ], [ 76.195750870487402, 31.183672939126065 ], [ 76.208397217721924, 31.191225453469727 ], [ 76.234662708132106, 31.185830800367111 ], [ 76.246011994111811, 31.196350373917213 ], [ 76.236608300014339, 31.206869947467315 ], [ 76.224610483407218, 31.198238502503127 ], [ 76.23887815721028, 31.226560431291862 ], [ 76.236284034700631, 31.244093053875364 ], [ 76.317998893754506, 31.214152729155845 ], [ 76.330320975675335, 31.223053906775164 ], [ 76.33096950630275, 31.222514441464902 ], [ 76.34069746571393, 31.215771125086629 ], [ 76.383500487123101, 31.153462881751416 ], [ 76.384473283064224, 31.152653683786024 ], [ 76.384797548377918, 31.151844485820632 ], [ 76.429221896355628, 31.116239775343363 ], [ 76.42565497790487, 31.096009826208554 ], [ 76.466836672745515, 31.031543721632293 ], [ 76.518394857624742, 30.995399545844766 ], [ 76.514503673860276, 30.988116764156231 ], [ 76.493750693783099, 30.975439329365084 ], [ 76.358856323281458, 30.968965745641945 ], [ 76.344912914792104, 30.98056424981257 ], [ 76.325132730656037, 30.979215586536917 ], [ 76.326429791910869, 30.99432061522424 ], [ 76.3060010771474, 30.992162753983195 ], [ 76.306325342461093, 30.99027462539728 ], [ 76.305676811833692, 30.99027462539728 ], [ 76.294651791167695, 30.994050882569109 ], [ 76.276817198913861, 31.000254733637121 ], [ 76.276817198913861, 31.000254733637121 ], [ 76.289463546148397, 31.004570456119211 ], [ 76.277141464227569, 31.015090029669313 ], [ 76.276168668286459, 31.014280831703921 ], [ 76.263846586365631, 31.003221792843558 ], [ 76.256388484150392, 31.010234841876958 ], [ 76.224610483407218, 31.002682327533297 ], [ 76.210991340231573, 31.012122970462876 ], [ 76.204506033957458, 30.999985000981987 ], [ 76.181807461998048, 31.005379654084603 ], [ 76.187968502958455, 30.995939011155027 ], [ 76.180510400743216, 30.992162753983195 ], [ 76.143219889667037, 30.985689170260056 ], [ 76.136086052765506, 30.997557407085811 ], [ 75.971035008089217, 31.00403099080895 ], [ 75.959361456795804, 31.018326821530884 ], [ 75.952551885207981, 31.010234841876958 ], [ 75.95028202801204, 31.023991207288631 ], [ 75.945093782992757, 31.058786719800505 ], [ 75.937635680777518, 31.062023511662073 ], [ 75.926610660111521, 31.09412169762264 ], [ 75.912667251622167, 31.099246618070126 ], [ 75.898075312505398, 31.155351010337331 ], [ 75.885753230584569, 31.149416891924453 ], [ 75.885753230584569, 31.166140316542563 ], [ 75.872782618036339, 31.162633792025861 ], [ 75.851381107331747, 31.182863741160673 ], [ 75.788149371159108, 31.198508235158258 ], [ 75.798201595883981, 31.21604085774176 ], [ 75.798850126511397, 31.216580323052025 ], [ 75.855272291096227, 31.236001074221441 ], [ 75.85721788297846, 31.236540539531703 ], [ 75.855920821723629, 31.238428668117617 ], [ 75.841328882606874, 31.262165141769128 ], [ 75.841653147920567, 31.268099260182005 ], [ 75.842301678547983, 31.277000437801323 ], [ 75.847165658253573, 31.281046427628286 ], [ 75.868567168958165, 31.274033378594883 ], [ 75.870188495526691, 31.273224180629491 ], [ 75.868891434271873, 31.245441717151017 ], [ 75.873431148663755, 31.247329845736935 ], [ 75.909424598485103, 31.260277013183213 ], [ 75.910073129112519, 31.260816478493474 ], [ 75.908127537230285, 31.261355943803736 ], [ 75.895805455309457, 31.26594139894096 ], [ 75.890292944976451, 31.27565177452567 ] ] ] } },
{ "type": "Feature", "properties": { "dt_code": "701", "district": "Fazilka", "st_code": "03", "year": "update2014", "st_nm": "Punjab" }, "geometry": { "type": "Polygon", "coordinates": [ [ [ 74.447960829612697, 29.947218448006463 ], [ 74.298150254680579, 29.95531042766039 ], [ 74.298150254680579, 29.954231497039867 ], [ 74.296853193425761, 29.954501229694998 ], [ 74.296853193425761, 29.95558016031552 ], [ 73.894764204430473, 29.973921980864414 ], [ 73.886333306274111, 30.011954285237856 ], [ 73.90416789852793, 30.049986589611301 ], [ 73.975182002229531, 30.12011707994531 ], [ 73.972587879719882, 30.19806981727811 ], [ 73.967399634700584, 30.194023827451151 ], [ 73.959617267171637, 30.270088436198037 ], [ 73.930757654251821, 30.319988977397234 ], [ 73.879848, 30.359639677701463 ], [ 73.964481246877227, 30.424105782277724 ], [ 73.973884940974699, 30.443796266102272 ], [ 73.926542205173646, 30.438941078309917 ], [ 73.937242960525936, 30.444875196722798 ], [ 73.927839266428464, 30.465914343822998 ], [ 73.934648838016287, 30.49019028278477 ], [ 73.947619450564531, 30.483986431716762 ], [ 73.950213573074166, 30.459980225410121 ], [ 73.964156981563519, 30.456473700893419 ], [ 73.963508450936118, 30.484795629682154 ], [ 73.981991573817353, 30.503946648196443 ], [ 73.992692329169643, 30.514196489091411 ], [ 74.019930615520934, 30.514196489091411 ], [ 74.011823982678294, 30.533617240260831 ], [ 74.030955636186931, 30.526873923882562 ], [ 74.039062269029586, 30.542518417880146 ], [ 74.057221126597113, 30.518512211573505 ], [ 74.072137331027577, 30.522827934055599 ], [ 74.09094471922252, 30.549261734258415 ], [ 74.073434392282408, 30.554656387361032 ], [ 74.101969739888517, 30.579202058977934 ], [ 74.09580869892811, 30.611300244938501 ], [ 74.104888127711874, 30.619122491937294 ], [ 74.117858740260118, 30.6077937204218 ], [ 74.127262434357576, 30.634766985934881 ], [ 74.148988210375876, 30.63153019407331 ], [ 74.216111130312996, 30.69114111085722 ], [ 74.416507094183231, 30.613727838834677 ], [ 74.420074012633989, 30.612379175559024 ], [ 74.419425482006588, 30.59700441421657 ], [ 74.366894501186223, 30.585945375356207 ], [ 74.375001134028878, 30.548722268948154 ], [ 74.400942359125352, 30.535235636191615 ], [ 74.373055542146645, 30.512578093160627 ], [ 74.383107766871518, 30.49990065836948 ], [ 74.375649664656294, 30.484795629682154 ], [ 74.346141521109047, 30.484256164371892 ], [ 74.343871663913106, 30.463486749926822 ], [ 74.327658398227811, 30.445414662033059 ], [ 74.243997947291703, 30.427342574139296 ], [ 74.357490807088752, 30.40279690252239 ], [ 74.35684227646135, 30.39875091269543 ], [ 74.353275358010578, 30.38229722073245 ], [ 74.314687785679581, 30.387152408524805 ], [ 74.307878214091758, 30.370159251251565 ], [ 74.32538854103187, 30.329429620326813 ], [ 74.303338499699876, 30.30892993853687 ], [ 74.297501724053163, 30.265233248405682 ], [ 74.2825855196227, 30.274404158680127 ], [ 74.263453866114048, 30.247161160511919 ], [ 74.286476703387166, 30.233404795100245 ], [ 74.323767214463345, 30.24500329927087 ], [ 74.358139337716167, 30.24068757678878 ], [ 74.335765031070466, 30.163274304766237 ], [ 74.37467686871517, 30.153294196526399 ], [ 74.381162174989285, 30.130906386150542 ], [ 74.412940175732459, 30.097729269569452 ], [ 74.381810705616701, 30.111755367636256 ], [ 74.365597439931406, 30.08720969601935 ], [ 74.388944542518232, 30.074262528573072 ], [ 74.41423723698729, 30.035690758889366 ], [ 74.405806338830928, 30.028407977200835 ], [ 74.451527748063469, 30.029756640476489 ], [ 74.461255707474635, 30.014112146478904 ], [ 74.459958646219818, 30.006289899480109 ], [ 74.422019604516223, 29.997658454515925 ], [ 74.447960829612697, 29.947218448006463 ] ] ] } },
{ "type": "Feature", "properties": { "dt_code": "042", "district": "Moga", "st_code": "03", "year": "2011_c", "st_nm": "Punjab" }, "geometry": { "type": "Polygon", "coordinates": [ [ [ 75.147725376589989, 31.091694103726461 ], [ 75.145779784707756, 31.085759985313583 ], [ 75.162641581020466, 31.089536242485416 ], [ 75.183394561097629, 31.07766800565966 ], [ 75.173990867000171, 31.060135383076158 ], [ 75.178854846705747, 31.059056452455636 ], [ 75.206741663684454, 31.054201264663281 ], [ 75.203823275861112, 31.020214950116799 ], [ 75.23008876627128, 31.03720810739004 ], [ 75.255705726054046, 31.029925325701509 ], [ 75.253760134171813, 31.04449088907857 ], [ 75.28164695115052, 31.042063295182395 ], [ 75.294941829012458, 31.014820297014182 ], [ 75.327692625696756, 31.009965109221827 ], [ 75.341636034186109, 30.987847031501101 ], [ 75.358173565185112, 30.999445535671725 ], [ 75.358497830498806, 30.999175803016595 ], [ 75.359146361126221, 30.994050882569109 ], [ 75.35687650393028, 30.993241684603717 ], [ 75.360443422381053, 30.985149704949794 ], [ 75.363686075518103, 30.964919755814982 ], [ 75.360767687694747, 30.961143498643153 ], [ 75.366280198027752, 30.936597827026251 ], [ 75.36984711647851, 30.925269055510757 ], [ 75.382493463713047, 30.924999322855626 ], [ 75.377953749321165, 30.906657502306729 ], [ 75.393194219065336, 30.903960175755422 ], [ 75.40616483161358, 30.883999959275744 ], [ 75.367252993968876, 30.835448081352197 ], [ 75.37633242275264, 30.813869468941736 ], [ 75.395788341574985, 30.804968291322417 ], [ 75.372116973674451, 30.734568068333278 ], [ 75.386060382163805, 30.71892357433569 ], [ 75.368225789909985, 30.707055337509935 ], [ 75.367577259282569, 30.686555655719996 ], [ 75.381844933085631, 30.668753300481363 ], [ 75.370171381792218, 30.646904955415767 ], [ 75.378602279948581, 30.639352441072106 ], [ 75.373738300242991, 30.626135540970694 ], [ 75.400976586594282, 30.61777382866164 ], [ 75.397085402829816, 30.594307087665261 ], [ 75.403246443790223, 30.588912434562644 ], [ 75.408758954123229, 30.584057246770289 ], [ 75.404219239731347, 30.566254891531656 ], [ 75.419459709475518, 30.548722268948154 ], [ 75.400003790653159, 30.528222587158215 ], [ 75.360767687694747, 30.513117558470888 ], [ 75.360443422381053, 30.513117558470888 ], [ 75.359146361126221, 30.51365702378115 ], [ 75.334826462598286, 30.520939805469681 ], [ 75.329962482892697, 30.527683121847954 ], [ 75.31731613565816, 30.533886972915962 ], [ 75.297535951522107, 30.516893815642721 ], [ 75.287807992110928, 30.508801835988795 ], [ 75.262191032328161, 30.520939805469681 ], [ 75.227494643761631, 30.507722905368272 ], [ 75.211929908703752, 30.51635435033246 ], [ 75.201877683978864, 30.507183440058011 ], [ 75.19441958176364, 30.508262370678533 ], [ 75.181773234529103, 30.510420231919582 ], [ 75.179503377333162, 30.551689328154595 ], [ 75.165235703530101, 30.579202058977934 ], [ 75.146428315335172, 30.581899385529244 ], [ 75.121135620866113, 30.561669436394432 ], [ 75.12826945776763, 30.522288468745337 ], [ 75.084817905731043, 30.531998844330044 ], [ 75.061795068457926, 30.501519054300264 ], [ 75.032286924910693, 30.504216380851574 ], [ 75.02061337361728, 30.490999480750162 ], [ 75.003103046677168, 30.488841619509117 ], [ 74.999211862912702, 30.486683758268072 ], [ 74.998563332285286, 30.488302154198855 ], [ 74.997266271030455, 30.493696807301472 ], [ 74.990132434128924, 30.52067007281455 ], [ 74.99564494446193, 30.536584299467268 ], [ 74.944411024896397, 30.571919277289403 ], [ 74.955436045562408, 30.59403735501013 ], [ 74.946680882092338, 30.609412116352587 ], [ 74.957705902758349, 30.670101963757016 ], [ 74.955760310876101, 30.677924210755808 ], [ 74.915227146662872, 30.683318863858425 ], [ 74.903877860683167, 30.704358010958629 ], [ 74.9058234525654, 30.736456196919193 ], [ 74.9058234525654, 30.736995662229454 ], [ 74.908741840388757, 30.736456196919193 ], [ 74.912957289466931, 30.76882411553489 ], [ 74.922685248878111, 30.785547540153001 ], [ 74.930791881720751, 30.789054064669699 ], [ 74.929170555152226, 30.797415776978756 ], [ 74.947005147406045, 30.828704764973928 ], [ 74.942465433014164, 30.877796108207736 ], [ 74.952193392425343, 30.891822206274536 ], [ 75.03034133302846, 30.896947126722022 ], [ 75.040717823067055, 30.922301996304316 ], [ 75.078332599456928, 30.946308202610957 ], [ 75.093897334514807, 30.975439329365084 ], [ 75.102976763298571, 30.972202537503517 ], [ 75.096167191710748, 30.991623288672933 ], [ 75.103301028612279, 31.015359762324444 ], [ 75.05303990498787, 31.042872493147787 ], [ 75.051742843733052, 31.062562976972334 ], [ 75.062119333771633, 31.06768789741982 ], [ 75.072820089123937, 31.046918482974746 ], [ 75.094221599828515, 31.04718821562988 ], [ 75.096491457024456, 31.058786719800505 ], [ 75.083520844476226, 31.068766828040342 ], [ 75.103949559239695, 31.066339234144166 ], [ 75.099409844847813, 31.07739827300453 ], [ 75.120162824924989, 31.081713995486624 ], [ 75.133781968100635, 31.073891748487828 ], [ 75.147725376589989, 31.091694103726461 ] ] ] } },
{ "type": "Feature", "properties": { "dt_code": "041", "district": "Ludhiana", "st_code": "03", "year": "2011_c", "st_nm": "Punjab" }, "geometry": { "type": "Polygon", "coordinates": [ [ [ 75.359146361126221, 30.994050882569109 ], [ 75.362713279576994, 30.995129813189635 ], [ 75.3747110961841, 30.998366605051203 ], [ 75.379899341203398, 30.993241684603717 ], [ 75.397409668143524, 30.996478476465288 ], [ 75.398058198770926, 30.995669278499896 ], [ 75.399030994712049, 30.995939011155027 ], [ 75.408758954123229, 30.978945853881786 ], [ 75.437294301729338, 30.981643180433093 ], [ 75.454156098042048, 30.982991843708749 ], [ 75.462262730884689, 30.974630131399692 ], [ 75.473936282178101, 30.980833982467701 ], [ 75.482042915020756, 30.967886815021423 ], [ 75.514793711705039, 30.976248527330476 ], [ 75.537168018350755, 30.966268419090639 ], [ 75.543004793997454, 30.975978794675346 ], [ 75.594238713562987, 30.968696012986815 ], [ 75.603642407660459, 30.970314408917599 ], [ 75.615315958953872, 30.972202537503517 ], [ 75.746967676318462, 31.012662435773137 ], [ 75.784906718022043, 30.999175803016595 ], [ 75.797553065256579, 30.994590347879374 ], [ 75.803389840903279, 30.995129813189635 ], [ 75.867270107703334, 31.008076980635913 ], [ 75.898399577819106, 31.004840188774342 ], [ 75.905533414720637, 31.016708425600097 ], [ 75.91072165973992, 31.016168960289836 ], [ 75.952551885207981, 31.010234841876958 ], [ 75.959361456795804, 31.018326821530884 ], [ 75.971035008089217, 31.00403099080895 ], [ 76.136086052765506, 30.997557407085811 ], [ 76.143219889667037, 30.985689170260056 ], [ 76.180510400743216, 30.992162753983195 ], [ 76.187968502958455, 30.995939011155027 ], [ 76.181807461998048, 31.005379654084603 ], [ 76.204506033957458, 30.999985000981987 ], [ 76.210991340231573, 31.012122970462876 ], [ 76.224610483407218, 31.002682327533297 ], [ 76.256388484150392, 31.010234841876958 ], [ 76.263846586365631, 31.003221792843558 ], [ 76.276168668286459, 31.014280831703921 ], [ 76.277141464227569, 31.015090029669313 ], [ 76.289463546148397, 31.004570456119211 ], [ 76.276817198913861, 31.000254733637121 ], [ 76.276817198913861, 31.000254733637121 ], [ 76.294651791167695, 30.994050882569109 ], [ 76.305676811833692, 30.99027462539728 ], [ 76.306325342461093, 30.99027462539728 ], [ 76.306649607774801, 30.990004892742149 ], [ 76.312162118107807, 30.988116764156231 ], [ 76.322862873460096, 30.934709698440333 ], [ 76.323187138773804, 30.932282104544157 ], [ 76.32383566940122, 30.930124243303112 ], [ 76.312810648735223, 30.924729590200496 ], [ 76.319295955009338, 30.877526375552605 ], [ 76.319620220323046, 30.877256642897471 ], [ 76.312810648735223, 30.874019851035904 ], [ 76.299191505559577, 30.867815999967895 ], [ 76.311189322166683, 30.842461130385601 ], [ 76.281356913305743, 30.830323160904712 ], [ 76.289139280834689, 30.808205083183989 ], [ 76.261900994483398, 30.786626470773523 ], [ 76.272277484521979, 30.775837164568291 ], [ 76.289787811462105, 30.78258048094656 ], [ 76.305028281206276, 30.768014917569499 ], [ 76.31086505685299, 30.756146680743743 ], [ 76.281032647992049, 30.746436305159033 ], [ 76.275844402972751, 30.734028603023017 ], [ 76.305352546519984, 30.708673733440722 ], [ 76.319620220323046, 30.696535763959837 ], [ 76.323187138773804, 30.693298972098265 ], [ 76.319620220323046, 30.690601645546959 ], [ 76.303406954637751, 30.67846367606607 ], [ 76.274871607031628, 30.675496616859633 ], [ 76.218773707760519, 30.679272874031465 ], [ 76.187968502958455, 30.66767436986084 ], [ 76.173700829155393, 30.679272874031465 ], [ 76.169161114763511, 30.661740251447963 ], [ 76.151975053137107, 30.65499693506969 ], [ 76.152623583764509, 30.639891906382367 ], [ 76.116305868629453, 30.614806769455203 ], [ 76.125385297413217, 30.59700441421657 ], [ 76.110144827669046, 30.58729403863186 ], [ 76.107550705159397, 30.562208901704697 ], [ 76.097822745748218, 30.560590505773909 ], [ 76.085824929141097, 30.561939169049566 ], [ 76.083879337258864, 30.562208901704697 ], [ 76.06993592876951, 30.563827297635481 ], [ 76.069611663455802, 30.567333822152179 ], [ 76.067666071573569, 30.582438850839505 ], [ 76.066044745005044, 30.582708583494636 ], [ 76.03523954020298, 30.588912434562644 ], [ 76.03523954020298, 30.588912434562644 ], [ 76.027781437987755, 30.615346234765465 ], [ 76.009946845733921, 30.615885700075726 ], [ 75.935365823581577, 30.568143020117574 ], [ 75.920773884464808, 30.591879493769085 ], [ 75.929204782621156, 30.597274146871701 ], [ 75.923368006974457, 30.608872651042326 ], [ 75.887698822466803, 30.606984522456408 ], [ 75.88802308778051, 30.62047115521295 ], [ 75.872458352722632, 30.628832867522004 ], [ 75.872458352722632, 30.639352441072106 ], [ 75.898075312505398, 30.647444420726028 ], [ 75.895481189995749, 30.659582390206914 ], [ 75.879267924310454, 30.676305814825024 ], [ 75.852353903272871, 30.670101963757016 ], [ 75.833870780391635, 30.692220041477743 ], [ 75.816360453451509, 30.687095121030257 ], [ 75.815063392196691, 30.664167845344139 ], [ 75.785879513963167, 30.656885063655608 ], [ 75.781664064884993, 30.671180894377539 ], [ 75.764802268572282, 30.670371696412147 ], [ 75.76512653388599, 30.65796399427613 ], [ 75.796904534629164, 30.632069659383575 ], [ 75.789122167100217, 30.623438214419387 ], [ 75.760911084807816, 30.637464312486188 ], [ 75.738212512848392, 30.631799926728441 ], [ 75.703516124281862, 30.603477997939709 ], [ 75.703191858968168, 30.603208265284579 ], [ 75.682763144204685, 30.606175324491016 ], [ 75.676926368557986, 30.597543879526832 ], [ 75.684384470773225, 30.590530830493428 ], [ 75.661361633500107, 30.594576820320391 ], [ 75.654876327225992, 30.591070295803689 ], [ 75.626665244933577, 30.600780671388399 ], [ 75.603966672974167, 30.594307087665261 ], [ 75.578998243818816, 30.569761416048358 ], [ 75.548841569644168, 30.58028098959846 ], [ 75.535546691782216, 30.570300881358619 ], [ 75.532304038645165, 30.567873287462444 ], [ 75.529061385508101, 30.584866444735681 ], [ 75.528737120194393, 30.585136177390815 ], [ 75.528737120194393, 30.585136177390815 ], [ 75.501498833843101, 30.573537673220187 ], [ 75.487555425353747, 30.582978316149767 ], [ 75.49598632351011, 30.598622810147354 ], [ 75.465829649335461, 30.605635859180754 ], [ 75.431457526082639, 30.58432697942542 ], [ 75.408758954123229, 30.584057246770289 ], [ 75.403246443790223, 30.588912434562644 ], [ 75.397085402829816, 30.594307087665261 ], [ 75.400976586594282, 30.61777382866164 ], [ 75.373738300242991, 30.626135540970694 ], [ 75.378602279948581, 30.639352441072106 ], [ 75.370171381792218, 30.646904955415767 ], [ 75.381844933085631, 30.668753300481363 ], [ 75.367577259282569, 30.686555655719996 ], [ 75.368225789909985, 30.707055337509935 ], [ 75.386060382163805, 30.71892357433569 ], [ 75.372116973674451, 30.734568068333278 ], [ 75.395788341574985, 30.804968291322417 ], [ 75.37633242275264, 30.813869468941736 ], [ 75.367252993968876, 30.835448081352197 ], [ 75.40616483161358, 30.883999959275744 ], [ 75.393194219065336, 30.903960175755422 ], [ 75.377953749321165, 30.906657502306729 ], [ 75.382493463713047, 30.924999322855626 ], [ 75.36984711647851, 30.925269055510757 ], [ 75.366280198027752, 30.936597827026251 ], [ 75.360767687694747, 30.961143498643153 ], [ 75.363686075518103, 30.964919755814982 ], [ 75.360443422381053, 30.985149704949794 ], [ 75.35687650393028, 30.993241684603717 ], [ 75.359146361126221, 30.994050882569109 ] ] ] } },
{ "type": "Feature", "properties": { "dt_code": "052", "district": "S.A.S. Nagar", "st_code": "03", "year": "2011_c", "st_nm": "Punjab" }, "geometry": { "type": "MultiPolygon", "coordinates": [ [ [ [ 76.531041204859278, 30.76855438287976 ], [ 76.558928021837986, 30.785817272808131 ], [ 76.565089062798393, 30.818185191423826 ], [ 76.553091246191272, 30.838415140558638 ], [ 76.583896450993336, 30.851632040660046 ], [ 76.580329532542564, 30.856217495797271 ], [ 76.591678818522269, 30.852171505970308 ], [ 76.60270383918828, 30.858105624383185 ], [ 76.596867063541566, 30.874829049001296 ], [ 76.606919288266454, 30.890743275654014 ], [ 76.680203249163981, 30.914749481960655 ], [ 76.687337086065511, 30.920953333028663 ], [ 76.72073641337721, 30.93336103516468 ], [ 76.731112903415806, 30.933900500474941 ], [ 76.732734229984331, 30.937946490301904 ], [ 76.737273944376213, 30.939564886232688 ], [ 76.747001903787393, 30.93336103516468 ], [ 76.770673271687926, 30.910433759478561 ], [ 76.776510047334625, 30.904499641065684 ], [ 76.784292414863572, 30.877796108207736 ], [ 76.814773354351928, 30.852441238625438 ], [ 76.814124823724512, 30.843000595695862 ], [ 76.846551355095102, 30.833829685421414 ], [ 76.84525429384027, 30.807126152563463 ], [ 76.856927845133683, 30.794718450427446 ], [ 76.838120456938739, 30.755067750123221 ], [ 76.837796191625046, 30.754528284812956 ], [ 76.826446905645327, 30.763429462432274 ], [ 76.815097619665622, 30.752909888882172 ], [ 76.805045394940748, 30.765317591018189 ], [ 76.816394680920453, 30.776376629878552 ], [ 76.815746150293037, 30.777185827843944 ], [ 76.813152027783389, 30.780152887050384 ], [ 76.78785933331433, 30.772330640051592 ], [ 76.782671088295047, 30.770712244120805 ], [ 76.782671088295047, 30.779613421740123 ], [ 76.771646067629035, 30.794988183082577 ], [ 76.744083515964036, 30.769633313500282 ], [ 76.710035658024921, 30.760732135880968 ], [ 76.705171678319331, 30.742929780642335 ], [ 76.731112903415806, 30.723509029472915 ], [ 76.739219536258446, 30.693029239443135 ], [ 76.763863700100103, 30.686285923064865 ], [ 76.776510047334625, 30.670371696412147 ], [ 76.789804925196563, 30.675766349514763 ], [ 76.806018190881858, 30.66767436986084 ], [ 76.807639517450397, 30.66740463720571 ], [ 76.826771170959034, 30.681970200582771 ], [ 76.82741970158645, 30.682239933237902 ], [ 76.827743966900158, 30.680351804651988 ], [ 76.831959415978332, 30.664977043309531 ], [ 76.845902824467686, 30.668753300481363 ], [ 76.852063865428093, 30.658773192241522 ], [ 76.876383763956042, 30.680621537307118 ], [ 76.871195518936744, 30.642049767623412 ], [ 76.885138927426098, 30.645286559484983 ], [ 76.895515417464679, 30.629102600177134 ], [ 76.910107356581449, 30.626135540970694 ], [ 76.913350009718513, 30.611569977593632 ], [ 76.925996356953036, 30.610221314317979 ], [ 76.920159581306336, 30.593228157044738 ], [ 76.909783091267741, 30.591879493769085 ], [ 76.919835315992628, 30.585136177390815 ], [ 76.908810295326631, 30.564906228256003 ], [ 76.916268397541856, 30.55384718939564 ], [ 76.904919111562151, 30.543057883190407 ], [ 76.889030111190564, 30.548992001603285 ], [ 76.931833132599749, 30.522288468745337 ], [ 76.931184601972333, 30.500979588990003 ], [ 76.901676458425101, 30.483986431716762 ], [ 76.91237721377739, 30.465914343822998 ], [ 76.910755887208865, 30.463486749926822 ], [ 76.907188968758092, 30.458901294789598 ], [ 76.907188968758092, 30.458901294789598 ], [ 76.903622050307334, 30.454046106997243 ], [ 76.89778527466062, 30.445414662033059 ], [ 76.886435988680915, 30.429770168035471 ], [ 76.906540438130691, 30.435704286448349 ], [ 76.898758070601744, 30.425724178208508 ], [ 76.9075132340718, 30.425454445553378 ], [ 76.91140441783628, 30.425184712898247 ], [ 76.913674275032221, 30.418171663864847 ], [ 76.911080152522572, 30.399829843315953 ], [ 76.937994173560156, 30.393356259592814 ], [ 76.906216172816983, 30.362067271597638 ], [ 76.905567642189567, 30.362067271597638 ], [ 76.890327172445396, 30.369350053286173 ], [ 76.89778527466062, 30.38202748807732 ], [ 76.880923478347924, 30.393895724903075 ], [ 76.883193335543865, 30.408731020935267 ], [ 76.855955049192573, 30.417632198554585 ], [ 76.846875620408809, 30.438131880344525 ], [ 76.823204252508276, 30.411698080141708 ], [ 76.789480659882869, 30.414934872003276 ], [ 76.777482843275749, 30.424914980243116 ], [ 76.787535068000622, 30.433546425207304 ], [ 76.777158577962041, 30.441368672206096 ], [ 76.747974699728516, 30.42923070272521 ], [ 76.7473261691011, 30.43597401910348 ], [ 76.758351189767097, 30.451079047790806 ], [ 76.7531629447478, 30.469690600994831 ], [ 76.765485026668628, 30.475354986752578 ], [ 76.769051945119386, 30.503407182886178 ], [ 76.786886537373221, 30.519051676883766 ], [ 76.753487210061508, 30.536584299467268 ], [ 76.751541618179274, 30.54710387301737 ], [ 76.751865883492982, 30.552228793464856 ], [ 76.769051945119386, 30.551689328154595 ], [ 76.761918108217856, 30.559241842498256 ], [ 76.78785933331433, 30.597274146871701 ], [ 76.775861516707209, 30.6077937204218 ], [ 76.772943128883867, 30.61049104697311 ], [ 76.766133557296044, 30.603208265284579 ], [ 76.751541618179274, 30.596464948906306 ], [ 76.733707025925455, 30.573267940565056 ], [ 76.718790821494977, 30.589991365183167 ], [ 76.703226086437098, 30.58702430597673 ], [ 76.699010637358924, 30.572728475254795 ], [ 76.695119453594458, 30.571379811979142 ], [ 76.690579739202576, 30.572189009944534 ], [ 76.686364290124388, 30.576234999771497 ], [ 76.689282677947745, 30.593767622354999 ], [ 76.663017187537577, 30.583248048804897 ], [ 76.665611310047211, 30.611030512283371 ], [ 76.648425248420807, 30.62451714503991 ], [ 76.643885534028925, 30.628023669556612 ], [ 76.634481839931453, 30.619392224592424 ], [ 76.633184778676622, 30.618852759282163 ], [ 76.629617860225864, 30.63153019407331 ], [ 76.62864506428474, 30.639352441072106 ], [ 76.627023737716215, 30.640431371692628 ], [ 76.612107533285752, 30.650411479932469 ], [ 76.587463369444094, 30.667134904550579 ], [ 76.57611408346439, 30.665246775964661 ], [ 76.554064042132396, 30.690601645546959 ], [ 76.551469919622747, 30.707864535475331 ], [ 76.551145654309039, 30.708673733440722 ], [ 76.534608123310036, 30.710022396716376 ], [ 76.534608123310036, 30.710022396716376 ], [ 76.527150021094812, 30.737265394884588 ], [ 76.531689735486694, 30.741041652056417 ], [ 76.521961776075514, 30.757225611364266 ], [ 76.531041204859278, 30.76855438287976 ] ] ], [ [ [ 76.577411144719221, 30.857296426417793 ], [ 76.569628777190275, 30.851362308004916 ], [ 76.566386124053224, 30.867276534657634 ], [ 76.578059675346623, 30.869434395898679 ], [ 76.574492756895864, 30.858375357038316 ], [ 76.577411144719221, 30.857296426417793 ] ] ] ] } },
{ "type": "Feature", "properties": { "dt_code": "045", "district": "Faridkot", "st_code": "03", "year": "2011_c", "st_nm": "Punjab" }, "geometry": { "type": "Polygon", "coordinates": [ [ [ 74.9058234525654, 30.736995662229454 ], [ 74.9058234525654, 30.736456196919193 ], [ 74.903877860683167, 30.704358010958629 ], [ 74.915227146662872, 30.683318863858425 ], [ 74.955760310876101, 30.677924210755808 ], [ 74.957705902758349, 30.670101963757016 ], [ 74.946680882092338, 30.609412116352587 ], [ 74.955436045562408, 30.59403735501013 ], [ 74.944411024896397, 30.571919277289403 ], [ 74.99564494446193, 30.536584299467268 ], [ 74.990132434128924, 30.52067007281455 ], [ 74.997266271030455, 30.493696807301472 ], [ 74.998563332285286, 30.488302154198855 ], [ 74.999211862912702, 30.486683758268072 ], [ 75.003103046677168, 30.488841619509117 ], [ 75.02061337361728, 30.490999480750162 ], [ 75.054012700928993, 30.458631562134467 ], [ 75.034232516792926, 30.458361829479337 ], [ 75.020937638930988, 30.442177870171488 ], [ 75.022883230813221, 30.4265333761739 ], [ 75.052391374360454, 30.409540218900659 ], [ 75.043960476204106, 30.381757755422189 ], [ 75.032935455538109, 30.381488022767059 ], [ 75.018992047048755, 30.384455081973496 ], [ 74.995969209775637, 30.404685031108308 ], [ 74.970676515306579, 30.404685031108308 ], [ 74.961597086522815, 30.388770804455589 ], [ 74.921388187623279, 30.366382994079732 ], [ 74.875342513077044, 30.389580002420981 ], [ 74.85329247174505, 30.37528417169905 ], [ 74.821838736315584, 30.392816794282552 ], [ 74.821838736315584, 30.392816794282552 ], [ 74.807246797198815, 30.401178506591606 ], [ 74.807246797198815, 30.401178506591606 ], [ 74.757309938888113, 30.394704922868467 ], [ 74.756661408260697, 30.410349416866055 ], [ 74.759255530770346, 30.422757119002071 ], [ 74.755688612319574, 30.427072841484161 ], [ 74.729423121909406, 30.457013166203684 ], [ 74.762822449221105, 30.483986431716762 ], [ 74.760876857338872, 30.493427074646341 ], [ 74.737529754752046, 30.49288760933608 ], [ 74.714182652165221, 30.512578093160627 ], [ 74.699590713048465, 30.515814885022198 ], [ 74.690187018950994, 30.521479270779945 ], [ 74.708994407145937, 30.558972109843126 ], [ 74.645438405659576, 30.59700441421657 ], [ 74.641871487208817, 30.598892542802485 ], [ 74.63181926248393, 30.616964630696248 ], [ 74.619172915249408, 30.639622173727236 ], [ 74.596798608603692, 30.6506812125876 ], [ 74.57928828166358, 30.659582390206914 ], [ 74.571830179448341, 30.663358647378747 ], [ 74.519947729255406, 30.66767436986084 ], [ 74.506328586079761, 30.668753300481363 ], [ 74.500167545119339, 30.666595439240314 ], [ 74.504382994197528, 30.668753300481363 ], [ 74.486548401943693, 30.672259824998061 ], [ 74.480063095669578, 30.673338755618587 ], [ 74.47163219751323, 30.749403364365474 ], [ 74.520920525196516, 30.770981976775936 ], [ 74.542322035901108, 30.792560589186401 ], [ 74.596474343289998, 30.809284013804511 ], [ 74.624036894954997, 30.836257279317589 ], [ 74.646411201600699, 30.818454924078956 ], [ 74.66327299791341, 30.834099418076544 ], [ 74.771253347377467, 30.815487864872519 ], [ 74.783575429298281, 30.794718450427446 ], [ 74.807246797198815, 30.78932379732483 ], [ 74.814056368786638, 30.767745184914368 ], [ 74.83545787949123, 30.770442511465674 ], [ 74.85815645145064, 30.743738978607727 ], [ 74.9058234525654, 30.736995662229454 ] ] ] } },
{ "type": "Feature", "properties": { "dt_code": "040", "district": "Fatehgarh Sahib", "st_code": "03", "year": "2011_c", "st_nm": "Punjab" }, "geometry": { "type": "Polygon", "coordinates": [ [ [ 76.319295955009338, 30.877526375552605 ], [ 76.323511404087512, 30.876986910242341 ], [ 76.329348179734211, 30.876177712276949 ], [ 76.348479833242862, 30.873750118380773 ], [ 76.348479833242862, 30.865388406071716 ], [ 76.367935752065222, 30.872131722449989 ], [ 76.384797548377918, 30.84893471410874 ], [ 76.406847589709926, 30.847046585522822 ], [ 76.408144650964744, 30.826277171077752 ], [ 76.408468916278451, 30.819533854699483 ], [ 76.432464549492693, 30.819264122044352 ], [ 76.434085876061218, 30.79930390556467 ], [ 76.436679998570867, 30.798494707599279 ], [ 76.444138100786105, 30.759383472605311 ], [ 76.462296958353633, 30.749673097020604 ], [ 76.469430795255164, 30.745627107193641 ], [ 76.495047755037916, 30.746166572503903 ], [ 76.531041204859278, 30.76855438287976 ], [ 76.521961776075514, 30.757225611364266 ], [ 76.531689735486694, 30.741041652056417 ], [ 76.527150021094812, 30.737265394884588 ], [ 76.534608123310036, 30.710022396716376 ], [ 76.534608123310036, 30.710022396716376 ], [ 76.551145654309039, 30.708673733440722 ], [ 76.551469919622747, 30.707864535475331 ], [ 76.554064042132396, 30.690601645546959 ], [ 76.57611408346439, 30.665246775964661 ], [ 76.587463369444094, 30.667134904550579 ], [ 76.612107533285752, 30.650411479932469 ], [ 76.627023737716215, 30.640431371692628 ], [ 76.62864506428474, 30.639352441072106 ], [ 76.629617860225864, 30.63153019407331 ], [ 76.633184778676622, 30.618852759282163 ], [ 76.634481839931453, 30.619392224592424 ], [ 76.631239186794389, 30.616694898041118 ], [ 76.62864506428474, 30.614267304144938 ], [ 76.595570002286749, 30.594576820320391 ], [ 76.574817022209572, 30.566794356841918 ], [ 76.534932388623744, 30.559781307808517 ], [ 76.520340449506989, 30.536044834157007 ], [ 76.501208795998338, 30.550880130189203 ], [ 76.501208795998338, 30.551149862844333 ], [ 76.501208795998338, 30.550880130189203 ], [ 76.502505857253155, 30.527413389192823 ], [ 76.49115657127345, 30.519321409538897 ], [ 76.498614673488689, 30.464835413202476 ], [ 76.470403591196273, 30.47373659082179 ], [ 76.469106529941456, 30.454585572307504 ], [ 76.459378570530276, 30.459440760099859 ], [ 76.434410141374926, 30.443796266102272 ], [ 76.43051895761046, 30.448651453894627 ], [ 76.417224079748507, 30.464026215237084 ], [ 76.406847589709926, 30.448111988584365 ], [ 76.406523324396218, 30.448381721239496 ], [ 76.382203425868283, 30.471578729580745 ], [ 76.352371017007329, 30.460249958065251 ], [ 76.328051118479394, 30.498821727748957 ], [ 76.328375383793102, 30.540360556639101 ], [ 76.283626770501684, 30.544946011776325 ], [ 76.256388484150392, 30.567333822152179 ], [ 76.244390667543271, 30.549801199568677 ], [ 76.229474463112808, 30.570031148703489 ], [ 76.183104523252865, 30.541439487259623 ], [ 76.173052298527978, 30.54710387301737 ], [ 76.165594196312753, 30.535235636191615 ], [ 76.154244910333048, 30.544406546466064 ], [ 76.136086052765506, 30.52363713202099 ], [ 76.119872787080226, 30.545485477086586 ], [ 76.107874970473105, 30.529301517778737 ], [ 76.107226439845689, 30.529571250433868 ], [ 76.085824929141097, 30.53712376477753 ], [ 76.085824929141097, 30.536854032122399 ], [ 76.075772704416224, 30.546564407707109 ], [ 76.085824929141097, 30.561939169049566 ], [ 76.097822745748218, 30.560590505773909 ], [ 76.107550705159397, 30.562208901704697 ], [ 76.110144827669046, 30.58729403863186 ], [ 76.125385297413217, 30.59700441421657 ], [ 76.116305868629453, 30.614806769455203 ], [ 76.152623583764509, 30.639891906382367 ], [ 76.151975053137107, 30.65499693506969 ], [ 76.169161114763511, 30.661740251447963 ], [ 76.173700829155393, 30.679272874031465 ], [ 76.187968502958455, 30.66767436986084 ], [ 76.218773707760519, 30.679272874031465 ], [ 76.274871607031628, 30.675496616859633 ], [ 76.303406954637751, 30.67846367606607 ], [ 76.319620220323046, 30.690601645546959 ], [ 76.323187138773804, 30.693298972098265 ], [ 76.319620220323046, 30.696535763959837 ], [ 76.305352546519984, 30.708673733440722 ], [ 76.275844402972751, 30.734028603023017 ], [ 76.281032647992049, 30.746436305159033 ], [ 76.31086505685299, 30.756146680743743 ], [ 76.305028281206276, 30.768014917569499 ], [ 76.289787811462105, 30.78258048094656 ], [ 76.272277484521979, 30.775837164568291 ], [ 76.261900994483398, 30.786626470773523 ], [ 76.289139280834689, 30.808205083183989 ], [ 76.281356913305743, 30.830323160904712 ], [ 76.311189322166683, 30.842461130385601 ], [ 76.299191505559577, 30.867815999967895 ], [ 76.312810648735223, 30.874019851035904 ], [ 76.319620220323046, 30.877256642897471 ], [ 76.319295955009338, 30.877526375552605 ] ] ] } },
{ "type": "Feature", "properties": { "dt_code": "044", "district": "Sri Muktsar Sahib", "st_code": "03", "year": "2011_c", "st_nm": "Punjab" }, "geometry": { "type": "Polygon", "coordinates": [ [ [ 74.447960829612697, 29.947218448006463 ], [ 74.422019604516223, 29.997658454515925 ], [ 74.459958646219818, 30.006289899480109 ], [ 74.461255707474635, 30.014112146478904 ], [ 74.451527748063469, 30.029756640476489 ], [ 74.405806338830928, 30.028407977200835 ], [ 74.41423723698729, 30.035690758889366 ], [ 74.388944542518232, 30.074262528573072 ], [ 74.365597439931406, 30.08720969601935 ], [ 74.381810705616701, 30.111755367636256 ], [ 74.412940175732459, 30.097729269569452 ], [ 74.381162174989285, 30.130906386150542 ], [ 74.37467686871517, 30.153294196526399 ], [ 74.335765031070466, 30.163274304766237 ], [ 74.358139337716167, 30.24068757678878 ], [ 74.323767214463345, 30.24500329927087 ], [ 74.286476703387166, 30.233404795100245 ], [ 74.263453866114048, 30.247161160511919 ], [ 74.2825855196227, 30.274404158680127 ], [ 74.297501724053163, 30.265233248405682 ], [ 74.303338499699876, 30.30892993853687 ], [ 74.32538854103187, 30.329429620326813 ], [ 74.307878214091758, 30.370159251251565 ], [ 74.314687785679581, 30.387152408524805 ], [ 74.353275358010578, 30.38229722073245 ], [ 74.35684227646135, 30.39875091269543 ], [ 74.357490807088752, 30.40279690252239 ], [ 74.243997947291703, 30.427342574139296 ], [ 74.327658398227811, 30.445414662033059 ], [ 74.343871663913106, 30.463486749926822 ], [ 74.346141521109047, 30.484256164371892 ], [ 74.375649664656294, 30.484795629682154 ], [ 74.383107766871518, 30.49990065836948 ], [ 74.373055542146645, 30.512578093160627 ], [ 74.400942359125352, 30.535235636191615 ], [ 74.375001134028878, 30.548722268948154 ], [ 74.366894501186223, 30.585945375356207 ], [ 74.419425482006588, 30.59700441421657 ], [ 74.420074012633989, 30.612379175559024 ], [ 74.416507094183231, 30.613727838834677 ], [ 74.44017846208375, 30.626135540970694 ], [ 74.443096849907107, 30.623707947074518 ], [ 74.461904238102051, 30.608333185732061 ], [ 74.458013054337584, 30.62047115521295 ], [ 74.494006504158932, 30.637194579831057 ], [ 74.476171911905112, 30.646635222760636 ], [ 74.477793238473637, 30.653648271794037 ], [ 74.478766034414761, 30.656345598345347 ], [ 74.479414565042163, 30.659582390206914 ], [ 74.500167545119339, 30.666595439240314 ], [ 74.506328586079761, 30.668753300481363 ], [ 74.519947729255406, 30.66767436986084 ], [ 74.571830179448341, 30.663358647378747 ], [ 74.57928828166358, 30.659582390206914 ], [ 74.596798608603692, 30.6506812125876 ], [ 74.619172915249408, 30.639622173727236 ], [ 74.63181926248393, 30.616964630696248 ], [ 74.641871487208817, 30.598892542802485 ], [ 74.645438405659576, 30.59700441421657 ], [ 74.708994407145937, 30.558972109843126 ], [ 74.690187018950994, 30.521479270779945 ], [ 74.699590713048465, 30.515814885022198 ], [ 74.714182652165221, 30.512578093160627 ], [ 74.737529754752046, 30.49288760933608 ], [ 74.760876857338872, 30.493427074646341 ], [ 74.762822449221105, 30.483986431716762 ], [ 74.729423121909406, 30.457013166203684 ], [ 74.755688612319574, 30.427072841484161 ], [ 74.759255530770346, 30.422757119002071 ], [ 74.756661408260697, 30.410349416866055 ], [ 74.757309938888113, 30.394704922868467 ], [ 74.807246797198815, 30.401178506591606 ], [ 74.807246797198815, 30.401178506591606 ], [ 74.821838736315584, 30.392816794282552 ], [ 74.821838736315584, 30.392816794282552 ], [ 74.821838736315584, 30.392816794282552 ], [ 74.792006327454644, 30.336982134670475 ], [ 74.7239106115764, 30.366113261424601 ], [ 74.699914978362173, 30.356672618495022 ], [ 74.702509100871808, 30.356133153184761 ], [ 74.785196755866821, 30.336712402015344 ], [ 74.724234876890108, 30.30866020588174 ], [ 74.752121693868816, 30.287081593471278 ], [ 74.734287101614996, 30.278719881162221 ], [ 74.718073835929701, 30.248509823787572 ], [ 74.725531938144925, 30.229898270583547 ], [ 74.71191279496928, 30.196990886657588 ], [ 74.734287101614996, 30.192405431520363 ], [ 74.734935632242397, 30.175142541591992 ], [ 74.703157631499224, 30.160037512904669 ], [ 74.686295835186527, 30.167859759903461 ], [ 74.656139161011879, 30.163004572111106 ], [ 74.629225139974281, 30.129557722874889 ], [ 74.64868105879664, 30.110406704360599 ], [ 74.683053182049463, 30.109867239050338 ], [ 74.67624361046164, 30.081545310261603 ], [ 74.704778958067749, 30.064552152988362 ], [ 74.694402468029168, 30.033532897648321 ], [ 74.717101039988577, 30.013302948513513 ], [ 74.700563508989575, 29.987138880965823 ], [ 74.705103223381457, 29.974731178829806 ], [ 74.682080386108339, 29.943442190834634 ], [ 74.651599446619997, 29.926449033561394 ], [ 74.651599446619997, 29.926449033561394 ], [ 74.646735466914407, 29.911344004874067 ], [ 74.654193569129632, 29.90567961911632 ], [ 74.596798608603692, 29.912153202839459 ], [ 74.531621280548819, 29.949106576592381 ], [ 74.526433035529521, 29.941284329593586 ], [ 74.527081566156937, 29.942902725524373 ], [ 74.448609360240113, 29.946948715351333 ], [ 74.447960829612697, 29.947218448006463 ] ] ] } },
{ "type": "Feature", "properties": { "dt_code": "053", "district": "Sangrur", "st_code": "03", "year": "2011_c", "st_nm": "Punjab" }, "geometry": { "type": "Polygon", "coordinates": [ [ [ 75.684384470773225, 30.590530830493428 ], [ 75.676926368557986, 30.597543879526832 ], [ 75.682763144204685, 30.606175324491016 ], [ 75.703191858968168, 30.603208265284579 ], [ 75.703516124281862, 30.603477997939709 ], [ 75.738212512848392, 30.631799926728441 ], [ 75.760911084807816, 30.637464312486188 ], [ 75.789122167100217, 30.623438214419387 ], [ 75.796904534629164, 30.632069659383575 ], [ 75.76512653388599, 30.65796399427613 ], [ 75.764802268572282, 30.670371696412147 ], [ 75.781664064884993, 30.671180894377539 ], [ 75.785879513963167, 30.656885063655608 ], [ 75.815063392196691, 30.664167845344139 ], [ 75.816360453451509, 30.687095121030257 ], [ 75.833870780391635, 30.692220041477743 ], [ 75.852353903272871, 30.670101963757016 ], [ 75.879267924310454, 30.676305814825024 ], [ 75.895481189995749, 30.659582390206914 ], [ 75.898075312505398, 30.647444420726028 ], [ 75.872458352722632, 30.639352441072106 ], [ 75.872458352722632, 30.628832867522004 ], [ 75.88802308778051, 30.62047115521295 ], [ 75.887698822466803, 30.606984522456408 ], [ 75.923368006974457, 30.608872651042326 ], [ 75.929204782621156, 30.597274146871701 ], [ 75.920773884464808, 30.591879493769085 ], [ 75.935365823581577, 30.568143020117574 ], [ 76.009946845733921, 30.615885700075726 ], [ 76.027781437987755, 30.615346234765465 ], [ 76.03523954020298, 30.588912434562644 ], [ 76.03523954020298, 30.588912434562644 ], [ 76.066044745005044, 30.582708583494636 ], [ 76.067666071573569, 30.582438850839505 ], [ 76.069611663455802, 30.567333822152179 ], [ 76.06993592876951, 30.563827297635481 ], [ 76.083879337258864, 30.562208901704697 ], [ 76.085824929141097, 30.561939169049566 ], [ 76.075772704416224, 30.546564407707109 ], [ 76.085824929141097, 30.536854032122399 ], [ 76.089067582278162, 30.533886972915962 ], [ 76.080960949435507, 30.502058519610525 ], [ 76.063450622495395, 30.488571886853986 ], [ 76.088094786337038, 30.458092096824206 ], [ 76.049507214006042, 30.435704286448349 ], [ 76.052749867143106, 30.427612306794426 ], [ 76.031672621752222, 30.408731020935267 ], [ 76.035888070830396, 30.401987704556998 ], [ 76.010919641675045, 30.364225132838687 ], [ 75.989193865656745, 30.368810587975908 ], [ 75.987896804401927, 30.339949193876915 ], [ 76.023565988909567, 30.326462561120373 ], [ 76.047885887437516, 30.338870263256389 ], [ 76.088094786337038, 30.310008869157393 ], [ 76.111117623610156, 30.321607373328018 ], [ 76.133491930255872, 30.312166730398442 ], [ 76.166891257567571, 30.320798175362626 ], [ 76.167215522881278, 30.302456354813732 ], [ 76.179861870115801, 30.308390473226609 ], [ 76.203857503330042, 30.283575068954576 ], [ 76.19445380923257, 30.272516030094213 ], [ 76.182455992625449, 30.275213356645519 ], [ 76.182780257939157, 30.256871536096625 ], [ 76.166242726940155, 30.239878378823384 ], [ 76.153596379705633, 30.247970358477311 ], [ 76.138031644647754, 30.233404795100245 ], [ 76.122791174903568, 30.237450784927209 ], [ 76.107226439845689, 30.220997092964229 ], [ 76.106577909218274, 30.220457627653968 ], [ 76.077718296298457, 30.225043082791192 ], [ 76.065396214377628, 30.208589390828212 ], [ 76.049182948692334, 30.186741045762616 ], [ 76.073502847220283, 30.151945533250743 ], [ 76.062477826554272, 30.144662751562212 ], [ 76.079015357553274, 30.136031306598028 ], [ 76.071881520651743, 30.124432802427403 ], [ 76.083555071945156, 30.119847347290179 ], [ 76.079339622866982, 30.112025100291387 ], [ 76.093931561983752, 30.115531624808085 ], [ 76.096849949807108, 30.116071090118346 ], [ 76.097174215120802, 30.116340822773477 ], [ 76.104632317336041, 30.10366338798233 ], [ 76.080960949435507, 30.06374295502297 ], [ 76.087446255709636, 30.054841777403656 ], [ 76.05696531622128, 30.066710014229411 ], [ 76.043670438359342, 30.052414183507477 ], [ 76.051777071201982, 30.049447124301039 ], [ 76.041400581163401, 30.048098461025386 ], [ 76.042049111790803, 30.027598779235444 ], [ 76.006704192596871, 29.983632356449125 ], [ 76.026808642046632, 29.972303584933631 ], [ 76.026484376732924, 29.959895882797611 ], [ 75.98984239628416, 29.94560005207568 ], [ 75.983357090010045, 29.906488817081712 ], [ 76.011892437616154, 29.890574590428997 ], [ 76.019999070458809, 29.868995978018532 ], [ 76.032969683007039, 29.882482610775071 ], [ 76.055019724339047, 29.870614373949316 ], [ 76.06507194906392, 29.84175297985032 ], [ 76.122791174903568, 29.857397473847907 ], [ 76.110469092982754, 29.81828623885394 ], [ 76.106577909218274, 29.815588912302633 ], [ 76.098795541689341, 29.810194259200017 ], [ 76.0965256844934, 29.808845595924364 ], [ 76.084203602572572, 29.793201101926776 ], [ 76.082582276004047, 29.78106313244589 ], [ 76.066369010318752, 29.77135275686118 ], [ 76.050804275260873, 29.751932005691764 ], [ 76.048534418064932, 29.746807085244278 ], [ 76.046264560868991, 29.746537352589147 ], [ 76.040427785222278, 29.745188689313494 ], [ 76.035888070830396, 29.744109758692971 ], [ 76.026160111419216, 29.755977995518727 ], [ 75.984329885951155, 29.727116601419731 ], [ 75.947363640188684, 29.729274462660776 ], [ 75.946066578933866, 29.730083660626168 ], [ 75.938608476718628, 29.730623125936429 ], [ 75.906181945348038, 29.754089866932809 ], [ 75.898723843132814, 29.746267619934017 ], [ 75.870188495526691, 29.749234679140454 ], [ 75.866621577075932, 29.766497569068825 ], [ 75.837113433528685, 29.794280032547299 ], [ 75.83549210696016, 29.812352120441062 ], [ 75.827709739431214, 29.810463991855148 ], [ 75.815711922824107, 29.804260140787139 ], [ 75.811496473745933, 29.806418002028185 ], [ 75.779394207689052, 29.822332228680903 ], [ 75.779069942375344, 29.822062496025772 ], [ 75.757019901043336, 29.805069338752531 ], [ 75.756695635729628, 29.805339071407662 ], [ 75.756047105102226, 29.805069338752531 ], [ 75.72070218590828, 29.813431051061585 ], [ 75.77323316672863, 29.834739930816919 ], [ 75.775503023924571, 29.853351484020944 ], [ 75.757344166357043, 29.86144346367487 ], [ 75.764153737944866, 29.918357053907467 ], [ 75.732375737201693, 29.934810745870447 ], [ 75.708704369301159, 29.934541013215316 ], [ 75.705461716164109, 29.918626786562598 ], [ 75.675629307303169, 29.908916410977891 ], [ 75.663955756009756, 29.931034488698618 ], [ 75.640932918736638, 29.936968607111496 ], [ 75.647418225010753, 29.983632356449125 ], [ 75.687951389223983, 30.012493750548117 ], [ 75.687951389223983, 30.017618670995603 ], [ 75.675953572616862, 30.037309154820154 ], [ 75.674007980734629, 30.039736748716329 ], [ 75.648715286265571, 30.02328305675335 ], [ 75.638014530913281, 30.029486907821358 ], [ 75.639960122795515, 30.065900816264019 ], [ 75.622449795855402, 30.084782102123174 ], [ 75.654227796598576, 30.114992159497824 ], [ 75.634123347148815, 30.116071090118346 ], [ 75.625368183678745, 30.142774622976297 ], [ 75.605587999542692, 30.136031306598028 ], [ 75.576728386622875, 30.14385355359682 ], [ 75.576404121309167, 30.144393018907081 ], [ 75.555326875918283, 30.17730040283304 ], [ 75.557272467800516, 30.195642223381935 ], [ 75.557272467800516, 30.19780008462298 ], [ 75.585159284779223, 30.216141905171874 ], [ 75.583862223524392, 30.22827987465276 ], [ 75.613694632385346, 30.2172208357924 ], [ 75.648391020951863, 30.23799025023747 ], [ 75.680493287008744, 30.239878378823384 ], [ 75.691194042361047, 30.230168003238678 ], [ 75.687627123910275, 30.239608646168254 ], [ 75.72880881875092, 30.273325228059605 ], [ 75.675305041989461, 30.28789079143667 ], [ 75.673683715420921, 30.290048652677715 ], [ 75.666549878519405, 30.297601167021377 ], [ 75.655524857853393, 30.310008869157393 ], [ 75.654876327225992, 30.321337640672887 ], [ 75.654227796598576, 30.333475610153773 ], [ 75.653903531284868, 30.337251867325605 ], [ 75.658767510990458, 30.336442669360213 ], [ 75.684060205459517, 30.35154769804754 ], [ 75.665901347891989, 30.387961606490197 ], [ 75.669792531656455, 30.420059792450761 ], [ 75.64644542906963, 30.440829206895835 ], [ 75.672386654166104, 30.458631562134467 ], [ 75.675305041989461, 30.472657660201268 ], [ 75.658118980363042, 30.480749639855194 ], [ 75.658767510990458, 30.495584935887386 ], [ 75.68016902169505, 30.510420231919582 ], [ 75.652282204716343, 30.543057883190407 ], [ 75.684708736086932, 30.590261097838297 ], [ 75.684384470773225, 30.590530830493428 ] ] ] } },
{ "type": "Feature", "properties": { "dt_code": "054", "district": "Barnala", "st_code": "03", "year": "2011_c", "st_nm": "Punjab" }, "geometry": { "type": "Polygon", "coordinates": [ [ [ 75.297535951522107, 30.516893815642721 ], [ 75.31731613565816, 30.533886972915962 ], [ 75.329962482892697, 30.527683121847954 ], [ 75.334826462598286, 30.520939805469681 ], [ 75.359146361126221, 30.51365702378115 ], [ 75.360443422381053, 30.513117558470888 ], [ 75.360767687694747, 30.513117558470888 ], [ 75.400003790653159, 30.528222587158215 ], [ 75.419459709475518, 30.548722268948154 ], [ 75.404219239731347, 30.566254891531656 ], [ 75.408758954123229, 30.584057246770289 ], [ 75.431457526082639, 30.58432697942542 ], [ 75.465829649335461, 30.605635859180754 ], [ 75.49598632351011, 30.598622810147354 ], [ 75.487555425353747, 30.582978316149767 ], [ 75.501498833843101, 30.573537673220187 ], [ 75.528737120194393, 30.585136177390815 ], [ 75.528737120194393, 30.585136177390815 ], [ 75.529061385508101, 30.584866444735681 ], [ 75.532304038645165, 30.567873287462444 ], [ 75.535546691782216, 30.570300881358619 ], [ 75.548841569644168, 30.58028098959846 ], [ 75.578998243818816, 30.569761416048358 ], [ 75.603966672974167, 30.594307087665261 ], [ 75.626665244933577, 30.600780671388399 ], [ 75.654876327225992, 30.591070295803689 ], [ 75.661361633500107, 30.594576820320391 ], [ 75.684384470773225, 30.590530830493428 ], [ 75.684708736086932, 30.590261097838297 ], [ 75.652282204716343, 30.543057883190407 ], [ 75.68016902169505, 30.510420231919582 ], [ 75.658767510990458, 30.495584935887386 ], [ 75.658118980363042, 30.480749639855194 ], [ 75.675305041989461, 30.472657660201268 ], [ 75.672386654166104, 30.458631562134467 ], [ 75.64644542906963, 30.440829206895835 ], [ 75.669792531656455, 30.420059792450761 ], [ 75.665901347891989, 30.387961606490197 ], [ 75.684060205459517, 30.35154769804754 ], [ 75.658767510990458, 30.336442669360213 ], [ 75.653903531284868, 30.337251867325605 ], [ 75.654227796598576, 30.333475610153773 ], [ 75.654876327225992, 30.321337640672887 ], [ 75.655524857853393, 30.310008869157393 ], [ 75.666549878519405, 30.297601167021377 ], [ 75.673683715420921, 30.290048652677715 ], [ 75.675305041989461, 30.28789079143667 ], [ 75.72880881875092, 30.273325228059605 ], [ 75.687627123910275, 30.239608646168254 ], [ 75.691194042361047, 30.230168003238678 ], [ 75.680493287008744, 30.239878378823384 ], [ 75.648391020951863, 30.23799025023747 ], [ 75.613694632385346, 30.2172208357924 ], [ 75.583862223524392, 30.22827987465276 ], [ 75.585159284779223, 30.216141905171874 ], [ 75.557272467800516, 30.19780008462298 ], [ 75.557272467800516, 30.195642223381935 ], [ 75.555326875918283, 30.17730040283304 ], [ 75.576404121309167, 30.144393018907081 ], [ 75.564406304702047, 30.147899543423783 ], [ 75.563433508760923, 30.147090345458391 ], [ 75.54851730433046, 30.137649702528812 ], [ 75.533601099899983, 30.147090345458391 ], [ 75.519981956724337, 30.145202216872473 ], [ 75.501823099156809, 30.149787672009698 ], [ 75.49112234380452, 30.162195374145714 ], [ 75.46453258808063, 30.192675164175494 ], [ 75.46355979213952, 30.194023827451151 ], [ 75.462911261512104, 30.194023827451151 ], [ 75.416217056338454, 30.186201580452355 ], [ 75.390275831241993, 30.208589390828212 ], [ 75.378278014634873, 30.20076714382942 ], [ 75.373738300242991, 30.19806981727811 ], [ 75.369198585851109, 30.20049741117429 ], [ 75.371144177733342, 30.202385539760204 ], [ 75.359794891753637, 30.205622331621775 ], [ 75.376980953380041, 30.22827987465276 ], [ 75.363686075518103, 30.241227042099041 ], [ 75.371144177733342, 30.261187258578719 ], [ 75.361416218322162, 30.267660842301858 ], [ 75.364010340831811, 30.282226405678923 ], [ 75.364010340831811, 30.282226405678923 ], [ 75.341960299499817, 30.285463197540491 ], [ 75.346500013891699, 30.300298493572686 ], [ 75.334177931970871, 30.306502344640695 ], [ 75.317964666285576, 30.30461421605478 ], [ 75.316991870344452, 30.311087799777919 ], [ 75.315370543775927, 30.327541491740895 ], [ 75.345202952636868, 30.337251867325605 ], [ 75.324449972559691, 30.350738500082144 ], [ 75.333529401343455, 30.377981498250357 ], [ 75.305318319051054, 30.378790696215749 ], [ 75.305318319051054, 30.418171663864847 ], [ 75.282944012405338, 30.441908137516357 ], [ 75.265109420151518, 30.436513484413741 ], [ 75.253760134171813, 30.463756482581953 ], [ 75.297535951522107, 30.516893815642721 ] ] ] } },
{ "type": "Feature", "properties": { "dt_code": "046", "district": "Bathinda", "st_code": "03", "year": "2011_c", "st_nm": "Punjab" }, "geometry": { "type": "Polygon", "coordinates": [ [ [ 75.02061337361728, 30.490999480750162 ], [ 75.032286924910693, 30.504216380851574 ], [ 75.061795068457926, 30.501519054300264 ], [ 75.084817905731043, 30.531998844330044 ], [ 75.12826945776763, 30.522288468745337 ], [ 75.121135620866113, 30.561669436394432 ], [ 75.146428315335172, 30.581899385529244 ], [ 75.165235703530101, 30.579202058977934 ], [ 75.179503377333162, 30.551689328154595 ], [ 75.181773234529103, 30.510420231919582 ], [ 75.19441958176364, 30.508262370678533 ], [ 75.201877683978864, 30.507183440058011 ], [ 75.211929908703752, 30.51635435033246 ], [ 75.227494643761631, 30.507722905368272 ], [ 75.262191032328161, 30.520939805469681 ], [ 75.287807992110928, 30.508801835988795 ], [ 75.297535951522107, 30.516893815642721 ], [ 75.253760134171813, 30.463756482581953 ], [ 75.265109420151518, 30.436513484413741 ], [ 75.282944012405338, 30.441908137516357 ], [ 75.305318319051054, 30.418171663864847 ], [ 75.305318319051054, 30.378790696215749 ], [ 75.333529401343455, 30.377981498250357 ], [ 75.324449972559691, 30.350738500082144 ], [ 75.345202952636868, 30.337251867325605 ], [ 75.315370543775927, 30.327541491740895 ], [ 75.316991870344452, 30.311087799777919 ], [ 75.317964666285576, 30.30461421605478 ], [ 75.334177931970871, 30.306502344640695 ], [ 75.346500013891699, 30.300298493572686 ], [ 75.341960299499817, 30.285463197540491 ], [ 75.364010340831811, 30.282226405678923 ], [ 75.364010340831811, 30.282226405678923 ], [ 75.361416218322162, 30.267660842301858 ], [ 75.371144177733342, 30.261187258578719 ], [ 75.363686075518103, 30.241227042099041 ], [ 75.376980953380041, 30.22827987465276 ], [ 75.359794891753637, 30.205622331621775 ], [ 75.371144177733342, 30.202385539760204 ], [ 75.369198585851109, 30.20049741117429 ], [ 75.358173565185112, 30.188089709038273 ], [ 75.357525034557696, 30.187280511072878 ], [ 75.357200769243988, 30.187010778417747 ], [ 75.358822095812513, 30.164353235386763 ], [ 75.358822095812513, 30.163004572111106 ], [ 75.357849299871404, 30.162734839455975 ], [ 75.344554422009452, 30.159498047594408 ], [ 75.343581626068342, 30.146281147492996 ], [ 75.353309585479522, 30.142235157666036 ], [ 75.344554422009452, 30.131176118805673 ], [ 75.344554422009452, 30.131176118805673 ], [ 75.312776421266278, 30.112025100291387 ], [ 75.285538134914987, 30.116340822773477 ], [ 75.252787338230689, 30.105281783913114 ], [ 75.261866767014453, 30.060506163161403 ], [ 75.275810175503807, 30.058078569265223 ], [ 75.25019321572104, 30.032184234372668 ], [ 75.260245440445928, 30.016000275064819 ], [ 75.28164695115052, 30.011414819927595 ], [ 75.289105053365759, 30.022473858787958 ], [ 75.301102869972866, 30.020585730202043 ], [ 75.274188848935282, 29.996040058585141 ], [ 75.280998420523105, 29.979316633967031 ], [ 75.250841746348456, 29.982823158483729 ], [ 75.236898337859103, 29.959895882797611 ], [ 75.200904888037755, 29.977967970691378 ], [ 75.182746030470227, 29.970145723692582 ], [ 75.183394561097629, 29.941554062248716 ], [ 75.172045275117924, 29.928067429492177 ], [ 75.18469162235246, 29.916199192666422 ], [ 75.187934275489525, 29.889495659808471 ], [ 75.217442419036757, 29.883022076085332 ], [ 75.218090949664159, 29.864410522881307 ], [ 75.217442419036757, 29.863871057571046 ], [ 75.21225417401746, 29.860094800399214 ], [ 75.190852663312867, 29.84445030640163 ], [ 75.16782982603975, 29.827457149128389 ], [ 75.165559968843809, 29.826108485852735 ], [ 75.165559968843809, 29.825569020542474 ], [ 75.159074662569694, 29.801293081580699 ], [ 75.16685703009864, 29.784569656962589 ], [ 75.150968029727053, 29.775668479343274 ], [ 75.135079029355467, 29.807227199993577 ], [ 75.10070690610263, 29.807227199993577 ], [ 75.101355436730046, 29.821523030715511 ], [ 75.118865763670172, 29.831503138955352 ], [ 75.118541498356464, 29.831772871610482 ], [ 75.090006150750341, 29.853890949331205 ], [ 75.114650314591984, 29.878706353603242 ], [ 75.099409844847813, 29.911344004874067 ], [ 75.098761314220397, 29.91269266814972 ], [ 75.096815722338164, 29.913232133459985 ], [ 75.093573069201113, 29.914041331425377 ], [ 75.086763497613276, 29.91538999470103 ], [ 75.06990170130058, 29.877087957672455 ], [ 75.046878864027462, 29.885179937326381 ], [ 75.022558965499513, 29.866298651467222 ], [ 74.997266271030455, 29.867377582087748 ], [ 74.978783148149219, 29.894081114945696 ], [ 74.949599269915694, 29.906219084426581 ], [ 74.926576432642577, 29.950185507212904 ], [ 74.898365350350161, 29.941554062248716 ], [ 74.903229330055751, 29.952073635798818 ], [ 74.88798886031158, 29.967178664486145 ], [ 74.855238063627283, 29.956389358280912 ], [ 74.838376267314572, 29.971224654313104 ], [ 74.82086594037446, 29.970954921657974 ], [ 74.824432858825219, 29.98579021769017 ], [ 74.812110776904404, 29.991994068758178 ], [ 74.811462246276989, 29.992263801413308 ], [ 74.779359980220107, 29.9720338522785 ], [ 74.731368713791639, 29.961514278728398 ], [ 74.706724549949996, 29.976889040070851 ], [ 74.705103223381457, 29.974731178829806 ], [ 74.700563508989575, 29.987138880965823 ], [ 74.717101039988577, 30.013302948513513 ], [ 74.694402468029168, 30.033532897648321 ], [ 74.704778958067749, 30.064552152988362 ], [ 74.67624361046164, 30.081545310261603 ], [ 74.683053182049463, 30.109867239050338 ], [ 74.64868105879664, 30.110406704360599 ], [ 74.629225139974281, 30.129557722874889 ], [ 74.656139161011879, 30.163004572111106 ], [ 74.686295835186527, 30.167859759903461 ], [ 74.703157631499224, 30.160037512904669 ], [ 74.734935632242397, 30.175142541591992 ], [ 74.734287101614996, 30.192405431520363 ], [ 74.71191279496928, 30.196990886657588 ], [ 74.725531938144925, 30.229898270583547 ], [ 74.718073835929701, 30.248509823787572 ], [ 74.734287101614996, 30.278719881162221 ], [ 74.752121693868816, 30.287081593471278 ], [ 74.724234876890108, 30.30866020588174 ], [ 74.785196755866821, 30.336712402015344 ], [ 74.702509100871808, 30.356133153184761 ], [ 74.699914978362173, 30.356672618495022 ], [ 74.7239106115764, 30.366113261424601 ], [ 74.792006327454644, 30.336982134670475 ], [ 74.821838736315584, 30.392816794282552 ], [ 74.821838736315584, 30.392816794282552 ], [ 74.85329247174505, 30.37528417169905 ], [ 74.875342513077044, 30.389580002420981 ], [ 74.921388187623279, 30.366382994079732 ], [ 74.961597086522815, 30.388770804455589 ], [ 74.970676515306579, 30.404685031108308 ], [ 74.995969209775637, 30.404685031108308 ], [ 75.018992047048755, 30.384455081973496 ], [ 75.032935455538109, 30.381488022767059 ], [ 75.043960476204106, 30.381757755422189 ], [ 75.052391374360454, 30.409540218900659 ], [ 75.022883230813221, 30.4265333761739 ], [ 75.020937638930988, 30.442177870171488 ], [ 75.034232516792926, 30.458361829479337 ], [ 75.054012700928993, 30.458631562134467 ], [ 75.02061337361728, 30.490999480750162 ] ] ] } },
{ "type": "Feature", "properties": { "dt_code": "048", "district": "Patiala", "st_code": "03", "year": "2011_c", "st_nm": "Punjab" }, "geometry": { "type": "Polygon", "coordinates": [ [ [ 76.634481839931453, 30.619392224592424 ], [ 76.643885534028925, 30.628023669556612 ], [ 76.648425248420807, 30.62451714503991 ], [ 76.665611310047211, 30.611030512283371 ], [ 76.663017187537577, 30.583248048804897 ], [ 76.689282677947745, 30.593767622354999 ], [ 76.686364290124388, 30.576234999771497 ], [ 76.690579739202576, 30.572189009944534 ], [ 76.695119453594458, 30.571379811979142 ], [ 76.699010637358924, 30.572728475254795 ], [ 76.703226086437098, 30.58702430597673 ], [ 76.718790821494977, 30.589991365183167 ], [ 76.733707025925455, 30.573267940565056 ], [ 76.751541618179274, 30.596464948906306 ], [ 76.766133557296044, 30.603208265284579 ], [ 76.772943128883867, 30.61049104697311 ], [ 76.775861516707209, 30.6077937204218 ], [ 76.78785933331433, 30.597274146871701 ], [ 76.761918108217856, 30.559241842498256 ], [ 76.769051945119386, 30.551689328154595 ], [ 76.751865883492982, 30.552228793464856 ], [ 76.751541618179274, 30.54710387301737 ], [ 76.753487210061508, 30.536584299467268 ], [ 76.786886537373221, 30.519051676883766 ], [ 76.769051945119386, 30.503407182886178 ], [ 76.765485026668628, 30.475354986752578 ], [ 76.7531629447478, 30.469690600994831 ], [ 76.758351189767097, 30.451079047790806 ], [ 76.7473261691011, 30.43597401910348 ], [ 76.747974699728516, 30.42923070272521 ], [ 76.741165128140693, 30.426263643518769 ], [ 76.738895270944752, 30.413046743417361 ], [ 76.739868066885862, 30.411158614831447 ], [ 76.738246740317337, 30.410619149521185 ], [ 76.719763617436101, 30.403875833142912 ], [ 76.714575372416803, 30.401987704556998 ], [ 76.714251107103095, 30.400639041281345 ], [ 76.717169494926452, 30.382836686042712 ], [ 76.718790821494977, 30.380139359491402 ], [ 76.731112903415806, 30.37959989418114 ], [ 76.719763617436101, 30.363415934873295 ], [ 76.745380577218867, 30.368001390010516 ], [ 76.748623230355918, 30.352087163357801 ], [ 76.711008453966045, 30.325923095810111 ], [ 76.688634147320329, 30.327271759085765 ], [ 76.681824575732506, 30.31135753243305 ], [ 76.635454635872563, 30.289509187367454 ], [ 76.623456819265456, 30.264693783095421 ], [ 76.614377390481692, 30.272516030094213 ], [ 76.5929758797771, 30.26172672388898 ], [ 76.583896450993336, 30.270358168853168 ], [ 76.559576552465387, 30.263345119819764 ], [ 76.561846409661328, 30.241496774754172 ], [ 76.55017285836793, 30.225312815446323 ], [ 76.55244271556387, 30.225312815446323 ], [ 76.585517777561861, 30.248509823787572 ], [ 76.592327349149684, 30.253095278924796 ], [ 76.596218532914165, 30.255792605476103 ], [ 76.600433981992339, 30.252016348304274 ], [ 76.602379573874572, 30.250397952373486 ], [ 76.603676635129389, 30.249319021752964 ], [ 76.596218532914165, 30.237450784927209 ], [ 76.627348003029923, 30.223964152170669 ], [ 76.61567445173651, 30.209128856138474 ], [ 76.653289228126397, 30.201036876484551 ], [ 76.655883350636046, 30.184313451866441 ], [ 76.641291411519276, 30.169747888489375 ], [ 76.62864506428474, 30.178649066108694 ], [ 76.644858329970035, 30.187550243728008 ], [ 76.636427431813686, 30.196721154002457 ], [ 76.614053125167985, 30.204543401001249 ], [ 76.599785451364923, 30.184852917176702 ], [ 76.633184778676622, 30.167050561938069 ], [ 76.642588472774094, 30.150327137319959 ], [ 76.641939942146692, 30.150057404664828 ], [ 76.642264207460386, 30.149787672009698 ], [ 76.63837302369592, 30.146281147492996 ], [ 76.599461186051215, 30.112564565601648 ], [ 76.576438348778098, 30.110136971705469 ], [ 76.545633143976033, 30.124972267737665 ], [ 76.539472103015626, 30.108248843119554 ], [ 76.576762614091805, 30.101505526741285 ], [ 76.546281674603449, 30.075880924503856 ], [ 76.511909551350627, 30.072104667332027 ], [ 76.504775714449096, 30.092604349121967 ], [ 76.482725673117102, 30.09692007160406 ], [ 76.467485203372917, 30.099077932845105 ], [ 76.466512407431807, 30.099887130810497 ], [ 76.462945488981035, 30.100696328775893 ], [ 76.462621223667341, 30.104202853292591 ], [ 76.460027101157692, 30.129557722874889 ], [ 76.439598386394223, 30.133064247391587 ], [ 76.4386255904531, 30.133064247391587 ], [ 76.430194692296752, 30.147899543423783 ], [ 76.42889763104192, 30.150327137319959 ], [ 76.428573365728212, 30.15086660263022 ], [ 76.440571182335333, 30.165971631317547 ], [ 76.421115263512988, 30.192135698865233 ], [ 76.420142467571864, 30.191865966210102 ], [ 76.387067405573859, 30.170557086454771 ], [ 76.410090242846977, 30.145202216872473 ], [ 76.391282854652047, 30.134952375977502 ], [ 76.400038018122103, 30.116610555428608 ], [ 76.362098976418508, 30.12011707994531 ], [ 76.350425425125096, 30.146820612803261 ], [ 76.333563628812399, 30.138189167839073 ], [ 76.360153384536275, 30.12011707994531 ], [ 76.344264384164688, 30.100966061431023 ], [ 76.321890077518987, 30.095031943018146 ], [ 76.296597383049928, 30.114452694187563 ], [ 76.285248097070223, 30.106090981878509 ], [ 76.253794361640743, 30.121735475876093 ], [ 76.234662708132106, 30.144932484217343 ], [ 76.207748687094508, 30.156530988387967 ], [ 76.224610483407218, 30.12713012897871 ], [ 76.216828115878272, 30.110136971705469 ], [ 76.238229626582864, 30.105551516568244 ], [ 76.253470096327035, 30.088828091950138 ], [ 76.213585462741221, 30.031644769062407 ], [ 76.213261197427514, 30.022743591443088 ], [ 76.232717116249859, 30.016000275064819 ], [ 76.210018544290449, 30.005210968859586 ], [ 76.205803095212275, 29.974461446174676 ], [ 76.172079502586868, 29.926179300906263 ], [ 76.187644237644747, 29.920784647803647 ], [ 76.185698645762514, 29.892462719014912 ], [ 76.193481013291461, 29.885719402636642 ], [ 76.210667074917865, 29.891383788394389 ], [ 76.246660524739212, 29.876009027051932 ], [ 76.246660524739212, 29.87519982908654 ], [ 76.245363463484395, 29.863331592260785 ], [ 76.244390667543271, 29.854969879951732 ], [ 76.244066402229578, 29.854969879951732 ], [ 76.23401417750469, 29.852002820745291 ], [ 76.224934748720926, 29.849575226849115 ], [ 76.221692095583862, 29.846338434987544 ], [ 76.220395034329044, 29.837976722678491 ], [ 76.214882523996039, 29.839595118609274 ], [ 76.214882523996039, 29.839595118609274 ], [ 76.198993523624452, 29.84445030640163 ], [ 76.197696462369635, 29.84472003905676 ], [ 76.177267747606166, 29.822062496025772 ], [ 76.173700829155393, 29.818016506198809 ], [ 76.145489746862978, 29.819095436819332 ], [ 76.120845583021335, 29.793470834581907 ], [ 76.119548521766518, 29.792391903961384 ], [ 76.116305868629453, 29.796707626443478 ], [ 76.098795541689341, 29.810194259200017 ], [ 76.106577909218274, 29.815588912302633 ], [ 76.110469092982754, 29.81828623885394 ], [ 76.122791174903568, 29.857397473847907 ], [ 76.06507194906392, 29.84175297985032 ], [ 76.055019724339047, 29.870614373949316 ], [ 76.032969683007039, 29.882482610775071 ], [ 76.019999070458809, 29.868995978018532 ], [ 76.011892437616154, 29.890574590428997 ], [ 75.983357090010045, 29.906488817081712 ], [ 75.98984239628416, 29.94560005207568 ], [ 76.026484376732924, 29.959895882797611 ], [ 76.026808642046632, 29.972303584933631 ], [ 76.006704192596871, 29.983632356449125 ], [ 76.042049111790803, 30.027598779235444 ], [ 76.041400581163401, 30.048098461025386 ], [ 76.051777071201982, 30.049447124301039 ], [ 76.043670438359342, 30.052414183507477 ], [ 76.05696531622128, 30.066710014229411 ], [ 76.087446255709636, 30.054841777403656 ], [ 76.080960949435507, 30.06374295502297 ], [ 76.104632317336041, 30.10366338798233 ], [ 76.097174215120802, 30.116340822773477 ], [ 76.096849949807108, 30.116071090118346 ], [ 76.093931561983752, 30.115531624808085 ], [ 76.079339622866982, 30.112025100291387 ], [ 76.083555071945156, 30.119847347290179 ], [ 76.071881520651743, 30.124432802427403 ], [ 76.079015357553274, 30.136031306598028 ], [ 76.062477826554272, 30.144662751562212 ], [ 76.073502847220283, 30.151945533250743 ], [ 76.049182948692334, 30.186741045762616 ], [ 76.065396214377628, 30.208589390828212 ], [ 76.077718296298457, 30.225043082791192 ], [ 76.106577909218274, 30.220457627653968 ], [ 76.107226439845689, 30.220997092964229 ], [ 76.122791174903568, 30.237450784927209 ], [ 76.138031644647754, 30.233404795100245 ], [ 76.153596379705633, 30.247970358477311 ], [ 76.166242726940155, 30.239878378823384 ], [ 76.182780257939157, 30.256871536096625 ], [ 76.182455992625449, 30.275213356645519 ], [ 76.19445380923257, 30.272516030094213 ], [ 76.203857503330042, 30.283575068954576 ], [ 76.179861870115801, 30.308390473226609 ], [ 76.167215522881278, 30.302456354813732 ], [ 76.166891257567571, 30.320798175362626 ], [ 76.133491930255872, 30.312166730398442 ], [ 76.111117623610156, 30.321607373328018 ], [ 76.088094786337038, 30.310008869157393 ], [ 76.047885887437516, 30.338870263256389 ], [ 76.023565988909567, 30.326462561120373 ], [ 75.987896804401927, 30.339949193876915 ], [ 75.989193865656745, 30.368810587975908 ], [ 76.010919641675045, 30.364225132838687 ], [ 76.035888070830396, 30.401987704556998 ], [ 76.031672621752222, 30.408731020935267 ], [ 76.052749867143106, 30.427612306794426 ], [ 76.049507214006042, 30.435704286448349 ], [ 76.088094786337038, 30.458092096824206 ], [ 76.063450622495395, 30.488571886853986 ], [ 76.080960949435507, 30.502058519610525 ], [ 76.089067582278162, 30.533886972915962 ], [ 76.085824929141097, 30.536854032122399 ], [ 76.085824929141097, 30.53712376477753 ], [ 76.107226439845689, 30.529571250433868 ], [ 76.107874970473105, 30.529301517778737 ], [ 76.119872787080226, 30.545485477086586 ], [ 76.136086052765506, 30.52363713202099 ], [ 76.154244910333048, 30.544406546466064 ], [ 76.165594196312753, 30.535235636191615 ], [ 76.173052298527978, 30.54710387301737 ], [ 76.183104523252865, 30.541439487259623 ], [ 76.229474463112808, 30.570031148703489 ], [ 76.244390667543271, 30.549801199568677 ], [ 76.256388484150392, 30.567333822152179 ], [ 76.283626770501684, 30.544946011776325 ], [ 76.328375383793102, 30.540360556639101 ], [ 76.328051118479394, 30.498821727748957 ], [ 76.352371017007329, 30.460249958065251 ], [ 76.382203425868283, 30.471578729580745 ], [ 76.406523324396218, 30.448381721239496 ], [ 76.406847589709926, 30.448111988584365 ], [ 76.417224079748507, 30.464026215237084 ], [ 76.43051895761046, 30.448651453894627 ], [ 76.434410141374926, 30.443796266102272 ], [ 76.459378570530276, 30.459440760099859 ], [ 76.469106529941456, 30.454585572307504 ], [ 76.470403591196273, 30.47373659082179 ], [ 76.498614673488689, 30.464835413202476 ], [ 76.49115657127345, 30.519321409538897 ], [ 76.502505857253155, 30.527413389192823 ], [ 76.501208795998338, 30.550880130189203 ], [ 76.501208795998338, 30.551149862844333 ], [ 76.501208795998338, 30.550880130189203 ], [ 76.520340449506989, 30.536044834157007 ], [ 76.534932388623744, 30.559781307808517 ], [ 76.574817022209572, 30.566794356841918 ], [ 76.595570002286749, 30.594576820320391 ], [ 76.62864506428474, 30.614267304144938 ], [ 76.631239186794389, 30.616694898041118 ], [ 76.634481839931453, 30.619392224592424 ] ] ] } },
{ "type": "Feature", "properties": { "dt_code": "047", "district": "Mansa", "st_code": "03", "year": "2011_c", "st_nm": "Punjab" }, "geometry": { "type": "Polygon", "coordinates": [ [ [ 75.576404121309167, 30.144393018907081 ], [ 75.576728386622875, 30.14385355359682 ], [ 75.605587999542692, 30.136031306598028 ], [ 75.625368183678745, 30.142774622976297 ], [ 75.634123347148815, 30.116071090118346 ], [ 75.654227796598576, 30.114992159497824 ], [ 75.622449795855402, 30.084782102123174 ], [ 75.639960122795515, 30.065900816264019 ], [ 75.638014530913281, 30.029486907821358 ], [ 75.648715286265571, 30.02328305675335 ], [ 75.674007980734629, 30.039736748716329 ], [ 75.675953572616862, 30.037309154820154 ], [ 75.687951389223983, 30.017618670995603 ], [ 75.687951389223983, 30.012493750548117 ], [ 75.647418225010753, 29.983632356449125 ], [ 75.640932918736638, 29.936968607111496 ], [ 75.663955756009756, 29.931034488698618 ], [ 75.675629307303169, 29.908916410977891 ], [ 75.705461716164109, 29.918626786562598 ], [ 75.708704369301159, 29.934541013215316 ], [ 75.732375737201693, 29.934810745870447 ], [ 75.764153737944866, 29.918357053907467 ], [ 75.757344166357043, 29.86144346367487 ], [ 75.775503023924571, 29.853351484020944 ], [ 75.77323316672863, 29.834739930816919 ], [ 75.72070218590828, 29.813431051061585 ], [ 75.703516124281862, 29.753820134277678 ], [ 75.701246267085921, 29.754089866932809 ], [ 75.677574899185402, 29.776477677308666 ], [ 75.677250633871694, 29.776477677308666 ], [ 75.663631490696048, 29.775938211998405 ], [ 75.64644542906963, 29.775398746688143 ], [ 75.64547263312852, 29.775129014033013 ], [ 75.641905714677748, 29.774319816067621 ], [ 75.635096143089925, 29.772431687481703 ], [ 75.626016714306161, 29.748425481175062 ], [ 75.625043918365051, 29.7478860158648 ], [ 75.605263734228984, 29.751932005691764 ], [ 75.579971039759926, 29.739524303555747 ], [ 75.562136447506106, 29.770273826240658 ], [ 75.537816548978157, 29.773240885447098 ], [ 75.522900344547693, 29.758405589414902 ], [ 75.519009160783227, 29.775668479343274 ], [ 75.518684895469519, 29.775668479343274 ], [ 75.517387834214688, 29.776477677308666 ], [ 75.461289934943579, 29.807766665303838 ], [ 75.460317139002456, 29.804799606097401 ], [ 75.453831832728341, 29.782142063066413 ], [ 75.416865586965869, 29.770813291550919 ], [ 75.413947199142513, 29.770004093585527 ], [ 75.413298668515111, 29.767576499689351 ], [ 75.404867770358749, 29.738984838245486 ], [ 75.388330239359746, 29.730083660626168 ], [ 75.388330239359746, 29.730083660626168 ], [ 75.392221423124226, 29.713360236008057 ], [ 75.373089769615575, 29.713360236008057 ], [ 75.345851483264283, 29.696097346079686 ], [ 75.360119157067345, 29.662650496843469 ], [ 75.333529401343455, 29.672900337738437 ], [ 75.333205136029747, 29.673170070393567 ], [ 75.329313952265281, 29.662650496843469 ], [ 75.317640400971868, 29.633519370089342 ], [ 75.295914624953582, 29.625157657780285 ], [ 75.295914624953582, 29.625157657780285 ], [ 75.294941829012458, 29.623269529194371 ], [ 75.289429318679453, 29.608434233162175 ], [ 75.289753583993161, 29.608434233162175 ], [ 75.319910258167809, 29.587395086061974 ], [ 75.303696992482514, 29.560961285859154 ], [ 75.303048461855099, 29.559612622583501 ], [ 75.303048461855099, 29.559612622583501 ], [ 75.280998420523105, 29.561500751169415 ], [ 75.273216052994158, 29.549902246998791 ], [ 75.235277011290577, 29.54208 ], [ 75.238519664427642, 29.558803424618109 ], [ 75.221657868114931, 29.580382037028574 ], [ 75.235277011290577, 29.603039580059558 ], [ 75.183070295783935, 29.628394449641856 ], [ 75.187610010175817, 29.651861190638236 ], [ 75.168478356667165, 29.666696486670428 ], [ 75.206741663684454, 29.687465901115502 ], [ 75.201229153351463, 29.723610076903029 ], [ 75.206093133057053, 29.733320452487739 ], [ 75.209011520880395, 29.737096709659568 ], [ 75.226197582506813, 29.729004730005645 ], [ 75.241438052250984, 29.75058334241611 ], [ 75.240789521623583, 29.752201738346894 ], [ 75.226197582506813, 29.789155112099813 ], [ 75.208687255566701, 29.793201101926776 ], [ 75.210632847448935, 29.832312336920744 ], [ 75.190528397999159, 29.842562177815712 ], [ 75.190852663312867, 29.84445030640163 ], [ 75.21225417401746, 29.860094800399214 ], [ 75.217442419036757, 29.863871057571046 ], [ 75.218090949664159, 29.864410522881307 ], [ 75.217442419036757, 29.883022076085332 ], [ 75.187934275489525, 29.889495659808471 ], [ 75.18469162235246, 29.916199192666422 ], [ 75.172045275117924, 29.928067429492177 ], [ 75.183394561097629, 29.941554062248716 ], [ 75.182746030470227, 29.970145723692582 ], [ 75.200904888037755, 29.977967970691378 ], [ 75.236898337859103, 29.959895882797611 ], [ 75.250841746348456, 29.982823158483729 ], [ 75.280998420523105, 29.979316633967031 ], [ 75.274188848935282, 29.996040058585141 ], [ 75.301102869972866, 30.020585730202043 ], [ 75.289105053365759, 30.022473858787958 ], [ 75.28164695115052, 30.011414819927595 ], [ 75.260245440445928, 30.016000275064819 ], [ 75.25019321572104, 30.032184234372668 ], [ 75.275810175503807, 30.058078569265223 ], [ 75.261866767014453, 30.060506163161403 ], [ 75.252787338230689, 30.105281783913114 ], [ 75.285538134914987, 30.116340822773477 ], [ 75.312776421266278, 30.112025100291387 ], [ 75.344554422009452, 30.131176118805673 ], [ 75.344554422009452, 30.131176118805673 ], [ 75.353309585479522, 30.142235157666036 ], [ 75.343581626068342, 30.146281147492996 ], [ 75.344554422009452, 30.159498047594408 ], [ 75.357849299871404, 30.162734839455975 ], [ 75.358822095812513, 30.163004572111106 ], [ 75.358822095812513, 30.164353235386763 ], [ 75.357200769243988, 30.187010778417747 ], [ 75.357525034557696, 30.187280511072878 ], [ 75.358173565185112, 30.188089709038273 ], [ 75.369198585851109, 30.20049741117429 ], [ 75.373738300242991, 30.19806981727811 ], [ 75.378278014634873, 30.20076714382942 ], [ 75.390275831241993, 30.208589390828212 ], [ 75.416217056338454, 30.186201580452355 ], [ 75.462911261512104, 30.194023827451151 ], [ 75.46355979213952, 30.194023827451151 ], [ 75.46453258808063, 30.192675164175494 ], [ 75.49112234380452, 30.162195374145714 ], [ 75.501823099156809, 30.149787672009698 ], [ 75.519981956724337, 30.145202216872473 ], [ 75.533601099899983, 30.147090345458391 ], [ 75.54851730433046, 30.137649702528812 ], [ 75.563433508760923, 30.147090345458391 ], [ 75.564406304702047, 30.147899543423783 ], [ 75.576404121309167, 30.144393018907081 ] ] ] } },
{ "type": "Feature", "properties": { "dt_code": "043", "district": "Ferozepur", "st_code": "03", "year": "2011_c", "st_nm": "Punjab" }, "geometry": { "type": "Polygon", "coordinates": [ [ [ 75.078656864770636, 31.147798495993669 ], [ 75.077035538202111, 31.134851328547391 ], [ 75.077035538202111, 31.13431186323713 ], [ 75.077035538202111, 31.13431186323713 ], [ 75.125999600571689, 31.121094963135718 ], [ 75.149022437844806, 31.095470360898293 ], [ 75.147725376589989, 31.091694103726461 ], [ 75.133781968100635, 31.073891748487828 ], [ 75.120162824924989, 31.081713995486624 ], [ 75.099409844847813, 31.07739827300453 ], [ 75.103949559239695, 31.066339234144166 ], [ 75.083520844476226, 31.068766828040342 ], [ 75.096491457024456, 31.058786719800505 ], [ 75.094221599828515, 31.04718821562988 ], [ 75.072820089123937, 31.046918482974746 ], [ 75.062119333771633, 31.06768789741982 ], [ 75.051742843733052, 31.062562976972334 ], [ 75.05303990498787, 31.042872493147787 ], [ 75.103301028612279, 31.015359762324444 ], [ 75.096167191710748, 30.991623288672933 ], [ 75.102976763298571, 30.972202537503517 ], [ 75.093897334514807, 30.975439329365084 ], [ 75.078332599456928, 30.946308202610957 ], [ 75.040717823067055, 30.922301996304316 ], [ 75.03034133302846, 30.896947126722022 ], [ 74.952193392425343, 30.891822206274536 ], [ 74.942465433014164, 30.877796108207736 ], [ 74.947005147406045, 30.828704764973928 ], [ 74.929170555152226, 30.797415776978756 ], [ 74.930791881720751, 30.789054064669699 ], [ 74.922685248878111, 30.785547540153001 ], [ 74.912957289466931, 30.76882411553489 ], [ 74.908741840388757, 30.736456196919193 ], [ 74.9058234525654, 30.736995662229454 ], [ 74.85815645145064, 30.743738978607727 ], [ 74.83545787949123, 30.770442511465674 ], [ 74.814056368786638, 30.767745184914368 ], [ 74.807246797198815, 30.78932379732483 ], [ 74.783575429298281, 30.794718450427446 ], [ 74.771253347377467, 30.815487864872519 ], [ 74.66327299791341, 30.834099418076544 ], [ 74.646411201600699, 30.818454924078956 ], [ 74.624036894954997, 30.836257279317589 ], [ 74.596474343289998, 30.809284013804511 ], [ 74.542322035901108, 30.792560589186401 ], [ 74.520920525196516, 30.770981976775936 ], [ 74.47163219751323, 30.749403364365474 ], [ 74.480063095669578, 30.673338755618587 ], [ 74.486548401943693, 30.672259824998061 ], [ 74.504382994197528, 30.668753300481363 ], [ 74.500167545119339, 30.666595439240314 ], [ 74.479414565042163, 30.659582390206914 ], [ 74.478766034414761, 30.656345598345347 ], [ 74.477793238473637, 30.653648271794037 ], [ 74.476171911905112, 30.646635222760636 ], [ 74.494006504158932, 30.637194579831057 ], [ 74.458013054337584, 30.62047115521295 ], [ 74.461904238102051, 30.608333185732061 ], [ 74.443096849907107, 30.623707947074518 ], [ 74.44017846208375, 30.626135540970694 ], [ 74.416507094183231, 30.613727838834677 ], [ 74.216111130312996, 30.69114111085722 ], [ 74.232648661311998, 30.724587960093437 ], [ 74.260859743604399, 30.722969564162653 ], [ 74.268317845819638, 30.734298335678147 ], [ 74.286152438073458, 30.735107533643539 ], [ 74.25988694766329, 30.772600372706723 ], [ 74.301717173131351, 30.779343689084993 ], [ 74.306905418150635, 30.78932379732483 ], [ 74.294907601543528, 30.794448717772315 ], [ 74.319876030698879, 30.827356101698275 ], [ 74.32052456132628, 30.846507120212561 ], [ 74.348087112991294, 30.854868832521618 ], [ 74.363327582735465, 30.847316318177953 ], [ 74.364624643990282, 30.857296426417793 ], [ 74.382134970930409, 30.860263485624234 ], [ 74.361057725539524, 30.873750118380773 ], [ 74.365921705245114, 30.892901136895059 ], [ 74.39737544067458, 30.909354828858039 ], [ 74.422668135143638, 30.907736432927255 ], [ 74.41034605322281, 30.923380926924839 ], [ 74.423640931084762, 30.920683600373533 ], [ 74.428829176104045, 30.931203173923635 ], [ 74.413588706359874, 30.929584777992847 ], [ 74.416507094183231, 30.94037408419808 ], [ 74.439529931456349, 30.941992480128867 ], [ 74.479738830355871, 30.974360398744562 ], [ 74.50405872888382, 30.964919755814982 ], [ 74.546537484979282, 30.992432486638325 ], [ 74.542322035901108, 31.017247890910358 ], [ 74.568263260997583, 31.054740729973542 ], [ 74.590313302329577, 31.049885542181187 ], [ 74.596798608603692, 31.037747572700301 ], [ 74.66651565105046, 31.052043403422232 ], [ 74.695699529283985, 31.074161481142959 ], [ 74.707697345891106, 31.072003619901913 ], [ 74.72066795843935, 31.101674211966301 ], [ 74.741420938516526, 31.103832073207347 ], [ 74.74174520383022, 31.118667369239542 ], [ 74.789087939631287, 31.129996140755036 ], [ 74.800437225610992, 31.11489111206771 ], [ 74.801734286865809, 31.129456675444775 ], [ 74.814380634100345, 31.137818387753828 ], [ 74.844213042961286, 31.132423734651212 ], [ 74.898041085036468, 31.160745663439947 ], [ 74.964839739659865, 31.153462881751416 ], [ 74.964839739659865, 31.153462881751416 ], [ 74.95997575995429, 31.147259030683408 ], [ 75.007318495755342, 31.121634428445979 ], [ 75.009264087637575, 31.12460148765242 ], [ 75.006669965127927, 31.145101169442359 ], [ 75.023856026754345, 31.156429940957853 ], [ 75.060822272516816, 31.145910367407751 ], [ 75.079305395398052, 31.152923416441155 ], [ 75.078656864770636, 31.147798495993669 ] ] ] } },
{ "type": "Feature", "properties": { "dt_code": "773", "district": "Pathankot", "st_code": "03", "year": "2011_c", "st_nm": "Punjab" }, "geometry": { "type": "Polygon", "coordinates": [ [ [ 75.600724019837102, 32.093211452227131 ], [ 75.600075489209686, 32.094829848157914 ], [ 75.594238713562987, 32.111553272776028 ], [ 75.582565162269574, 32.107507282949065 ], [ 75.587429141975164, 32.141223864840413 ], [ 75.551435692153817, 32.133401617841621 ], [ 75.543329059311162, 32.145809319977637 ], [ 75.506038548234983, 32.145269854667376 ], [ 75.480745853765924, 32.159835418044437 ], [ 75.434375913905981, 32.149046111839212 ], [ 75.442158281434928, 32.166848467077841 ], [ 75.420756770730335, 32.164151140526535 ], [ 75.400652321280575, 32.190315208074225 ], [ 75.379250810575982, 32.183302159040821 ], [ 75.32704409506934, 32.214051681725735 ], [ 75.371792708360758, 32.224571255275833 ], [ 75.370495647105926, 32.258287837167181 ], [ 75.381520667771923, 32.269077143372414 ], [ 75.371792708360758, 32.279866449577646 ], [ 75.34390589138205, 32.279057251612258 ], [ 75.350066932342457, 32.290116290472618 ], [ 75.320883054108933, 32.297399072161149 ], [ 75.334502197284579, 32.311425170227949 ], [ 75.341311768872401, 32.346220682739826 ], [ 75.430808995455223, 32.316010625365173 ], [ 75.431133260768931, 32.316010625365173 ], [ 75.467450975903986, 32.325451268294756 ], [ 75.46842377184511, 32.338937901051295 ], [ 75.489176751922287, 32.345950950084692 ], [ 75.494689262255278, 32.341095762292341 ], [ 75.480097323138523, 32.334352445914071 ], [ 75.482042915020756, 32.320326347847271 ], [ 75.512199589195404, 32.307918645711254 ], [ 75.503444425725334, 32.291734686403402 ], [ 75.518036364842104, 32.28148484550843 ], [ 75.525494467057342, 32.276090192405817 ], [ 75.531979773331457, 32.277978320991735 ], [ 75.533601099899983, 32.278517786301997 ], [ 75.534898161154814, 32.278787518957124 ], [ 75.542356263370053, 32.305760784470202 ], [ 75.539437875546696, 32.336240574499989 ], [ 75.559866590310165, 32.357009988945059 ], [ 75.596508570758928, 32.377779403390129 ], [ 75.686978593282873, 32.390456838181279 ], [ 75.711298491810808, 32.410956519971215 ], [ 75.722647777790513, 32.405561866868602 ], [ 75.728484553437227, 32.43253513238168 ], [ 75.743725023181398, 32.431995667071419 ], [ 75.729457349378336, 32.439008716104823 ], [ 75.728484553437227, 32.452765081516496 ], [ 75.775503023924571, 32.464363585687117 ], [ 75.776151554551987, 32.464903050997378 ], [ 75.779394207689052, 32.467060912238423 ], [ 75.832573719136803, 32.503474820681085 ], [ 75.83549210696016, 32.510218137059354 ], [ 75.836140637587576, 32.510757602369615 ], [ 75.843923005116508, 32.504014285991346 ], [ 75.901642230956156, 32.452765081516496 ], [ 75.932123170444513, 32.393963362697974 ], [ 75.874079679291157, 32.395851491283892 ], [ 75.873755413977449, 32.395581758628765 ], [ 75.847489923567281, 32.373733413563166 ], [ 75.844247270430216, 32.355931058324536 ], [ 75.811172208432225, 32.348648276636006 ], [ 75.815063392196691, 32.330306456087108 ], [ 75.797877330570273, 32.324642070329361 ], [ 75.770639044218981, 32.288767627196961 ], [ 75.638338796226989, 32.252083986099173 ], [ 75.617910081463521, 32.236709224756723 ], [ 75.617910081463521, 32.236709224756723 ], [ 75.636717469658464, 32.231314571654103 ], [ 75.638663061540697, 32.221873928724527 ], [ 75.626340979619869, 32.215400345001385 ], [ 75.624071122423928, 32.190315208074225 ], [ 75.655849123167101, 32.197058524452494 ], [ 75.658767510990458, 32.17736804062794 ], [ 75.667198409146806, 32.177637773283074 ], [ 75.663955756009756, 32.162263011940617 ], [ 75.67303518479352, 32.158756487423915 ], [ 75.661361633500107, 32.136908142358322 ], [ 75.625368183678745, 32.118296589154298 ], [ 75.614667428326456, 32.096448244088705 ], [ 75.606236530170108, 32.094290382847653 ], [ 75.600724019837102, 32.093211452227131 ] ] ] } },
{ "type": "Feature", "properties": { "dt_code": "036", "district": "Kapurthala", "st_code": "03", "year": "2011_c", "st_nm": "Punjab" }, "geometry": { "type": "MultiPolygon", "coordinates": [ [ [ [ 75.7878251058454, 31.364663550718834 ], [ 75.801768514334753, 31.372485797717626 ], [ 75.821872963784514, 31.357111036375173 ], [ 75.833546515077927, 31.362505689477786 ], [ 75.829655331313461, 31.370058203821451 ], [ 75.849759780763222, 31.372755530372757 ], [ 75.856893617664753, 31.349828254686638 ], [ 75.878619393683039, 31.354953175134124 ], [ 75.890941475603867, 31.340657344412193 ], [ 75.905857680034345, 31.344973066894283 ], [ 75.880240720251578, 31.32258525651843 ], [ 75.871161291467814, 31.324743117759475 ], [ 75.856569352351045, 31.291026535868124 ], [ 75.855596556409921, 31.289138407282209 ], [ 75.864675985193685, 31.281855625593678 ], [ 75.881862046820103, 31.290217337902732 ], [ 75.88964441434905, 31.275382041870539 ], [ 75.890292944976451, 31.27565177452567 ], [ 75.895805455309457, 31.26594139894096 ], [ 75.908127537230285, 31.261355943803736 ], [ 75.910073129112519, 31.260816478493474 ], [ 75.909424598485103, 31.260277013183213 ], [ 75.873431148663755, 31.247329845736935 ], [ 75.868891434271873, 31.245441717151017 ], [ 75.870188495526691, 31.273224180629491 ], [ 75.868567168958165, 31.274033378594883 ], [ 75.847165658253573, 31.281046427628286 ], [ 75.842301678547983, 31.277000437801323 ], [ 75.841653147920567, 31.268099260182005 ], [ 75.841328882606874, 31.262165141769128 ], [ 75.855920821723629, 31.238428668117617 ], [ 75.85721788297846, 31.236540539531703 ], [ 75.855272291096227, 31.236001074221441 ], [ 75.798850126511397, 31.216580323052025 ], [ 75.798201595883981, 31.21604085774176 ], [ 75.797877330570273, 31.21604085774176 ], [ 75.775827289238279, 31.189067592228682 ], [ 75.776800085179403, 31.176390157437535 ], [ 75.772260370787521, 31.165600851232302 ], [ 75.707407308046342, 31.165870583887433 ], [ 75.686654327969165, 31.196350373917213 ], [ 75.686654327969165, 31.196350373917213 ], [ 75.712271287751932, 31.220086847568723 ], [ 75.700273471144811, 31.243823321220233 ], [ 75.69897640988998, 31.246250915116413 ], [ 75.698327879262578, 31.245711449806151 ], [ 75.683411674832101, 31.230606421118825 ], [ 75.670116796970163, 31.237889202807356 ], [ 75.679196225753927, 31.245981182461282 ], [ 75.670441062283871, 31.250027172288242 ], [ 75.682763144204685, 31.253803429460074 ], [ 75.67303518479352, 31.268908458147401 ], [ 75.677250633871694, 31.291566001178385 ], [ 75.704164654909277, 31.285631882765507 ], [ 75.683087409518393, 31.315302474829895 ], [ 75.722323512476805, 31.316381405450421 ], [ 75.701246267085921, 31.343084938308369 ], [ 75.702543328340752, 31.343894136273761 ], [ 75.728160288123519, 31.342006007687846 ], [ 75.7385367781621, 31.32285498917356 ], [ 75.739509574103224, 31.321506325897907 ], [ 75.75539857447481, 31.328249642276177 ], [ 75.764802268572282, 31.351716383272556 ], [ 75.788473636472816, 31.362505689477786 ], [ 75.7878251058454, 31.364663550718834 ] ] ], [ [ [ 75.404219239731347, 31.593666574924885 ], [ 75.425620750435925, 31.627652889471367 ], [ 75.468099506531402, 31.636284334435551 ], [ 75.468099506531402, 31.636284334435551 ], [ 75.468099506531402, 31.636554067090682 ], [ 75.475233343432933, 31.650040699847224 ], [ 75.524845936429926, 31.632777809918853 ], [ 75.52581873237105, 31.634935671159898 ], [ 75.531979773331457, 31.647073640640784 ], [ 75.532628303958873, 31.648692036571568 ], [ 75.532628303958873, 31.648692036571568 ], [ 75.550787161526401, 31.633856740539375 ], [ 75.572188672230993, 31.635475136470159 ], [ 75.567000427211696, 31.610929464853257 ], [ 75.573485733485811, 31.617672781231526 ], [ 75.576079855995459, 31.606613742371163 ], [ 75.576079855995459, 31.606613742371163 ], [ 75.576079855995459, 31.606613742371163 ], [ 75.598778427954869, 31.60526507909551 ], [ 75.602669611719335, 31.584765397305567 ], [ 75.602993877033043, 31.584225931995306 ], [ 75.602669611719335, 31.583956199340175 ], [ 75.594887244190403, 31.586114060581224 ], [ 75.591968856367046, 31.575324754375991 ], [ 75.602345346405627, 31.563186784895105 ], [ 75.595860040131512, 31.555094805241183 ], [ 75.57932250913251, 31.562647319584844 ], [ 75.569594549721344, 31.53756218265768 ], [ 75.567648957839111, 31.536483252037154 ], [ 75.524521671116219, 31.543766033725689 ], [ 75.540410671487805, 31.528391272383232 ], [ 75.539113610232988, 31.516253302902346 ], [ 75.512199589195404, 31.517332233522868 ], [ 75.519657691410629, 31.499799610939366 ], [ 75.508632670744632, 31.480109127114819 ], [ 75.512848119822806, 31.459339712669745 ], [ 75.490149547863396, 31.47093821684037 ], [ 75.474260547491809, 31.496293086422664 ], [ 75.441185485493804, 31.49467469049188 ], [ 75.444752403944577, 31.473096078081415 ], [ 75.457723016492807, 31.472826345426284 ], [ 75.466478179962863, 31.446662277878598 ], [ 75.458047281806515, 31.437491367604149 ], [ 75.450264914277582, 31.443964951327288 ], [ 75.452859036787217, 31.429399387950227 ], [ 75.43697003641563, 31.425892863433525 ], [ 75.436645771101922, 31.384893499853643 ], [ 75.460317139002456, 31.381386975336945 ], [ 75.471990690295868, 31.395682806058876 ], [ 75.490798078490812, 31.384893499853643 ], [ 75.479773057824815, 31.372216065062496 ], [ 75.455777424610574, 31.371946332407365 ], [ 75.460965669629871, 31.360887293547002 ], [ 75.482042915020756, 31.364393818063704 ], [ 75.46842377184511, 31.324743117759475 ], [ 75.434051648592288, 31.317730068726075 ], [ 75.442806812062344, 31.306401297210581 ], [ 75.437618567043046, 31.28940813993734 ], [ 75.462911261512104, 31.27996749700776 ], [ 75.471990690295868, 31.253803429460074 ], [ 75.460965669629871, 31.23546160891118 ], [ 75.439888424238987, 31.241125994668927 ], [ 75.423026627926276, 31.229527490498302 ], [ 75.417838382906993, 31.249757439633111 ], [ 75.38930303530087, 31.244362786530495 ], [ 75.376656688066348, 31.230876153773956 ], [ 75.367901524596277, 31.23977733139327 ], [ 75.363686075518103, 31.226020965981601 ], [ 75.344554422009452, 31.231955084394478 ], [ 75.320558788795225, 31.207139680122445 ], [ 75.301427135286573, 31.206330482157053 ], [ 75.294941829012458, 31.191495186124857 ], [ 75.276782971444931, 31.187449196297898 ], [ 75.269973399857108, 31.1480682286488 ], [ 75.230413031584987, 31.152653683786024 ], [ 75.222630664056041, 31.176659890092665 ], [ 75.205120337115929, 31.185021602401719 ], [ 75.184367357038752, 31.165061385922041 ], [ 75.12826945776763, 31.169107375749 ], [ 75.125675335257995, 31.169377108404134 ], [ 75.112380457396043, 31.157239138923245 ], [ 75.103949559239695, 31.150765555200106 ], [ 75.081899517907701, 31.151035287855237 ], [ 75.080926721966577, 31.147798495993669 ], [ 75.078656864770636, 31.147798495993669 ], [ 75.079305395398052, 31.152923416441155 ], [ 75.060822272516816, 31.145910367407751 ], [ 75.023856026754345, 31.156429940957853 ], [ 75.006669965127927, 31.145101169442359 ], [ 75.009264087637575, 31.12460148765242 ], [ 75.007318495755342, 31.121634428445979 ], [ 74.95997575995429, 31.147259030683408 ], [ 74.964839739659865, 31.153462881751416 ], [ 75.037799435243699, 31.186100533022241 ], [ 75.046878864027462, 31.190146522849204 ], [ 75.04720312934117, 31.190685988159466 ], [ 75.059200945948277, 31.230876153773956 ], [ 75.080926721966577, 31.249757439633111 ], [ 75.082223783221394, 31.273763645939752 ], [ 75.103949559239695, 31.27969776435263 ], [ 75.093248803887406, 31.284013486834723 ], [ 75.106867947063051, 31.316920870760683 ], [ 75.134430498728051, 31.310447287037544 ], [ 75.147725376589989, 31.32015766262225 ], [ 75.146104050021464, 31.336881087240361 ], [ 75.164262907588991, 31.356841303720042 ], [ 75.156156274746337, 31.365203016029096 ], [ 75.163290111647868, 31.383005371267728 ], [ 75.19441958176364, 31.408090508194892 ], [ 75.186312948920985, 31.414833824573165 ], [ 75.191501193940283, 31.433175645122059 ], [ 75.209984316821519, 31.435063773707974 ], [ 75.214199765899693, 31.421846873606565 ], [ 75.224576255938288, 31.421846873606565 ], [ 75.234952745976869, 31.459339712669745 ], [ 75.243059378819524, 31.455293722842782 ], [ 75.278404298013456, 31.481997255700733 ], [ 75.290402114620576, 31.491168165975182 ], [ 75.337096319794227, 31.551048815414219 ], [ 75.355255177361755, 31.564265715515628 ], [ 75.362064748949578, 31.569660368618244 ], [ 75.395788341574985, 31.580449674823477 ], [ 75.404219239731347, 31.593666574924885 ] ] ] ] } }
]
}
