{
"type": "FeatureCollection",
"name": "rajasthan",
"crs": { "type": "name", "properties": { "name": "urn:ogc:def:crs:OGC:1.3:CRS84" } },
"features": [
{ "type": "Feature", "properties": { "dt_code": "102", "district": "Churu", "st_code": "08", "year": "2011_c", "st_nm": "Rajasthan" }, "geometry": { "type": "Polygon", "coordinates": [ [ [ 75.474217561526558, 28.925993033054617 ], [ 75.496466320943156, 28.896154341522347 ], [ 75.498417966506011, 28.848967573517829 ], [ 75.520276396810033, 28.834048227751694 ], [ 75.503492244969451, 28.782350959864388 ], [ 75.530424953736897, 28.747307845390441 ], [ 75.542915485339194, 28.750430499155449 ], [ 75.530424953736897, 28.73828684562487 ], [ 75.539792852438623, 28.724755345976519 ], [ 75.541354168888915, 28.660567463029192 ], [ 75.560870624517491, 28.635933194438596 ], [ 75.561651282742645, 28.61338069502467 ], [ 75.621761966078694, 28.601930964552984 ], [ 75.62215229519127, 28.60158400302354 ], [ 75.633471839455851, 28.544335350665115 ], [ 75.666649814024453, 28.532885620193429 ], [ 75.670943434262739, 28.53149777407565 ], [ 75.668991788699884, 28.524905505016196 ], [ 75.670553105150162, 28.518660197486184 ], [ 75.6701627760376, 28.519007159015629 ], [ 75.663917510236445, 28.510333120779507 ], [ 75.607319788913543, 28.508251351602837 ], [ 75.603026168675257, 28.449267891597184 ], [ 75.585461358609521, 28.441287776419948 ], [ 75.611223080039252, 28.407979469593229 ], [ 75.568286877656362, 28.412836931005458 ], [ 75.567506219431223, 28.380569508767074 ], [ 75.528473308174043, 28.385080008649858 ], [ 75.528473308174043, 28.373977239707621 ], [ 75.512860143671162, 28.370854585942613 ], [ 75.512079485446023, 28.347608163469801 ], [ 75.500759941181443, 28.336852356057005 ], [ 75.455872093235683, 28.340321971351454 ], [ 75.441820245183109, 28.367731932177609 ], [ 75.414497207303071, 28.36426231688316 ], [ 75.418400498428795, 28.341709817469233 ], [ 75.382099890959623, 28.337893240645339 ], [ 75.38053857450933, 28.338934125233674 ], [ 75.331747435437862, 28.366691047589274 ], [ 75.329015131649854, 28.395141893003764 ], [ 75.299350119094399, 28.428103238301041 ], [ 75.288811233054972, 28.425327546065478 ], [ 75.276711030565238, 28.452043583832744 ], [ 75.261097866062372, 28.451002699244409 ], [ 75.248217005347499, 28.464534198892764 ], [ 75.231823182619479, 28.456901045244976 ], [ 75.233774828182348, 28.439899930302168 ], [ 75.216990676341752, 28.429491084418821 ], [ 75.225187587705761, 28.395141893003764 ], [ 75.191619284024597, 28.380569508767074 ], [ 75.145170119628546, 28.381957354884854 ], [ 75.163905917031997, 28.344832471234238 ], [ 75.147902423416554, 28.324361740996984 ], [ 75.156099334780563, 28.312218087466409 ], [ 75.147902423416554, 28.295216972523605 ], [ 75.122921360211961, 28.288971664993593 ], [ 75.097549967894793, 28.26572524252078 ], [ 75.076081866703348, 28.268500934756339 ], [ 75.0448555376976, 28.254969435107981 ], [ 75.048368499710747, 28.228253397340719 ], [ 75.025729411181587, 28.208129628632907 ], [ 75.02533908206901, 28.205353936397348 ], [ 75.024948752956448, 28.202578244161788 ], [ 75.024168094731294, 28.198414705808446 ], [ 75.011287234016436, 28.193557244396217 ], [ 75.006212955552996, 28.198761667337891 ], [ 74.945321613991794, 28.185577129218984 ], [ 74.929708449488928, 28.196332936631777 ], [ 74.8871625762186, 28.189393706042878 ], [ 74.858668551000861, 28.133879861331678 ], [ 74.826271234657412, 28.111674323447197 ], [ 74.793873918313949, 28.115490900271091 ], [ 74.7848963487248, 28.082182593444372 ], [ 74.806754779028822, 28.062405786266005 ], [ 74.803241817015675, 28.030138364027621 ], [ 74.792702930976233, 28.024586979556503 ], [ 74.791922272751094, 28.003075364730911 ], [ 74.759915285520208, 27.988849942023666 ], [ 74.7848963487248, 27.954153789079164 ], [ 74.820416297968833, 27.941663174019144 ], [ 74.832906829571129, 27.92327421295856 ], [ 74.827442221995113, 27.90870182872187 ], [ 74.793483589201372, 27.894129444485181 ], [ 74.775918779135651, 27.900721713544634 ], [ 74.735714880540755, 27.891353752249621 ], [ 74.729859943852176, 27.876434406483483 ], [ 74.741179488116757, 27.877128329542373 ], [ 74.730250272964753, 27.872617829659589 ], [ 74.73688586787847, 27.858739368481789 ], [ 74.766160551321349, 27.858392406952344 ], [ 74.779431741148784, 27.834799022950083 ], [ 74.796606222101943, 27.840350407421205 ], [ 74.818464652405964, 27.80114375459392 ], [ 74.787238323400231, 27.775121639885544 ], [ 74.742350475454472, 27.766794563178863 ], [ 74.732982576752747, 27.75603875576607 ], [ 74.727127640064168, 27.721689564351014 ], [ 74.7294696147396, 27.721342602821569 ], [ 74.738056855216186, 27.724812218116018 ], [ 74.750547386818482, 27.715097295291557 ], [ 74.747424753917898, 27.685605565288732 ], [ 74.737666526103609, 27.677278488582054 ], [ 74.716979083137304, 27.677972411640944 ], [ 74.700194931296721, 27.678666334699834 ], [ 74.643597209973805, 27.654379027638683 ], [ 74.6272033872458, 27.648827643167564 ], [ 74.604564298716639, 27.678319373170389 ], [ 74.626032399908084, 27.694973526583748 ], [ 74.624080754345215, 27.696361372701528 ], [ 74.608077260729772, 27.707811103173213 ], [ 74.546014931830868, 27.663400027404251 ], [ 74.526498476202278, 27.675196719405385 ], [ 74.49527214719653, 27.666869642698703 ], [ 74.491759185183383, 27.687340372935957 ], [ 74.410570729768452, 27.688728219053736 ], [ 74.403544805742172, 27.699484026466532 ], [ 74.371537818511285, 27.682829873053173 ], [ 74.340701818618115, 27.681095065405948 ], [ 74.335237211042099, 27.660971296698136 ], [ 74.309085160499791, 27.649174604697009 ], [ 74.312988451625515, 27.636683989636985 ], [ 74.277858831494058, 27.625234259165303 ], [ 74.253268097402028, 27.601293913633597 ], [ 74.257561717640314, 27.562781183865201 ], [ 74.24350986958774, 27.556188914805748 ], [ 74.23921624934944, 27.524962377155695 ], [ 74.195109059628834, 27.49894026244732 ], [ 74.190815439390548, 27.481245224445626 ], [ 74.208770578568846, 27.470142455503385 ], [ 74.204086629217983, 27.422261764439977 ], [ 74.151001869908228, 27.415322533851075 ], [ 74.14514693321965, 27.421567841381083 ], [ 74.143975945881934, 27.4309358026761 ], [ 74.141243642093926, 27.452100455972246 ], [ 74.118604553564765, 27.459039686561148 ], [ 74.111578629538471, 27.473959032327279 ], [ 74.081523287870439, 27.478122570680622 ], [ 74.029219186785824, 27.535371223039046 ], [ 73.991357262866359, 27.504491646918442 ], [ 73.956227642734902, 27.510389992919006 ], [ 73.908217161888572, 27.489572301152307 ], [ 73.890652351822851, 27.5003281085651 ], [ 73.87503918731997, 27.537799953745161 ], [ 73.875819845545124, 27.538146915274606 ], [ 73.876990832882825, 27.538493876804051 ], [ 73.884407086021696, 27.559311568570752 ], [ 73.874258529094831, 27.579782298808006 ], [ 73.894945972061137, 27.602334798221932 ], [ 73.857474377254249, 27.659930412109802 ], [ 73.871135896194261, 27.663400027404251 ], [ 73.865671288618245, 27.686993411406512 ], [ 73.876600503770263, 27.697749218819308 ], [ 73.862938984830251, 27.734180179411034 ], [ 73.867232605068537, 27.779285178238883 ], [ 73.886358731584551, 27.791081870240014 ], [ 73.922269009941161, 27.782407832003891 ], [ 73.992137921091512, 27.810858677418381 ], [ 74.003847794468655, 27.788306178004454 ], [ 74.031561161461255, 27.767835447767197 ], [ 73.99057660464122, 27.777550370591658 ], [ 73.990966933753796, 27.754650909648291 ], [ 74.024535237434961, 27.761243178707744 ], [ 73.997212199554937, 27.734527140940479 ], [ 74.019070629858959, 27.722036525880458 ], [ 74.035074123474402, 27.730016641057695 ], [ 74.039367743712688, 27.719954756703789 ], [ 74.065910123367573, 27.730710564116585 ], [ 74.086597566333879, 27.77269290917943 ], [ 74.118994882677342, 27.797674139299467 ], [ 74.175202274887667, 27.794898447063908 ], [ 74.226335388634581, 27.817450946477834 ], [ 74.231799996210583, 27.835145984479531 ], [ 74.218138477270571, 27.876434406483483 ], [ 74.222041768396281, 27.903150444250748 ], [ 74.234922629111153, 27.905579174956863 ], [ 74.251316451839173, 27.934030020371356 ], [ 74.232970983548299, 27.963868711903626 ], [ 74.244680856925456, 27.970460980963082 ], [ 74.238825920236877, 27.998911826377572 ], [ 74.296204299784932, 28.044363786734866 ], [ 74.277858831494058, 28.091550554739385 ], [ 74.296984958010071, 28.11965443862443 ], [ 74.294252654222063, 28.144982630273915 ], [ 74.340701818618115, 28.165106398981727 ], [ 74.358266628683836, 28.205353936397348 ], [ 74.321185362989524, 28.254275512049091 ], [ 74.279029818831773, 28.259132973461323 ], [ 74.248193818938603, 28.246642358401303 ], [ 74.2107222241317, 28.282726357463584 ], [ 74.199012350754558, 28.279256742169132 ], [ 74.193938072291118, 28.287236857346368 ], [ 74.211112553244277, 28.303197087700838 ], [ 74.197451034304265, 28.331300971585883 ], [ 74.149830882570512, 28.318810356525862 ], [ 74.14826956612022, 28.337546279115895 ], [ 74.126801464928775, 28.346567278881466 ], [ 74.061616503129287, 28.331994894644772 ], [ 74.027657870335545, 28.376405970413735 ], [ 74.0296095158984, 28.404162892769335 ], [ 74.079181313195022, 28.423592738418254 ], [ 74.058884199341279, 28.447880045479405 ], [ 74.064739136029857, 28.495413775013368 ], [ 74.054200249990416, 28.526293351133976 ], [ 74.1084559966379, 28.585276811139625 ], [ 74.079181313195022, 28.669935424324208 ], [ 74.192376755840826, 28.709489038680935 ], [ 74.174031287549951, 28.736552037977646 ], [ 74.138901667418494, 28.73689899950709 ], [ 74.151001869908228, 28.759104537391572 ], [ 74.160760097722516, 28.765002883392135 ], [ 74.159979439497377, 28.776452613863825 ], [ 74.159979439497377, 28.776452613863825 ], [ 74.160369768609939, 28.776799575393269 ], [ 74.169737667311665, 28.794147651865519 ], [ 74.178324907788252, 28.799352074807192 ], [ 74.183789515364253, 28.802474728572196 ], [ 74.195109059628834, 28.809413959161098 ], [ 74.22399341395915, 28.812189651396658 ], [ 74.225164401296865, 28.812536612926102 ], [ 74.226335388634581, 28.812536612926102 ], [ 74.245851844263171, 28.812536612926102 ], [ 74.250926122726597, 28.799005113277747 ], [ 74.254048755627167, 28.798311190218858 ], [ 74.268490932792332, 28.796229421042188 ], [ 74.361389261584407, 28.852784150341723 ], [ 74.379734729875281, 28.874989688226204 ], [ 74.419157970245038, 28.88505157258011 ], [ 74.437113109423336, 28.828843804810017 ], [ 74.476536349793093, 28.815312305161662 ], [ 74.52376617241427, 28.825721151045013 ], [ 74.541721311592582, 28.816700151279441 ], [ 74.582315539300041, 28.829190766339462 ], [ 74.595586729127476, 28.811495728337768 ], [ 74.631497007484086, 28.812536612926102 ], [ 74.635009969497233, 28.836476958457808 ], [ 74.692388349045288, 28.833354304692804 ], [ 74.720101716037874, 28.850355419635608 ], [ 74.748595741255627, 28.853478073400613 ], [ 74.752889361493914, 28.828149881751127 ], [ 74.771625158897351, 28.822251535750564 ], [ 74.798557867664812, 28.831272535516135 ], [ 74.795825563876804, 28.856253765636172 ], [ 74.767721867771641, 28.872560957520086 ], [ 74.76537989309621, 28.888868149404004 ], [ 74.7806027284865, 28.913155456465155 ], [ 74.802461158790521, 28.929115686819625 ], [ 74.859839538338576, 28.944035032585759 ], [ 74.901214424271188, 28.938830609644086 ], [ 74.897311133145465, 28.926686956113507 ], [ 74.923853512800349, 28.891990803169008 ], [ 74.941418322866085, 28.892684726227898 ], [ 74.94649260132951, 28.906563187405698 ], [ 74.994893411288416, 28.909338879641258 ], [ 75.002309664427273, 28.930503532937404 ], [ 75.035877968108451, 28.938483648114641 ], [ 75.0448555376976, 28.895460418463458 ], [ 75.029242373194734, 28.880888034226768 ], [ 75.027681056744441, 28.851049342694498 ], [ 75.122531031099385, 28.876724495873429 ], [ 75.147512094303977, 28.874295765167314 ], [ 75.170151182833138, 28.847232765870604 ], [ 75.183812701773149, 28.860764265518959 ], [ 75.189277309349166, 28.867703496107858 ], [ 75.190448296686881, 28.867356534578413 ], [ 75.221674625692614, 28.858335534812845 ], [ 75.219332651017183, 28.865274765401743 ], [ 75.246655688897206, 28.884010687991776 ], [ 75.243533055996636, 28.931197455996294 ], [ 75.276320701452676, 28.931197455996294 ], [ 75.293104853293258, 28.917665956347939 ], [ 75.299740448206975, 28.949586417056878 ], [ 75.307547030458409, 28.950974263174658 ], [ 75.291153207730389, 28.969363224235245 ], [ 75.294666169743536, 28.9828947238836 ], [ 75.334089410113293, 28.981853839295265 ], [ 75.357509156867593, 28.966934493529131 ], [ 75.357509156867593, 28.947504647880208 ], [ 75.355167182192162, 28.946810724821319 ], [ 75.33447973922587, 28.939524532702976 ], [ 75.33447973922587, 28.939177571173531 ], [ 75.334089410113293, 28.938136686585196 ], [ 75.332918422775577, 28.920441648583498 ], [ 75.353215536629307, 28.91489026411238 ], [ 75.366486726456756, 28.91489026411238 ], [ 75.375073966933329, 28.920788610112943 ], [ 75.37741594160876, 28.938136686585196 ], [ 75.398884042800205, 28.940912378820755 ], [ 75.402006675700775, 28.970057147294135 ], [ 75.427378068017944, 28.999548877296959 ], [ 75.427378068017944, 28.999895838826404 ], [ 75.450797814772258, 28.98428257000138 ], [ 75.452749460335113, 28.95444387846911 ], [ 75.474217561526558, 28.925993033054617 ] ] ] } },
{ "type": "Feature", "properties": { "dt_code": "103", "district": "Jhunjhunu", "st_code": "08", "year": "2011_c", "st_nm": "Rajasthan" }, "geometry": { "type": "Polygon", "coordinates": [ [ [ 75.024948752956448, 28.202578244161788 ], [ 75.02533908206901, 28.205353936397348 ], [ 75.025729411181587, 28.208129628632907 ], [ 75.048368499710747, 28.228253397340719 ], [ 75.0448555376976, 28.254969435107981 ], [ 75.076081866703348, 28.268500934756339 ], [ 75.097549967894793, 28.26572524252078 ], [ 75.122921360211961, 28.288971664993593 ], [ 75.147902423416554, 28.295216972523605 ], [ 75.156099334780563, 28.312218087466409 ], [ 75.147902423416554, 28.324361740996984 ], [ 75.163905917031997, 28.344832471234238 ], [ 75.145170119628546, 28.381957354884854 ], [ 75.191619284024597, 28.380569508767074 ], [ 75.225187587705761, 28.395141893003764 ], [ 75.216990676341752, 28.429491084418821 ], [ 75.233774828182348, 28.439899930302168 ], [ 75.231823182619479, 28.456901045244976 ], [ 75.248217005347499, 28.464534198892764 ], [ 75.261097866062372, 28.451002699244409 ], [ 75.276711030565238, 28.452043583832744 ], [ 75.288811233054972, 28.425327546065478 ], [ 75.299350119094399, 28.428103238301041 ], [ 75.329015131649854, 28.395141893003764 ], [ 75.331747435437862, 28.366691047589274 ], [ 75.38053857450933, 28.338934125233674 ], [ 75.382099890959623, 28.337893240645339 ], [ 75.418400498428795, 28.341709817469233 ], [ 75.414497207303071, 28.36426231688316 ], [ 75.441820245183109, 28.367731932177609 ], [ 75.455872093235683, 28.340321971351454 ], [ 75.500759941181443, 28.336852356057005 ], [ 75.512079485446023, 28.347608163469801 ], [ 75.512860143671162, 28.370854585942613 ], [ 75.528473308174043, 28.373977239707621 ], [ 75.528473308174043, 28.385080008649858 ], [ 75.567506219431223, 28.380569508767074 ], [ 75.568286877656362, 28.412836931005458 ], [ 75.611223080039252, 28.407979469593229 ], [ 75.585461358609521, 28.441287776419948 ], [ 75.603026168675257, 28.449267891597184 ], [ 75.607319788913543, 28.508251351602837 ], [ 75.663917510236445, 28.510333120779507 ], [ 75.6701627760376, 28.519007159015629 ], [ 75.670553105150162, 28.518660197486184 ], [ 75.70177943415591, 28.491944159718919 ], [ 75.739641358075374, 28.484657967600576 ], [ 75.735738066949651, 28.468697737246103 ], [ 75.788432497146843, 28.453431429950527 ], [ 75.788432497146843, 28.43365462277216 ], [ 75.766574066842821, 28.414224777123238 ], [ 75.776722623769686, 28.400346315945441 ], [ 75.782577560458265, 28.401734162063221 ], [ 75.818878167927437, 28.409714277240454 ], [ 75.818878167927437, 28.409714277240454 ], [ 75.855959433621763, 28.389590508532645 ], [ 75.872743585462345, 28.386467854767638 ], [ 75.892650370203512, 28.389590508532645 ], [ 75.896163332216659, 28.38993747006209 ], [ 75.900456952454945, 28.371895470530948 ], [ 75.918412091633243, 28.371895470530948 ], [ 75.932854268798408, 28.33650539452756 ], [ 75.955103028214992, 28.333729702291997 ], [ 75.957835332003, 28.313952895113633 ], [ 75.972667838280728, 28.318463394996417 ], [ 75.98632935722074, 28.293135203346935 ], [ 76.026142926703059, 28.275093203815793 ], [ 76.015994369776195, 28.236927435576842 ], [ 76.055807939258514, 28.220273282163483 ], [ 76.047220698781942, 28.198067744279001 ], [ 76.071811432873957, 28.194251167455107 ], [ 76.08859558471454, 28.156085399216156 ], [ 76.092498875840263, 28.147064399450585 ], [ 76.094840850515695, 28.141513014979466 ], [ 76.080789002463106, 28.141513014979466 ], [ 76.06517583796024, 28.141513014979466 ], [ 76.070640445536242, 28.165106398981727 ], [ 76.031607534279061, 28.167882091217287 ], [ 76.016775028001334, 28.150187053215593 ], [ 76.007407129299622, 28.153309706980597 ], [ 75.998819888823036, 28.122777092389438 ], [ 75.976571129406437, 28.124858861566107 ], [ 75.945735129513281, 28.107163823564413 ], [ 75.938709205486987, 28.088080939444936 ], [ 75.983597053432732, 28.081488670385482 ], [ 75.988281002783594, 28.066222363089899 ], [ 75.975009812956159, 28.050956055794323 ], [ 75.984377711657885, 28.047139478970426 ], [ 76.007797458412185, 28.058936170971556 ], [ 76.023020293802489, 28.085999170268266 ], [ 76.040975432980787, 28.074202478267136 ], [ 76.02536226847792, 28.054078709559327 ], [ 76.008187787524761, 28.058242247912666 ], [ 76.01716535711391, 28.052690863441548 ], [ 76.016384698888771, 28.030485325557066 ], [ 75.994916597697312, 28.038465440734299 ], [ 75.993745610359596, 28.038118479204854 ], [ 75.974619483843583, 28.024933941085948 ], [ 75.971106521830436, 28.015912941320376 ], [ 75.995697255922465, 28.006891941554805 ], [ 75.989842319233887, 27.99474828802423 ], [ 75.966812901592149, 27.999952710965907 ], [ 75.965641914254434, 27.983645519081989 ], [ 75.999600547048175, 27.977053250022536 ], [ 75.982035736982453, 27.965256558021405 ], [ 75.972667838280728, 27.932642174253576 ], [ 75.946906116850982, 27.945826712372487 ], [ 75.932463939685832, 27.930213443547458 ], [ 75.932854268798408, 27.928478635900234 ], [ 75.932073610573255, 27.929866482018014 ], [ 75.9301219650104, 27.928478635900234 ], [ 75.909044192931532, 27.915988020840217 ], [ 75.908653863818955, 27.906273098015756 ], [ 75.898505306892091, 27.913212328604654 ], [ 75.768135383293114, 27.830982446126189 ], [ 75.711927991082774, 27.760549255648854 ], [ 75.719734573334208, 27.747364717529944 ], [ 75.718953915109068, 27.745629909882719 ], [ 75.686556598765605, 27.678666334699834 ], [ 75.667430472249592, 27.676931527052609 ], [ 75.661575535561013, 27.689769103642071 ], [ 75.666649814024453, 27.715791218350446 ], [ 75.643620396382715, 27.720301718233234 ], [ 75.618639333178123, 27.70260668023154 ], [ 75.592877611748378, 27.710933756938218 ], [ 75.590535637072946, 27.70260668023154 ], [ 75.569067535881501, 27.699484026466532 ], [ 75.540183181551185, 27.711974641526552 ], [ 75.513250472783739, 27.691850872818744 ], [ 75.474998219751711, 27.694279603524858 ], [ 75.46445933371227, 27.668257488816483 ], [ 75.428939384468237, 27.641541451049218 ], [ 75.394980751674495, 27.663053065874806 ], [ 75.375073966933329, 27.643623220225887 ], [ 75.37741594160876, 27.681788988464838 ], [ 75.364535080893887, 27.694626565054303 ], [ 75.325892498749283, 27.697402257289863 ], [ 75.32120854939842, 27.709892872349883 ], [ 75.284907941929248, 27.718913872115454 ], [ 75.259146220499503, 27.767141524708308 ], [ 75.288420903942395, 27.774427716826654 ], [ 75.28646925837954, 27.820920561772283 ], [ 75.240410423096066, 27.813981331183385 ], [ 75.243923385109213, 27.846248753421769 ], [ 75.229481207944048, 27.879210098719046 ], [ 75.209964752315472, 27.88233275248405 ], [ 75.202938828289177, 27.909742713310205 ], [ 75.191619284024597, 27.916681943899107 ], [ 75.193180600474875, 27.958317327432503 ], [ 75.165467233482289, 27.959011250491393 ], [ 75.143608803178267, 28.027362671792062 ], [ 75.127214980450248, 28.025627864144838 ], [ 75.106137208371365, 28.050609094264878 ], [ 75.096769309669654, 28.071773747561021 ], [ 75.113553461510236, 28.089468785562715 ], [ 75.107698524821657, 28.115490900271091 ], [ 75.127995638675387, 28.121389246271658 ], [ 75.126824651337671, 28.136655553567238 ], [ 75.088182069193067, 28.162330706746168 ], [ 75.052662119949034, 28.159555014510609 ], [ 75.052271790836471, 28.168576014276177 ], [ 75.083107790729642, 28.187311936866209 ], [ 75.081546474279349, 28.188352821454544 ], [ 75.081156145166773, 28.189046744513433 ], [ 75.071788246465061, 28.195639013572887 ], [ 75.045636195922739, 28.191128513690103 ], [ 75.027681056744441, 28.203272167220678 ], [ 75.024948752956448, 28.202578244161788 ] ] ] } },
{ "type": "Feature", "properties": { "dt_code": "114", "district": "Jaisalmer", "st_code": "08", "year": "2011_c", "st_nm": "Rajasthan" }, "geometry": { "type": "Polygon", "coordinates": [ [ [ 71.880067092965604, 27.913906251663544 ], [ 71.870699194263878, 27.904191328839083 ], [ 71.882799396753597, 27.883373637072385 ], [ 71.891776966342746, 27.86845429130625 ], [ 71.898802890369041, 27.882679714013495 ], [ 71.922222637123355, 27.86706644518847 ], [ 71.92339362446107, 27.86776036824736 ], [ 71.926125928249064, 27.868801252835695 ], [ 71.93549382695079, 27.878169214130708 ], [ 71.937445472513645, 27.88302667554294 ], [ 71.930809877599927, 27.891353752249621 ], [ 71.962426535718251, 27.932295212724128 ], [ 71.983504307797119, 27.929172558959124 ], [ 72.006533725438857, 27.950684173784715 ], [ 72.028782484855441, 27.95103113531416 ], [ 72.066644408774906, 27.929866482018014 ], [ 72.088112509966351, 27.903844367309638 ], [ 72.139245623713265, 27.879904021777936 ], [ 72.14939418064013, 27.860127214599569 ], [ 72.137684307262973, 27.846942676480658 ], [ 72.149784509752706, 27.80114375459392 ], [ 72.162665370467565, 27.791428831769458 ], [ 72.099822383343508, 27.747364717529944 ], [ 72.095138433992645, 27.744242063764936 ], [ 72.094357775767506, 27.717872987527119 ], [ 72.096699750442937, 27.715444256821002 ], [ 72.140416611050981, 27.714056410703222 ], [ 72.182572155208732, 27.698790103407642 ], [ 72.182962484321294, 27.698443141878197 ], [ 72.214188813327041, 27.678666334699834 ], [ 72.219653420903043, 27.660624335168691 ], [ 72.293815952291681, 27.709892872349883 ], [ 72.337532812899724, 27.693585680465969 ], [ 72.297719243417404, 27.599906067515818 ], [ 72.276641471338522, 27.568679529865769 ], [ 72.256344357484792, 27.561046376217977 ], [ 72.279764104239106, 27.55376018409963 ], [ 72.277812458676237, 27.552719299511296 ], [ 72.268444559974526, 27.547861838099067 ], [ 72.257515344822508, 27.542310453627948 ], [ 72.245805471445351, 27.52877895397959 ], [ 72.242682838544781, 27.509002146801226 ], [ 72.243073167657357, 27.487837493505083 ], [ 72.242682838544781, 27.484020916681185 ], [ 72.238779547419071, 27.484714839740075 ], [ 72.238389218306494, 27.480898262916181 ], [ 72.209895193088755, 27.492694954917312 ], [ 72.208724205751039, 27.480204339857291 ], [ 72.174765572957298, 27.462509301855597 ], [ 72.156420104666424, 27.476734724562842 ], [ 72.159542737566994, 27.496164570211761 ], [ 72.136513319925257, 27.522880607979026 ], [ 72.143148914838974, 27.536412107627381 ], [ 72.103725674469231, 27.561046376217977 ], [ 72.127145421223531, 27.58151710645523 ], [ 72.049079598709184, 27.615866297870287 ], [ 72.024488864617155, 27.597130375280258 ], [ 71.999117472299986, 27.571455222101328 ], [ 71.966720155956537, 27.55306626104074 ], [ 71.923783953573633, 27.563128145394646 ], [ 71.896460915693609, 27.529125915509034 ], [ 71.891776966342746, 27.476734724562842 ], [ 71.87616380183988, 27.487490531975638 ], [ 71.832446941231836, 27.481939147504516 ], [ 71.809027194477537, 27.441344648559451 ], [ 71.820346738742117, 27.40109711114383 ], [ 71.81683377672897, 27.341072766549843 ], [ 71.841034181708423, 27.30464180595812 ], [ 71.885141371429029, 27.29145726783921 ], [ 71.913245067534206, 27.229698115597998 ], [ 71.91207408019649, 27.179735655357916 ], [ 71.953058637016525, 27.184246155240704 ], [ 71.961645877493098, 27.141222925589524 ], [ 71.991701219161129, 27.134977618059512 ], [ 72.041663345570313, 27.105485888056688 ], [ 72.02565985195487, 27.055523427816606 ], [ 72.051031244272039, 27.039563197462137 ], [ 72.032295446868588, 27.023602967107667 ], [ 72.04205367468289, 27.018051582636549 ], [ 72.049469927821747, 26.968783045455357 ], [ 72.037369725332027, 26.935474738628635 ], [ 72.078744611264639, 26.915350969920826 ], [ 72.102164358018939, 26.886900124506337 ], [ 72.100993370681223, 26.858449279091847 ], [ 72.087722180853788, 26.850816125444055 ], [ 72.098651396005792, 26.831039318265692 ], [ 72.084599547953218, 26.808486818851765 ], [ 72.055324864510325, 26.803976318968981 ], [ 72.045176307583461, 26.790097857791181 ], [ 72.059618484748611, 26.782811665672835 ], [ 72.058057168298333, 26.762687896965026 ], [ 72.086551193516073, 26.731461359314974 ], [ 72.085770535290933, 26.719317705784398 ], [ 72.069376712562914, 26.720011628843288 ], [ 72.038150383557166, 26.681498899074896 ], [ 72.064692763212051, 26.647843630718729 ], [ 72.058837826523472, 26.64159832318872 ], [ 72.097480408668076, 26.60204470883199 ], [ 72.027611497517725, 26.500384980704602 ], [ 72.077183294814347, 26.45319821270008 ], [ 72.071328358125768, 26.350497599984362 ], [ 72.064692763212051, 26.350497599984362 ], [ 72.03893104178232, 26.350844561513806 ], [ 72.020585573491445, 26.345987100101578 ], [ 71.981552662234265, 26.318577139275419 ], [ 71.8925576245679, 26.298106409038166 ], [ 71.882799396753597, 26.339394831042121 ], [ 71.837911548807853, 26.374090983986623 ], [ 71.817224105841547, 26.358477715161598 ], [ 71.812930485603246, 26.333843446571002 ], [ 71.802001270451242, 26.333496485041557 ], [ 71.787168764173515, 26.346334061631023 ], [ 71.755161776942629, 26.348415830807692 ], [ 71.751648814929482, 26.362641253514937 ], [ 71.716128865685448, 26.386581599046643 ], [ 71.70207701763286, 26.392479945047207 ], [ 71.675144308865413, 26.383458945281635 ], [ 71.634159752045377, 26.404623598577782 ], [ 71.62244987866822, 26.417114213637802 ], [ 71.631427448257369, 26.430298751756713 ], [ 71.612691650853932, 26.481302096585129 ], [ 71.590442891437334, 26.501772826822382 ], [ 71.572878081371613, 26.505936365175721 ], [ 71.519793322061844, 26.486853481056247 ], [ 71.487786334830957, 26.457708712582868 ], [ 71.467879550089791, 26.474015904466782 ], [ 71.450314740024069, 26.512528634235178 ], [ 71.443288815997775, 26.507324211293504 ], [ 71.435872562858918, 26.496915365410153 ], [ 71.32658041133881, 26.420930790461696 ], [ 71.30706395571022, 26.435850136227831 ], [ 71.296134740558216, 26.463954020112876 ], [ 71.283253879843343, 26.467076673877884 ], [ 71.212604310467853, 26.442789366816733 ], [ 71.182158639687259, 26.407399290813341 ], [ 71.189184563713539, 26.384846791399418 ], [ 71.14039342464207, 26.307821331862627 ], [ 71.12595124747692, 26.302963870450395 ], [ 71.075208462842582, 26.322740677628762 ], [ 71.058814640114576, 26.312678793274856 ], [ 71.070134184379157, 26.294636793743717 ], [ 71.055301678101429, 26.283534024801476 ], [ 71.011194488380809, 26.280064409507027 ], [ 70.998703956778513, 26.259940640799215 ], [ 70.949132159481906, 26.24432737197419 ], [ 70.940544919005319, 26.223856641736937 ], [ 71.0072911972551, 26.223162718678044 ], [ 71.010804159268247, 26.199569334675786 ], [ 71.038907855373409, 26.172506335379076 ], [ 71.049837070525413, 26.139198028552354 ], [ 71.023685019983105, 26.113869836902868 ], [ 70.998703956778513, 26.112828952314533 ], [ 70.93976426078018, 26.079520645487815 ], [ 70.96747762777278, 26.033027800542182 ], [ 70.958109729071055, 26.017761493246603 ], [ 70.940544919005319, 26.029211223718288 ], [ 70.93976426078018, 26.053845492308884 ], [ 70.867553374954397, 26.131217913375121 ], [ 70.741477071593707, 26.141279797729023 ], [ 70.710250742587974, 26.165567104790174 ], [ 70.715325021051399, 26.210325142088578 ], [ 70.680585730032519, 26.211019065147468 ], [ 70.654043350377634, 26.196446680910782 ], [ 70.560364363360407, 26.198181488558006 ], [ 70.499082692686642, 26.172159373849631 ], [ 70.430384768874006, 26.174588104555745 ], [ 70.424139503072851, 26.192630104086884 ], [ 70.407745680344846, 26.197834527028562 ], [ 70.36246750328651, 26.142320682317358 ], [ 70.29923418704989, 26.144402451494031 ], [ 70.289866288348165, 26.155158258906823 ], [ 70.270740161832137, 26.153770412789044 ], [ 70.268788516269282, 26.163485335613505 ], [ 70.249662389753269, 26.156893066554048 ], [ 70.220778035422953, 26.119074259844545 ], [ 70.220778035422953, 26.1187272983151 ], [ 70.200480921569223, 26.146137259141256 ], [ 70.140760567345737, 26.155852181965713 ], [ 70.140760567345737, 26.155852181965713 ], [ 70.175109529252055, 26.251266602563092 ], [ 70.163399655874898, 26.294983755273162 ], [ 70.185258086178919, 26.374437945516068 ], [ 70.173938541914339, 26.551388325533019 ], [ 70.117340820591437, 26.587125363065852 ], [ 70.056059149917658, 26.60065686271421 ], [ 69.885875656836362, 26.578798286359174 ], [ 69.822252011487166, 26.589207132242525 ], [ 69.791806340706572, 26.598228132008092 ], [ 69.719595454880789, 26.654782861307631 ], [ 69.509988721429735, 26.743605012845549 ], [ 69.484227, 26.805017203557316 ], [ 69.51311135433032, 27.010071467459312 ], [ 69.586883556606381, 27.183552232181814 ], [ 69.702030644815054, 27.283824114191418 ], [ 69.862846239194639, 27.402137995732165 ], [ 69.933495808570129, 27.497899377858985 ], [ 70.025613479137064, 27.562781183865201 ], [ 70.132173326869164, 27.805654254476703 ], [ 70.225852313886392, 27.900721713544634 ], [ 70.295721225036743, 27.935764828018581 ], [ 70.371835401988236, 28.011749402967034 ], [ 70.506889274938075, 28.036730633087075 ], [ 70.589248717690722, 28.010361556849254 ], [ 70.677072768019372, 27.921886366840781 ], [ 70.684098692045666, 27.82820675389063 ], [ 70.759041881659442, 27.721342602821569 ], [ 70.871456666080121, 27.705729333996544 ], [ 70.905805627986439, 27.709545910820438 ], [ 71.205188057328982, 27.835492946008976 ], [ 71.382787803549149, 27.872617829659589 ], [ 71.666166739276264, 27.877822252601263 ], [ 71.874992814502164, 27.954847712138054 ], [ 71.880067092965604, 27.913906251663544 ] ] ] } },
{ "type": "Feature", "properties": { "dt_code": "111", "district": "Sikar", "st_code": "08", "year": "2011_c", "st_nm": "Rajasthan" }, "geometry": { "type": "Polygon", "coordinates": [ [ [ 74.716979083137304, 27.677972411640944 ], [ 74.737666526103609, 27.677278488582054 ], [ 74.747424753917898, 27.685605565288732 ], [ 74.750547386818482, 27.715097295291557 ], [ 74.738056855216186, 27.724812218116018 ], [ 74.7294696147396, 27.721342602821569 ], [ 74.727127640064168, 27.721689564351014 ], [ 74.732982576752747, 27.75603875576607 ], [ 74.742350475454472, 27.766794563178863 ], [ 74.787238323400231, 27.775121639885544 ], [ 74.818464652405964, 27.80114375459392 ], [ 74.796606222101943, 27.840350407421205 ], [ 74.779431741148784, 27.834799022950083 ], [ 74.766160551321349, 27.858392406952344 ], [ 74.73688586787847, 27.858739368481789 ], [ 74.730250272964753, 27.872617829659589 ], [ 74.741179488116757, 27.877128329542373 ], [ 74.729859943852176, 27.876434406483483 ], [ 74.735714880540755, 27.891353752249621 ], [ 74.775918779135651, 27.900721713544634 ], [ 74.793483589201372, 27.894129444485181 ], [ 74.827442221995113, 27.90870182872187 ], [ 74.832906829571129, 27.92327421295856 ], [ 74.820416297968833, 27.941663174019144 ], [ 74.7848963487248, 27.954153789079164 ], [ 74.759915285520208, 27.988849942023666 ], [ 74.791922272751094, 28.003075364730911 ], [ 74.792702930976233, 28.024586979556503 ], [ 74.803241817015675, 28.030138364027621 ], [ 74.806754779028822, 28.062405786266005 ], [ 74.7848963487248, 28.082182593444372 ], [ 74.793873918313949, 28.115490900271091 ], [ 74.826271234657412, 28.111674323447197 ], [ 74.858668551000861, 28.133879861331678 ], [ 74.8871625762186, 28.189393706042878 ], [ 74.929708449488928, 28.196332936631777 ], [ 74.945321613991794, 28.185577129218984 ], [ 75.006212955552996, 28.198761667337891 ], [ 75.011287234016436, 28.193557244396217 ], [ 75.024168094731294, 28.198414705808446 ], [ 75.024948752956448, 28.202578244161788 ], [ 75.027681056744441, 28.203272167220678 ], [ 75.045636195922739, 28.191128513690103 ], [ 75.071788246465061, 28.195639013572887 ], [ 75.081156145166773, 28.189046744513433 ], [ 75.081546474279349, 28.188352821454544 ], [ 75.083107790729642, 28.187311936866209 ], [ 75.052271790836471, 28.168576014276177 ], [ 75.052662119949034, 28.159555014510609 ], [ 75.088182069193067, 28.162330706746168 ], [ 75.126824651337671, 28.136655553567238 ], [ 75.127995638675387, 28.121389246271658 ], [ 75.107698524821657, 28.115490900271091 ], [ 75.113553461510236, 28.089468785562715 ], [ 75.096769309669654, 28.071773747561021 ], [ 75.106137208371365, 28.050609094264878 ], [ 75.127214980450248, 28.025627864144838 ], [ 75.143608803178267, 28.027362671792062 ], [ 75.165467233482289, 27.959011250491393 ], [ 75.193180600474875, 27.958317327432503 ], [ 75.191619284024597, 27.916681943899107 ], [ 75.202938828289177, 27.909742713310205 ], [ 75.209964752315472, 27.88233275248405 ], [ 75.229481207944048, 27.879210098719046 ], [ 75.243923385109213, 27.846248753421769 ], [ 75.240410423096066, 27.813981331183385 ], [ 75.28646925837954, 27.820920561772283 ], [ 75.288420903942395, 27.774427716826654 ], [ 75.259146220499503, 27.767141524708308 ], [ 75.284907941929248, 27.718913872115454 ], [ 75.32120854939842, 27.709892872349883 ], [ 75.325892498749283, 27.697402257289863 ], [ 75.364535080893887, 27.694626565054303 ], [ 75.37741594160876, 27.681788988464838 ], [ 75.375073966933329, 27.643623220225887 ], [ 75.394980751674495, 27.663053065874806 ], [ 75.428939384468237, 27.641541451049218 ], [ 75.46445933371227, 27.668257488816483 ], [ 75.474998219751711, 27.694279603524858 ], [ 75.513250472783739, 27.691850872818744 ], [ 75.540183181551185, 27.711974641526552 ], [ 75.569067535881501, 27.699484026466532 ], [ 75.590535637072946, 27.70260668023154 ], [ 75.592877611748378, 27.710933756938218 ], [ 75.618639333178123, 27.70260668023154 ], [ 75.643620396382715, 27.720301718233234 ], [ 75.666649814024453, 27.715791218350446 ], [ 75.661575535561013, 27.689769103642071 ], [ 75.667430472249592, 27.676931527052609 ], [ 75.686556598765605, 27.678666334699834 ], [ 75.718953915109068, 27.745629909882719 ], [ 75.719734573334208, 27.747364717529944 ], [ 75.711927991082774, 27.760549255648854 ], [ 75.768135383293114, 27.830982446126189 ], [ 75.898505306892091, 27.913212328604654 ], [ 75.908653863818955, 27.906273098015756 ], [ 75.909044192931532, 27.915988020840217 ], [ 75.9301219650104, 27.928478635900234 ], [ 75.932073610573255, 27.929866482018014 ], [ 75.932854268798408, 27.928478635900234 ], [ 75.937147889036694, 27.917375866957997 ], [ 75.987500344558455, 27.904191328839083 ], [ 75.975400142068736, 27.893782482955736 ], [ 75.984377711657885, 27.882679714013495 ], [ 75.971496850943012, 27.852494060951781 ], [ 75.987110015445879, 27.841738253538985 ], [ 76.048001357007081, 27.835145984479531 ], [ 76.060491888609377, 27.848330522598438 ], [ 76.074934065774528, 27.843820022715654 ], [ 76.076105053112244, 27.841738253538985 ], [ 76.074543736661965, 27.841044330480095 ], [ 76.079227686012828, 27.837574715185646 ], [ 76.089766572052255, 27.821961446360618 ], [ 76.089766572052255, 27.817797908007279 ], [ 76.085863280926546, 27.808776908241711 ], [ 76.076105053112244, 27.802878562241144 ], [ 76.066737154410532, 27.767835447767197 ], [ 76.051514319020228, 27.769223293884977 ], [ 76.028875230491067, 27.719607795174344 ], [ 75.989842319233887, 27.692197834348189 ], [ 75.97813244585673, 27.653685104579793 ], [ 75.957054673777861, 27.637377912695879 ], [ 75.963690268691579, 27.622458566929744 ], [ 75.940270521937265, 27.619335913164736 ], [ 75.944564142175551, 27.591578990809136 ], [ 75.962519281353863, 27.599559105986373 ], [ 75.966812901592149, 27.591578990809136 ], [ 75.942612496612696, 27.570761299042438 ], [ 75.952370724426999, 27.562434222335757 ], [ 75.93831887637441, 27.497205454800095 ], [ 75.983987382545308, 27.496164570211761 ], [ 75.985939028108163, 27.468407647856161 ], [ 75.953151382652138, 27.471530301621165 ], [ 75.918021762520681, 27.451406532913357 ], [ 75.888356749965226, 27.453141340560581 ], [ 75.870401610786914, 27.4170573414983 ], [ 75.883672800614363, 27.397280534319936 ], [ 75.875085560137776, 27.38791257302492 ], [ 75.847762522257753, 27.399709265026051 ], [ 75.827075079291447, 27.38652472690714 ], [ 75.812632902126296, 27.400750149614385 ], [ 75.796239079398276, 27.375768919494345 ], [ 75.779454927557694, 27.380626380906577 ], [ 75.776722623769686, 27.398321418908271 ], [ 75.740031687187951, 27.399709265026051 ], [ 75.720124902446784, 27.377850688671014 ], [ 75.722857206234792, 27.3615434967871 ], [ 75.672504750713031, 27.363278304434324 ], [ 75.660404548223298, 27.33101088219594 ], [ 75.628007231879849, 27.334480497490389 ], [ 75.618249004065547, 27.311234075017573 ], [ 75.600293864887249, 27.301172190663671 ], [ 75.570628852331794, 27.30325395984034 ], [ 75.579606421920943, 27.324071651607039 ], [ 75.5636029283055, 27.339337958902618 ], [ 75.526521662611174, 27.335868343608169 ], [ 75.474998219751711, 27.282436268073639 ], [ 75.457433409685976, 27.280701460426414 ], [ 75.441429916070533, 27.2921511908981 ], [ 75.378586928946476, 27.28868157560365 ], [ 75.392248447886487, 27.278966652779189 ], [ 75.389125814985917, 27.229004192539108 ], [ 75.327063486086999, 27.210962193007969 ], [ 75.325892498749283, 27.2088804238313 ], [ 75.320037562060705, 27.198471577947949 ], [ 75.312621308921848, 27.184940078299594 ], [ 75.315353612709842, 27.143998617825083 ], [ 75.315743941822419, 27.143651656295638 ], [ 75.297788802644121, 27.139835079471744 ], [ 75.297398473531544, 27.125956618293941 ], [ 75.282956296366393, 27.121446118411157 ], [ 75.267343131863512, 27.129773195117838 ], [ 75.197083891600599, 27.125956618293941 ], [ 75.192790271362313, 27.13810027182452 ], [ 75.170931841058291, 27.139141156412855 ], [ 75.176786777746869, 27.155795309826214 ], [ 75.127605309562824, 27.16655111723901 ], [ 75.116285765298244, 27.178694770769582 ], [ 75.120969714649107, 27.211656116066859 ], [ 75.06944627178963, 27.215819654420198 ], [ 75.086230423630212, 27.243576576775798 ], [ 75.099891942570224, 27.243576576775798 ], [ 75.133069917138826, 27.280701460426414 ], [ 75.155709005667987, 27.2782727297203 ], [ 75.164686575257136, 27.303600921369785 ], [ 75.161563942356565, 27.31713242101814 ], [ 75.106917866596518, 27.335521382078724 ], [ 75.115114777960528, 27.377156765612124 ], [ 75.077643183153626, 27.385830803848251 ], [ 75.045636195922739, 27.377503727141569 ], [ 75.035097309883312, 27.354604266198201 ], [ 74.947273259554663, 27.349746804785969 ], [ 74.939857006415792, 27.338297074314283 ], [ 74.898872449595757, 27.33101088219594 ], [ 74.899262778708334, 27.315397613370916 ], [ 74.880136652192306, 27.309846228899794 ], [ 74.867255791477447, 27.335174420549279 ], [ 74.880526981304882, 27.34488934337374 ], [ 74.875062373728881, 27.371952342670451 ], [ 74.84734900673628, 27.377156765612124 ], [ 74.874281715503727, 27.411158995497736 ], [ 74.859839538338576, 27.449671725266132 ], [ 74.801290171452806, 27.449671725266132 ], [ 74.797386880327096, 27.486796608916748 ], [ 74.772015488009927, 27.494082801035091 ], [ 74.755231336169345, 27.487490531975638 ], [ 74.750547386818482, 27.5003281085651 ], [ 74.731421260302454, 27.493041916446757 ], [ 74.72127270337559, 27.501368993153434 ], [ 74.719321057812735, 27.53918779986294 ], [ 74.762257260195639, 27.565556876100761 ], [ 74.761476601970486, 27.58151710645523 ], [ 74.756792652619623, 27.592966836926916 ], [ 74.742350475454472, 27.584639760220238 ], [ 74.731421260302454, 27.608927067281385 ], [ 74.705659538872723, 27.596436452221369 ], [ 74.70097558952186, 27.622111605400299 ], [ 74.713466121124156, 27.638765758813658 ], [ 74.68145913389327, 27.669298373404818 ], [ 74.716979083137304, 27.677972411640944 ] ] ] } },
{ "type": "Feature", "properties": { "dt_code": "104", "district": "Alwar", "st_code": "08", "year": "2011_c", "st_nm": "Rajasthan" }, "geometry": { "type": "Polygon", "coordinates": [ [ [ 76.225210774114672, 27.833411176832303 ], [ 76.208816951386652, 27.84000344589176 ], [ 76.21154925517466, 27.844860907303989 ], [ 76.193984445108924, 27.859433291540679 ], [ 76.201400698247795, 27.892741598367401 ], [ 76.168222723679193, 27.903497405780193 ], [ 76.186568191970068, 27.96560351955085 ], [ 76.16353877432833, 27.973583634728087 ], [ 76.160025812315183, 27.997523980259793 ], [ 76.176809964155765, 28.021464325791495 ], [ 76.196716748896932, 28.015565979790932 ], [ 76.216623533638085, 28.035342786969295 ], [ 76.195936090671779, 28.030485325557066 ], [ 76.179932597056336, 28.054425671088772 ], [ 76.238091634829544, 28.04956820967654 ], [ 76.242775584180393, 28.064487555442675 ], [ 76.261121052471267, 28.067610209207682 ], [ 76.29351836881473, 28.049221248147095 ], [ 76.292347381477015, 28.025974825674282 ], [ 76.318889761131899, 28.015565979790932 ], [ 76.34152884966106, 28.030138364027621 ], [ 76.354800039488495, 28.068304132266572 ], [ 76.301324951066164, 28.097795862269397 ], [ 76.30171528017874, 28.097795862269397 ], [ 76.301324951066164, 28.097795862269397 ], [ 76.309131533317597, 28.108204708152748 ], [ 76.336454571197621, 28.102653323681626 ], [ 76.359874317951935, 28.124858861566107 ], [ 76.320841406694754, 28.148452245568368 ], [ 76.297421659940454, 28.149146168627258 ], [ 76.304447583966734, 28.159208052981164 ], [ 76.280637508099858, 28.165453360511172 ], [ 76.281027837212434, 28.165800322040617 ], [ 76.292347381477015, 28.179331821688972 ], [ 76.311473507993028, 28.177943975571193 ], [ 76.324744697820478, 28.17308651415896 ], [ 76.345432140786784, 28.169269937335066 ], [ 76.35792267238908, 28.160942860628388 ], [ 76.356751685051364, 28.143594784156136 ], [ 76.371584191329092, 28.137349476626127 ], [ 76.391100646957682, 28.139431245802797 ], [ 76.399687887434254, 28.144982630273915 ], [ 76.419594672175421, 28.142553899567801 ], [ 76.448479026505723, 28.145676553332805 ], [ 76.469166469472029, 28.151227937803927 ], [ 76.470337456809744, 28.148105284038923 ], [ 76.473460089710329, 28.139778207332242 ], [ 76.475411735273184, 28.133185938272788 ], [ 76.480095684624047, 28.130757207566674 ], [ 76.49180555800119, 28.129716322978336 ], [ 76.489853912438335, 28.125552784624997 ], [ 76.501954114928068, 28.11896051556554 ], [ 76.49922181114006, 28.099530669916621 ], [ 76.463701861896027, 28.108898631211638 ], [ 76.447698368280584, 28.089121824033271 ], [ 76.501563785815492, 28.059977055559891 ], [ 76.489463583325772, 28.052690863441548 ], [ 76.461359887220596, 28.058589209442111 ], [ 76.454724292306878, 28.042282017558197 ], [ 76.497270165577206, 28.043322902146532 ], [ 76.510151026292064, 28.029791402498176 ], [ 76.529277152808092, 28.040200248381527 ], [ 76.543719329973243, 28.03430190238096 ], [ 76.538645051509803, 27.974624519316421 ], [ 76.542548342635527, 27.967338327198075 ], [ 76.551525912224676, 27.966644404139185 ], [ 76.567529405840119, 27.973930596257532 ], [ 76.588607177919002, 27.997870941789238 ], [ 76.668234316883641, 28.013831172143707 ], [ 76.654182468831053, 28.034648863910405 ], [ 76.657305101731637, 28.089468785562715 ], [ 76.687360443399655, 28.087733977915491 ], [ 76.715854468617394, 28.127634553801666 ], [ 76.743567835609994, 28.121042284742213 ], [ 76.762303633013445, 28.142553899567801 ], [ 76.794700949356894, 28.148452245568368 ], [ 76.800555886045473, 28.162330706746168 ], [ 76.792358974681463, 28.184189283101201 ], [ 76.81226575942263, 28.190781552160658 ], [ 76.808362468296906, 28.210905320868466 ], [ 76.831001556826067, 28.209170513221242 ], [ 76.850127683342095, 28.221314166751817 ], [ 76.852859987130088, 28.220967205222372 ], [ 76.87471841743411, 28.217844551457368 ], [ 76.872766771871255, 28.205700897926793 ], [ 76.906725404664996, 28.200496474985115 ], [ 76.892673556612408, 28.183495360042311 ], [ 76.932096796982165, 28.152962745451152 ], [ 76.950832594385616, 28.149840091686148 ], [ 76.948100290597608, 28.142206938038356 ], [ 76.970349050014192, 28.138390361214462 ], [ 76.930925809644449, 27.993707403435895 ], [ 76.937951733670744, 27.982951596023099 ], [ 76.931706467869589, 27.92258028989967 ], [ 76.951613252610755, 27.918416751546332 ], [ 76.95044226527304, 27.895864252132405 ], [ 76.937561404558167, 27.896558175191295 ], [ 76.94224535390903, 27.84277913812732 ], [ 76.935609758995312, 27.829247638478964 ], [ 76.913751328691291, 27.832023330714524 ], [ 76.909848037565581, 27.815369177301164 ], [ 76.91882560715473, 27.804266408358924 ], [ 76.892283227499846, 27.732445371763809 ], [ 76.8942348730627, 27.717872987527119 ], [ 76.924290214730732, 27.699830987995977 ], [ 76.897357505963271, 27.697749218819308 ], [ 76.893454214837561, 27.697402257289863 ], [ 76.905944746439857, 27.686299488347622 ], [ 76.898138164188424, 27.677625450111499 ], [ 76.913751328691291, 27.655072950697573 ], [ 76.932877455207304, 27.656113835285907 ], [ 76.942635683021606, 27.673461911758157 ], [ 76.943026012134169, 27.673808873287605 ], [ 76.972300695577061, 27.657501681403687 ], [ 76.97815563226564, 27.654032066109238 ], [ 76.97815563226564, 27.654032066109238 ], [ 76.978545961378202, 27.654032066109238 ], [ 76.980107277828495, 27.641888412578663 ], [ 76.983229910729065, 27.619682874694181 ], [ 76.944587328584461, 27.616907182458622 ], [ 76.96683608800106, 27.611355797987503 ], [ 76.934438771657597, 27.603375682810267 ], [ 76.946148645034754, 27.586027606338018 ], [ 76.939513050121036, 27.576659645043001 ], [ 76.961371480425044, 27.575965721984112 ], [ 76.957858518411896, 27.559311568570752 ], [ 76.9453679868096, 27.559658530100197 ], [ 76.959810163974765, 27.543698299745728 ], [ 76.972300695577061, 27.552025376452406 ], [ 76.995330113218799, 27.533636415391822 ], [ 77.017188543522821, 27.537799953745161 ], [ 77.019920847310814, 27.546473991981287 ], [ 76.997281758781654, 27.558270683982418 ], [ 76.999233404344508, 27.570414337512993 ], [ 77.049976188978846, 27.561393337747422 ], [ 77.049976188978846, 27.561046376217977 ], [ 77.046463226965699, 27.548902722687401 ], [ 77.031630720687971, 27.551678414922961 ], [ 77.067150669932005, 27.537452992215716 ], [ 77.066760340819428, 27.536759069156826 ], [ 77.058953758567995, 27.527044146332365 ], [ 77.038266315601689, 27.530860723156263 ], [ 77.036314670038834, 27.513859608213458 ], [ 77.021482163761107, 27.516635300449018 ], [ 77.01796920174796, 27.504491646918442 ], [ 77.051537505429124, 27.484714839740075 ], [ 77.059344087680572, 27.446896033030569 ], [ 77.047243885190838, 27.438915917853336 ], [ 77.034753353588542, 27.445161225383345 ], [ 77.048414872528554, 27.460774494208373 ], [ 77.032801708025687, 27.468754609385606 ], [ 77.017188543522821, 27.451059571383912 ], [ 76.966445758888483, 27.462856263385042 ], [ 76.96683608800106, 27.476040801503952 ], [ 76.936780746333028, 27.488184455034528 ], [ 76.928193505856441, 27.517329223507907 ], [ 76.904383429989565, 27.521492761861246 ], [ 76.90750606289015, 27.52877895397959 ], [ 76.923899885618155, 27.524962377155695 ], [ 76.92585153118101, 27.537799953745161 ], [ 76.897357505963271, 27.537452992215716 ], [ 76.879402366784973, 27.509002146801226 ], [ 76.895796189512993, 27.491654070328977 ], [ 76.911409354015859, 27.49963418550621 ], [ 76.923119227393016, 27.493388877976201 ], [ 76.905944746439857, 27.464244109502822 ], [ 76.943416341246746, 27.447589956089459 ], [ 76.960200493087328, 27.419486072204414 ], [ 76.962542467762759, 27.419486072204414 ], [ 76.988694518305067, 27.428507071969985 ], [ 77.009381961271373, 27.417751264557189 ], [ 77.008210973933657, 27.396586611261046 ], [ 77.032801708025687, 27.402137995732165 ], [ 77.026556442224532, 27.3893004191427 ], [ 77.057392442117703, 27.382014227024357 ], [ 77.060124745905711, 27.382014227024357 ], [ 77.070663631945152, 27.394851803613818 ], [ 77.115941809003473, 27.36084957372821 ], [ 77.130383986168624, 27.355645150786536 ], [ 77.138190568420072, 27.353563381609867 ], [ 77.192836644180119, 27.361196535257655 ], [ 77.193226973292681, 27.36084957372821 ], [ 77.194007631517835, 27.36084957372821 ], [ 77.208840137795562, 27.353563381609867 ], [ 77.208840137795562, 27.351828573962642 ], [ 77.208449808682985, 27.346624151020965 ], [ 77.208449808682985, 27.341419728079291 ], [ 77.204546517557276, 27.339337958902618 ], [ 77.162781302512087, 27.316785459488695 ], [ 77.145606821558928, 27.320602036312589 ], [ 77.119845100129197, 27.257108076424153 ], [ 77.090960745798881, 27.24982188430581 ], [ 77.076908897746293, 27.232820769363002 ], [ 77.048414872528554, 27.238372153834124 ], [ 77.040998619389697, 27.2227588850091 ], [ 77.087447783785734, 27.199512462536283 ], [ 77.08042185975944, 27.180082616887365 ], [ 77.100718973613169, 27.171408578651238 ], [ 77.095254366037167, 27.162040617356222 ], [ 77.053489150991993, 27.158224040532328 ], [ 77.026556442224532, 27.16516327112123 ], [ 77.023824138436538, 27.176959963122357 ], [ 76.967226417113622, 27.182164386064034 ], [ 76.955126214623903, 27.158917963591218 ], [ 76.959419834862189, 27.143998617825083 ], [ 76.956687531074181, 27.143304694766194 ], [ 76.926241860293587, 27.136365464177295 ], [ 76.893454214837561, 27.161346694297333 ], [ 76.895405860400416, 27.175225155475133 ], [ 76.909848037565581, 27.18042957841681 ], [ 76.8942348730627, 27.231779884774667 ], [ 76.8942348730627, 27.231779884774667 ], [ 76.886818619923844, 27.22067711583243 ], [ 76.866911835182677, 27.230392038656888 ], [ 76.857153607368389, 27.209574346890189 ], [ 76.841540442865508, 27.20749257771352 ], [ 76.849737354229518, 27.190838424300161 ], [ 76.846224392216371, 27.180776539946255 ], [ 76.83997912641523, 27.162734540415112 ], [ 76.825927278362641, 27.163081501944557 ], [ 76.823194974574633, 27.132201925823953 ], [ 76.827878923925496, 27.117976503116708 ], [ 76.838808139077514, 27.119364349234488 ], [ 76.828269253038073, 27.075300234994973 ], [ 76.809923784747198, 27.080504657936647 ], [ 76.800555886045473, 27.102710195821128 ], [ 76.810704442972337, 27.123180926058382 ], [ 76.792749303794039, 27.139141156412855 ], [ 76.78377173420489, 27.112425118645589 ], [ 76.720148088855694, 27.106526772645022 ], [ 76.680724848485937, 27.114159926292814 ], [ 76.664721354870494, 27.091954388408332 ], [ 76.635837000540178, 27.092301349937777 ], [ 76.621394823375027, 27.107567657233357 ], [ 76.626859430951029, 27.123527887587827 ], [ 76.617101203136741, 27.127344464411724 ], [ 76.64559522835448, 27.164122386532895 ], [ 76.583923228568139, 27.176613001592912 ], [ 76.553087228674968, 27.172102501710128 ], [ 76.546451633761251, 27.125262695235051 ], [ 76.538254722397241, 27.130814079706173 ], [ 76.510931684517217, 27.113812964763369 ], [ 76.487121608650341, 27.113466003233924 ], [ 76.454724292306878, 27.075647196524418 ], [ 76.43247553289028, 27.088137811584438 ], [ 76.424668950638846, 27.128385349000059 ], [ 76.414910722824558, 27.129426233588394 ], [ 76.396955583646246, 27.123527887587827 ], [ 76.390710317845105, 27.078769850289422 ], [ 76.38134241914338, 27.081198580995537 ], [ 76.351287077475348, 27.054482543228271 ], [ 76.280247178987295, 27.064544427582177 ], [ 76.279856849874719, 27.064544427582177 ], [ 76.281027837212434, 27.149550002296202 ], [ 76.266585660047284, 27.179735655357916 ], [ 76.264243685371852, 27.184246155240704 ], [ 76.257998419570697, 27.177306924651802 ], [ 76.243556242405546, 27.162734540415112 ], [ 76.224039786776956, 27.142263810177859 ], [ 76.197107078009495, 27.114506887822259 ], [ 76.18383588818206, 27.117629541587263 ], [ 76.172516343917479, 27.128732310529504 ], [ 76.176419635043203, 27.183552232181814 ], [ 76.14792560982545, 27.18042957841681 ], [ 76.152999888288889, 27.216513577479088 ], [ 76.141680344024309, 27.21998319277354 ], [ 76.129580141534589, 27.195348924182944 ], [ 76.119821913720287, 27.19430803959461 ], [ 76.131922116210006, 27.223452808067989 ], [ 76.115918622594563, 27.23386165395134 ], [ 76.136215736448307, 27.280354498896969 ], [ 76.142851331362024, 27.279660575838079 ], [ 76.149486926275742, 27.311234075017573 ], [ 76.16744206545404, 27.309152305840904 ], [ 76.174858318592911, 27.338990997373173 ], [ 76.197107078009495, 27.362584381375434 ], [ 76.19203279954607, 27.374381073376565 ], [ 76.213110571624938, 27.404219764908834 ], [ 76.223259128551803, 27.4031788803205 ], [ 76.224039786776956, 27.447936917618904 ], [ 76.250191837319264, 27.441344648559451 ], [ 76.212720242512376, 27.454529186678361 ], [ 76.236920647491829, 27.474305993856724 ], [ 76.240433609504976, 27.503797723859552 ], [ 76.22677209056495, 27.513165685154569 ], [ 76.234188343703821, 27.523921492567361 ], [ 76.204913660260942, 27.533983376921267 ], [ 76.211939584287222, 27.548902722687401 ], [ 76.192813457771209, 27.614131490223063 ], [ 76.204523331148366, 27.624887297635858 ], [ 76.228723736127819, 27.620723759282519 ], [ 76.244336900630685, 27.629397797518642 ], [ 76.247459533531256, 27.656460796815352 ], [ 76.234188343703821, 27.667563565757593 ], [ 76.247849862643832, 27.669645334934263 ], [ 76.239262622167246, 27.684564680700397 ], [ 76.252924141107272, 27.691503911289299 ], [ 76.236139989266675, 27.754997871177736 ], [ 76.25760809045812, 27.762977986354969 ], [ 76.268146976497562, 27.782060870474446 ], [ 76.263463027146699, 27.79836806235836 ], [ 76.286492444788436, 27.800102870005585 ], [ 76.25448545755755, 27.821267523301728 ], [ 76.261901710696421, 27.832370292243969 ], [ 76.237310976604391, 27.847983561068993 ], [ 76.227162419677526, 27.832717253773414 ], [ 76.225210774114672, 27.833411176832303 ] ] ] } },
{ "type": "Feature", "properties": { "dt_code": "110", "district": "Jaipur", "st_code": "08", "year": "2011_c", "st_nm": "Rajasthan" }, "geometry": { "type": "Polygon", "coordinates": [ [ [ 75.315743941822419, 27.143651656295638 ], [ 75.315353612709842, 27.143998617825083 ], [ 75.312621308921848, 27.184940078299594 ], [ 75.320037562060705, 27.198471577947949 ], [ 75.325892498749283, 27.2088804238313 ], [ 75.327063486086999, 27.210962193007969 ], [ 75.389125814985917, 27.229004192539108 ], [ 75.392248447886487, 27.278966652779189 ], [ 75.378586928946476, 27.28868157560365 ], [ 75.441429916070533, 27.2921511908981 ], [ 75.457433409685976, 27.280701460426414 ], [ 75.474998219751711, 27.282436268073639 ], [ 75.526521662611174, 27.335868343608169 ], [ 75.5636029283055, 27.339337958902618 ], [ 75.579606421920943, 27.324071651607039 ], [ 75.570628852331794, 27.30325395984034 ], [ 75.600293864887249, 27.301172190663671 ], [ 75.618249004065547, 27.311234075017573 ], [ 75.628007231879849, 27.334480497490389 ], [ 75.660404548223298, 27.33101088219594 ], [ 75.672504750713031, 27.363278304434324 ], [ 75.722857206234792, 27.3615434967871 ], [ 75.720124902446784, 27.377850688671014 ], [ 75.740031687187951, 27.399709265026051 ], [ 75.776722623769686, 27.398321418908271 ], [ 75.779454927557694, 27.380626380906577 ], [ 75.796239079398276, 27.375768919494345 ], [ 75.812632902126296, 27.400750149614385 ], [ 75.827075079291447, 27.38652472690714 ], [ 75.847762522257753, 27.399709265026051 ], [ 75.875085560137776, 27.38791257302492 ], [ 75.883672800614363, 27.397280534319936 ], [ 75.870401610786914, 27.4170573414983 ], [ 75.888356749965226, 27.453141340560581 ], [ 75.918021762520681, 27.451406532913357 ], [ 75.953151382652138, 27.471530301621165 ], [ 75.985939028108163, 27.468407647856161 ], [ 75.983987382545308, 27.496164570211761 ], [ 75.93831887637441, 27.497205454800095 ], [ 75.952370724426999, 27.562434222335757 ], [ 75.942612496612696, 27.570761299042438 ], [ 75.966812901592149, 27.591578990809136 ], [ 75.962519281353863, 27.599559105986373 ], [ 75.944564142175551, 27.591578990809136 ], [ 75.940270521937265, 27.619335913164736 ], [ 75.963690268691579, 27.622458566929744 ], [ 75.957054673777861, 27.637377912695879 ], [ 75.97813244585673, 27.653685104579793 ], [ 75.989842319233887, 27.692197834348189 ], [ 76.028875230491067, 27.719607795174344 ], [ 76.051514319020228, 27.769223293884977 ], [ 76.066737154410532, 27.767835447767197 ], [ 76.076105053112244, 27.802878562241144 ], [ 76.085863280926546, 27.808776908241711 ], [ 76.089766572052255, 27.817797908007279 ], [ 76.089766572052255, 27.821961446360618 ], [ 76.079227686012828, 27.837574715185646 ], [ 76.074543736661965, 27.841044330480095 ], [ 76.076105053112244, 27.841738253538985 ], [ 76.085472951813969, 27.844860907303989 ], [ 76.088985913827116, 27.860474176129014 ], [ 76.088985913827116, 27.860474176129014 ], [ 76.123334875733434, 27.851106214833997 ], [ 76.135435078223153, 27.83930952283287 ], [ 76.132312445322583, 27.824390177066732 ], [ 76.153780546514028, 27.819879677183948 ], [ 76.176419635043203, 27.799408946946695 ], [ 76.199449052684926, 27.821614484831173 ], [ 76.217404191863238, 27.816757023418944 ], [ 76.225210774114672, 27.833411176832303 ], [ 76.225210774114672, 27.833411176832303 ], [ 76.227162419677526, 27.832717253773414 ], [ 76.237310976604391, 27.847983561068993 ], [ 76.261901710696421, 27.832370292243969 ], [ 76.25448545755755, 27.821267523301728 ], [ 76.286492444788436, 27.800102870005585 ], [ 76.263463027146699, 27.79836806235836 ], [ 76.268146976497562, 27.782060870474446 ], [ 76.25760809045812, 27.762977986354969 ], [ 76.236139989266675, 27.754997871177736 ], [ 76.252924141107272, 27.691503911289299 ], [ 76.239262622167246, 27.684564680700397 ], [ 76.247849862643832, 27.669645334934263 ], [ 76.234188343703821, 27.667563565757593 ], [ 76.247459533531256, 27.656460796815352 ], [ 76.244336900630685, 27.629397797518642 ], [ 76.228723736127819, 27.620723759282519 ], [ 76.204523331148366, 27.624887297635858 ], [ 76.192813457771209, 27.614131490223063 ], [ 76.211939584287222, 27.548902722687401 ], [ 76.204913660260942, 27.533983376921267 ], [ 76.234188343703821, 27.523921492567361 ], [ 76.22677209056495, 27.513165685154569 ], [ 76.240433609504976, 27.503797723859552 ], [ 76.236920647491829, 27.474305993856724 ], [ 76.212720242512376, 27.454529186678361 ], [ 76.250191837319264, 27.441344648559451 ], [ 76.224039786776956, 27.447936917618904 ], [ 76.223259128551803, 27.4031788803205 ], [ 76.213110571624938, 27.404219764908834 ], [ 76.19203279954607, 27.374381073376565 ], [ 76.197107078009495, 27.362584381375434 ], [ 76.174858318592911, 27.338990997373173 ], [ 76.16744206545404, 27.309152305840904 ], [ 76.149486926275742, 27.311234075017573 ], [ 76.142851331362024, 27.279660575838079 ], [ 76.136215736448307, 27.280354498896969 ], [ 76.115918622594563, 27.23386165395134 ], [ 76.131922116210006, 27.223452808067989 ], [ 76.119821913720287, 27.19430803959461 ], [ 76.129580141534589, 27.195348924182944 ], [ 76.141680344024309, 27.21998319277354 ], [ 76.152999888288889, 27.216513577479088 ], [ 76.14792560982545, 27.18042957841681 ], [ 76.176419635043203, 27.183552232181814 ], [ 76.172516343917479, 27.128732310529504 ], [ 76.18383588818206, 27.117629541587263 ], [ 76.197107078009495, 27.114506887822259 ], [ 76.224039786776956, 27.142263810177859 ], [ 76.243556242405546, 27.162734540415112 ], [ 76.257998419570697, 27.177306924651802 ], [ 76.264243685371852, 27.184246155240704 ], [ 76.266585660047284, 27.179735655357916 ], [ 76.281027837212434, 27.149550002296202 ], [ 76.279856849874719, 27.064544427582177 ], [ 76.280247178987295, 27.064544427582177 ], [ 76.279856849874719, 27.061074812287728 ], [ 76.279466520762142, 27.048584197227708 ], [ 76.277514875199287, 27.046849389580483 ], [ 76.259950065133552, 27.032277005343794 ], [ 76.255656444895266, 27.028460428519896 ], [ 76.245898217080978, 27.020480313342663 ], [ 76.238872293054683, 27.014235005812651 ], [ 76.227943077902665, 26.9899476987515 ], [ 76.222478470326664, 26.958721161101451 ], [ 76.222088141214101, 26.954904584277557 ], [ 76.247849862643832, 26.946577507570876 ], [ 76.233017356366105, 26.944842699923651 ], [ 76.236920647491829, 26.925412854274732 ], [ 76.217013862750662, 26.90875870086137 ], [ 76.236139989266675, 26.89418631662468 ], [ 76.237701305716968, 26.87753216321132 ], [ 76.260340394246128, 26.872674701799092 ], [ 76.239652951279822, 26.844570817914047 ], [ 76.260340394246128, 26.834161972030696 ], [ 76.247849862643832, 26.812650357205104 ], [ 76.25448545755755, 26.803629357439537 ], [ 76.238872293054683, 26.798771896027304 ], [ 76.225601103227234, 26.8095277034401 ], [ 76.20335234381065, 26.801200626733419 ], [ 76.193594115996348, 26.76928016602448 ], [ 76.178371280606058, 26.757830435552794 ], [ 76.192423128658646, 26.752972974140565 ], [ 76.18695852108263, 26.742217166727769 ], [ 76.197497407122071, 26.737706666844986 ], [ 76.180713255281489, 26.728685667079414 ], [ 76.209597609611791, 26.721399474961068 ], [ 76.189300495758062, 26.711337590607165 ], [ 76.178761609718634, 26.687397245075459 ], [ 76.170174369242048, 26.690519898840463 ], [ 76.175248647705487, 26.714807205901614 ], [ 76.16744206545404, 26.717929859666619 ], [ 76.143631989587163, 26.694336475664358 ], [ 76.182664900844344, 26.612800516244782 ], [ 76.167051736341477, 26.603085593420325 ], [ 76.155732192076897, 26.57428778647639 ], [ 76.153780546514028, 26.521549634000749 ], [ 76.152999888288889, 26.521896595530194 ], [ 76.144802976924879, 26.524325326236308 ], [ 76.100695787204273, 26.538897710472998 ], [ 76.083521306251114, 26.522590518589084 ], [ 76.071030774648818, 26.527794941530757 ], [ 76.063224192397385, 26.509059018940729 ], [ 76.024581610252767, 26.521202672471304 ], [ 76.008578116637324, 26.500038019175157 ], [ 75.971496850943012, 26.507324211293504 ], [ 75.960177306678432, 26.486159557997357 ], [ 75.927389661222406, 26.509059018940729 ], [ 75.814194218576588, 26.520855710941859 ], [ 75.793506775610282, 26.530223672236872 ], [ 75.803655332537147, 26.541673402708557 ], [ 75.795848750285714, 26.550694402474129 ], [ 75.771648345306261, 26.543061248826337 ], [ 75.768916041518253, 26.530917595295762 ], [ 75.779064598445117, 26.523978364706863 ], [ 75.759157813703965, 26.517733057176851 ], [ 75.771648345306261, 26.471934135290113 ], [ 75.746667282101669, 26.469158443054553 ], [ 75.740031687187951, 26.447299866699517 ], [ 75.726370168247939, 26.466729712348439 ], [ 75.708415029069627, 26.446605943640627 ], [ 75.652207636859288, 26.466035789289549 ], [ 75.64557204194557, 26.442789366816733 ], [ 75.61395538382726, 26.440013674581174 ], [ 75.568677206768939, 26.448340751287851 ], [ 75.571409510556933, 26.476097673643451 ], [ 75.548380092915195, 26.487200442585692 ], [ 75.520276396810033, 26.463954020112876 ], [ 75.500369612068866, 26.482342981173463 ], [ 75.453920447672829, 26.496221442351263 ], [ 75.432842675593946, 26.482689942702908 ], [ 75.407861612389354, 26.495180557762929 ], [ 75.409422928839646, 26.483383865761798 ], [ 75.365706068231603, 26.488935250232917 ], [ 75.333699081000717, 26.522243557059639 ], [ 75.327844144312138, 26.561450209886925 ], [ 75.289591891280111, 26.557286671533582 ], [ 75.284907941929248, 26.564225902122484 ], [ 75.251339638248069, 26.544796056473562 ], [ 75.251339638248069, 26.531264556825207 ], [ 75.201767840951462, 26.517733057176851 ], [ 75.199035537163454, 26.481302096585129 ], [ 75.182251385322871, 26.484771711879578 ], [ 75.170541511945714, 26.463607058583431 ], [ 75.167809208157706, 26.463260097053986 ], [ 75.167418879045144, 26.463260097053986 ], [ 75.160783284131426, 26.462913135524541 ], [ 75.160783284131426, 26.474015904466782 ], [ 75.145170119628546, 26.470199327642888 ], [ 75.145950777853699, 26.473321981407892 ], [ 75.150634727204562, 26.500384980704602 ], [ 75.149073410754269, 26.501425865292937 ], [ 75.112772803285097, 26.523631403177419 ], [ 75.11745675263596, 26.552776171650798 ], [ 75.095598322331938, 26.560062363769141 ], [ 75.073739892027916, 26.545143018003007 ], [ 75.060859031313043, 26.555204902356913 ], [ 75.080375486941634, 26.608290016361998 ], [ 75.060468702200467, 26.624944169775357 ], [ 75.064371993326191, 26.655129822837075 ], [ 75.019874474493008, 26.664150822602643 ], [ 75.010506575791283, 26.690172937311019 ], [ 74.976938272110118, 26.674906630015439 ], [ 74.969912348083824, 26.679764091427668 ], [ 74.967960702520955, 26.681498899074896 ], [ 74.963667082282669, 26.684274591310455 ], [ 74.963667082282669, 26.721399474961068 ], [ 74.941808651978647, 26.724175167196631 ], [ 74.941808651978647, 26.733543128491643 ], [ 74.943369968428939, 26.733196166962198 ], [ 74.999577360639279, 26.732155282373864 ], [ 75.007774272003289, 26.752972974140565 ], [ 74.98240287968612, 26.76650447378892 ], [ 74.937515031740361, 26.749850320375561 ], [ 74.937515031740361, 26.780035973437275 ], [ 74.924243841912926, 26.792526588497296 ], [ 74.914095284986061, 26.83589677967792 ], [ 74.913704955873484, 26.83797854885459 ], [ 74.935953715290069, 26.844223856384602 ], [ 74.953128196243227, 26.85046916391461 ], [ 74.953908854468381, 26.866082432739635 ], [ 74.974986626547249, 26.891063662859676 ], [ 74.974986626547249, 26.89141062438912 ], [ 74.976157613884965, 26.891063662859676 ], [ 74.989819132824977, 26.890022778271341 ], [ 75.01011624667872, 26.895227201213018 ], [ 75.009725917566143, 26.946230546041431 ], [ 75.160783284131426, 26.93304600792252 ], [ 75.158441309455995, 26.972252660749806 ], [ 75.200206524501169, 26.97537531451481 ], [ 75.200987182726308, 27.008336659812088 ], [ 75.239629764870926, 27.013888044283206 ], [ 75.254071942036077, 27.031236120755459 ], [ 75.21894232190462, 27.052400774051602 ], [ 75.218161663679467, 27.080504657936647 ], [ 75.330186118987569, 27.092301349937777 ], [ 75.363364093556171, 27.083627311701655 ], [ 75.362583435331032, 27.105832849586132 ], [ 75.36102211888074, 27.106179811115577 ], [ 75.356338169529877, 27.107914618762802 ], [ 75.343847637927581, 27.1117311955867 ], [ 75.338773359464156, 27.130814079706173 ], [ 75.338773359464156, 27.131854964294508 ], [ 75.337992701239017, 27.132895848882843 ], [ 75.335260397451009, 27.135324579588957 ], [ 75.327844144312138, 27.143304694766194 ], [ 75.319256903835566, 27.142263810177859 ], [ 75.315743941822419, 27.143651656295638 ] ] ] } },
{ "type": "Feature", "properties": { "dt_code": "113", "district": "Jodhpur", "st_code": "08", "year": "2011_c", "st_nm": "Rajasthan" }, "geometry": { "type": "MultiPolygon", "coordinates": [ [ [ [ 72.064692763212051, 26.350497599984362 ], [ 72.071328358125768, 26.350497599984362 ], [ 72.077183294814347, 26.45319821270008 ], [ 72.027611497517725, 26.500384980704602 ], [ 72.097480408668076, 26.60204470883199 ], [ 72.058837826523472, 26.64159832318872 ], [ 72.064692763212051, 26.647843630718729 ], [ 72.038150383557166, 26.681498899074896 ], [ 72.069376712562914, 26.720011628843288 ], [ 72.085770535290933, 26.719317705784398 ], [ 72.086551193516073, 26.731461359314974 ], [ 72.058057168298333, 26.762687896965026 ], [ 72.059618484748611, 26.782811665672835 ], [ 72.045176307583461, 26.790097857791181 ], [ 72.055324864510325, 26.803976318968981 ], [ 72.084599547953218, 26.808486818851765 ], [ 72.098651396005792, 26.831039318265692 ], [ 72.087722180853788, 26.850816125444055 ], [ 72.100993370681223, 26.858449279091847 ], [ 72.102164358018939, 26.886900124506337 ], [ 72.078744611264639, 26.915350969920826 ], [ 72.037369725332027, 26.935474738628635 ], [ 72.049469927821747, 26.968783045455357 ], [ 72.04205367468289, 27.018051582636549 ], [ 72.032295446868588, 27.023602967107667 ], [ 72.051031244272039, 27.039563197462137 ], [ 72.02565985195487, 27.055523427816606 ], [ 72.041663345570313, 27.105485888056688 ], [ 71.991701219161129, 27.134977618059512 ], [ 71.961645877493098, 27.141222925589524 ], [ 71.953058637016525, 27.184246155240704 ], [ 71.91207408019649, 27.179735655357916 ], [ 71.913245067534206, 27.229698115597998 ], [ 71.885141371429029, 27.29145726783921 ], [ 71.841034181708423, 27.30464180595812 ], [ 71.81683377672897, 27.341072766549843 ], [ 71.820346738742117, 27.40109711114383 ], [ 71.809027194477537, 27.441344648559451 ], [ 71.832446941231836, 27.481939147504516 ], [ 71.87616380183988, 27.487490531975638 ], [ 71.891776966342746, 27.476734724562842 ], [ 71.896460915693609, 27.529125915509034 ], [ 71.923783953573633, 27.563128145394646 ], [ 71.966720155956537, 27.55306626104074 ], [ 71.999117472299986, 27.571455222101328 ], [ 72.024488864617155, 27.597130375280258 ], [ 72.049079598709184, 27.615866297870287 ], [ 72.127145421223531, 27.58151710645523 ], [ 72.103725674469231, 27.561046376217977 ], [ 72.143148914838974, 27.536412107627381 ], [ 72.136513319925257, 27.522880607979026 ], [ 72.159542737566994, 27.496164570211761 ], [ 72.156420104666424, 27.476734724562842 ], [ 72.174765572957298, 27.462509301855597 ], [ 72.208724205751039, 27.480204339857291 ], [ 72.209895193088755, 27.492694954917312 ], [ 72.238389218306494, 27.480898262916181 ], [ 72.238779547419071, 27.484714839740075 ], [ 72.242682838544781, 27.484020916681185 ], [ 72.241511851207065, 27.476040801503952 ], [ 72.25166040813393, 27.462509301855597 ], [ 72.264150939736226, 27.45799880197281 ], [ 72.323480964847136, 27.516982261978463 ], [ 72.359000914091169, 27.493735839505646 ], [ 72.364855850779747, 27.530513761626818 ], [ 72.387104610196346, 27.549943607275736 ], [ 72.402717774699212, 27.546820953510732 ], [ 72.437847394830669, 27.568679529865769 ], [ 72.446044306194679, 27.589150260103022 ], [ 72.499129065504448, 27.587068490926352 ], [ 72.553384812151918, 27.620376797753075 ], [ 72.563533369078783, 27.608927067281385 ], [ 72.599053318322817, 27.607886182693051 ], [ 72.617398786613691, 27.592966836926916 ], [ 72.620521419514262, 27.573190029748552 ], [ 72.655260710533156, 27.536759069156826 ], [ 72.689609672439474, 27.605457451986936 ], [ 72.711858431856058, 27.589497221632467 ], [ 72.7266909381338, 27.550290568805181 ], [ 72.76143022915268, 27.52530933868514 ], [ 72.773530431642399, 27.540228684451279 ], [ 72.766114178503543, 27.565209914571316 ], [ 72.826224861839592, 27.584986721749683 ], [ 72.843009013680188, 27.556882837864638 ], [ 72.836373418766456, 27.531554646215152 ], [ 72.81256334289958, 27.518023146566797 ], [ 72.817247292250443, 27.478122570680622 ], [ 72.825444203614452, 27.468407647856161 ], [ 72.873064355348205, 27.476734724562842 ], [ 72.853938228832192, 27.445855148442234 ], [ 72.852767241494476, 27.44412034079501 ], [ 72.887896861625933, 27.450712609854467 ], [ 72.894922785652227, 27.415322533851075 ], [ 72.932004051346553, 27.448630840677794 ], [ 72.942152608273418, 27.4031788803205 ], [ 72.979233873967729, 27.382014227024357 ], [ 73.032708962390075, 27.421567841381083 ], [ 73.073303190097533, 27.429200995028875 ], [ 73.080329114123828, 27.427813148911095 ], [ 73.104919848215843, 27.419833033733859 ], [ 73.125216962069587, 27.40109711114383 ], [ 73.133804202546159, 27.309499267370349 ], [ 73.134194531658736, 27.309499267370349 ], [ 73.134194531658736, 27.309499267370349 ], [ 73.13302354432102, 27.307417498193679 ], [ 73.108823139341567, 27.257108076424153 ], [ 73.08501306347469, 27.239759999951904 ], [ 73.101406886202696, 27.2227588850091 ], [ 73.115068405142722, 27.170020732533459 ], [ 73.116629721593, 27.141569887118969 ], [ 73.097893924189563, 27.117629541587263 ], [ 73.138097822784445, 27.050319004874932 ], [ 73.108042481116428, 27.020480313342663 ], [ 73.120142683606147, 26.9899476987515 ], [ 73.107261822891275, 26.968783045455357 ], [ 73.120923341831286, 26.941373084629202 ], [ 73.153710987287326, 26.925065892745287 ], [ 73.169714480902769, 26.93304600792252 ], [ 73.183375999842781, 26.884124432270777 ], [ 73.202111797246218, 26.88030785544688 ], [ 73.20367311369651, 26.868511163445753 ], [ 73.238412404715405, 26.861224971327406 ], [ 73.275493670409716, 26.861918894386296 ], [ 73.29071650580002, 26.873715586387426 ], [ 73.323894480368622, 26.854285740738504 ], [ 73.353559492924077, 26.870592932622422 ], [ 73.36956298653952, 26.868858124975198 ], [ 73.400398986432691, 26.8789200093291 ], [ 73.410547543359556, 26.885859239918002 ], [ 73.42147675851156, 26.885859239918002 ], [ 73.432405973663577, 26.885859239918002 ], [ 73.44099321414015, 26.885859239918002 ], [ 73.447238479941305, 26.873368624857982 ], [ 73.450361112841875, 26.874062547916871 ], [ 73.498371593688205, 26.888287970624116 ], [ 73.501494226588775, 26.885512278388557 ], [ 73.533110884707099, 26.857408394503512 ], [ 73.593221568043148, 26.864000663562965 ], [ 73.615470327459732, 26.83936639497237 ], [ 73.629131846399758, 26.844223856384602 ], [ 73.63459645397576, 26.806405049675096 ], [ 73.657235542504921, 26.807445934263431 ], [ 73.662700150080923, 26.777260281201716 ], [ 73.678703643696366, 26.757483474023349 ], [ 73.650990276703766, 26.715154167431059 ], [ 73.655674226054629, 26.693642552605468 ], [ 73.672848707007788, 26.680804976016006 ], [ 73.659187188067776, 26.650619322954288 ], [ 73.682216605709513, 26.64229224624761 ], [ 73.699781415775249, 26.603085593420325 ], [ 73.699781415775249, 26.573940824946945 ], [ 73.719688200516401, 26.539244672002443 ], [ 73.766918023137592, 26.536122018237439 ], [ 73.782140858527896, 26.512528634235178 ], [ 73.816099491321637, 26.504548519057941 ], [ 73.834054630499935, 26.475056789055117 ], [ 73.854742073466241, 26.466382750818994 ], [ 73.858255035479388, 26.443483289875623 ], [ 73.862938984830251, 26.437931905404501 ], [ 73.870355237969108, 26.429257867168378 ], [ 73.8442031874268, 26.407052329283896 ], [ 73.839909567188514, 26.379989329987186 ], [ 73.848496807665086, 26.375131868574957 ], [ 73.810634883745635, 26.35604898445548 ], [ 73.805560605282196, 26.311290947157076 ], [ 73.785263491428466, 26.318230177745974 ], [ 73.80126698504391, 26.311637908686521 ], [ 73.810244554633059, 26.286309717037035 ], [ 73.807512250845051, 26.264104179152554 ], [ 73.786044149653605, 26.233918526090839 ], [ 73.803608959719341, 26.200263257734676 ], [ 73.782921516753035, 26.16313837408406 ], [ 73.782921516753035, 26.148912951376815 ], [ 73.810634883745635, 26.110747183137864 ], [ 73.799315339481041, 26.09235822207728 ], [ 73.752085516859864, 26.090623414430056 ], [ 73.731007744780982, 26.110747183137864 ], [ 73.707587998026682, 26.09443999125395 ], [ 73.69392647908667, 26.065642184310015 ], [ 73.655283896942066, 26.069805722663354 ], [ 73.645915998240341, 26.088888606782831 ], [ 73.653332251379197, 26.118380336785656 ], [ 73.627570529949466, 26.145096374552921 ], [ 73.600637821182005, 26.124625644315664 ], [ 73.573705112414558, 26.128442221139558 ], [ 73.577608403540282, 26.112481990785088 ], [ 73.557701618799115, 26.103114029490072 ], [ 73.520230023992227, 26.099991375725068 ], [ 73.524913973343089, 26.061478645956672 ], [ 73.506958834164777, 26.06598914583946 ], [ 73.495639289900197, 26.084725068429488 ], [ 73.462851644444171, 26.084031145370599 ], [ 73.430454328100708, 26.129830067257338 ], [ 73.408205568684124, 26.123584759727329 ], [ 73.401569973770407, 26.160709643377945 ], [ 73.391811745956105, 26.158627874201276 ], [ 73.374246935890383, 26.153076489730154 ], [ 73.375027594115522, 26.137116259375684 ], [ 73.37034364476466, 26.134340567140125 ], [ 73.340288303096628, 26.115604644550093 ], [ 73.348094885348075, 26.087153799135603 ], [ 73.362537062513226, 26.07847976089948 ], [ 73.35824344227494, 26.062172569015566 ], [ 73.328188100606909, 26.053845492308884 ], [ 73.314916910779473, 26.03615045430719 ], [ 73.31921053101776, 26.010822262657705 ], [ 73.307500657640603, 26.013944916422709 ], [ 73.307890986753179, 26.030599069836068 ], [ 73.25480622744341, 26.054539415367774 ], [ 73.249341619867408, 26.06529522278057 ], [ 73.257538531231418, 26.069805722663354 ], [ 73.246999645191977, 26.069111799604464 ], [ 73.238412404715405, 26.083337222311709 ], [ 73.222799240212524, 26.071887491840023 ], [ 73.191963240319353, 26.082643299252819 ], [ 73.193134227657069, 26.069111799604464 ], [ 73.177130734041626, 26.053845492308884 ], [ 73.184546987180497, 26.034068685130517 ], [ 73.161907898651322, 26.031986915953848 ], [ 73.135755848109014, 26.046212338661093 ], [ 73.114287746917569, 26.029211223718288 ], [ 73.051444759793512, 26.014638839481599 ], [ 73.042467190204363, 25.965023340770962 ], [ 73.024512051026065, 25.953226648769832 ], [ 72.995627696695749, 25.954614494887615 ], [ 72.992114734682602, 25.940042110650921 ], [ 72.972207949941449, 25.933796803120913 ], [ 72.973378937279165, 25.919918341943113 ], [ 72.958156101888861, 25.900488496294191 ], [ 72.873064355348205, 25.889038765822509 ], [ 72.864477114871633, 25.894937111823072 ], [ 72.848863950368766, 25.893896227234737 ], [ 72.844180001017904, 25.891467496528623 ], [ 72.839886380779603, 25.878629919939158 ], [ 72.838715393441888, 25.866139304879137 ], [ 72.834812102316178, 25.864404497231913 ], [ 72.834812102316178, 25.863710574173023 ], [ 72.834812102316178, 25.863710574173023 ], [ 72.809050380886433, 25.852954766760227 ], [ 72.780166026556131, 25.884181304410276 ], [ 72.752842988676107, 25.880711689115827 ], [ 72.752452659563531, 25.897018880999742 ], [ 72.7266909381338, 25.920612265002003 ], [ 72.717713368544636, 25.925122764884787 ], [ 72.699367900253762, 25.934490726179803 ], [ 72.67868045728747, 25.944899572063154 ], [ 72.661115647221735, 25.953920571828721 ], [ 72.620131090401699, 25.974738263595423 ], [ 72.614276153713121, 26.003536070539358 ], [ 72.693512963565198, 26.037885261954415 ], [ 72.684145064863472, 26.054192453838329 ], [ 72.689219343326897, 26.064254338192235 ], [ 72.674777166161746, 26.070152684192799 ], [ 72.698587242028623, 26.116645529138431 ], [ 72.67868045728747, 26.172853296908521 ], [ 72.69000000155205, 26.185343911968541 ], [ 72.633402280229134, 26.229408026208056 ], [ 72.595930685422246, 26.277288717271468 ], [ 72.59475969808453, 26.278676563389247 ], [ 72.548700862801056, 26.264798102211444 ], [ 72.521377824921032, 26.287003640095925 ], [ 72.505374331305589, 26.280064409507027 ], [ 72.492103141478154, 26.296718562920386 ], [ 72.457754179571836, 26.300882101273725 ], [ 72.414817977188932, 26.276594794212574 ], [ 72.42574719234095, 26.26028760232866 ], [ 72.412085673400938, 26.236694218326399 ], [ 72.37461407859405, 26.224897526325272 ], [ 72.34182643313801, 26.24502129503308 ], [ 72.268444559974526, 26.197487565499117 ], [ 72.211456509539047, 26.234612449149729 ], [ 72.191940053910457, 26.265838986799782 ], [ 72.158762079341855, 26.282146178683696 ], [ 72.161104054017287, 26.29984121668539 ], [ 72.134171345249825, 26.318924100804864 ], [ 72.140026281938404, 26.326210292923211 ], [ 72.111532256720665, 26.317883216216529 ], [ 72.1013836997938, 26.321699793040427 ], [ 72.087722180853788, 26.332108638923778 ], [ 72.064692763212051, 26.350497599984362 ] ] ], [ [ [ 72.243073167657357, 27.487837493505083 ], [ 72.242682838544781, 27.509002146801226 ], [ 72.245805471445351, 27.52877895397959 ], [ 72.257515344822508, 27.542310453627948 ], [ 72.268444559974526, 27.547861838099067 ], [ 72.277812458676237, 27.552719299511296 ], [ 72.291083648503687, 27.547514876569622 ], [ 72.276251142225959, 27.517329223507907 ], [ 72.245805471445351, 27.513165685154569 ], [ 72.243073167657357, 27.487837493505083 ] ] ] ] } },
{ "type": "Feature", "properties": { "dt_code": "105", "district": "Bharatpur", "st_code": "08", "year": "2011_c", "st_nm": "Rajasthan" }, "geometry": { "type": "Polygon", "coordinates": [ [ [ 76.956687531074181, 27.143304694766194 ], [ 76.959419834862189, 27.143998617825083 ], [ 76.955126214623903, 27.158917963591218 ], [ 76.967226417113622, 27.182164386064034 ], [ 77.023824138436538, 27.176959963122357 ], [ 77.026556442224532, 27.16516327112123 ], [ 77.053489150991993, 27.158224040532328 ], [ 77.095254366037167, 27.162040617356222 ], [ 77.100718973613169, 27.171408578651238 ], [ 77.08042185975944, 27.180082616887365 ], [ 77.087447783785734, 27.199512462536283 ], [ 77.040998619389697, 27.2227588850091 ], [ 77.048414872528554, 27.238372153834124 ], [ 77.076908897746293, 27.232820769363002 ], [ 77.090960745798881, 27.24982188430581 ], [ 77.119845100129197, 27.257108076424153 ], [ 77.145606821558928, 27.320602036312589 ], [ 77.162781302512087, 27.316785459488695 ], [ 77.204546517557276, 27.339337958902618 ], [ 77.208449808682985, 27.341419728079291 ], [ 77.208449808682985, 27.346624151020965 ], [ 77.208840137795562, 27.351828573962642 ], [ 77.208840137795562, 27.353563381609867 ], [ 77.194007631517835, 27.36084957372821 ], [ 77.193226973292681, 27.36084957372821 ], [ 77.192836644180119, 27.361196535257655 ], [ 77.138190568420072, 27.353563381609867 ], [ 77.130383986168624, 27.355645150786536 ], [ 77.115941809003473, 27.36084957372821 ], [ 77.070663631945152, 27.394851803613818 ], [ 77.060124745905711, 27.382014227024357 ], [ 77.057392442117703, 27.382014227024357 ], [ 77.026556442224532, 27.3893004191427 ], [ 77.032801708025687, 27.402137995732165 ], [ 77.008210973933657, 27.396586611261046 ], [ 77.009381961271373, 27.417751264557189 ], [ 76.988694518305067, 27.428507071969985 ], [ 76.962542467762759, 27.419486072204414 ], [ 76.960200493087328, 27.419486072204414 ], [ 76.943416341246746, 27.447589956089459 ], [ 76.905944746439857, 27.464244109502822 ], [ 76.923119227393016, 27.493388877976201 ], [ 76.911409354015859, 27.49963418550621 ], [ 76.895796189512993, 27.491654070328977 ], [ 76.879402366784973, 27.509002146801226 ], [ 76.897357505963271, 27.537452992215716 ], [ 76.92585153118101, 27.537799953745161 ], [ 76.923899885618155, 27.524962377155695 ], [ 76.90750606289015, 27.52877895397959 ], [ 76.904383429989565, 27.521492761861246 ], [ 76.928193505856441, 27.517329223507907 ], [ 76.936780746333028, 27.488184455034528 ], [ 76.96683608800106, 27.476040801503952 ], [ 76.966445758888483, 27.462856263385042 ], [ 77.017188543522821, 27.451059571383912 ], [ 77.032801708025687, 27.468754609385606 ], [ 77.048414872528554, 27.460774494208373 ], [ 77.034753353588542, 27.445161225383345 ], [ 77.047243885190838, 27.438915917853336 ], [ 77.059344087680572, 27.446896033030569 ], [ 77.051537505429124, 27.484714839740075 ], [ 77.01796920174796, 27.504491646918442 ], [ 77.021482163761107, 27.516635300449018 ], [ 77.036314670038834, 27.513859608213458 ], [ 77.038266315601689, 27.530860723156263 ], [ 77.058953758567995, 27.527044146332365 ], [ 77.066760340819428, 27.536759069156826 ], [ 77.067150669932005, 27.537452992215716 ], [ 77.031630720687971, 27.551678414922961 ], [ 77.046463226965699, 27.548902722687401 ], [ 77.049976188978846, 27.561046376217977 ], [ 77.049976188978846, 27.561393337747422 ], [ 76.999233404344508, 27.570414337512993 ], [ 76.997281758781654, 27.558270683982418 ], [ 77.019920847310814, 27.546473991981287 ], [ 77.017188543522821, 27.537799953745161 ], [ 76.995330113218799, 27.533636415391822 ], [ 76.972300695577061, 27.552025376452406 ], [ 76.959810163974765, 27.543698299745728 ], [ 76.9453679868096, 27.559658530100197 ], [ 76.957858518411896, 27.559311568570752 ], [ 76.961371480425044, 27.575965721984112 ], [ 76.939513050121036, 27.576659645043001 ], [ 76.946148645034754, 27.586027606338018 ], [ 76.934438771657597, 27.603375682810267 ], [ 76.96683608800106, 27.611355797987503 ], [ 76.944587328584461, 27.616907182458622 ], [ 76.983229910729065, 27.619682874694181 ], [ 76.980107277828495, 27.641888412578663 ], [ 76.978545961378202, 27.654032066109238 ], [ 76.97815563226564, 27.654032066109238 ], [ 76.97815563226564, 27.654032066109238 ], [ 77.000014062569662, 27.736955871646593 ], [ 77.011723935946804, 27.731751448704919 ], [ 77.019920847310814, 27.745629909882719 ], [ 77.036314670038834, 27.748752563647724 ], [ 77.059734416793134, 27.726547025763242 ], [ 77.085496138222879, 27.737996756234928 ], [ 77.076128239521154, 27.766447601649418 ], [ 77.059734416793134, 27.760896217178299 ], [ 77.056221454779987, 27.77130506306165 ], [ 77.026556442224532, 27.779285178238883 ], [ 77.045292239627983, 27.821267523301728 ], [ 77.074566923070861, 27.81432829271283 ], [ 77.108525555864617, 27.786224408827785 ], [ 77.122967733029768, 27.793510600946128 ], [ 77.135067935519487, 27.775815562944434 ], [ 77.157707024048648, 27.787612254945564 ], [ 77.15926834049894, 27.807736023653373 ], [ 77.159658669611517, 27.817103984948389 ], [ 77.160048998724079, 27.817103984948389 ], [ 77.189714011279534, 27.809817792830046 ], [ 77.169026568313242, 27.791775793298903 ], [ 77.176833150564676, 27.786224408827785 ], [ 77.198691580868697, 27.79975590847614 ], [ 77.191275327729826, 27.809817792830046 ], [ 77.202204542881844, 27.824737138596177 ], [ 77.202594871994407, 27.823349292478397 ], [ 77.210791783358417, 27.801837677652809 ], [ 77.232650213662438, 27.797327177770022 ], [ 77.240066466801295, 27.78657137035723 ], [ 77.245140745264735, 27.788306178004454 ], [ 77.268560492019034, 27.81502221577172 ], [ 77.283002669184199, 27.799408946946695 ], [ 77.283002669184199, 27.799408946946695 ], [ 77.310325707064223, 27.788306178004454 ], [ 77.307983732388792, 27.752916102001063 ], [ 77.318132289315656, 27.735914987058258 ], [ 77.319303276653372, 27.733486256352144 ], [ 77.302909453925352, 27.725853102704352 ], [ 77.304080441263068, 27.710933756938218 ], [ 77.341161706957394, 27.70330060329043 ], [ 77.352481251221974, 27.651256373873679 ], [ 77.31696130197794, 27.606845298104716 ], [ 77.334526112043676, 27.591232029279691 ], [ 77.344284339857964, 27.597130375280258 ], [ 77.358336187910552, 27.588803298573577 ], [ 77.33725841583167, 27.569720414454103 ], [ 77.338039074056823, 27.549596645746291 ], [ 77.348968289208827, 27.543004376686838 ], [ 77.339990719619678, 27.52669718480292 ], [ 77.387220542240868, 27.512818723625124 ], [ 77.40088206118088, 27.497205454800095 ], [ 77.401662719406019, 27.476387763033397 ], [ 77.437963326875192, 27.456263994325585 ], [ 77.421179175034609, 27.421914802910532 ], [ 77.437963326875192, 27.409077226321067 ], [ 77.439914972438046, 27.390341303731034 ], [ 77.472702617894086, 27.377156765612124 ], [ 77.507051579800404, 27.377156765612124 ], [ 77.529690668329565, 27.351828573962642 ], [ 77.545694161945008, 27.349399843256524 ], [ 77.548036136620439, 27.336909228196504 ], [ 77.57887213651361, 27.322683805489259 ], [ 77.622588997121653, 27.336215305137614 ], [ 77.6218083388965, 27.312968882664798 ], [ 77.598778921254763, 27.297355613839773 ], [ 77.616734060433075, 27.286599806426977 ], [ 77.616343731320498, 27.257801999483043 ], [ 77.632347224935941, 27.258148961012488 ], [ 77.63312788316108, 27.258148961012488 ], [ 77.634298870498796, 27.255720230306373 ], [ 77.645618414763376, 27.242535692187463 ], [ 77.642886110975383, 27.234902538539675 ], [ 77.652644338789671, 27.234902538539675 ], [ 77.646789402101092, 27.210268269949079 ], [ 77.665525199504543, 27.2088804238313 ], [ 77.68113836400741, 27.19430803959461 ], [ 77.666305857729682, 27.178694770769582 ], [ 77.658499275478249, 27.170020732533459 ], [ 77.642495781862806, 27.16516327112123 ], [ 77.640153807187374, 27.16446934806234 ], [ 77.637811832511943, 27.16377542500345 ], [ 77.619856693333645, 27.173490347827908 ], [ 77.610098465519343, 27.162734540415112 ], [ 77.61361142753249, 27.150590886884537 ], [ 77.598778921254763, 27.143304694766194 ], [ 77.597998263029623, 27.117976503116708 ], [ 77.550378111295871, 27.111384234057255 ], [ 77.537497250580998, 27.098199695938341 ], [ 77.517980794952408, 27.102363234291683 ], [ 77.505880592462688, 27.091954388408332 ], [ 77.526177706316417, 27.084668196289989 ], [ 77.524226060753563, 27.066973158288292 ], [ 77.547645807507863, 27.069401888994406 ], [ 77.568333250474168, 27.071483658171076 ], [ 77.571846212487316, 27.071830619700521 ], [ 77.571846212487316, 27.070442773582741 ], [ 77.574188187162747, 27.061421773817173 ], [ 77.575359174500463, 27.056564312404944 ], [ 77.563258972010743, 27.029501313108231 ], [ 77.579262465626186, 27.038175351344357 ], [ 77.601901554155347, 27.022562082519332 ], [ 77.623369655346792, 27.021868159460443 ], [ 77.630785908485649, 27.011112352047647 ], [ 77.642105452750229, 27.025684736284337 ], [ 77.665525199504543, 27.017357659577655 ], [ 77.679577047557132, 27.047196351109928 ], [ 77.679967376669694, 27.046849389580483 ], [ 77.693238566497143, 27.040951043579916 ], [ 77.689725604483996, 27.026725620872671 ], [ 77.711584034788018, 26.997233890869847 ], [ 77.729929503078893, 26.993764275575398 ], [ 77.736955427105173, 27.026378659343226 ], [ 77.737736085330326, 27.029848274637679 ], [ 77.74476200935662, 27.029501313108231 ], [ 77.749445958707469, 27.029154351578786 ], [ 77.751007275157761, 27.029154351578786 ], [ 77.76310747764748, 27.006948813694308 ], [ 77.75998484474691, 27.005560967576528 ], [ 77.750226616932622, 27.001744390752631 ], [ 77.758423528296632, 26.996886929340402 ], [ 77.745542667581759, 26.995152121693177 ], [ 77.743591022018904, 26.983008468162602 ], [ 77.722513249940022, 26.987865929574831 ], [ 77.676064085543985, 26.973293545338141 ], [ 77.672160794418261, 26.960109007219231 ], [ 77.66084125015368, 26.971211776161471 ], [ 77.60229188326791, 26.933392969451965 ], [ 77.592143326341045, 26.940332200040867 ], [ 77.583165756751896, 26.924025008156953 ], [ 77.490267427959807, 26.900431624154692 ], [ 77.46021208629179, 26.885859239918002 ], [ 77.459041098954074, 26.872674701799092 ], [ 77.42742444083575, 26.864000663562965 ], [ 77.429766415511182, 26.846999548620161 ], [ 77.397759428280295, 26.830345395206802 ], [ 77.428985757286043, 26.801547588262864 ], [ 77.43249871929919, 26.7678923199067 ], [ 77.454357149603211, 26.777954204260606 ], [ 77.460602415404352, 26.772749781318929 ], [ 77.464896035642653, 26.768933204495035 ], [ 77.470360643218655, 26.764769666141696 ], [ 77.458650769841498, 26.751932089552231 ], [ 77.455137807828351, 26.742911089786659 ], [ 77.449673200252349, 26.741870205198325 ], [ 77.448502212914633, 26.741176282139435 ], [ 77.437572997762629, 26.729726551667749 ], [ 77.383707580227721, 26.706133167665488 ], [ 77.347406972758534, 26.711337590607165 ], [ 77.347406972758534, 26.711337590607165 ], [ 77.346235985420819, 26.71168455213661 ], [ 77.350529605659119, 26.755748666376125 ], [ 77.337648744944246, 26.76650447378892 ], [ 77.357945858797976, 26.79634316532119 ], [ 77.350919934771682, 26.805017203557316 ], [ 77.336477757606531, 26.80813985732232 ], [ 77.293151226111064, 26.78038293496672 ], [ 77.255679631304176, 26.820977433911786 ], [ 77.205327175782415, 26.779689011907831 ], [ 77.195959277080689, 26.796690126850635 ], [ 77.208840137795562, 26.81160947261677 ], [ 77.16746525186295, 26.833468048971806 ], [ 77.157316694936085, 26.8234061646179 ], [ 77.137019581082356, 26.834855895089586 ], [ 77.103451277401177, 26.874062547916871 ], [ 77.097596340712599, 26.862612817445186 ], [ 77.074176593958299, 26.858796240621292 ], [ 77.058173100342856, 26.890369739800786 ], [ 77.059344087680572, 26.914310085332492 ], [ 77.039827632051981, 26.90875870086137 ], [ 77.011723935946804, 26.932352084863631 ], [ 77.024604796661677, 26.941373084629202 ], [ 77.017578872635383, 26.973640506867586 ], [ 77.006259328370803, 26.975028352985365 ], [ 77.005868999258226, 27.004520082988194 ], [ 76.978545961378202, 27.030195236167124 ], [ 76.982839581616503, 27.037828389814912 ], [ 77.010162619496526, 27.035052697579353 ], [ 77.011333606834242, 27.043032812756586 ], [ 76.993768796768506, 27.054482543228271 ], [ 76.968787733563914, 27.071136696641631 ], [ 76.96995872090163, 27.081892504054426 ], [ 76.987133201854789, 27.089525657702218 ], [ 76.979716948715918, 27.104445003468353 ], [ 76.992597809430791, 27.11103727252781 ], [ 76.958248847524473, 27.125609656764496 ], [ 76.956687531074181, 27.143304694766194 ] ] ] } },
{ "type": "Feature", "properties": { "dt_code": "112", "district": "Nagaur", "st_code": "08", "year": "2011_c", "st_nm": "Rajasthan" }, "geometry": { "type": "Polygon", "coordinates": [ [ [ 73.87503918731997, 27.537799953745161 ], [ 73.890652351822851, 27.5003281085651 ], [ 73.908217161888572, 27.489572301152307 ], [ 73.956227642734902, 27.510389992919006 ], [ 73.991357262866359, 27.504491646918442 ], [ 74.029219186785824, 27.535371223039046 ], [ 74.081523287870439, 27.478122570680622 ], [ 74.111578629538471, 27.473959032327279 ], [ 74.118604553564765, 27.459039686561148 ], [ 74.141243642093926, 27.452100455972246 ], [ 74.143975945881934, 27.4309358026761 ], [ 74.14514693321965, 27.421567841381083 ], [ 74.151001869908228, 27.415322533851075 ], [ 74.204086629217983, 27.422261764439977 ], [ 74.208770578568846, 27.470142455503385 ], [ 74.190815439390548, 27.481245224445626 ], [ 74.195109059628834, 27.49894026244732 ], [ 74.23921624934944, 27.524962377155695 ], [ 74.24350986958774, 27.556188914805748 ], [ 74.257561717640314, 27.562781183865201 ], [ 74.253268097402028, 27.601293913633597 ], [ 74.277858831494058, 27.625234259165303 ], [ 74.312988451625515, 27.636683989636985 ], [ 74.309085160499791, 27.649174604697009 ], [ 74.335237211042099, 27.660971296698136 ], [ 74.340701818618115, 27.681095065405948 ], [ 74.371537818511285, 27.682829873053173 ], [ 74.403544805742172, 27.699484026466532 ], [ 74.410570729768452, 27.688728219053736 ], [ 74.491759185183383, 27.687340372935957 ], [ 74.49527214719653, 27.666869642698703 ], [ 74.526498476202278, 27.675196719405385 ], [ 74.546014931830868, 27.663400027404251 ], [ 74.608077260729772, 27.707811103173213 ], [ 74.624080754345215, 27.696361372701528 ], [ 74.626032399908084, 27.694973526583748 ], [ 74.604564298716639, 27.678319373170389 ], [ 74.6272033872458, 27.648827643167564 ], [ 74.643597209973805, 27.654379027638683 ], [ 74.700194931296721, 27.678666334699834 ], [ 74.716979083137304, 27.677972411640944 ], [ 74.68145913389327, 27.669298373404818 ], [ 74.713466121124156, 27.638765758813658 ], [ 74.70097558952186, 27.622111605400299 ], [ 74.705659538872723, 27.596436452221369 ], [ 74.731421260302454, 27.608927067281385 ], [ 74.742350475454472, 27.584639760220238 ], [ 74.756792652619623, 27.592966836926916 ], [ 74.761476601970486, 27.58151710645523 ], [ 74.762257260195639, 27.565556876100761 ], [ 74.719321057812735, 27.53918779986294 ], [ 74.72127270337559, 27.501368993153434 ], [ 74.731421260302454, 27.493041916446757 ], [ 74.750547386818482, 27.5003281085651 ], [ 74.755231336169345, 27.487490531975638 ], [ 74.772015488009927, 27.494082801035091 ], [ 74.797386880327096, 27.486796608916748 ], [ 74.801290171452806, 27.449671725266132 ], [ 74.859839538338576, 27.449671725266132 ], [ 74.874281715503727, 27.411158995497736 ], [ 74.84734900673628, 27.377156765612124 ], [ 74.875062373728881, 27.371952342670451 ], [ 74.880526981304882, 27.34488934337374 ], [ 74.867255791477447, 27.335174420549279 ], [ 74.880136652192306, 27.309846228899794 ], [ 74.899262778708334, 27.315397613370916 ], [ 74.898872449595757, 27.33101088219594 ], [ 74.939857006415792, 27.338297074314283 ], [ 74.947273259554663, 27.349746804785969 ], [ 75.035097309883312, 27.354604266198201 ], [ 75.045636195922739, 27.377503727141569 ], [ 75.077643183153626, 27.385830803848251 ], [ 75.115114777960528, 27.377156765612124 ], [ 75.106917866596518, 27.335521382078724 ], [ 75.161563942356565, 27.31713242101814 ], [ 75.164686575257136, 27.303600921369785 ], [ 75.155709005667987, 27.2782727297203 ], [ 75.133069917138826, 27.280701460426414 ], [ 75.099891942570224, 27.243576576775798 ], [ 75.086230423630212, 27.243576576775798 ], [ 75.06944627178963, 27.215819654420198 ], [ 75.120969714649107, 27.211656116066859 ], [ 75.116285765298244, 27.178694770769582 ], [ 75.127605309562824, 27.16655111723901 ], [ 75.176786777746869, 27.155795309826214 ], [ 75.170931841058291, 27.139141156412855 ], [ 75.192790271362313, 27.13810027182452 ], [ 75.197083891600599, 27.125956618293941 ], [ 75.267343131863512, 27.129773195117838 ], [ 75.282956296366393, 27.121446118411157 ], [ 75.297398473531544, 27.125956618293941 ], [ 75.297788802644121, 27.139835079471744 ], [ 75.315743941822419, 27.143651656295638 ], [ 75.319256903835566, 27.142263810177859 ], [ 75.327844144312138, 27.143304694766194 ], [ 75.335260397451009, 27.135324579588957 ], [ 75.337992701239017, 27.132895848882843 ], [ 75.338773359464156, 27.131854964294508 ], [ 75.338773359464156, 27.130814079706173 ], [ 75.343847637927581, 27.1117311955867 ], [ 75.356338169529877, 27.107914618762802 ], [ 75.36102211888074, 27.106179811115577 ], [ 75.362583435331032, 27.105832849586132 ], [ 75.363364093556171, 27.083627311701655 ], [ 75.330186118987569, 27.092301349937777 ], [ 75.218161663679467, 27.080504657936647 ], [ 75.21894232190462, 27.052400774051602 ], [ 75.254071942036077, 27.031236120755459 ], [ 75.239629764870926, 27.013888044283206 ], [ 75.200987182726308, 27.008336659812088 ], [ 75.200206524501169, 26.97537531451481 ], [ 75.158441309455995, 26.972252660749806 ], [ 75.160783284131426, 26.93304600792252 ], [ 75.009725917566143, 26.946230546041431 ], [ 75.01011624667872, 26.895227201213018 ], [ 74.989819132824977, 26.890022778271341 ], [ 74.976157613884965, 26.891063662859676 ], [ 74.974986626547249, 26.89141062438912 ], [ 74.972254322759255, 26.89141062438912 ], [ 74.981231892348404, 26.943454853805871 ], [ 74.963276753170106, 26.947271430629765 ], [ 74.958592803819243, 26.961149891807565 ], [ 74.916827588774055, 26.964272545572573 ], [ 74.915266272323777, 26.966007353219798 ], [ 74.909801664747761, 26.970864814632026 ], [ 74.904337057171759, 26.976069237573704 ], [ 74.852813614312282, 26.978844929809263 ], [ 74.825490576432259, 26.927494623451402 ], [ 74.813000044829963, 26.86712331732797 ], [ 74.798557867664812, 26.853938779209059 ], [ 74.76850252599678, 26.84977524085572 ], [ 74.775138120910498, 26.790097857791181 ], [ 74.758353969069915, 26.791485703908961 ], [ 74.741569817229333, 26.769627127553925 ], [ 74.69785295662129, 26.774137627436708 ], [ 74.663113665602395, 26.715154167431059 ], [ 74.72127270337559, 26.700581783194369 ], [ 74.713075792011594, 26.666232591779313 ], [ 74.69277867815785, 26.647496669189284 ], [ 74.678726830105276, 26.611759631656447 ], [ 74.67326222252926, 26.615576208480345 ], [ 74.670529918741266, 26.596146362831423 ], [ 74.654526425125823, 26.587472324595296 ], [ 74.646329513761813, 26.593717632125308 ], [ 74.615493513868643, 26.568042478946378 ], [ 74.614712855643504, 26.604473439538104 ], [ 74.588560805101196, 26.629454669658145 ], [ 74.510494982586835, 26.529182787648537 ], [ 74.498004450984538, 26.518426980235741 ], [ 74.462094172627928, 26.487200442585692 ], [ 74.442187387886776, 26.503507634469607 ], [ 74.430087185397042, 26.486506519526802 ], [ 74.369195843835854, 26.487547404115137 ], [ 74.368805514723277, 26.476097673643451 ], [ 74.331724249028952, 26.442095443757843 ], [ 74.331333919916389, 26.441748482228398 ], [ 74.31415943896323, 26.455626943406198 ], [ 74.291910679546632, 26.448687712817296 ], [ 74.291130021321493, 26.448687712817296 ], [ 74.290739692208916, 26.448340751287851 ], [ 74.236483945561446, 26.461525289406762 ], [ 74.189254122940255, 26.437931905404501 ], [ 74.19120576850311, 26.427176097991708 ], [ 74.159198781272224, 26.410174983048901 ], [ 74.15646647748423, 26.42474736728559 ], [ 74.138901667418494, 26.430645713286157 ], [ 74.121727186465336, 26.457014789523978 ], [ 74.101820401724183, 26.445218097522847 ], [ 74.101820401724183, 26.416073329049468 ], [ 74.062006832241849, 26.42474736728559 ], [ 74.034683794361825, 26.412950675284463 ], [ 74.027657870335545, 26.426829136462263 ], [ 73.983160351502363, 26.423359521167811 ], [ 73.969108503449775, 26.435156213168941 ], [ 73.953105009834331, 26.419542944343917 ], [ 73.880503794895972, 26.425094328815035 ], [ 73.875819845545124, 26.428563944109488 ], [ 73.870355237969108, 26.429257867168378 ], [ 73.862938984830251, 26.437931905404501 ], [ 73.858255035479388, 26.443483289875623 ], [ 73.854742073466241, 26.466382750818994 ], [ 73.834054630499935, 26.475056789055117 ], [ 73.816099491321637, 26.504548519057941 ], [ 73.782140858527896, 26.512528634235178 ], [ 73.766918023137592, 26.536122018237439 ], [ 73.719688200516401, 26.539244672002443 ], [ 73.699781415775249, 26.573940824946945 ], [ 73.699781415775249, 26.603085593420325 ], [ 73.682216605709513, 26.64229224624761 ], [ 73.659187188067776, 26.650619322954288 ], [ 73.672848707007788, 26.680804976016006 ], [ 73.655674226054629, 26.693642552605468 ], [ 73.650990276703766, 26.715154167431059 ], [ 73.678703643696366, 26.757483474023349 ], [ 73.662700150080923, 26.777260281201716 ], [ 73.657235542504921, 26.807445934263431 ], [ 73.63459645397576, 26.806405049675096 ], [ 73.629131846399758, 26.844223856384602 ], [ 73.615470327459732, 26.83936639497237 ], [ 73.593221568043148, 26.864000663562965 ], [ 73.533110884707099, 26.857408394503512 ], [ 73.501494226588775, 26.885512278388557 ], [ 73.498371593688205, 26.888287970624116 ], [ 73.450361112841875, 26.874062547916871 ], [ 73.447238479941305, 26.873368624857982 ], [ 73.44099321414015, 26.885859239918002 ], [ 73.432405973663577, 26.885859239918002 ], [ 73.42147675851156, 26.885859239918002 ], [ 73.410547543359556, 26.885859239918002 ], [ 73.400398986432691, 26.8789200093291 ], [ 73.36956298653952, 26.868858124975198 ], [ 73.353559492924077, 26.870592932622422 ], [ 73.323894480368622, 26.854285740738504 ], [ 73.29071650580002, 26.873715586387426 ], [ 73.275493670409716, 26.861918894386296 ], [ 73.238412404715405, 26.861224971327406 ], [ 73.20367311369651, 26.868511163445753 ], [ 73.202111797246218, 26.88030785544688 ], [ 73.183375999842781, 26.884124432270777 ], [ 73.169714480902769, 26.93304600792252 ], [ 73.153710987287326, 26.925065892745287 ], [ 73.120923341831286, 26.941373084629202 ], [ 73.107261822891275, 26.968783045455357 ], [ 73.120142683606147, 26.9899476987515 ], [ 73.108042481116428, 27.020480313342663 ], [ 73.138097822784445, 27.050319004874932 ], [ 73.097893924189563, 27.117629541587263 ], [ 73.116629721593, 27.141569887118969 ], [ 73.115068405142722, 27.170020732533459 ], [ 73.101406886202696, 27.2227588850091 ], [ 73.08501306347469, 27.239759999951904 ], [ 73.108823139341567, 27.257108076424153 ], [ 73.13302354432102, 27.307417498193679 ], [ 73.181814683392489, 27.287293729485867 ], [ 73.18727929096849, 27.314703690312026 ], [ 73.227483189563387, 27.334827459019834 ], [ 73.2466093160794, 27.311581036547018 ], [ 73.239583392053106, 27.292845113956989 ], [ 73.261051493244565, 27.268557806895839 ], [ 73.257928860343981, 27.259883768659712 ], [ 73.297742429826314, 27.219636231244095 ], [ 73.319991189242899, 27.196736770300724 ], [ 73.325846125931477, 27.190838424300161 ], [ 73.330139746169763, 27.186327924417373 ], [ 73.331310733507479, 27.185287039829038 ], [ 73.351998176473785, 27.209921308419634 ], [ 73.335604353745765, 27.21928926971465 ], [ 73.352778834698924, 27.253985422659149 ], [ 73.35824344227494, 27.259536807130267 ], [ 73.438651239464718, 27.312621921135353 ], [ 73.495639289900197, 27.328929113019271 ], [ 73.486661720311048, 27.357726919963206 ], [ 73.521791340442505, 27.371605381141006 ], [ 73.501884555701352, 27.390688265260479 ], [ 73.50032323925106, 27.402831918791055 ], [ 73.502665213926491, 27.433711494911662 ], [ 73.522181669555081, 27.445508186912789 ], [ 73.51983969487965, 27.463550186443932 ], [ 73.523742986005374, 27.473265109268389 ], [ 73.53935615050824, 27.491307108799532 ], [ 73.544820758084242, 27.495470647152871 ], [ 73.578389061765421, 27.481939147504516 ], [ 73.611176707221446, 27.488531416563973 ], [ 73.629131846399758, 27.517329223507907 ], [ 73.615860656572309, 27.537799953745161 ], [ 73.660748504518068, 27.564515991512426 ], [ 73.670116403219794, 27.558617645511863 ], [ 73.704465365126111, 27.519410992684577 ], [ 73.758721111773582, 27.535024261509601 ], [ 73.795412048355331, 27.497205454800095 ], [ 73.830151339374225, 27.506226454565667 ], [ 73.873087541757116, 27.537106030686271 ], [ 73.87503918731997, 27.537799953745161 ] ] ] } },
{ "type": "Feature", "properties": { "dt_code": "109", "district": "Dausa", "st_code": "08", "year": "2011_c", "st_nm": "Rajasthan" }, "geometry": { "type": "Polygon", "coordinates": [ [ [ 76.280247178987295, 27.064544427582177 ], [ 76.351287077475348, 27.054482543228271 ], [ 76.38134241914338, 27.081198580995537 ], [ 76.390710317845105, 27.078769850289422 ], [ 76.396955583646246, 27.123527887587827 ], [ 76.414910722824558, 27.129426233588394 ], [ 76.424668950638846, 27.128385349000059 ], [ 76.43247553289028, 27.088137811584438 ], [ 76.454724292306878, 27.075647196524418 ], [ 76.487121608650341, 27.113466003233924 ], [ 76.510931684517217, 27.113812964763369 ], [ 76.538254722397241, 27.130814079706173 ], [ 76.546451633761251, 27.125262695235051 ], [ 76.553087228674968, 27.172102501710128 ], [ 76.583923228568139, 27.176613001592912 ], [ 76.64559522835448, 27.164122386532895 ], [ 76.617101203136741, 27.127344464411724 ], [ 76.626859430951029, 27.123527887587827 ], [ 76.621394823375027, 27.107567657233357 ], [ 76.635837000540178, 27.092301349937777 ], [ 76.664721354870494, 27.091954388408332 ], [ 76.680724848485937, 27.114159926292814 ], [ 76.720148088855694, 27.106526772645022 ], [ 76.78377173420489, 27.112425118645589 ], [ 76.792749303794039, 27.139141156412855 ], [ 76.810704442972337, 27.123180926058382 ], [ 76.800555886045473, 27.102710195821128 ], [ 76.809923784747198, 27.080504657936647 ], [ 76.828269253038073, 27.075300234994973 ], [ 76.838808139077514, 27.119364349234488 ], [ 76.827878923925496, 27.117976503116708 ], [ 76.823194974574633, 27.132201925823953 ], [ 76.825927278362641, 27.163081501944557 ], [ 76.83997912641523, 27.162734540415112 ], [ 76.846224392216371, 27.180776539946255 ], [ 76.849737354229518, 27.190838424300161 ], [ 76.841540442865508, 27.20749257771352 ], [ 76.857153607368389, 27.209574346890189 ], [ 76.866911835182677, 27.230392038656888 ], [ 76.886818619923844, 27.22067711583243 ], [ 76.8942348730627, 27.231779884774667 ], [ 76.8942348730627, 27.231779884774667 ], [ 76.909848037565581, 27.18042957841681 ], [ 76.895405860400416, 27.175225155475133 ], [ 76.893454214837561, 27.161346694297333 ], [ 76.926241860293587, 27.136365464177295 ], [ 76.956687531074181, 27.143304694766194 ], [ 76.958248847524473, 27.125609656764496 ], [ 76.992597809430791, 27.11103727252781 ], [ 76.979716948715918, 27.104445003468353 ], [ 76.987133201854789, 27.089525657702218 ], [ 76.96995872090163, 27.081892504054426 ], [ 76.968787733563914, 27.071136696641631 ], [ 76.993768796768506, 27.054482543228271 ], [ 77.011333606834242, 27.043032812756586 ], [ 77.010162619496526, 27.035052697579353 ], [ 76.982839581616503, 27.037828389814912 ], [ 76.978545961378202, 27.030195236167124 ], [ 77.005868999258226, 27.004520082988194 ], [ 77.006259328370803, 26.975028352985365 ], [ 77.017578872635383, 26.973640506867586 ], [ 77.024604796661677, 26.941373084629202 ], [ 77.011723935946804, 26.932352084863631 ], [ 77.039827632051981, 26.90875870086137 ], [ 77.059344087680572, 26.914310085332492 ], [ 77.058173100342856, 26.890369739800786 ], [ 77.074176593958299, 26.858796240621292 ], [ 77.097596340712599, 26.862612817445186 ], [ 77.075347581296015, 26.858449279091847 ], [ 76.998452746119369, 26.871286855681312 ], [ 76.985181556291934, 26.857755356032957 ], [ 76.960981151312481, 26.862265855915741 ], [ 76.951613252610755, 26.872327740269647 ], [ 76.951613252610755, 26.915350969920826 ], [ 76.900870467976418, 26.971558737690916 ], [ 76.832172544163797, 26.997233890869847 ], [ 76.825146620137502, 26.999662621575961 ], [ 76.822414316349494, 26.998274775458182 ], [ 76.79587193669461, 26.984743275809826 ], [ 76.793139632906616, 26.933392969451965 ], [ 76.765426265914016, 26.90806477780248 ], [ 76.77245218994031, 26.891063662859676 ], [ 76.683457152273945, 26.844223856384602 ], [ 76.613197912011017, 26.782117742613945 ], [ 76.594852443720143, 26.778301165790051 ], [ 76.57494565897899, 26.788016088614512 ], [ 76.569481051402974, 26.771361935201149 ], [ 76.541377355297811, 26.772749781318929 ], [ 76.535522418609233, 26.782117742613945 ], [ 76.473069760597753, 26.718276821196064 ], [ 76.472679431485176, 26.717929859666619 ], [ 76.472679431485176, 26.717929859666619 ], [ 76.473850418822892, 26.717235936607729 ], [ 76.452382317631447, 26.688438129663794 ], [ 76.462140545445735, 26.66935524554432 ], [ 76.418033355725129, 26.607596093303108 ], [ 76.402810520334825, 26.566307671299153 ], [ 76.410226773473696, 26.545143018003007 ], [ 76.447308039168007, 26.556592748474692 ], [ 76.477753709948615, 26.499691057645713 ], [ 76.464092191008604, 26.476444635172896 ], [ 76.44808869739316, 26.472628058349002 ], [ 76.441453102479443, 26.443830251405068 ], [ 76.411397760811411, 26.416073329049468 ], [ 76.402810520334825, 26.379989329987186 ], [ 76.339577204098205, 26.410521944578345 ], [ 76.338015887647913, 26.436891020816166 ], [ 76.322402723145046, 26.456667827994533 ], [ 76.247849862643832, 26.443136328346178 ], [ 76.241994925955254, 26.461178327877317 ], [ 76.177980951493481, 26.483383865761798 ], [ 76.174858318592911, 26.485812596467913 ], [ 76.175248647705487, 26.486159557997357 ], [ 76.151828900951173, 26.504201557528496 ], [ 76.152999888288889, 26.521896595530194 ], [ 76.153780546514028, 26.521549634000749 ], [ 76.155732192076897, 26.57428778647639 ], [ 76.167051736341477, 26.603085593420325 ], [ 76.182664900844344, 26.612800516244782 ], [ 76.143631989587163, 26.694336475664358 ], [ 76.16744206545404, 26.717929859666619 ], [ 76.175248647705487, 26.714807205901614 ], [ 76.170174369242048, 26.690519898840463 ], [ 76.178761609718634, 26.687397245075459 ], [ 76.189300495758062, 26.711337590607165 ], [ 76.209597609611791, 26.721399474961068 ], [ 76.180713255281489, 26.728685667079414 ], [ 76.197497407122071, 26.737706666844986 ], [ 76.18695852108263, 26.742217166727769 ], [ 76.192423128658646, 26.752972974140565 ], [ 76.178371280606058, 26.757830435552794 ], [ 76.193594115996348, 26.76928016602448 ], [ 76.20335234381065, 26.801200626733419 ], [ 76.225601103227234, 26.8095277034401 ], [ 76.238872293054683, 26.798771896027304 ], [ 76.25448545755755, 26.803629357439537 ], [ 76.247849862643832, 26.812650357205104 ], [ 76.260340394246128, 26.834161972030696 ], [ 76.239652951279822, 26.844570817914047 ], [ 76.260340394246128, 26.872674701799092 ], [ 76.237701305716968, 26.87753216321132 ], [ 76.236139989266675, 26.89418631662468 ], [ 76.217013862750662, 26.90875870086137 ], [ 76.236920647491829, 26.925412854274732 ], [ 76.233017356366105, 26.944842699923651 ], [ 76.247849862643832, 26.946577507570876 ], [ 76.222088141214101, 26.954904584277557 ], [ 76.222478470326664, 26.958721161101451 ], [ 76.227943077902665, 26.9899476987515 ], [ 76.238872293054683, 27.014235005812651 ], [ 76.245898217080978, 27.020480313342663 ], [ 76.255656444895266, 27.028460428519896 ], [ 76.259950065133552, 27.032277005343794 ], [ 76.277514875199287, 27.046849389580483 ], [ 76.279466520762142, 27.048584197227708 ], [ 76.279856849874719, 27.061074812287728 ], [ 76.280247178987295, 27.064544427582177 ] ] ] } },
{ "type": "Feature", "properties": { "dt_code": "107", "district": "Karauli", "st_code": "08", "year": "2011_c", "st_nm": "Rajasthan" }, "geometry": { "type": "Polygon", "coordinates": [ [ [ 77.097596340712599, 26.862612817445186 ], [ 77.103451277401177, 26.874062547916871 ], [ 77.137019581082356, 26.834855895089586 ], [ 77.157316694936085, 26.8234061646179 ], [ 77.16746525186295, 26.833468048971806 ], [ 77.208840137795562, 26.81160947261677 ], [ 77.195959277080689, 26.796690126850635 ], [ 77.205327175782415, 26.779689011907831 ], [ 77.255679631304176, 26.820977433911786 ], [ 77.293151226111064, 26.78038293496672 ], [ 77.336477757606531, 26.80813985732232 ], [ 77.350919934771682, 26.805017203557316 ], [ 77.357945858797976, 26.79634316532119 ], [ 77.337648744944246, 26.76650447378892 ], [ 77.350529605659119, 26.755748666376125 ], [ 77.346235985420819, 26.71168455213661 ], [ 77.347406972758534, 26.711337590607165 ], [ 77.347406972758534, 26.711337590607165 ], [ 77.345845656308256, 26.691213821899353 ], [ 77.371997706850564, 26.65617070742541 ], [ 77.351310263884258, 26.655823745895965 ], [ 77.345845656308256, 26.64159832318872 ], [ 77.357555529685413, 26.631883400364259 ], [ 77.394246466267148, 26.632577323423149 ], [ 77.395027124492302, 26.632577323423149 ], [ 77.3895625169163, 26.615576208480345 ], [ 77.37629132708885, 26.618698862245349 ], [ 77.355213555009982, 26.591982824478084 ], [ 77.315009656415086, 26.580186132476953 ], [ 77.28924793498534, 26.554510979298023 ], [ 77.255289302191599, 26.554857940827468 ], [ 77.227966264311576, 26.529529749177982 ], [ 77.242408441476726, 26.481302096585129 ], [ 77.241237454139011, 26.479567288937901 ], [ 77.244360087039595, 26.468811481525108 ], [ 77.25450864396646, 26.433768367051162 ], [ 77.255289302191599, 26.432033559403937 ], [ 77.272073454032181, 26.433768367051162 ], [ 77.306422415938499, 26.438972789992839 ], [ 77.309935377951646, 26.438278866933949 ], [ 77.324767884229374, 26.434115328580607 ], [ 77.331793808255668, 26.432033559403937 ], [ 77.334135782931099, 26.428910905638933 ], [ 77.343113352520248, 26.418155098226137 ], [ 77.346235985420819, 26.413991559872798 ], [ 77.339210061394539, 26.395949560341656 ], [ 77.355213555009982, 26.39699044492999 ], [ 77.357165200572837, 26.377560599281072 ], [ 77.370046061287709, 26.377560599281072 ], [ 77.375510668863711, 26.365763907279941 ], [ 77.375120339751135, 26.365416945750496 ], [ 77.338819732281962, 26.347721907748802 ], [ 77.321254922216227, 26.323087639158206 ], [ 77.316570972865364, 26.311290947157076 ], [ 77.304080441263068, 26.299494255155945 ], [ 77.287686618535062, 26.283880986330921 ], [ 77.270512137581903, 26.267226832917562 ], [ 77.22172099851042, 26.240163833620851 ], [ 77.209230466908124, 26.232877641502505 ], [ 77.203765859332123, 26.230101949266945 ], [ 77.177223479677238, 26.238429025973627 ], [ 77.174491175889244, 26.238775987503072 ], [ 77.172149201213813, 26.238429025973627 ], [ 77.128822669718346, 26.227673218560831 ], [ 77.11945477101662, 26.214141718912476 ], [ 77.115551479890897, 26.21726437267748 ], [ 77.115551479890897, 26.21726437267748 ], [ 77.097596340712599, 26.184303027380203 ], [ 77.031240391575395, 26.172506335379076 ], [ 77.006259328370803, 26.150994720553484 ], [ 76.998843075231946, 26.130177028786783 ], [ 76.948100290597608, 26.102767067960627 ], [ 76.900870467976418, 26.092705183606725 ], [ 76.900480138863855, 26.092705183606725 ], [ 76.885257303473551, 26.047947146308317 ], [ 76.85129867067981, 26.031986915953848 ], [ 76.848956696004379, 26.05072283854388 ], [ 76.835295177064367, 26.064948261251125 ], [ 76.833733860614075, 26.066336107368905 ], [ 76.827878923925496, 26.072581414898913 ], [ 76.810314113859775, 26.069805722663354 ], [ 76.794700949356894, 26.103114029490072 ], [ 76.771671531715157, 26.110747183137864 ], [ 76.740445202709424, 26.155158258906823 ], [ 76.724441709093981, 26.154811297377378 ], [ 76.702583278789959, 26.180139489026864 ], [ 76.702192949677382, 26.180833412085754 ], [ 76.667843987771064, 26.166261027849064 ], [ 76.655743785281345, 26.183262142791868 ], [ 76.627640089176168, 26.184303027380203 ], [ 76.576897304541845, 26.215529565030256 ], [ 76.58626520324357, 26.222815757148599 ], [ 76.58197158300527, 26.232877641502505 ], [ 76.603830013309292, 26.244674333503635 ], [ 76.603439684196729, 26.27277821738868 ], [ 76.549964595774384, 26.267226832917562 ], [ 76.567919734952696, 26.284227947860366 ], [ 76.564797102052125, 26.318230177745974 ], [ 76.583923228568139, 26.31580144703986 ], [ 76.601097709521298, 26.335925215747672 ], [ 76.630372392964176, 26.317189293157639 ], [ 76.637007987877894, 26.341823561748235 ], [ 76.675650570022498, 26.351885446102141 ], [ 76.687360443399655, 26.368539599515501 ], [ 76.676821557360213, 26.384499829869974 ], [ 76.684237810499084, 26.394214752694431 ], [ 76.775184493728304, 26.440360636110618 ], [ 76.78377173420489, 26.450422520464521 ], [ 76.771671531715157, 26.460484404818427 ], [ 76.779087784854028, 26.469158443054553 ], [ 76.811485101197491, 26.485118673409023 ], [ 76.827098265700357, 26.477485519761231 ], [ 76.868473151632969, 26.509405980470174 ], [ 76.905164088214718, 26.522937480118529 ], [ 76.909457708453004, 26.557980594592472 ], [ 76.941855024796453, 26.542020364238002 ], [ 76.970349050014192, 26.551041364003574 ], [ 76.968397404451338, 26.571512094240827 ], [ 76.935219429882736, 26.57498170953528 ], [ 76.935219429882736, 26.577757401770839 ], [ 76.936390417220451, 26.581573978594733 ], [ 76.975813657590209, 26.60065686271421 ], [ 76.980887936053634, 26.603085593420325 ], [ 76.98127826516621, 26.603085593420325 ], [ 76.980497606941071, 26.604126478008659 ], [ 76.959029505749612, 26.625638092834247 ], [ 76.952003581723332, 26.66935524554432 ], [ 76.951613252610755, 26.6707430916621 ], [ 76.916483632479299, 26.683580668251565 ], [ 76.870034468083247, 26.66935524554432 ], [ 76.855982620030673, 26.647149707659839 ], [ 76.831391885938643, 26.651660207542623 ], [ 76.786504037992884, 26.598575093537537 ], [ 76.778697455741451, 26.589207132242525 ], [ 76.765816595026592, 26.57428778647639 ], [ 76.757619683662583, 26.568042478946378 ], [ 76.734590266020845, 26.571165132711382 ], [ 76.703754266127675, 26.578104363300284 ], [ 76.669405304221357, 26.608983939420888 ], [ 76.638569304328186, 26.610024824009223 ], [ 76.63739831699047, 26.624597208245913 ], [ 76.613197912011017, 26.643333130835945 ], [ 76.617101203136741, 26.6568646304843 ], [ 76.602268696859014, 26.664497784132088 ], [ 76.586655532356133, 26.649925399895398 ], [ 76.474240747935468, 26.717235936607729 ], [ 76.473850418822892, 26.717235936607729 ], [ 76.472679431485176, 26.717929859666619 ], [ 76.472679431485176, 26.717929859666619 ], [ 76.473069760597753, 26.718276821196064 ], [ 76.535522418609233, 26.782117742613945 ], [ 76.541377355297811, 26.772749781318929 ], [ 76.569481051402974, 26.771361935201149 ], [ 76.57494565897899, 26.788016088614512 ], [ 76.594852443720143, 26.778301165790051 ], [ 76.613197912011017, 26.782117742613945 ], [ 76.683457152273945, 26.844223856384602 ], [ 76.77245218994031, 26.891063662859676 ], [ 76.765426265914016, 26.90806477780248 ], [ 76.793139632906616, 26.933392969451965 ], [ 76.79587193669461, 26.984743275809826 ], [ 76.822414316349494, 26.998274775458182 ], [ 76.825146620137502, 26.999662621575961 ], [ 76.832172544163797, 26.997233890869847 ], [ 76.900870467976418, 26.971558737690916 ], [ 76.951613252610755, 26.915350969920826 ], [ 76.951613252610755, 26.872327740269647 ], [ 76.960981151312481, 26.862265855915741 ], [ 76.985181556291934, 26.857755356032957 ], [ 76.998452746119369, 26.871286855681312 ], [ 77.075347581296015, 26.858449279091847 ], [ 77.097596340712599, 26.862612817445186 ] ] ] } },
{ "type": "Feature", "properties": { "dt_code": "106", "district": "Dholpur", "st_code": "08", "year": "2011_c", "st_nm": "Rajasthan" }, "geometry": { "type": "Polygon", "coordinates": [ [ [ 77.347406972758534, 26.711337590607165 ], [ 77.383707580227721, 26.706133167665488 ], [ 77.437572997762629, 26.729726551667749 ], [ 77.448502212914633, 26.741176282139435 ], [ 77.449673200252349, 26.741870205198325 ], [ 77.455137807828351, 26.742911089786659 ], [ 77.454747478715774, 26.741870205198325 ], [ 77.485193149496382, 26.748115512728333 ], [ 77.485973807721521, 26.748809435787223 ], [ 77.496512693760963, 26.761300050847247 ], [ 77.502367630449541, 26.76858624296559 ], [ 77.502367630449541, 26.768933204495035 ], [ 77.487535124171814, 26.788016088614512 ], [ 77.501196643111825, 26.844570817914047 ], [ 77.520713098740416, 26.841448164149043 ], [ 77.516809807614692, 26.825834895324014 ], [ 77.525787377203841, 26.818895664735116 ], [ 77.574578516275324, 26.820977433911786 ], [ 77.608537149069065, 26.839019433442925 ], [ 77.61048879463192, 26.828610587559574 ], [ 77.620247022446222, 26.842836010266822 ], [ 77.674893098206269, 26.857408394503512 ], [ 77.686602971583426, 26.875103432505206 ], [ 77.69753218673543, 26.867470278857414 ], [ 77.706509756324579, 26.876838240152431 ], [ 77.722513249940022, 26.874409509446316 ], [ 77.724855224615453, 26.910493508508598 ], [ 77.732271477754324, 26.920208431333055 ], [ 77.753349249833192, 26.916738816038606 ], [ 77.760375173859487, 26.932352084863631 ], [ 77.793162819315512, 26.917085777568051 ], [ 77.810337300268671, 26.924025008156953 ], [ 77.850150869750991, 26.912922239214712 ], [ 77.896600034147042, 26.884124432270777 ], [ 77.909090565749338, 26.890716701330231 ], [ 77.90635826196133, 26.917779700626941 ], [ 77.915726160663056, 26.90737085474359 ], [ 77.939536236529932, 26.9066769316847 ], [ 77.948513806119081, 26.89349239356579 ], [ 77.971152894648242, 26.90598300862581 ], [ 77.987156388263685, 26.889328855212451 ], [ 78.014479426143708, 26.902860354860806 ], [ 78.030092590646589, 26.885859239918002 ], [ 78.024237653958011, 26.872674701799092 ], [ 78.035557198222591, 26.870939894151867 ], [ 78.02111502105744, 26.857408394503512 ], [ 78.026579628633442, 26.849428279326276 ], [ 78.026969957746019, 26.850122202385165 ], [ 78.04453476781174, 26.869899009563532 ], [ 78.05585431207632, 26.868511163445753 ], [ 78.048828388050026, 26.910146546979149 ], [ 78.081225704393489, 26.902860354860806 ], [ 78.098009856234071, 26.899043778036912 ], [ 78.110110058723805, 26.896268085801353 ], [ 78.110500387836368, 26.895921124271908 ], [ 78.111281046061521, 26.895921124271908 ], [ 78.101913147359795, 26.917779700626941 ], [ 78.105035780260366, 26.926800700392512 ], [ 78.121429602988385, 26.922637162039173 ], [ 78.121819932100948, 26.922637162039173 ], [ 78.122210261213525, 26.925759815804177 ], [ 78.122600590326101, 26.932699046393076 ], [ 78.122600590326101, 26.9344338540403 ], [ 78.115964995412384, 26.938250430864198 ], [ 78.112452033399236, 26.940679161570312 ], [ 78.113623020736952, 26.941720046158647 ], [ 78.141336387729538, 26.949006238276993 ], [ 78.148362311755832, 26.948659276747545 ], [ 78.209643982429611, 26.931311200275296 ], [ 78.209643982429611, 26.931311200275296 ], [ 78.210034311542174, 26.931311200275296 ], [ 78.215889248230752, 26.937209546275863 ], [ 78.224476488707339, 26.945883584511986 ], [ 78.238528336759913, 26.926800700392512 ], [ 78.254531830375356, 26.925759815804177 ], [ 78.254922159487933, 26.934780815569745 ], [ 78.259606108838796, 26.930964238745851 ], [ 78.270925653103376, 26.9205553928625 ], [ 78.232673400071349, 26.874409509446316 ], [ 78.208472995091896, 26.868858124975198 ], [ 78.198714767277593, 26.878573047799655 ], [ 78.196372792602162, 26.88100177850577 ], [ 78.219011881131323, 26.833468048971806 ], [ 78.222134514031907, 26.832080202854026 ], [ 78.222915172257046, 26.830692356736247 ], [ 78.21862155201876, 26.829998433677357 ], [ 78.172953045847862, 26.82479401073568 ], [ 78.17139172939757, 26.82201831850012 ], [ 78.170220742059854, 26.819936549323451 ], [ 78.167098109159284, 26.815426049440667 ], [ 78.184272590112442, 26.798771896027304 ], [ 78.185833906562721, 26.796690126850635 ], [ 78.183882260999866, 26.784199511790614 ], [ 78.183491931887289, 26.78385255026117 ], [ 78.117916640975238, 26.793914434615075 ], [ 78.11206170428666, 26.79495531920341 ], [ 78.110890716948944, 26.791485703908961 ], [ 78.10386479292265, 26.772402819789484 ], [ 78.101913147359795, 26.766851435318365 ], [ 78.103084134697511, 26.765810550730031 ], [ 78.12338124855124, 26.747074628139998 ], [ 78.096058210671217, 26.72764478249108 ], [ 78.089812944870062, 26.675253591544884 ], [ 78.074199780367195, 26.670396130132655 ], [ 78.055463982963758, 26.68392762978101 ], [ 78.000427578091134, 26.695030398723247 ], [ 77.95358808458252, 26.659293361190414 ], [ 77.903625958173336, 26.658946399660969 ], [ 77.894648388584173, 26.6152292469509 ], [ 77.84702823685042, 26.611759631656447 ], [ 77.82751178122183, 26.596146362831423 ], [ 77.83570869258584, 26.577063478711949 ], [ 77.82360849009612, 26.550347440944684 ], [ 77.783404591501224, 26.552082248591908 ], [ 77.74476200935662, 26.538203787414108 ], [ 77.726416541065745, 26.502119788351827 ], [ 77.675673756431408, 26.503160672940162 ], [ 77.63312788316108, 26.478526404349566 ], [ 77.61361142753249, 26.452851251170635 ], [ 77.55857502265988, 26.435156213168941 ], [ 77.538277908806137, 26.411215867637235 ], [ 77.437572997762629, 26.403235752460002 ], [ 77.444208592676347, 26.361600368926602 ], [ 77.380975276439713, 26.361947330456047 ], [ 77.379804289101997, 26.362294291985492 ], [ 77.375120339751135, 26.365416945750496 ], [ 77.375510668863711, 26.365763907279941 ], [ 77.370046061287709, 26.377560599281072 ], [ 77.357165200572837, 26.377560599281072 ], [ 77.355213555009982, 26.39699044492999 ], [ 77.339210061394539, 26.395949560341656 ], [ 77.346235985420819, 26.413991559872798 ], [ 77.343113352520248, 26.418155098226137 ], [ 77.334135782931099, 26.428910905638933 ], [ 77.331793808255668, 26.432033559403937 ], [ 77.324767884229374, 26.434115328580607 ], [ 77.309935377951646, 26.438278866933949 ], [ 77.306422415938499, 26.438972789992839 ], [ 77.272073454032181, 26.433768367051162 ], [ 77.255289302191599, 26.432033559403937 ], [ 77.25450864396646, 26.433768367051162 ], [ 77.244360087039595, 26.468811481525108 ], [ 77.241237454139011, 26.479567288937901 ], [ 77.242408441476726, 26.481302096585129 ], [ 77.227966264311576, 26.529529749177982 ], [ 77.255289302191599, 26.554857940827468 ], [ 77.28924793498534, 26.554510979298023 ], [ 77.315009656415086, 26.580186132476953 ], [ 77.355213555009982, 26.591982824478084 ], [ 77.37629132708885, 26.618698862245349 ], [ 77.3895625169163, 26.615576208480345 ], [ 77.395027124492302, 26.632577323423149 ], [ 77.394246466267148, 26.632577323423149 ], [ 77.357555529685413, 26.631883400364259 ], [ 77.345845656308256, 26.64159832318872 ], [ 77.351310263884258, 26.655823745895965 ], [ 77.371997706850564, 26.65617070742541 ], [ 77.345845656308256, 26.691213821899353 ], [ 77.347406972758534, 26.711337590607165 ] ] ] } },
{ "type": "Feature", "properties": { "dt_code": "115", "district": "Barmer", "st_code": "08", "year": "2011_c", "st_nm": "Rajasthan" }, "geometry": { "type": "Polygon", "coordinates": [ [ [ 70.140760567345737, 26.155852181965713 ], [ 70.200480921569223, 26.146137259141256 ], [ 70.220778035422953, 26.1187272983151 ], [ 70.220778035422953, 26.119074259844545 ], [ 70.249662389753269, 26.156893066554048 ], [ 70.268788516269282, 26.163485335613505 ], [ 70.270740161832137, 26.153770412789044 ], [ 70.289866288348165, 26.155158258906823 ], [ 70.29923418704989, 26.144402451494031 ], [ 70.36246750328651, 26.142320682317358 ], [ 70.407745680344846, 26.197834527028562 ], [ 70.424139503072851, 26.192630104086884 ], [ 70.430384768874006, 26.174588104555745 ], [ 70.499082692686642, 26.172159373849631 ], [ 70.560364363360407, 26.198181488558006 ], [ 70.654043350377634, 26.196446680910782 ], [ 70.680585730032519, 26.211019065147468 ], [ 70.715325021051399, 26.210325142088578 ], [ 70.710250742587974, 26.165567104790174 ], [ 70.741477071593707, 26.141279797729023 ], [ 70.867553374954397, 26.131217913375121 ], [ 70.93976426078018, 26.053845492308884 ], [ 70.940544919005319, 26.029211223718288 ], [ 70.958109729071055, 26.017761493246603 ], [ 70.96747762777278, 26.033027800542182 ], [ 70.93976426078018, 26.079520645487815 ], [ 70.998703956778513, 26.112828952314533 ], [ 71.023685019983105, 26.113869836902868 ], [ 71.049837070525413, 26.139198028552354 ], [ 71.038907855373409, 26.172506335379076 ], [ 71.010804159268247, 26.199569334675786 ], [ 71.0072911972551, 26.223162718678044 ], [ 70.940544919005319, 26.223856641736937 ], [ 70.949132159481906, 26.24432737197419 ], [ 70.998703956778513, 26.259940640799215 ], [ 71.011194488380809, 26.280064409507027 ], [ 71.055301678101429, 26.283534024801476 ], [ 71.070134184379157, 26.294636793743717 ], [ 71.058814640114576, 26.312678793274856 ], [ 71.075208462842582, 26.322740677628762 ], [ 71.12595124747692, 26.302963870450395 ], [ 71.14039342464207, 26.307821331862627 ], [ 71.189184563713539, 26.384846791399418 ], [ 71.182158639687259, 26.407399290813341 ], [ 71.212604310467853, 26.442789366816733 ], [ 71.283253879843343, 26.467076673877884 ], [ 71.296134740558216, 26.463954020112876 ], [ 71.30706395571022, 26.435850136227831 ], [ 71.32658041133881, 26.420930790461696 ], [ 71.435872562858918, 26.496915365410153 ], [ 71.443288815997775, 26.507324211293504 ], [ 71.450314740024069, 26.512528634235178 ], [ 71.467879550089791, 26.474015904466782 ], [ 71.487786334830957, 26.457708712582868 ], [ 71.519793322061844, 26.486853481056247 ], [ 71.572878081371613, 26.505936365175721 ], [ 71.590442891437334, 26.501772826822382 ], [ 71.612691650853932, 26.481302096585129 ], [ 71.631427448257369, 26.430298751756713 ], [ 71.62244987866822, 26.417114213637802 ], [ 71.634159752045377, 26.404623598577782 ], [ 71.675144308865413, 26.383458945281635 ], [ 71.70207701763286, 26.392479945047207 ], [ 71.716128865685448, 26.386581599046643 ], [ 71.751648814929482, 26.362641253514937 ], [ 71.755161776942629, 26.348415830807692 ], [ 71.787168764173515, 26.346334061631023 ], [ 71.802001270451242, 26.333496485041557 ], [ 71.812930485603246, 26.333843446571002 ], [ 71.817224105841547, 26.358477715161598 ], [ 71.837911548807853, 26.374090983986623 ], [ 71.882799396753597, 26.339394831042121 ], [ 71.8925576245679, 26.298106409038166 ], [ 71.981552662234265, 26.318577139275419 ], [ 72.020585573491445, 26.345987100101578 ], [ 72.03893104178232, 26.350844561513806 ], [ 72.064692763212051, 26.350497599984362 ], [ 72.087722180853788, 26.332108638923778 ], [ 72.1013836997938, 26.321699793040427 ], [ 72.111532256720665, 26.317883216216529 ], [ 72.140026281938404, 26.326210292923211 ], [ 72.134171345249825, 26.318924100804864 ], [ 72.161104054017287, 26.29984121668539 ], [ 72.158762079341855, 26.282146178683696 ], [ 72.191940053910457, 26.265838986799782 ], [ 72.211456509539047, 26.234612449149729 ], [ 72.268444559974526, 26.197487565499117 ], [ 72.34182643313801, 26.24502129503308 ], [ 72.37461407859405, 26.224897526325272 ], [ 72.412085673400938, 26.236694218326399 ], [ 72.42574719234095, 26.26028760232866 ], [ 72.414817977188932, 26.276594794212574 ], [ 72.457754179571836, 26.300882101273725 ], [ 72.492103141478154, 26.296718562920386 ], [ 72.505374331305589, 26.280064409507027 ], [ 72.521377824921032, 26.287003640095925 ], [ 72.548700862801056, 26.264798102211444 ], [ 72.59475969808453, 26.278676563389247 ], [ 72.595930685422246, 26.277288717271468 ], [ 72.633402280229134, 26.229408026208056 ], [ 72.69000000155205, 26.185343911968541 ], [ 72.67868045728747, 26.172853296908521 ], [ 72.698587242028623, 26.116645529138431 ], [ 72.674777166161746, 26.070152684192799 ], [ 72.689219343326897, 26.064254338192235 ], [ 72.684145064863472, 26.054192453838329 ], [ 72.693512963565198, 26.037885261954415 ], [ 72.614276153713121, 26.003536070539358 ], [ 72.620131090401699, 25.974738263595423 ], [ 72.661115647221735, 25.953920571828721 ], [ 72.67868045728747, 25.944899572063154 ], [ 72.699367900253762, 25.934490726179803 ], [ 72.717713368544636, 25.925122764884787 ], [ 72.7266909381338, 25.920612265002003 ], [ 72.752452659563531, 25.897018880999742 ], [ 72.752842988676107, 25.880711689115827 ], [ 72.780166026556131, 25.884181304410276 ], [ 72.809050380886433, 25.852954766760227 ], [ 72.834812102316178, 25.863710574173023 ], [ 72.834812102316178, 25.863710574173023 ], [ 72.849254279481329, 25.839423267111872 ], [ 72.835592760541317, 25.820687344521843 ], [ 72.832860456753323, 25.816870767697946 ], [ 72.829347494740176, 25.818258613815726 ], [ 72.824663545389313, 25.816523806168501 ], [ 72.803195444197854, 25.826932652051852 ], [ 72.778995039218415, 25.804380152637926 ], [ 72.777043393655546, 25.802645344990701 ], [ 72.757526938026956, 25.809931537109048 ], [ 72.751281672225815, 25.787379037695121 ], [ 72.751281672225815, 25.787032076165676 ], [ 72.7266909381338, 25.775929307223436 ], [ 72.726300609021223, 25.774888422635101 ], [ 72.724348963458368, 25.761009961457301 ], [ 72.755575292464101, 25.740539231220048 ], [ 72.759478583589825, 25.72423203933613 ], [ 72.689219343326897, 25.671146925331044 ], [ 72.686487039538903, 25.669065156154375 ], [ 72.697806583803484, 25.644430887563779 ], [ 72.718103697657213, 25.634369003209876 ], [ 72.719665014107505, 25.609040811560391 ], [ 72.704051849604625, 25.600713734853709 ], [ 72.676338482612039, 25.612857388384285 ], [ 72.627157014427993, 25.61181650379595 ], [ 72.621302077739415, 25.601060696383154 ], [ 72.590075748733668, 25.609040811560391 ], [ 72.547139546350778, 25.562894928144203 ], [ 72.544797571675346, 25.549710390025293 ], [ 72.561191394403352, 25.530974467435264 ], [ 72.522158483146185, 25.504605391197444 ], [ 72.508887293318736, 25.507381083433003 ], [ 72.506154989530742, 25.489339083901864 ], [ 72.48507721745186, 25.483787699430742 ], [ 72.463218787147838, 25.456377738604587 ], [ 72.451508913770681, 25.458806469310701 ], [ 72.422624559440379, 25.439376623661783 ], [ 72.381640002620344, 25.442499277426787 ], [ 72.355487952078022, 25.458806469310701 ], [ 72.353926635627744, 25.444234085074015 ], [ 72.336752154674585, 25.439723585191228 ], [ 72.320748661059142, 25.388373278833367 ], [ 72.298109572529981, 25.385944548127252 ], [ 72.250099091683651, 25.415436278130077 ], [ 72.218872762677904, 25.403292624599501 ], [ 72.161494383129849, 25.435560046837889 ], [ 72.106067649144663, 25.419946778012864 ], [ 72.088112509966351, 25.464357853781824 ], [ 72.054934535397763, 25.482399853312963 ], [ 72.032685775981165, 25.47441973813573 ], [ 71.977259041995978, 25.425845124013428 ], [ 71.975697725545686, 25.404333509187836 ], [ 71.915977371322199, 25.346390933770522 ], [ 71.94681337121537, 25.316552242238252 ], [ 71.932761523162782, 25.280121281646526 ], [ 71.885531700541605, 25.256180936114824 ], [ 71.899193219481617, 25.244384244113693 ], [ 71.894509270130754, 25.235016282818677 ], [ 71.845718131059286, 25.19927924528584 ], [ 71.834788915907268, 25.140295785280191 ], [ 71.822298384304972, 25.119131131984044 ], [ 71.804733574239251, 25.113579747512926 ], [ 71.805123903351813, 25.096925594099567 ], [ 71.790291397074085, 25.078189671509534 ], [ 71.803952916014097, 25.068474748685077 ], [ 71.801610941338666, 25.054249325977828 ], [ 71.766481321207209, 25.07367917162675 ], [ 71.737596966876893, 25.068127787155632 ], [ 71.726667751724889, 25.025798480563338 ], [ 71.682560562004284, 24.986591827736053 ], [ 71.633769422932801, 25.03412555727002 ], [ 71.586539600311625, 25.022328865268889 ], [ 71.554922942193301, 24.981734366323824 ], [ 71.53228385366414, 24.972019443499363 ], [ 71.525648258750422, 24.998735481266628 ], [ 71.503789828446401, 25.009838250208869 ], [ 71.48934765128125, 25.00567471185553 ], [ 71.484663701930387, 24.988326635383281 ], [ 71.471002182990375, 24.997694596678294 ], [ 71.41362380344232, 24.969937674322694 ], [ 71.387081423787436, 24.975142097264371 ], [ 71.379665170648579, 24.960916674557126 ], [ 71.339461272053683, 24.939058098202089 ], [ 71.347267854305116, 24.911648137375934 ], [ 71.328922386014241, 24.895687907021465 ], [ 71.316822183524522, 24.904361945257588 ], [ 71.304721981034788, 24.888748676432563 ], [ 71.326190082226248, 24.868624907724755 ], [ 71.32658041133881, 24.843296716075269 ], [ 71.302770335471934, 24.822479024308567 ], [ 71.284034538068482, 24.825601678073571 ], [ 71.285986183631351, 24.817621562896338 ], [ 71.253979196400465, 24.795069063482412 ], [ 71.2438306394736, 24.801314371012424 ], [ 71.260224462201606, 24.750657987713453 ], [ 71.209481677567283, 24.698266796767257 ], [ 71.187623247263261, 24.6500391441744 ], [ 71.111899399424331, 24.675714297353331 ], [ 71.065059905915717, 24.717696642416175 ], [ 71.026417323771113, 24.808947524660212 ], [ 70.937422286104749, 24.938711136672644 ], [ 70.888240817920703, 25.148275900457428 ], [ 70.751235299408009, 25.278039512469856 ], [ 70.736402793130281, 25.332512472592722 ], [ 70.664582236417075, 25.397047317069493 ], [ 70.678243755357087, 25.525770044493591 ], [ 70.666924211092507, 25.531321428964709 ], [ 70.673559806006224, 25.676004386743276 ], [ 70.659898287066213, 25.702026501451652 ], [ 70.64701742635134, 25.712782308864448 ], [ 70.608374844206736, 25.715211039570562 ], [ 70.529918692579813, 25.683637540391064 ], [ 70.386667908265963, 25.673922617566607 ], [ 70.26839818715672, 25.713823193452782 ], [ 70.246539756852698, 25.762397807575081 ], [ 70.173938541914339, 25.828320498169631 ], [ 70.099385681413125, 25.938307303003697 ], [ 70.082991858685119, 26.083337222311709 ], [ 70.140760567345737, 26.155852181965713 ] ] ] } },
{ "type": "Feature", "properties": { "dt_code": "108", "district": "Sawai Madhopur", "st_code": "08", "year": "2011_c", "st_nm": "Rajasthan" }, "geometry": { "type": "Polygon", "coordinates": [ [ [ 76.174858318592911, 26.485812596467913 ], [ 76.177980951493481, 26.483383865761798 ], [ 76.241994925955254, 26.461178327877317 ], [ 76.247849862643832, 26.443136328346178 ], [ 76.322402723145046, 26.456667827994533 ], [ 76.338015887647913, 26.436891020816166 ], [ 76.339577204098205, 26.410521944578345 ], [ 76.402810520334825, 26.379989329987186 ], [ 76.411397760811411, 26.416073329049468 ], [ 76.441453102479443, 26.443830251405068 ], [ 76.44808869739316, 26.472628058349002 ], [ 76.464092191008604, 26.476444635172896 ], [ 76.477753709948615, 26.499691057645713 ], [ 76.447308039168007, 26.556592748474692 ], [ 76.410226773473696, 26.545143018003007 ], [ 76.402810520334825, 26.566307671299153 ], [ 76.418033355725129, 26.607596093303108 ], [ 76.462140545445735, 26.66935524554432 ], [ 76.452382317631447, 26.688438129663794 ], [ 76.473850418822892, 26.717235936607729 ], [ 76.474240747935468, 26.717235936607729 ], [ 76.586655532356133, 26.649925399895398 ], [ 76.602268696859014, 26.664497784132088 ], [ 76.617101203136741, 26.6568646304843 ], [ 76.613197912011017, 26.643333130835945 ], [ 76.63739831699047, 26.624597208245913 ], [ 76.638569304328186, 26.610024824009223 ], [ 76.669405304221357, 26.608983939420888 ], [ 76.703754266127675, 26.578104363300284 ], [ 76.734590266020845, 26.571165132711382 ], [ 76.757619683662583, 26.568042478946378 ], [ 76.765816595026592, 26.57428778647639 ], [ 76.778697455741451, 26.589207132242525 ], [ 76.786504037992884, 26.598575093537537 ], [ 76.831391885938643, 26.651660207542623 ], [ 76.855982620030673, 26.647149707659839 ], [ 76.870034468083247, 26.66935524554432 ], [ 76.916483632479299, 26.683580668251565 ], [ 76.951613252610755, 26.6707430916621 ], [ 76.952003581723332, 26.66935524554432 ], [ 76.959029505749612, 26.625638092834247 ], [ 76.980497606941071, 26.604126478008659 ], [ 76.98127826516621, 26.603085593420325 ], [ 76.980887936053634, 26.603085593420325 ], [ 76.975813657590209, 26.60065686271421 ], [ 76.936390417220451, 26.581573978594733 ], [ 76.935219429882736, 26.577757401770839 ], [ 76.935219429882736, 26.57498170953528 ], [ 76.968397404451338, 26.571512094240827 ], [ 76.970349050014192, 26.551041364003574 ], [ 76.941855024796453, 26.542020364238002 ], [ 76.909457708453004, 26.557980594592472 ], [ 76.905164088214718, 26.522937480118529 ], [ 76.868473151632969, 26.509405980470174 ], [ 76.827098265700357, 26.477485519761231 ], [ 76.811485101197491, 26.485118673409023 ], [ 76.779087784854028, 26.469158443054553 ], [ 76.771671531715157, 26.460484404818427 ], [ 76.78377173420489, 26.450422520464521 ], [ 76.775184493728304, 26.440360636110618 ], [ 76.684237810499084, 26.394214752694431 ], [ 76.676821557360213, 26.384499829869974 ], [ 76.687360443399655, 26.368539599515501 ], [ 76.675650570022498, 26.351885446102141 ], [ 76.637007987877894, 26.341823561748235 ], [ 76.630372392964176, 26.317189293157639 ], [ 76.601097709521298, 26.335925215747672 ], [ 76.583923228568139, 26.31580144703986 ], [ 76.564797102052125, 26.318230177745974 ], [ 76.567919734952696, 26.284227947860366 ], [ 76.549964595774384, 26.267226832917562 ], [ 76.603439684196729, 26.27277821738868 ], [ 76.603830013309292, 26.244674333503635 ], [ 76.58197158300527, 26.232877641502505 ], [ 76.58626520324357, 26.222815757148599 ], [ 76.576897304541845, 26.215529565030256 ], [ 76.627640089176168, 26.184303027380203 ], [ 76.655743785281345, 26.183262142791868 ], [ 76.667843987771064, 26.166261027849064 ], [ 76.702192949677382, 26.180833412085754 ], [ 76.702583278789959, 26.180139489026864 ], [ 76.724441709093981, 26.154811297377378 ], [ 76.740445202709424, 26.155158258906823 ], [ 76.771671531715157, 26.110747183137864 ], [ 76.794700949356894, 26.103114029490072 ], [ 76.810314113859775, 26.069805722663354 ], [ 76.827878923925496, 26.072581414898913 ], [ 76.833733860614075, 26.066336107368905 ], [ 76.835295177064367, 26.064948261251125 ], [ 76.848956696004379, 26.05072283854388 ], [ 76.85129867067981, 26.031986915953848 ], [ 76.850518012454657, 26.030946031365513 ], [ 76.83997912641523, 26.026088569953284 ], [ 76.80719148095919, 25.990004570891003 ], [ 76.80719148095919, 25.988963686302668 ], [ 76.805239835396335, 25.986881917125999 ], [ 76.80406884805862, 25.960859802417623 ], [ 76.800946215158049, 25.956349302534839 ], [ 76.7876750253306, 25.943858687474819 ], [ 76.757619683662583, 25.940389072180366 ], [ 76.749422772298573, 25.939695149121476 ], [ 76.747080797623141, 25.939348187592032 ], [ 76.754106721649435, 25.930327187826464 ], [ 76.757229354550006, 25.924081880296452 ], [ 76.754497050761998, 25.920612265002003 ], [ 76.731857962232837, 25.908468611471427 ], [ 76.715464139504832, 25.901529380882529 ], [ 76.662769709307639, 25.905692919235868 ], [ 76.642082266341333, 25.907774688412538 ], [ 76.641691937228757, 25.907080765353648 ], [ 76.621394823375027, 25.869261958644142 ], [ 76.583142570343, 25.870302843232476 ], [ 76.582361912117847, 25.870302843232476 ], [ 76.580019937442415, 25.867527150996917 ], [ 76.546451633761251, 25.839076305582427 ], [ 76.546061304648674, 25.838729344052982 ], [ 76.4765827226109, 25.841505036288542 ], [ 76.478534368173754, 25.815829883109611 ], [ 76.441453102479443, 25.773500576517321 ], [ 76.405542824122833, 25.769337038163982 ], [ 76.405542824122833, 25.768990076634537 ], [ 76.404762165897694, 25.768990076634537 ], [ 76.374706824229662, 25.751642000162285 ], [ 76.366509912865652, 25.750254154044505 ], [ 76.363777609077658, 25.745396692632276 ], [ 76.356361355938787, 25.741233154278937 ], [ 76.32201239403247, 25.77905196098844 ], [ 76.313034824443321, 25.814095075462387 ], [ 76.31693811556903, 25.817217729227391 ], [ 76.311083178880466, 25.822075190639623 ], [ 76.308350875092458, 25.824156959816293 ], [ 76.306008900417027, 25.825891767463517 ], [ 76.290005406801583, 25.820687344521843 ], [ 76.278685862537003, 25.836994536405758 ], [ 76.269708292947854, 25.824156959816293 ], [ 76.250191837319264, 25.847056420759664 ], [ 76.248630520868971, 25.835259728758533 ], [ 76.210378267836944, 25.86093488193746 ], [ 76.208816951386652, 25.915407842060326 ], [ 76.240823938617538, 25.918877457354778 ], [ 76.240823938617538, 26.022271993129387 ], [ 76.225991432339811, 26.028170339129954 ], [ 76.217013862750662, 26.011169224187149 ], [ 76.180322926168913, 26.015679724069933 ], [ 76.172516343917479, 25.986187994067109 ], [ 76.150657913613458, 25.990004570891003 ], [ 76.131531787097444, 25.967799033006521 ], [ 76.130360799759728, 25.968839917594856 ], [ 76.131531787097444, 25.973003455948199 ], [ 76.095231179628271, 26.001107339833244 ], [ 76.081959989800822, 25.986881917125999 ], [ 76.061272546834516, 25.994862032303232 ], [ 76.089766572052255, 26.033721723601072 ], [ 76.08859558471454, 26.045171454072758 ], [ 76.106941053005414, 26.049334992426097 ], [ 76.107721711230568, 26.049681953955542 ], [ 76.105770065667699, 26.058702953721113 ], [ 76.105379736555136, 26.060784722897782 ], [ 76.105379736555136, 26.061131684427227 ], [ 76.104599078329983, 26.061131684427227 ], [ 76.085472951813969, 26.061478645956672 ], [ 76.083521306251114, 26.064254338192235 ], [ 76.087424597376824, 26.100338337254513 ], [ 76.088205255601977, 26.103114029490072 ], [ 76.087814926489401, 26.103807952548962 ], [ 76.085863280926546, 26.10693060631397 ], [ 76.078447027787675, 26.118033375256211 ], [ 76.067908141748234, 26.126360451962888 ], [ 76.063614521509948, 26.129830067257338 ], [ 76.062443534172232, 26.130870951845676 ], [ 76.054246622808222, 26.114216798432313 ], [ 76.027704243153352, 26.109706298549529 ], [ 75.993745610359596, 26.116645529138431 ], [ 75.993745610359596, 26.161403566436835 ], [ 76.001552192611044, 26.16175052796628 ], [ 76.004284496399038, 26.185690873497986 ], [ 75.979693762307022, 26.197834527028562 ], [ 75.990232648346449, 26.221427911030819 ], [ 76.027704243153352, 26.223162718678044 ], [ 76.025752597590483, 26.252654448680872 ], [ 76.099134470753981, 26.241551679738631 ], [ 76.101476445429412, 26.241204718209186 ], [ 76.116699280819716, 26.251613564092537 ], [ 76.119821913720287, 26.254042294798651 ], [ 76.120212242832864, 26.254042294798651 ], [ 76.110454015018561, 26.276247832683129 ], [ 76.144802976924879, 26.310943985627631 ], [ 76.122944546620857, 26.343905330924905 ], [ 76.140509356686593, 26.358477715161598 ], [ 76.129580141534589, 26.37200921480995 ], [ 76.151048242726034, 26.411909790696129 ], [ 76.152999888288889, 26.438625828463394 ], [ 76.152999888288889, 26.441401520698953 ], [ 76.131922116210006, 26.460137443288982 ], [ 76.170174369242048, 26.483036904232353 ], [ 76.174858318592911, 26.485812596467913 ] ] ] } },
{ "type": "Feature", "properties": { "dt_code": "120", "district": "Tonk", "st_code": "08", "year": "2011_c", "st_nm": "Rajasthan" }, "geometry": { "type": "Polygon", "coordinates": [ [ [ 75.167809208157706, 26.463260097053986 ], [ 75.170541511945714, 26.463607058583431 ], [ 75.182251385322871, 26.484771711879578 ], [ 75.199035537163454, 26.481302096585129 ], [ 75.201767840951462, 26.517733057176851 ], [ 75.251339638248069, 26.531264556825207 ], [ 75.251339638248069, 26.544796056473562 ], [ 75.284907941929248, 26.564225902122484 ], [ 75.289591891280111, 26.557286671533582 ], [ 75.327844144312138, 26.561450209886925 ], [ 75.333699081000717, 26.522243557059639 ], [ 75.365706068231603, 26.488935250232917 ], [ 75.409422928839646, 26.483383865761798 ], [ 75.407861612389354, 26.495180557762929 ], [ 75.432842675593946, 26.482689942702908 ], [ 75.453920447672829, 26.496221442351263 ], [ 75.500369612068866, 26.482342981173463 ], [ 75.520276396810033, 26.463954020112876 ], [ 75.548380092915195, 26.487200442585692 ], [ 75.571409510556933, 26.476097673643451 ], [ 75.568677206768939, 26.448340751287851 ], [ 75.61395538382726, 26.440013674581174 ], [ 75.64557204194557, 26.442789366816733 ], [ 75.652207636859288, 26.466035789289549 ], [ 75.708415029069627, 26.446605943640627 ], [ 75.726370168247939, 26.466729712348439 ], [ 75.740031687187951, 26.447299866699517 ], [ 75.746667282101669, 26.469158443054553 ], [ 75.771648345306261, 26.471934135290113 ], [ 75.759157813703965, 26.517733057176851 ], [ 75.779064598445117, 26.523978364706863 ], [ 75.768916041518253, 26.530917595295762 ], [ 75.771648345306261, 26.543061248826337 ], [ 75.795848750285714, 26.550694402474129 ], [ 75.803655332537147, 26.541673402708557 ], [ 75.793506775610282, 26.530223672236872 ], [ 75.814194218576588, 26.520855710941859 ], [ 75.927389661222406, 26.509059018940729 ], [ 75.960177306678432, 26.486159557997357 ], [ 75.971496850943012, 26.507324211293504 ], [ 76.008578116637324, 26.500038019175157 ], [ 76.024581610252767, 26.521202672471304 ], [ 76.063224192397385, 26.509059018940729 ], [ 76.071030774648818, 26.527794941530757 ], [ 76.083521306251114, 26.522590518589084 ], [ 76.100695787204273, 26.538897710472998 ], [ 76.144802976924879, 26.524325326236308 ], [ 76.152999888288889, 26.521896595530194 ], [ 76.151828900951173, 26.504201557528496 ], [ 76.175248647705487, 26.486159557997357 ], [ 76.174858318592911, 26.485812596467913 ], [ 76.170174369242048, 26.483036904232353 ], [ 76.131922116210006, 26.460137443288982 ], [ 76.152999888288889, 26.441401520698953 ], [ 76.152999888288889, 26.438625828463394 ], [ 76.151048242726034, 26.411909790696129 ], [ 76.129580141534589, 26.37200921480995 ], [ 76.140509356686593, 26.358477715161598 ], [ 76.122944546620857, 26.343905330924905 ], [ 76.144802976924879, 26.310943985627631 ], [ 76.110454015018561, 26.276247832683129 ], [ 76.120212242832864, 26.254042294798651 ], [ 76.119821913720287, 26.254042294798651 ], [ 76.116699280819716, 26.251613564092537 ], [ 76.101476445429412, 26.241204718209186 ], [ 76.099134470753981, 26.241551679738631 ], [ 76.025752597590483, 26.252654448680872 ], [ 76.027704243153352, 26.223162718678044 ], [ 75.990232648346449, 26.221427911030819 ], [ 75.979693762307022, 26.197834527028562 ], [ 76.004284496399038, 26.185690873497986 ], [ 76.001552192611044, 26.16175052796628 ], [ 75.993745610359596, 26.161403566436835 ], [ 75.993745610359596, 26.116645529138431 ], [ 76.027704243153352, 26.109706298549529 ], [ 76.054246622808222, 26.114216798432313 ], [ 76.062443534172232, 26.130870951845676 ], [ 76.063614521509948, 26.129830067257338 ], [ 76.067908141748234, 26.126360451962888 ], [ 76.078447027787675, 26.118033375256211 ], [ 76.085863280926546, 26.10693060631397 ], [ 76.087814926489401, 26.103807952548962 ], [ 76.088205255601977, 26.103114029490072 ], [ 76.087424597376824, 26.100338337254513 ], [ 76.083521306251114, 26.064254338192235 ], [ 76.085472951813969, 26.061478645956672 ], [ 76.104599078329983, 26.061131684427227 ], [ 76.105379736555136, 26.061131684427227 ], [ 76.105379736555136, 26.060784722897782 ], [ 76.105770065667699, 26.058702953721113 ], [ 76.107721711230568, 26.049681953955542 ], [ 76.106941053005414, 26.049334992426097 ], [ 76.08859558471454, 26.045171454072758 ], [ 76.089766572052255, 26.033721723601072 ], [ 76.061272546834516, 25.994862032303232 ], [ 76.081959989800822, 25.986881917125999 ], [ 76.095231179628271, 26.001107339833244 ], [ 76.131531787097444, 25.973003455948199 ], [ 76.130360799759728, 25.968839917594856 ], [ 76.131531787097444, 25.967799033006521 ], [ 76.150657913613458, 25.990004570891003 ], [ 76.172516343917479, 25.986187994067109 ], [ 76.180322926168913, 26.015679724069933 ], [ 76.217013862750662, 26.011169224187149 ], [ 76.225991432339811, 26.028170339129954 ], [ 76.240823938617538, 26.022271993129387 ], [ 76.240823938617538, 25.918877457354778 ], [ 76.208816951386652, 25.915407842060326 ], [ 76.210378267836944, 25.86093488193746 ], [ 76.248630520868971, 25.835259728758533 ], [ 76.250191837319264, 25.847056420759664 ], [ 76.269708292947854, 25.824156959816293 ], [ 76.278685862537003, 25.836994536405758 ], [ 76.290005406801583, 25.820687344521843 ], [ 76.306008900417027, 25.825891767463517 ], [ 76.308350875092458, 25.824156959816293 ], [ 76.311083178880466, 25.822075190639623 ], [ 76.31693811556903, 25.817217729227391 ], [ 76.313034824443321, 25.814095075462387 ], [ 76.290786065026722, 25.798134845107917 ], [ 76.286102115675874, 25.781827653224003 ], [ 76.266975989159846, 25.80542103722626 ], [ 76.236530318379252, 25.794665229813468 ], [ 76.216233204525523, 25.810625460167937 ], [ 76.209597609611791, 25.835606690287978 ], [ 76.187739179307783, 25.842198959347431 ], [ 76.178761609718634, 25.819646459933505 ], [ 76.163148445215754, 25.812360267815162 ], [ 76.158854824977468, 25.757193384633407 ], [ 76.137777052898585, 25.784950306989007 ], [ 76.106941053005414, 25.787032076165676 ], [ 76.105379736555136, 25.805074075696815 ], [ 76.045269053219073, 25.812707229344607 ], [ 76.052294977245367, 25.863710574173023 ], [ 76.010529762200193, 25.866486266408582 ], [ 76.007797458412185, 25.881058650645272 ], [ 75.967593559817288, 25.867527150996917 ], [ 75.929731635897838, 25.871690689350256 ], [ 75.925047686546975, 25.826932652051852 ], [ 75.88718576262751, 25.81860557534517 ], [ 75.882111484164071, 25.834218844170195 ], [ 75.893040699316089, 25.849138189936333 ], [ 75.862985357648057, 25.874813343115264 ], [ 75.845420547582322, 25.857465266643011 ], [ 75.818878167927437, 25.854342612878007 ], [ 75.808729611000572, 25.805074075696815 ], [ 75.790384142709712, 25.802645344990701 ], [ 75.779845256670271, 25.825891767463517 ], [ 75.766183737730259, 25.820340382992399 ], [ 75.753693206127963, 25.757193384633407 ], [ 75.719344244221645, 25.762050846045636 ], [ 75.700998775930771, 25.753723769338954 ], [ 75.691630877229045, 25.761356922986746 ], [ 75.654159282422157, 25.749560230985615 ], [ 75.626836244542133, 25.705843078275546 ], [ 75.635813814131282, 25.699944732274979 ], [ 75.615907029390115, 25.68051488662606 ], [ 75.615516700277553, 25.680167925096615 ], [ 75.591706624410662, 25.687454117214962 ], [ 75.585851687722084, 25.705496116746101 ], [ 75.592877611748378, 25.712435347334999 ], [ 75.560089966292352, 25.698556886157199 ], [ 75.556577004279205, 25.700291693804424 ], [ 75.532766928412329, 25.713476231923337 ], [ 75.53198627018719, 25.713823193452782 ], [ 75.53198627018719, 25.714170154982227 ], [ 75.516373105684309, 25.749560230985615 ], [ 75.485537105791138, 25.732906077572256 ], [ 75.473046574188842, 25.737069615925595 ], [ 75.460946371699123, 25.721109385571125 ], [ 75.458604397023691, 25.723191154747795 ], [ 75.447284852759111, 25.733253039101701 ], [ 75.437916954057386, 25.747131500279501 ], [ 75.432452346481384, 25.746784538750056 ], [ 75.401226017475636, 25.775235384164546 ], [ 75.38561285297277, 25.74990719251506 ], [ 75.371561004920181, 25.760316038398411 ], [ 75.317305258272711, 25.766908307457868 ], [ 75.336821713901287, 25.800563575814031 ], [ 75.336041055676148, 25.821034306051288 ], [ 75.350092903728736, 25.831096190405191 ], [ 75.349312245503597, 25.831443151934636 ], [ 75.331357106325285, 25.83456580569964 ], [ 75.304424397557838, 25.859893997349126 ], [ 75.263049511625226, 25.855036535936897 ], [ 75.265391486300658, 25.885222188998611 ], [ 75.243923385109213, 25.900141534764746 ], [ 75.243533055996636, 25.908121649941982 ], [ 75.246655688897206, 25.938654264533142 ], [ 75.269685106538944, 25.951144879593162 ], [ 75.299740448206975, 25.944899572063154 ], [ 75.304034068445262, 25.988269763243778 ], [ 75.350483232841313, 26.011516185716594 ], [ 75.329015131649854, 26.055580299956109 ], [ 75.302472751994983, 26.070846607251688 ], [ 75.327063486086999, 26.101032260313403 ], [ 75.336431384788725, 26.131911836434011 ], [ 75.289201562167534, 26.145443336082366 ], [ 75.271636752101813, 26.13468752866957 ], [ 75.261097866062372, 26.099644414195623 ], [ 75.242752397771497, 26.080214568546705 ], [ 75.216990676341752, 26.10762452937286 ], [ 75.186545005561157, 26.115604644550093 ], [ 75.186935334673734, 26.159668758789611 ], [ 75.156879993005703, 26.182221258203533 ], [ 75.152586372767416, 26.221080949501374 ], [ 75.14009584116512, 26.228367141619721 ], [ 75.140486170277683, 26.24502129503308 ], [ 75.114724448847952, 26.258552794681435 ], [ 75.111211486834804, 26.288391486213705 ], [ 75.12877629690054, 26.294983755273162 ], [ 75.135411891814258, 26.317189293157639 ], [ 75.1237020184371, 26.353273292219921 ], [ 75.142828144953114, 26.374090983986623 ], [ 75.12877629690054, 26.400113098694998 ], [ 75.129556955125679, 26.402888790930557 ], [ 75.167418879045144, 26.416420290578912 ], [ 75.168980195495422, 26.459443520230092 ], [ 75.169370524607999, 26.460484404818427 ], [ 75.168199537270283, 26.462219212465651 ], [ 75.167809208157706, 26.463260097053986 ] ] ] } },
{ "type": "Feature", "properties": { "dt_code": "118", "district": "Pali", "st_code": "08", "year": "2011_c", "st_nm": "Rajasthan" }, "geometry": { "type": "Polygon", "coordinates": [ [ [ 72.834812102316178, 25.863710574173023 ], [ 72.834812102316178, 25.864404497231913 ], [ 72.838715393441888, 25.866139304879137 ], [ 72.839886380779603, 25.878629919939158 ], [ 72.844180001017904, 25.891467496528623 ], [ 72.848863950368766, 25.893896227234737 ], [ 72.864477114871633, 25.894937111823072 ], [ 72.873064355348205, 25.889038765822509 ], [ 72.958156101888861, 25.900488496294191 ], [ 72.973378937279165, 25.919918341943113 ], [ 72.972207949941449, 25.933796803120913 ], [ 72.992114734682602, 25.940042110650921 ], [ 72.995627696695749, 25.954614494887615 ], [ 73.024512051026065, 25.953226648769832 ], [ 73.042467190204363, 25.965023340770962 ], [ 73.051444759793512, 26.014638839481599 ], [ 73.114287746917569, 26.029211223718288 ], [ 73.135755848109014, 26.046212338661093 ], [ 73.161907898651322, 26.031986915953848 ], [ 73.184546987180497, 26.034068685130517 ], [ 73.177130734041626, 26.053845492308884 ], [ 73.193134227657069, 26.069111799604464 ], [ 73.191963240319353, 26.082643299252819 ], [ 73.222799240212524, 26.071887491840023 ], [ 73.238412404715405, 26.083337222311709 ], [ 73.246999645191977, 26.069111799604464 ], [ 73.257538531231418, 26.069805722663354 ], [ 73.249341619867408, 26.06529522278057 ], [ 73.25480622744341, 26.054539415367774 ], [ 73.307890986753179, 26.030599069836068 ], [ 73.307500657640603, 26.013944916422709 ], [ 73.31921053101776, 26.010822262657705 ], [ 73.314916910779473, 26.03615045430719 ], [ 73.328188100606909, 26.053845492308884 ], [ 73.35824344227494, 26.062172569015566 ], [ 73.362537062513226, 26.07847976089948 ], [ 73.348094885348075, 26.087153799135603 ], [ 73.340288303096628, 26.115604644550093 ], [ 73.37034364476466, 26.134340567140125 ], [ 73.375027594115522, 26.137116259375684 ], [ 73.374246935890383, 26.153076489730154 ], [ 73.391811745956105, 26.158627874201276 ], [ 73.401569973770407, 26.160709643377945 ], [ 73.408205568684124, 26.123584759727329 ], [ 73.430454328100708, 26.129830067257338 ], [ 73.462851644444171, 26.084031145370599 ], [ 73.495639289900197, 26.084725068429488 ], [ 73.506958834164777, 26.06598914583946 ], [ 73.524913973343089, 26.061478645956672 ], [ 73.520230023992227, 26.099991375725068 ], [ 73.557701618799115, 26.103114029490072 ], [ 73.577608403540282, 26.112481990785088 ], [ 73.573705112414558, 26.128442221139558 ], [ 73.600637821182005, 26.124625644315664 ], [ 73.627570529949466, 26.145096374552921 ], [ 73.653332251379197, 26.118380336785656 ], [ 73.645915998240341, 26.088888606782831 ], [ 73.655283896942066, 26.069805722663354 ], [ 73.69392647908667, 26.065642184310015 ], [ 73.707587998026682, 26.09443999125395 ], [ 73.731007744780982, 26.110747183137864 ], [ 73.752085516859864, 26.090623414430056 ], [ 73.799315339481041, 26.09235822207728 ], [ 73.810634883745635, 26.110747183137864 ], [ 73.782921516753035, 26.148912951376815 ], [ 73.782921516753035, 26.16313837408406 ], [ 73.803608959719341, 26.200263257734676 ], [ 73.786044149653605, 26.233918526090839 ], [ 73.807512250845051, 26.264104179152554 ], [ 73.810244554633059, 26.286309717037035 ], [ 73.80126698504391, 26.311637908686521 ], [ 73.785263491428466, 26.318230177745974 ], [ 73.805560605282196, 26.311290947157076 ], [ 73.810634883745635, 26.35604898445548 ], [ 73.848496807665086, 26.375131868574957 ], [ 73.839909567188514, 26.379989329987186 ], [ 73.8442031874268, 26.407052329283896 ], [ 73.870355237969108, 26.429257867168378 ], [ 73.875819845545124, 26.428563944109488 ], [ 73.880503794895972, 26.425094328815035 ], [ 73.953105009834331, 26.419542944343917 ], [ 73.969108503449775, 26.435156213168941 ], [ 73.983160351502363, 26.423359521167811 ], [ 74.027657870335545, 26.426829136462263 ], [ 74.034683794361825, 26.412950675284463 ], [ 74.062006832241849, 26.42474736728559 ], [ 74.101820401724183, 26.416073329049468 ], [ 74.101820401724183, 26.445218097522847 ], [ 74.121727186465336, 26.457014789523978 ], [ 74.138901667418494, 26.430645713286157 ], [ 74.15646647748423, 26.42474736728559 ], [ 74.159198781272224, 26.410174983048901 ], [ 74.19120576850311, 26.427176097991708 ], [ 74.189254122940255, 26.437931905404501 ], [ 74.236483945561446, 26.461525289406762 ], [ 74.290739692208916, 26.448340751287851 ], [ 74.291130021321493, 26.448687712817296 ], [ 74.29152035043407, 26.448340751287851 ], [ 74.286836401083207, 26.412950675284463 ], [ 74.304010882036366, 26.382765022222745 ], [ 74.304010882036366, 26.329332946688215 ], [ 74.251316451839173, 26.286309717037035 ], [ 74.272394223918042, 26.260634563858105 ], [ 74.301278578248358, 26.251613564092537 ], [ 74.304791540261505, 26.251613564092537 ], [ 74.359827945134128, 26.291514139978709 ], [ 74.386370324789013, 26.277982640330357 ], [ 74.397299539941017, 26.265145063740889 ], [ 74.368024856498138, 26.240510795150296 ], [ 74.374270122299279, 26.210325142088578 ], [ 74.366853869160423, 26.191242257969105 ], [ 74.339530831280399, 26.196446680910782 ], [ 74.317672400976377, 26.181874296674088 ], [ 74.300107590910642, 26.185690873497986 ], [ 74.286836401083207, 26.169383681614068 ], [ 74.272003894805479, 26.173894181496856 ], [ 74.272003894805479, 26.158974835730721 ], [ 74.300888249135781, 26.13329968255179 ], [ 74.243900198700302, 26.07917368395837 ], [ 74.236874274674008, 26.067030030427794 ], [ 74.244290527812879, 26.053845492308884 ], [ 74.225164401296865, 26.057662069132778 ], [ 74.180666882463683, 26.032680839012738 ], [ 74.176373262225383, 26.0632134536039 ], [ 74.161931085060232, 26.068417876545574 ], [ 74.152172857245944, 26.041701838778309 ], [ 74.169737667311665, 26.010128339598815 ], [ 74.126411135816198, 25.960165879358733 ], [ 74.157637464821946, 25.956696264064284 ], [ 74.147879237007643, 25.942470841357036 ], [ 74.162321414172808, 25.925469726414232 ], [ 74.162711743285371, 25.925122764884787 ], [ 74.138901667418494, 25.88869180429306 ], [ 74.117043237114473, 25.880711689115827 ], [ 74.107675338412761, 25.856771343584121 ], [ 74.106894680187608, 25.854689574407452 ], [ 74.053809920877853, 25.829708344287411 ], [ 74.052638933540138, 25.829014421228521 ], [ 74.038977414600126, 25.837688459464648 ], [ 73.995650883104659, 25.865792343349693 ], [ 73.967937516112059, 25.833524921111305 ], [ 73.948811389596045, 25.835953651817423 ], [ 73.94764040225833, 25.834218844170195 ], [ 73.944127440245182, 25.804380152637926 ], [ 73.924220655504016, 25.791889537577905 ], [ 73.930856250417733, 25.767602230516758 ], [ 73.90665584543828, 25.740886192749493 ], [ 73.91485275680229, 25.697516001568864 ], [ 73.908217161888572, 25.685025386508844 ], [ 73.901971896087431, 25.672534771448824 ], [ 73.863329313942813, 25.650329233564346 ], [ 73.827028706473641, 25.581977812263681 ], [ 73.805560605282196, 25.510850698727452 ], [ 73.75325650419758, 25.438335739073448 ], [ 73.741936959933, 25.393577701775044 ], [ 73.731398073893558, 25.379699240597244 ], [ 73.70914931447696, 25.381434048244468 ], [ 73.69782977021238, 25.360269394948322 ], [ 73.645915998240341, 25.323491472827151 ], [ 73.647867643803195, 25.308225165531571 ], [ 73.638109415988907, 25.313082626943803 ], [ 73.629131846399758, 25.306837319413791 ], [ 73.614299340122017, 25.291917973647656 ], [ 73.610005719883731, 25.285325704588203 ], [ 73.620934935035748, 25.258262705291493 ], [ 73.608444403433452, 25.249588667055367 ], [ 73.594002226268287, 25.193380899285277 ], [ 73.572534125076842, 25.18678863022582 ], [ 73.562775897262554, 25.167011823047456 ], [ 73.497981264575628, 25.122947708807942 ], [ 73.491345669661911, 25.110110132218477 ], [ 73.488613365873903, 25.10421178621791 ], [ 73.48822303676134, 25.103864824688465 ], [ 73.484319745635617, 25.103170901629575 ], [ 73.408986226909263, 25.088598517392885 ], [ 73.376588910565815, 25.043840480094481 ], [ 73.371514632102375, 25.03412555727002 ], [ 73.366440353638936, 25.029962018916681 ], [ 73.343410935997213, 25.010879134797204 ], [ 73.345362581560067, 24.989367519971616 ], [ 73.329359087944624, 24.973754251146588 ], [ 73.349656201798354, 24.959528828439343 ], [ 73.330139746169763, 24.906443714434257 ], [ 73.330139746169763, 24.906443714434257 ], [ 73.318429872792606, 24.904708906787032 ], [ 73.291497164025159, 24.869318830783644 ], [ 73.282129265323434, 24.878686792078657 ], [ 73.27120005017143, 24.874176292195873 ], [ 73.268858075495999, 24.852664677370282 ], [ 73.239973721165683, 24.823866870426347 ], [ 73.232557468026826, 24.784660217599061 ], [ 73.209137721272512, 24.785701102187396 ], [ 73.146294734148455, 24.748923180066228 ], [ 73.146294734148455, 24.748923180066228 ], [ 73.170885468240485, 24.779108833127943 ], [ 73.171275797353047, 24.788476794422959 ], [ 73.168543493565053, 24.813111063013551 ], [ 73.148636708823886, 24.845725446781383 ], [ 73.125607291182149, 24.837398370074702 ], [ 73.106090835553559, 24.858216061841404 ], [ 73.078767797673535, 24.860991754076963 ], [ 73.056519038256951, 24.886319945726449 ], [ 73.039734886416355, 24.887013868785338 ], [ 72.992114734682602, 24.922056983259285 ], [ 72.996408354920888, 24.961610597616016 ], [ 73.038173569966077, 24.972366405028808 ], [ 73.053786734468943, 25.008797365620534 ], [ 73.10843281022899, 25.038983018682249 ], [ 73.129510582307873, 25.066046017978959 ], [ 73.137707493671883, 25.097272555629011 ], [ 73.043247848429502, 25.162848284694114 ], [ 73.037392911740938, 25.142724515986306 ], [ 73.047541468667802, 25.105252670806244 ], [ 73.021779747238057, 25.089292440451775 ], [ 72.999530987821473, 25.100395209394016 ], [ 72.996018025808326, 25.14584716975131 ], [ 72.984308152431169, 25.148969823516317 ], [ 72.978843544855167, 25.137520093044632 ], [ 72.949959190524851, 25.142724515986306 ], [ 72.942542937385994, 25.18609470716693 ], [ 72.957765772776284, 25.181931168813591 ], [ 72.958936760114, 25.193727860814722 ], [ 72.973769266391727, 25.193380899285277 ], [ 72.972988608166588, 25.220096937052542 ], [ 72.969475646153441, 25.223219590817546 ], [ 72.942542937385994, 25.218362129405318 ], [ 72.9355170133597, 25.241261590348685 ], [ 72.935126684247123, 25.243343359525355 ], [ 72.938249317147694, 25.2436903210548 ], [ 72.979233873967729, 25.248547782467032 ], [ 72.985479139768884, 25.249241705525922 ], [ 72.986259797994023, 25.250976513173146 ], [ 72.995237367583172, 25.284284819999868 ], [ 72.972988608166588, 25.334941203298836 ], [ 72.936688000697416, 25.360269394948322 ], [ 72.956594785438568, 25.374841779185012 ], [ 72.974940253729443, 25.371025202361118 ], [ 72.992505063795178, 25.347778779888301 ], [ 73.007727899185468, 25.356799779653873 ], [ 72.990943747344886, 25.378658356008909 ], [ 72.990943747344886, 25.378658356008909 ], [ 72.99484703847061, 25.384903663538918 ], [ 72.998360000483757, 25.39045504801004 ], [ 72.999140658708896, 25.391842894127819 ], [ 73.017486126999771, 25.380046202126689 ], [ 73.035050937065506, 25.393230740245599 ], [ 73.048712456005518, 25.411272739776738 ], [ 73.060422329382661, 25.431396508484546 ], [ 73.060812658495237, 25.432437393072885 ], [ 73.053396405356366, 25.44458104660346 ], [ 73.091258329275831, 25.467133546017383 ], [ 73.083451747024398, 25.491073891549089 ], [ 73.051054430680949, 25.508421968021338 ], [ 73.051054430680949, 25.508768929550783 ], [ 73.053786734468943, 25.55699658214364 ], [ 72.980014532192882, 25.605224234736497 ], [ 72.970646633491157, 25.62500104191486 ], [ 72.935907342472262, 25.635756849327656 ], [ 72.937858988035131, 25.647553541328787 ], [ 72.91912319063168, 25.670453002272154 ], [ 72.931613722233976, 25.685025386508844 ], [ 72.892580810976796, 25.688841963332742 ], [ 72.884383899612786, 25.701679539922207 ], [ 72.898826076777951, 25.710006616628885 ], [ 72.890238836301364, 25.73602873133726 ], [ 72.82388288716416, 25.764132615222305 ], [ 72.784459646794417, 25.799175729696252 ], [ 72.778995039218415, 25.804380152637926 ], [ 72.803195444197854, 25.826932652051852 ], [ 72.824663545389313, 25.816523806168501 ], [ 72.829347494740176, 25.818258613815726 ], [ 72.832860456753323, 25.816870767697946 ], [ 72.835592760541317, 25.820687344521843 ], [ 72.849254279481329, 25.839423267111872 ], [ 72.834812102316178, 25.863710574173023 ] ] ] } },
{ "type": "Feature", "properties": { "dt_code": "122", "district": "Bhilwara", "st_code": "08", "year": "2011_c", "st_nm": "Rajasthan" }, "geometry": { "type": "Polygon", "coordinates": [ [ [ 75.317305258272711, 25.766908307457868 ], [ 75.371561004920181, 25.760316038398411 ], [ 75.38561285297277, 25.74990719251506 ], [ 75.401226017475636, 25.775235384164546 ], [ 75.432452346481384, 25.746784538750056 ], [ 75.437916954057386, 25.747131500279501 ], [ 75.447284852759111, 25.733253039101701 ], [ 75.458604397023691, 25.723191154747795 ], [ 75.455872093235683, 25.720762424041681 ], [ 75.459385055248831, 25.715558001100007 ], [ 75.421523131329366, 25.688495001803297 ], [ 75.435184650269377, 25.655880618035464 ], [ 75.430500700918515, 25.623960157326525 ], [ 75.430500700918515, 25.623613195797081 ], [ 75.357509156867593, 25.537913698024163 ], [ 75.368048042907034, 25.503911468138554 ], [ 75.361802777105893, 25.482052891783518 ], [ 75.361802777105893, 25.481705930254073 ], [ 75.323550524073852, 25.456377738604587 ], [ 75.302082422882407, 25.420640701071754 ], [ 75.284127283704109, 25.435213085308444 ], [ 75.283346625478956, 25.434519162249554 ], [ 75.261878524287511, 25.416130201188967 ], [ 75.26265918251265, 25.409884893658958 ], [ 75.266172144525797, 25.402945663070057 ], [ 75.285298271041825, 25.402945663070057 ], [ 75.302863081107546, 25.378311394479464 ], [ 75.320818220285858, 25.36339204871333 ], [ 75.341895992364726, 25.323144511297706 ], [ 75.365706068231603, 25.317940088356032 ], [ 75.444552548971103, 25.264161051292056 ], [ 75.452749460335113, 25.202054937521403 ], [ 75.447284852759111, 25.154521207987436 ], [ 75.403177663038491, 25.102476978570685 ], [ 75.451188143884821, 25.04869794150671 ], [ 75.445723536308819, 25.023369749857224 ], [ 75.410984245289939, 25.02024709609222 ], [ 75.351654220179029, 25.015042673150546 ], [ 75.351263891066452, 25.01885924997444 ], [ 75.351263891066452, 25.01885924997444 ], [ 75.350092903728736, 25.03343163421113 ], [ 75.295056498856113, 25.039676941741138 ], [ 75.208013106752603, 25.034472518799465 ], [ 75.197083891600599, 25.033778595740575 ], [ 75.192399942249736, 25.03343163421113 ], [ 75.192009613137159, 25.036554287976134 ], [ 75.190838625799444, 25.037248211035024 ], [ 75.191619284024597, 25.039676941741138 ], [ 75.189667638461728, 25.054596287507273 ], [ 75.204109815626893, 25.08963940198122 ], [ 75.125263334887393, 25.1049057092768 ], [ 75.123311689324524, 25.125723401043501 ], [ 75.079985157829057, 25.125723401043501 ], [ 75.062810676875898, 25.114967593630706 ], [ 75.030803689645012, 25.122947708807942 ], [ 75.022997107393579, 25.134397439279624 ], [ 74.973425310096971, 25.10421178621791 ], [ 74.960154120269522, 25.139948823750746 ], [ 74.939466677303216, 25.150704631163542 ], [ 74.930098778601504, 25.123294670337387 ], [ 74.919169563449486, 25.141336669868526 ], [ 74.892627183794602, 25.142377554456861 ], [ 74.910191993860337, 25.176726745871918 ], [ 74.891456196456886, 25.186441668696375 ], [ 74.859449209226, 25.17221624598913 ], [ 74.838371437147131, 25.14445932363353 ], [ 74.80011918411509, 25.151398554222432 ], [ 74.795825563876804, 25.152439438810767 ], [ 74.797386880327096, 25.15903170787022 ], [ 74.792312601863657, 25.17221624598913 ], [ 74.7848963487248, 25.175338899754138 ], [ 74.780212399373937, 25.202748860580293 ], [ 74.754450677944192, 25.215586437169755 ], [ 74.741179488116757, 25.174991938224689 ], [ 74.715808095799588, 25.173951053636355 ], [ 74.729079285627037, 25.18540078410804 ], [ 74.723224348938459, 25.205871514345297 ], [ 74.712295133786441, 25.204483668227518 ], [ 74.69277867815785, 25.177073707401362 ], [ 74.658429716251533, 25.181931168813591 ], [ 74.614322526530927, 25.140642746809636 ], [ 74.578021919061754, 25.148622861986873 ], [ 74.564360400121743, 25.131621747044065 ], [ 74.537037362241719, 25.146888054339644 ], [ 74.55460217230744, 25.177420668930807 ], [ 74.508933666136542, 25.182625091872481 ], [ 74.511275640811974, 25.202054937521403 ], [ 74.495662476309107, 25.201707975991955 ], [ 74.463655489078221, 25.164930053870787 ], [ 74.44921331191307, 25.177420668930807 ], [ 74.399641514616448, 25.187829514814155 ], [ 74.397689869053593, 25.1881764763436 ], [ 74.398080198166156, 25.204136706698073 ], [ 74.373879793186717, 25.192686976226387 ], [ 74.387541312126729, 25.180890284225256 ], [ 74.385979995676436, 25.167011823047456 ], [ 74.378563742537565, 25.153480323399101 ], [ 74.359047286908975, 25.157296900222995 ], [ 74.345385767968963, 25.120518978101824 ], [ 74.324698325002672, 25.123988593396277 ], [ 74.295813970672356, 25.097619517158456 ], [ 74.284104097295199, 25.100395209394016 ], [ 74.273955540368334, 25.066392979508404 ], [ 74.263416654328893, 25.065699056449514 ], [ 74.25873270497803, 25.066739941037849 ], [ 74.23219032532316, 25.067780825626187 ], [ 74.224774072184289, 25.065699056449514 ], [ 74.222822426621434, 25.062923364213955 ], [ 74.225945059522004, 25.049738826095044 ], [ 74.189644452052832, 25.057025018213391 ], [ 74.188473464715116, 25.057025018213391 ], [ 74.18808313560254, 25.08825155586344 ], [ 74.180276553351106, 25.089986363510665 ], [ 74.188863793827693, 25.097619517158456 ], [ 74.165444047073379, 25.126764285631836 ], [ 74.099088097936175, 25.137867054574077 ], [ 74.093623490360173, 25.151398554222432 ], [ 74.060055186678994, 25.142724515986306 ], [ 74.074497363844159, 25.180543322695812 ], [ 74.100649414386467, 25.185747745637485 ], [ 74.123678832028205, 25.242649436466465 ], [ 74.106114021962469, 25.24091462881924 ], [ 74.097526781485882, 25.233628436700897 ], [ 74.081913616983016, 25.238832859642571 ], [ 74.069032756268143, 25.24299639799591 ], [ 74.04990662975213, 25.238485898113126 ], [ 74.047174325964136, 25.237445013524791 ], [ 74.038977414600126, 25.261732320585942 ], [ 74.038587085487549, 25.262773205174277 ], [ 74.029219186785824, 25.262426243644832 ], [ 74.036635439924694, 25.298857204236558 ], [ 74.022193262759529, 25.316552242238252 ], [ 74.044832351288704, 25.300592011883783 ], [ 74.077229667632153, 25.300245050354338 ], [ 74.0807426296453, 25.315858319179362 ], [ 74.07761999674473, 25.321756665179926 ], [ 74.071765060056151, 25.323144511297706 ], [ 74.037416098149833, 25.330430703416052 ], [ 74.02141260453439, 25.348125741417746 ], [ 74.026096553885253, 25.364779894831109 ], [ 74.011654376720102, 25.388373278833367 ], [ 74.012044705832665, 25.388373278833367 ], [ 74.030390174123539, 25.386638471186142 ], [ 74.038977414600126, 25.398782124716718 ], [ 74.074107034731583, 25.407803124482289 ], [ 74.075278022069298, 25.409190970600068 ], [ 74.055761566440708, 25.417865008836195 ], [ 74.059664857566432, 25.439376623661783 ], [ 74.01828997163382, 25.437988777544003 ], [ 74.016338326070951, 25.437641816014558 ], [ 74.014386680508096, 25.452214200251248 ], [ 74.026877212110392, 25.463663930722934 ], [ 74.0530292626527, 25.462623046134599 ], [ 74.037416098149833, 25.473378853547395 ], [ 74.041319389275557, 25.49870704519688 ], [ 74.092842832135034, 25.491767814607979 ], [ 74.083865262545871, 25.500441852844105 ], [ 74.10533336373733, 25.51397335249246 ], [ 74.081132958757877, 25.528892698258595 ], [ 74.084255591658447, 25.558731389790864 ], [ 74.054590579102992, 25.569140235674215 ], [ 74.120165870015057, 25.607999926972056 ], [ 74.113530275101326, 25.628817618738754 ], [ 74.127582123153914, 25.646859618269893 ], [ 74.079181313195022, 25.677045271331611 ], [ 74.083474933433308, 25.703761309098876 ], [ 74.107675338412761, 25.722497231688905 ], [ 74.19549938874141, 25.739498346631713 ], [ 74.187302477377401, 25.764826538281195 ], [ 74.208380249456269, 25.774888422635101 ], [ 74.198231692529404, 25.800910537343476 ], [ 74.212673869694569, 25.807849767932375 ], [ 74.193547743178542, 25.819646459933505 ], [ 74.170908654649381, 25.811319383226827 ], [ 74.183789515364253, 25.848097305347999 ], [ 74.182618528026538, 25.848444266877443 ], [ 74.193157414065979, 25.853301728289672 ], [ 74.212283540581993, 25.855383497466342 ], [ 74.226725717747144, 25.843239843935766 ], [ 74.284104097295199, 25.884181304410276 ], [ 74.292301008659209, 25.890079650410843 ], [ 74.306743185824359, 25.896324957940852 ], [ 74.316891742751224, 25.886610035116391 ], [ 74.344995438856401, 25.901529380882529 ], [ 74.346556755306679, 25.919918341943113 ], [ 74.328211287015819, 25.922694034178672 ], [ 74.328601616128381, 25.936919456885917 ], [ 74.387931641239291, 25.962941571594293 ], [ 74.387931641239291, 25.962941571594293 ], [ 74.391444603252438, 25.959471956299843 ], [ 74.420719286695316, 25.934143764650358 ], [ 74.428916198059326, 25.930327187826464 ], [ 74.483171944706811, 25.928592380179239 ], [ 74.524156501526846, 25.911591265236432 ], [ 74.532743742003419, 25.884181304410276 ], [ 74.52376617241427, 25.867180189467472 ], [ 74.538598678691997, 25.873078535468036 ], [ 74.542501969817721, 25.877242073821378 ], [ 74.547966577393723, 25.876895112291933 ], [ 74.569825007697744, 25.876201189233043 ], [ 74.576070273498885, 25.88799788123417 ], [ 74.557334476095448, 25.902223303941419 ], [ 74.559286121658303, 25.914019995942546 ], [ 74.603783640491486, 25.915407842060326 ], [ 74.616274172093782, 25.904998996176978 ], [ 74.708001513548155, 25.921306188060893 ], [ 74.799728855002527, 25.873425496997481 ], [ 74.853203943424859, 25.880364727586382 ], [ 74.887552905331177, 25.872731573938591 ], [ 74.900824095158612, 25.882099535233607 ], [ 74.941418322866085, 25.862669689584688 ], [ 74.981622221460981, 25.863710574173023 ], [ 74.994112753063277, 25.843586805465211 ], [ 75.016751841592438, 25.859547035819681 ], [ 75.040561917459314, 25.846709459230215 ], [ 75.03665862633359, 25.831790113464081 ], [ 75.008554930228428, 25.809237614050158 ], [ 75.036268297221028, 25.786685114636231 ], [ 75.074910879365632, 25.782174614753448 ], [ 75.066323638889045, 25.740192269690603 ], [ 75.088572398305644, 25.723191154747795 ], [ 75.08466910717992, 25.704455232157766 ], [ 75.107698524821657, 25.697169040039419 ], [ 75.115895436185667, 25.70757788592277 ], [ 75.137753866489689, 25.704455232157766 ], [ 75.14399913229083, 25.72215027015946 ], [ 75.158831638568557, 25.724579000865575 ], [ 75.209574423202895, 25.691964617097746 ], [ 75.250949309135507, 25.685372348038289 ], [ 75.259146220499503, 25.704108270628321 ], [ 75.274759385002383, 25.700638655333869 ], [ 75.275540043227522, 25.72353811627724 ], [ 75.275540043227522, 25.723885077806685 ], [ 75.317305258272711, 25.766908307457868 ], [ 75.317305258272711, 25.766908307457868 ] ] ] } },
{ "type": "Feature", "properties": { "dt_code": "116", "district": "Jalore", "st_code": "08", "year": "2011_c", "st_nm": "Rajasthan" }, "geometry": { "type": "Polygon", "coordinates": [ [ [ 71.187623247263261, 24.6500391441744 ], [ 71.209481677567283, 24.698266796767257 ], [ 71.260224462201606, 24.750657987713453 ], [ 71.2438306394736, 24.801314371012424 ], [ 71.253979196400465, 24.795069063482412 ], [ 71.285986183631351, 24.817621562896338 ], [ 71.284034538068482, 24.825601678073571 ], [ 71.302770335471934, 24.822479024308567 ], [ 71.32658041133881, 24.843296716075269 ], [ 71.326190082226248, 24.868624907724755 ], [ 71.304721981034788, 24.888748676432563 ], [ 71.316822183524522, 24.904361945257588 ], [ 71.328922386014241, 24.895687907021465 ], [ 71.347267854305116, 24.911648137375934 ], [ 71.339461272053683, 24.939058098202089 ], [ 71.379665170648579, 24.960916674557126 ], [ 71.387081423787436, 24.975142097264371 ], [ 71.41362380344232, 24.969937674322694 ], [ 71.471002182990375, 24.997694596678294 ], [ 71.484663701930387, 24.988326635383281 ], [ 71.48934765128125, 25.00567471185553 ], [ 71.503789828446401, 25.009838250208869 ], [ 71.525648258750422, 24.998735481266628 ], [ 71.53228385366414, 24.972019443499363 ], [ 71.554922942193301, 24.981734366323824 ], [ 71.586539600311625, 25.022328865268889 ], [ 71.633769422932801, 25.03412555727002 ], [ 71.682560562004284, 24.986591827736053 ], [ 71.726667751724889, 25.025798480563338 ], [ 71.737596966876893, 25.068127787155632 ], [ 71.766481321207209, 25.07367917162675 ], [ 71.801610941338666, 25.054249325977828 ], [ 71.803952916014097, 25.068474748685077 ], [ 71.790291397074085, 25.078189671509534 ], [ 71.805123903351813, 25.096925594099567 ], [ 71.804733574239251, 25.113579747512926 ], [ 71.822298384304972, 25.119131131984044 ], [ 71.834788915907268, 25.140295785280191 ], [ 71.845718131059286, 25.19927924528584 ], [ 71.894509270130754, 25.235016282818677 ], [ 71.899193219481617, 25.244384244113693 ], [ 71.885531700541605, 25.256180936114824 ], [ 71.932761523162782, 25.280121281646526 ], [ 71.94681337121537, 25.316552242238252 ], [ 71.915977371322199, 25.346390933770522 ], [ 71.975697725545686, 25.404333509187836 ], [ 71.977259041995978, 25.425845124013428 ], [ 72.032685775981165, 25.47441973813573 ], [ 72.054934535397763, 25.482399853312963 ], [ 72.088112509966351, 25.464357853781824 ], [ 72.106067649144663, 25.419946778012864 ], [ 72.161494383129849, 25.435560046837889 ], [ 72.218872762677904, 25.403292624599501 ], [ 72.250099091683651, 25.415436278130077 ], [ 72.298109572529981, 25.385944548127252 ], [ 72.320748661059142, 25.388373278833367 ], [ 72.336752154674585, 25.439723585191228 ], [ 72.353926635627744, 25.444234085074015 ], [ 72.355487952078022, 25.458806469310701 ], [ 72.381640002620344, 25.442499277426787 ], [ 72.422624559440379, 25.439376623661783 ], [ 72.451508913770681, 25.458806469310701 ], [ 72.463218787147838, 25.456377738604587 ], [ 72.48507721745186, 25.483787699430742 ], [ 72.506154989530742, 25.489339083901864 ], [ 72.508887293318736, 25.507381083433003 ], [ 72.522158483146185, 25.504605391197444 ], [ 72.561191394403352, 25.530974467435264 ], [ 72.544797571675346, 25.549710390025293 ], [ 72.547139546350778, 25.562894928144203 ], [ 72.590075748733668, 25.609040811560391 ], [ 72.621302077739415, 25.601060696383154 ], [ 72.627157014427993, 25.61181650379595 ], [ 72.676338482612039, 25.612857388384285 ], [ 72.704051849604625, 25.600713734853709 ], [ 72.719665014107505, 25.609040811560391 ], [ 72.718103697657213, 25.634369003209876 ], [ 72.697806583803484, 25.644430887563779 ], [ 72.686487039538903, 25.669065156154375 ], [ 72.689219343326897, 25.671146925331044 ], [ 72.759478583589825, 25.72423203933613 ], [ 72.755575292464101, 25.740539231220048 ], [ 72.724348963458368, 25.761009961457301 ], [ 72.726300609021223, 25.774888422635101 ], [ 72.7266909381338, 25.775929307223436 ], [ 72.751281672225815, 25.787032076165676 ], [ 72.751281672225815, 25.787379037695121 ], [ 72.757526938026956, 25.809931537109048 ], [ 72.777043393655546, 25.802645344990701 ], [ 72.778995039218415, 25.804380152637926 ], [ 72.784459646794417, 25.799175729696252 ], [ 72.82388288716416, 25.764132615222305 ], [ 72.890238836301364, 25.73602873133726 ], [ 72.898826076777951, 25.710006616628885 ], [ 72.884383899612786, 25.701679539922207 ], [ 72.892580810976796, 25.688841963332742 ], [ 72.931613722233976, 25.685025386508844 ], [ 72.91912319063168, 25.670453002272154 ], [ 72.937858988035131, 25.647553541328787 ], [ 72.935907342472262, 25.635756849327656 ], [ 72.970646633491157, 25.62500104191486 ], [ 72.980014532192882, 25.605224234736497 ], [ 73.053786734468943, 25.55699658214364 ], [ 73.051054430680949, 25.508768929550783 ], [ 73.051054430680949, 25.508421968021338 ], [ 73.083451747024398, 25.491073891549089 ], [ 73.091258329275831, 25.467133546017383 ], [ 73.053396405356366, 25.44458104660346 ], [ 73.060812658495237, 25.432437393072885 ], [ 73.060422329382661, 25.431396508484546 ], [ 73.048712456005518, 25.411272739776738 ], [ 73.035050937065506, 25.393230740245599 ], [ 73.017486126999771, 25.380046202126689 ], [ 72.999140658708896, 25.391842894127819 ], [ 72.998360000483757, 25.39045504801004 ], [ 72.99484703847061, 25.384903663538918 ], [ 72.990943747344886, 25.378658356008909 ], [ 72.990943747344886, 25.378658356008909 ], [ 73.007727899185468, 25.356799779653873 ], [ 72.992505063795178, 25.347778779888301 ], [ 72.974940253729443, 25.371025202361118 ], [ 72.956594785438568, 25.374841779185012 ], [ 72.936688000697416, 25.360269394948322 ], [ 72.972988608166588, 25.334941203298836 ], [ 72.995237367583172, 25.284284819999868 ], [ 72.986259797994023, 25.250976513173146 ], [ 72.985479139768884, 25.249241705525922 ], [ 72.979233873967729, 25.248547782467032 ], [ 72.938249317147694, 25.2436903210548 ], [ 72.935126684247123, 25.243343359525355 ], [ 72.9355170133597, 25.241261590348685 ], [ 72.916781215956249, 25.255833974585379 ], [ 72.890629165413941, 25.246466013290362 ], [ 72.886335545175655, 25.245078167172583 ], [ 72.882822583162508, 25.247853859408142 ], [ 72.870332051560212, 25.250282590114256 ], [ 72.830908811190454, 25.283937858470424 ], [ 72.814905317575011, 25.265201935880391 ], [ 72.811782684674441, 25.256180936114824 ], [ 72.807489064436155, 25.256180936114824 ], [ 72.780166026556131, 25.223219590817546 ], [ 72.780166026556131, 25.188870399402489 ], [ 72.780166026556131, 25.188523437873044 ], [ 72.768456153178974, 25.178114591989697 ], [ 72.746597722874952, 25.15833778481133 ], [ 72.738791140623519, 25.126070362572946 ], [ 72.711858431856058, 25.107334439982914 ], [ 72.704442178717201, 25.081659286803983 ], [ 72.690780659777189, 25.075413979273975 ], [ 72.688829014214335, 25.046269210800595 ], [ 72.663067292784589, 25.04592224927115 ], [ 72.648625115619438, 25.015736596209436 ], [ 72.637695900467421, 25.016083557738881 ], [ 72.634182938454273, 25.000123327384408 ], [ 72.567436660204507, 24.93558848290764 ], [ 72.517084204682746, 24.935935444437085 ], [ 72.495616103491301, 24.917199521847053 ], [ 72.503422685742734, 24.88076856125533 ], [ 72.478831951650704, 24.871053638430869 ], [ 72.497567749054156, 24.819009409014118 ], [ 72.488590179465007, 24.807212717012987 ], [ 72.490932154140438, 24.759678987479024 ], [ 72.490151495915299, 24.759678987479024 ], [ 72.414427648076369, 24.754474564537347 ], [ 72.399985470911218, 24.775639217833493 ], [ 72.373052762143757, 24.765577333479587 ], [ 72.311771091469993, 24.673632528176661 ], [ 72.316064711708279, 24.650386105703845 ], [ 72.335581167336869, 24.633038029231596 ], [ 72.335581167336869, 24.633038029231596 ], [ 72.320358331946565, 24.617771721936016 ], [ 72.302793521880844, 24.618812606524351 ], [ 72.270786534649957, 24.63754852911438 ], [ 72.254783041034514, 24.624710952524914 ], [ 72.230972965167624, 24.639977259820498 ], [ 72.230192306942484, 24.640671182879387 ], [ 72.194672357698451, 24.62297614487769 ], [ 72.19662400326132, 24.614649068171012 ], [ 72.165007345142996, 24.621241337230465 ], [ 72.150174838865269, 24.643446875114947 ], [ 72.124413117435537, 24.638589413702718 ], [ 72.089673826416643, 24.658713182410526 ], [ 72.084599547953218, 24.706246911944493 ], [ 72.084599547953218, 24.706940835003383 ], [ 72.058447497410896, 24.712492219474502 ], [ 72.012388662127435, 24.690633643119465 ], [ 71.993652864723984, 24.694797181472808 ], [ 71.983894636909696, 24.685776181707237 ], [ 71.988188257147982, 24.657325336292747 ], [ 71.939787447189076, 24.633731952290486 ], [ 71.915587042209637, 24.64934522111551 ], [ 71.918709675110208, 24.671897720529437 ], [ 71.871870181601594, 24.681612643353898 ], [ 71.857818333549005, 24.666346336058318 ], [ 71.865234586687876, 24.630609298525481 ], [ 71.852353725973003, 24.60909768369989 ], [ 71.805904561576966, 24.626792721701587 ], [ 71.810588510927815, 24.655937490174967 ], [ 71.791462384411801, 24.67710214347111 ], [ 71.736425979539177, 24.660101028528306 ], [ 71.707931954321438, 24.661488874646086 ], [ 71.655237524124246, 24.638936375232163 ], [ 71.60800770150307, 24.67710214347111 ], [ 71.590442891437334, 24.667387220646653 ], [ 71.573268410484175, 24.684041374060012 ], [ 71.542042081478442, 24.676061258882775 ], [ 71.530722537213848, 24.683347451001122 ], [ 71.495202587969828, 24.680918720295008 ], [ 71.477637777904093, 24.679530874177228 ], [ 71.465537575414373, 24.672938605117771 ], [ 71.377323195973148, 24.625751837113253 ], [ 71.358587398569696, 24.630956260054926 ], [ 71.347658183417693, 24.660794951587196 ], [ 71.313699550623937, 24.647957374997731 ], [ 71.287937829194206, 24.616036914288792 ], [ 71.287937829194206, 24.616036914288792 ], [ 71.287547500081629, 24.616036914288792 ], [ 71.271934335578763, 24.621241337230465 ], [ 71.187623247263261, 24.6500391441744 ] ] ] } },
{ "type": "Feature", "properties": { "dt_code": "121", "district": "Bundi", "st_code": "08", "year": "2011_c", "st_nm": "Rajasthan" }, "geometry": { "type": "Polygon", "coordinates": [ [ [ 76.313034824443321, 25.814095075462387 ], [ 76.32201239403247, 25.77905196098844 ], [ 76.356361355938787, 25.741233154278937 ], [ 76.356361355938787, 25.740886192749493 ], [ 76.340357862323344, 25.707230924393325 ], [ 76.33840621676049, 25.702720424510542 ], [ 76.337625558535336, 25.703067386039987 ], [ 76.337235229422774, 25.702026501451652 ], [ 76.298982976390732, 25.698209924627754 ], [ 76.296250672602739, 25.695434232392195 ], [ 76.297421659940454, 25.668371233095485 ], [ 76.319280090244462, 25.649288348976011 ], [ 76.291566723251876, 25.630899387915424 ], [ 76.295470014377585, 25.592039696617583 ], [ 76.288834419463868, 25.581283889204791 ], [ 76.286882773901013, 25.545546851671954 ], [ 76.282589153662727, 25.539301544141942 ], [ 76.282589153662727, 25.536178890376938 ], [ 76.265024343596991, 25.512932467904125 ], [ 76.261511381583844, 25.508421968021338 ], [ 76.261511381583844, 25.508075006491893 ], [ 76.23496900192896, 25.506687160374113 ], [ 76.205694318486081, 25.486563391666305 ], [ 76.190861812208354, 25.501135775902995 ], [ 76.185397204632352, 25.49870704519688 ], [ 76.182274571731767, 25.496278314490763 ], [ 76.174077660367772, 25.443193200485677 ], [ 76.158854824977468, 25.436600931426224 ], [ 76.156122521189459, 25.416477162718412 ], [ 76.13270277443516, 25.404680470717281 ], [ 76.152999888288889, 25.389414163421701 ], [ 76.152609559176312, 25.389067201892257 ], [ 76.135435078223153, 25.373800894596677 ], [ 76.156122521189459, 25.360269394948322 ], [ 76.154170875626605, 25.343615241534962 ], [ 76.151828900951173, 25.343962203064407 ], [ 76.128409154196873, 25.347778779888301 ], [ 76.107331382117991, 25.331124626474942 ], [ 76.083911635363677, 25.352289279771089 ], [ 76.066737154410532, 25.349166626006081 ], [ 76.061272546834516, 25.326614126592158 ], [ 76.021849306464773, 25.313429588473248 ], [ 76.03355917984193, 25.279774320117081 ], [ 76.000381205273328, 25.258609666820938 ], [ 75.991403635684179, 25.232240590583118 ], [ 75.98945199012131, 25.233975398230342 ], [ 75.935976901698979, 25.287060512235428 ], [ 75.866107990548628, 25.232240590583118 ], [ 75.811852243901157, 25.231546667524228 ], [ 75.802874674312008, 25.239526782701461 ], [ 75.81653619325202, 25.245078167172583 ], [ 75.808729611000572, 25.257221820703158 ], [ 75.782187231345702, 25.265548897409836 ], [ 75.768135383293114, 25.208300245051412 ], [ 75.724028193572508, 25.174991938224689 ], [ 75.735347737837088, 25.150010708104652 ], [ 75.715831282208498, 25.12919301633795 ], [ 75.736518725174804, 25.115661516689595 ], [ 75.743154320088522, 25.111151016806811 ], [ 75.743934978313661, 25.110804055277367 ], [ 75.74081234541309, 25.107334439982914 ], [ 75.692411535454184, 25.053555402918938 ], [ 75.676408041838741, 25.035166441858355 ], [ 75.664307839349021, 25.03273771115224 ], [ 75.638936447031853, 25.014695711621101 ], [ 75.616297358502692, 25.024410634445559 ], [ 75.616687687615268, 25.029615057387236 ], [ 75.594048599086094, 25.044881364682816 ], [ 75.580387080146082, 25.049738826095044 ], [ 75.540573510663762, 25.037595172564469 ], [ 75.540573510663762, 25.037248211035024 ], [ 75.536670219538053, 25.014348750091656 ], [ 75.536670219538053, 25.014348750091656 ], [ 75.446504194533958, 25.022328865268889 ], [ 75.451188143884821, 25.04869794150671 ], [ 75.403177663038491, 25.102476978570685 ], [ 75.447284852759111, 25.154521207987436 ], [ 75.452749460335113, 25.202054937521403 ], [ 75.444552548971103, 25.264161051292056 ], [ 75.365706068231603, 25.317940088356032 ], [ 75.341895992364726, 25.323144511297706 ], [ 75.320818220285858, 25.36339204871333 ], [ 75.302863081107546, 25.378311394479464 ], [ 75.285298271041825, 25.402945663070057 ], [ 75.266172144525797, 25.402945663070057 ], [ 75.26265918251265, 25.409884893658958 ], [ 75.261878524287511, 25.416130201188967 ], [ 75.283346625478956, 25.434519162249554 ], [ 75.284127283704109, 25.435213085308444 ], [ 75.302082422882407, 25.420640701071754 ], [ 75.323550524073852, 25.456377738604587 ], [ 75.361802777105893, 25.481705930254073 ], [ 75.361802777105893, 25.482052891783518 ], [ 75.368048042907034, 25.503911468138554 ], [ 75.357509156867593, 25.537913698024163 ], [ 75.430500700918515, 25.623613195797081 ], [ 75.430500700918515, 25.623960157326525 ], [ 75.435184650269377, 25.655880618035464 ], [ 75.421523131329366, 25.688495001803297 ], [ 75.459385055248831, 25.715558001100007 ], [ 75.455872093235683, 25.720762424041681 ], [ 75.458604397023691, 25.723191154747795 ], [ 75.460946371699123, 25.721109385571125 ], [ 75.473046574188842, 25.737069615925595 ], [ 75.485537105791138, 25.732906077572256 ], [ 75.516373105684309, 25.749560230985615 ], [ 75.53198627018719, 25.714170154982227 ], [ 75.53198627018719, 25.713823193452782 ], [ 75.532766928412329, 25.713476231923337 ], [ 75.556577004279205, 25.700291693804424 ], [ 75.560089966292352, 25.698556886157199 ], [ 75.592877611748378, 25.712435347334999 ], [ 75.585851687722084, 25.705496116746101 ], [ 75.591706624410662, 25.687454117214962 ], [ 75.615516700277553, 25.680167925096615 ], [ 75.615907029390115, 25.68051488662606 ], [ 75.635813814131282, 25.699944732274979 ], [ 75.626836244542133, 25.705843078275546 ], [ 75.654159282422157, 25.749560230985615 ], [ 75.691630877229045, 25.761356922986746 ], [ 75.700998775930771, 25.753723769338954 ], [ 75.719344244221645, 25.762050846045636 ], [ 75.753693206127963, 25.757193384633407 ], [ 75.766183737730259, 25.820340382992399 ], [ 75.779845256670271, 25.825891767463517 ], [ 75.790384142709712, 25.802645344990701 ], [ 75.808729611000572, 25.805074075696815 ], [ 75.818878167927437, 25.854342612878007 ], [ 75.845420547582322, 25.857465266643011 ], [ 75.862985357648057, 25.874813343115264 ], [ 75.893040699316089, 25.849138189936333 ], [ 75.882111484164071, 25.834218844170195 ], [ 75.88718576262751, 25.81860557534517 ], [ 75.925047686546975, 25.826932652051852 ], [ 75.929731635897838, 25.871690689350256 ], [ 75.967593559817288, 25.867527150996917 ], [ 76.007797458412185, 25.881058650645272 ], [ 76.010529762200193, 25.866486266408582 ], [ 76.052294977245367, 25.863710574173023 ], [ 76.045269053219073, 25.812707229344607 ], [ 76.105379736555136, 25.805074075696815 ], [ 76.106941053005414, 25.787032076165676 ], [ 76.137777052898585, 25.784950306989007 ], [ 76.158854824977468, 25.757193384633407 ], [ 76.163148445215754, 25.812360267815162 ], [ 76.178761609718634, 25.819646459933505 ], [ 76.187739179307783, 25.842198959347431 ], [ 76.209597609611791, 25.835606690287978 ], [ 76.216233204525523, 25.810625460167937 ], [ 76.236530318379252, 25.794665229813468 ], [ 76.266975989159846, 25.80542103722626 ], [ 76.286102115675874, 25.781827653224003 ], [ 76.290786065026722, 25.798134845107917 ], [ 76.313034824443321, 25.814095075462387 ] ] ] } },
{ "type": "Feature", "properties": { "dt_code": "127", "district": "Kota", "st_code": "08", "year": "2011_c", "st_nm": "Rajasthan" }, "geometry": { "type": "Polygon", "coordinates": [ [ [ 76.356361355938787, 25.741233154278937 ], [ 76.363777609077658, 25.745396692632276 ], [ 76.366509912865652, 25.750254154044505 ], [ 76.374706824229662, 25.751642000162285 ], [ 76.404762165897694, 25.768990076634537 ], [ 76.405542824122833, 25.768990076634537 ], [ 76.405542824122833, 25.769337038163982 ], [ 76.441453102479443, 25.773500576517321 ], [ 76.478534368173754, 25.815829883109611 ], [ 76.4765827226109, 25.841505036288542 ], [ 76.546061304648674, 25.838729344052982 ], [ 76.546451633761251, 25.839076305582427 ], [ 76.56362611471441, 25.848791228406888 ], [ 76.53591274772181, 25.811666344756272 ], [ 76.520689912331505, 25.792583460636795 ], [ 76.520689912331505, 25.79154257604846 ], [ 76.522251228781798, 25.728395577689472 ], [ 76.500392798477776, 25.728048616160027 ], [ 76.473069760597753, 25.709312693569995 ], [ 76.474240747935468, 25.704455232157766 ], [ 76.478144039061178, 25.688148040273852 ], [ 76.479315026398893, 25.684331463449954 ], [ 76.480095684624047, 25.683984501920509 ], [ 76.480486013736609, 25.682943617332175 ], [ 76.503905760490923, 25.670106040742709 ], [ 76.496879836464629, 25.642696079916554 ], [ 76.510931684517217, 25.628470657209309 ], [ 76.505467076941216, 25.579549081557566 ], [ 76.519909254106366, 25.547281659319179 ], [ 76.516396292093219, 25.527504852140815 ], [ 76.516396292093219, 25.527504852140815 ], [ 76.5554292033504, 25.483093776371852 ], [ 76.5554292033504, 25.453255084839583 ], [ 76.555819532462962, 25.452908123310138 ], [ 76.56362611471441, 25.448050661897909 ], [ 76.585874874130994, 25.43278435460233 ], [ 76.589387836144141, 25.424804239425093 ], [ 76.594071785495004, 25.408150086011734 ], [ 76.572994013416121, 25.407109201423399 ], [ 76.553087228674968, 25.421334624130644 ], [ 76.520689912331505, 25.416824124247857 ], [ 76.496489507352052, 25.430355623896212 ], [ 76.496489507352052, 25.430008662366767 ], [ 76.489853912438335, 25.415436278130077 ], [ 76.441843431592005, 25.408150086011734 ], [ 76.437940140466296, 25.384903663538918 ], [ 76.386807026719381, 25.393230740245599 ], [ 76.377829457130233, 25.384556702009473 ], [ 76.366119583753076, 25.395312509422268 ], [ 76.342699836998776, 25.378658356008909 ], [ 76.323183381370185, 25.381781009773913 ], [ 76.322793052257609, 25.381781009773913 ], [ 76.284931128338158, 25.249588667055367 ], [ 76.249020849981548, 25.241261590348685 ], [ 76.249020849981548, 25.239179821172016 ], [ 76.248240191756409, 25.184359899519706 ], [ 76.235359331041536, 25.182972053401926 ], [ 76.233798014591244, 25.164930053870787 ], [ 76.21154925517466, 25.158684746340775 ], [ 76.210768596949507, 25.157296900222995 ], [ 76.207255634936374, 25.151745515751877 ], [ 76.201791027360358, 25.14307147751575 ], [ 76.196326419784356, 25.124335554925722 ], [ 76.221307482988948, 25.074026133156195 ], [ 76.300934621953587, 24.960222751498232 ], [ 76.324354368707901, 24.96334540526324 ], [ 76.348554773687354, 24.987285750794946 ], [ 76.393832950745676, 24.984510058559383 ], [ 76.395784596308545, 24.968549828204914 ], [ 76.396174925421107, 24.965774135969355 ], [ 76.398516900096539, 24.970631597381583 ], [ 76.409446115248556, 24.97861171255882 ], [ 76.421936646850853, 24.971325520440473 ], [ 76.437940140466296, 24.959528828439343 ], [ 76.44379507715486, 24.933159752201522 ], [ 76.469166469472029, 24.932465829142632 ], [ 76.48477963397491, 24.901239291492583 ], [ 76.502734773153207, 24.897075753139244 ], [ 76.504296089603486, 24.887707791844228 ], [ 76.503515431378347, 24.885279061138114 ], [ 76.498441152914921, 24.883197291961444 ], [ 76.490634570663474, 24.886666907255893 ], [ 76.492195887113766, 24.88007463819644 ], [ 76.482437659299478, 24.875911099843098 ], [ 76.487511937762903, 24.859603907959183 ], [ 76.43989178602915, 24.859256946429738 ], [ 76.441453102479443, 24.831153062544693 ], [ 76.418423684837705, 24.829418254897469 ], [ 76.418814013950268, 24.839133177721926 ], [ 76.416081710162274, 24.839827100780816 ], [ 76.412959077261689, 24.84052102383971 ], [ 76.405542824122833, 24.842602793016379 ], [ 76.398907229209115, 24.834622677839143 ], [ 76.358703330614219, 24.870706676901424 ], [ 76.331770621846772, 24.863767446312522 ], [ 76.313425153555897, 24.836357485486367 ], [ 76.286882773901013, 24.833928754780253 ], [ 76.291176394139299, 24.817968524425783 ], [ 76.281418166325011, 24.806865755483543 ], [ 76.265024343596991, 24.809988409248547 ], [ 76.268927634722715, 24.842255831486934 ], [ 76.251362824656979, 24.839827100780816 ], [ 76.253314470219834, 24.826989524191355 ], [ 76.220917153876385, 24.829071293368024 ], [ 76.227162419677526, 24.813458024542999 ], [ 76.219355837426093, 24.780843640775167 ], [ 76.201010369135219, 24.754821526066792 ], [ 76.15221923006375, 24.745106603242331 ], [ 76.151438571838597, 24.745800526301224 ], [ 76.139728698461454, 24.764883410420698 ], [ 76.139728698461454, 24.772863525597934 ], [ 76.152609559176312, 24.796456909600192 ], [ 76.136996394673446, 24.800273486424089 ], [ 76.114357306144285, 24.764536448891253 ], [ 76.064395179735101, 24.743024834065661 ], [ 76.059711230384238, 24.734003834300093 ], [ 76.058149913933946, 24.730881180535086 ], [ 76.057759584821369, 24.729840295946751 ], [ 76.09991512897912, 24.691327566178355 ], [ 76.061662875947093, 24.668081143705543 ], [ 76.055417610145938, 24.619506529583241 ], [ 76.07337274932425, 24.571972800049277 ], [ 76.056198268371091, 24.562604838754261 ], [ 76.04565938233165, 24.570584953931494 ], [ 76.026923584928198, 24.550808146753131 ], [ 75.962909610466426, 24.563645723342596 ], [ 75.951980395314422, 24.543174993105339 ], [ 75.927389661222406, 24.547685492988126 ], [ 75.920754066308675, 24.548726377576461 ], [ 75.920754066308675, 24.543174993105339 ], [ 75.917631433408104, 24.541093223928669 ], [ 75.910995838494387, 24.543521954634784 ], [ 75.9067022182561, 24.546644608399792 ], [ 75.914899129620096, 24.572319761578722 ], [ 75.878598522150924, 24.583422530520959 ], [ 75.871572598124629, 24.606321991464331 ], [ 75.849323838708045, 24.610832491347114 ], [ 75.835662319768034, 24.598341876287094 ], [ 75.836833307105749, 24.605975029934886 ], [ 75.825904091953731, 24.613608183582677 ], [ 75.845030218469759, 24.627139683231032 ], [ 75.848933509595469, 24.647610413468286 ], [ 75.848933509595469, 24.647610413468286 ], [ 75.84815285137033, 24.66322368229331 ], [ 75.825123433728592, 24.667387220646653 ], [ 75.833320345092602, 24.728105488299526 ], [ 75.833710674205179, 24.731575103593975 ], [ 75.802094016086855, 24.756556333714016 ], [ 75.790384142709712, 24.757597218302351 ], [ 75.784919535133696, 24.761760756655693 ], [ 75.79194545915999, 24.772516564068489 ], [ 75.802094016086855, 24.805824870895208 ], [ 75.809900598338288, 24.829765216426914 ], [ 75.813023231238873, 24.840174062310261 ], [ 75.811852243901157, 24.870359715371979 ], [ 75.749399585889662, 24.886319945726449 ], [ 75.702560092381049, 24.917893444905943 ], [ 75.673675738050747, 24.938017213613755 ], [ 75.648304345733578, 24.97722386644104 ], [ 75.616687687615268, 24.99040840455995 ], [ 75.610442421814113, 25.015736596209436 ], [ 75.584290371271805, 25.024063672916114 ], [ 75.536670219538053, 25.014348750091656 ], [ 75.540573510663762, 25.037248211035024 ], [ 75.540573510663762, 25.037595172564469 ], [ 75.580387080146082, 25.049738826095044 ], [ 75.594048599086094, 25.044881364682816 ], [ 75.616687687615268, 25.029615057387236 ], [ 75.616297358502692, 25.024410634445559 ], [ 75.638936447031853, 25.014695711621101 ], [ 75.664307839349021, 25.03273771115224 ], [ 75.676408041838741, 25.035166441858355 ], [ 75.692411535454184, 25.053555402918938 ], [ 75.74081234541309, 25.107334439982914 ], [ 75.743934978313661, 25.110804055277367 ], [ 75.743154320088522, 25.111151016806811 ], [ 75.736518725174804, 25.115661516689595 ], [ 75.715831282208498, 25.12919301633795 ], [ 75.735347737837088, 25.150010708104652 ], [ 75.724028193572508, 25.174991938224689 ], [ 75.768135383293114, 25.208300245051412 ], [ 75.782187231345702, 25.265548897409836 ], [ 75.808729611000572, 25.257221820703158 ], [ 75.81653619325202, 25.245078167172583 ], [ 75.802874674312008, 25.239526782701461 ], [ 75.811852243901157, 25.231546667524228 ], [ 75.866107990548628, 25.232240590583118 ], [ 75.935976901698979, 25.287060512235428 ], [ 75.98945199012131, 25.233975398230342 ], [ 75.991403635684179, 25.232240590583118 ], [ 76.000381205273328, 25.258609666820938 ], [ 76.03355917984193, 25.279774320117081 ], [ 76.021849306464773, 25.313429588473248 ], [ 76.061272546834516, 25.326614126592158 ], [ 76.066737154410532, 25.349166626006081 ], [ 76.083911635363677, 25.352289279771089 ], [ 76.107331382117991, 25.331124626474942 ], [ 76.128409154196873, 25.347778779888301 ], [ 76.151828900951173, 25.343962203064407 ], [ 76.154170875626605, 25.343615241534962 ], [ 76.156122521189459, 25.360269394948322 ], [ 76.135435078223153, 25.373800894596677 ], [ 76.152609559176312, 25.389067201892257 ], [ 76.152999888288889, 25.389414163421701 ], [ 76.13270277443516, 25.404680470717281 ], [ 76.156122521189459, 25.416477162718412 ], [ 76.158854824977468, 25.436600931426224 ], [ 76.174077660367772, 25.443193200485677 ], [ 76.182274571731767, 25.496278314490763 ], [ 76.185397204632352, 25.49870704519688 ], [ 76.190861812208354, 25.501135775902995 ], [ 76.205694318486081, 25.486563391666305 ], [ 76.23496900192896, 25.506687160374113 ], [ 76.261511381583844, 25.508075006491893 ], [ 76.261511381583844, 25.508421968021338 ], [ 76.265024343596991, 25.512932467904125 ], [ 76.282589153662727, 25.536178890376938 ], [ 76.282589153662727, 25.539301544141942 ], [ 76.286882773901013, 25.545546851671954 ], [ 76.288834419463868, 25.581283889204791 ], [ 76.295470014377585, 25.592039696617583 ], [ 76.291566723251876, 25.630899387915424 ], [ 76.319280090244462, 25.649288348976011 ], [ 76.297421659940454, 25.668371233095485 ], [ 76.296250672602739, 25.695434232392195 ], [ 76.298982976390732, 25.698209924627754 ], [ 76.337235229422774, 25.702026501451652 ], [ 76.337625558535336, 25.703067386039987 ], [ 76.33840621676049, 25.702720424510542 ], [ 76.340357862323344, 25.707230924393325 ], [ 76.356361355938787, 25.740886192749493 ], [ 76.356361355938787, 25.741233154278937 ] ] ] } },
{ "type": "Feature", "properties": { "dt_code": "117", "district": "Sirohi", "st_code": "08", "year": "2011_c", "st_nm": "Rajasthan" }, "geometry": { "type": "Polygon", "coordinates": [ [ [ 72.9355170133597, 25.241261590348685 ], [ 72.942542937385994, 25.218362129405318 ], [ 72.969475646153441, 25.223219590817546 ], [ 72.972988608166588, 25.220096937052542 ], [ 72.973769266391727, 25.193380899285277 ], [ 72.958936760114, 25.193727860814722 ], [ 72.957765772776284, 25.181931168813591 ], [ 72.942542937385994, 25.18609470716693 ], [ 72.949959190524851, 25.142724515986306 ], [ 72.978843544855167, 25.137520093044632 ], [ 72.984308152431169, 25.148969823516317 ], [ 72.996018025808326, 25.14584716975131 ], [ 72.999530987821473, 25.100395209394016 ], [ 73.021779747238057, 25.089292440451775 ], [ 73.047541468667802, 25.105252670806244 ], [ 73.037392911740938, 25.142724515986306 ], [ 73.043247848429502, 25.162848284694114 ], [ 73.137707493671883, 25.097272555629011 ], [ 73.129510582307873, 25.066046017978959 ], [ 73.10843281022899, 25.038983018682249 ], [ 73.053786734468943, 25.008797365620534 ], [ 73.038173569966077, 24.972366405028808 ], [ 72.996408354920888, 24.961610597616016 ], [ 72.992114734682602, 24.922056983259285 ], [ 73.039734886416355, 24.887013868785338 ], [ 73.056519038256951, 24.886319945726449 ], [ 73.078767797673535, 24.860991754076963 ], [ 73.106090835553559, 24.858216061841404 ], [ 73.125607291182149, 24.837398370074702 ], [ 73.148636708823886, 24.845725446781383 ], [ 73.168543493565053, 24.813111063013551 ], [ 73.171275797353047, 24.788476794422959 ], [ 73.170885468240485, 24.779108833127943 ], [ 73.146294734148455, 24.748923180066228 ], [ 73.146294734148455, 24.748923180066228 ], [ 73.142001113910169, 24.679530874177228 ], [ 73.087355038150122, 24.631303221584371 ], [ 73.086964709037545, 24.604587183817106 ], [ 73.073303190097533, 24.581687722873735 ], [ 73.048322126892941, 24.541093223928669 ], [ 73.021389418125494, 24.518887686044192 ], [ 73.012802177648908, 24.491477725218036 ], [ 73.000311646046612, 24.4834976100408 ], [ 73.001092304271751, 24.480721917805241 ], [ 73.001092304271751, 24.479681033216906 ], [ 72.968304658815725, 24.451230187802416 ], [ 72.967914329703149, 24.450883226272971 ], [ 72.981185519530598, 24.433882111330163 ], [ 72.949959190524851, 24.39883899685622 ], [ 72.956594785438568, 24.393634573914543 ], [ 72.974549924616866, 24.382531804972302 ], [ 72.974549924616866, 24.379756112736743 ], [ 72.974940253729443, 24.374898651324514 ], [ 72.974940253729443, 24.368653343794502 ], [ 72.959717418339153, 24.361367151676159 ], [ 72.959327089226576, 24.361020190146714 ], [ 72.91092627926767, 24.337079844615008 ], [ 72.891019494526518, 24.356856651793375 ], [ 72.853547899719615, 24.371429036030065 ], [ 72.851986583269337, 24.37108207450062 ], [ 72.849644608593906, 24.37177599755951 ], [ 72.752842988676107, 24.365530690029498 ], [ 72.728642583696654, 24.366918536147278 ], [ 72.689219343326897, 24.411676573445686 ], [ 72.683364406638319, 24.463720802862433 ], [ 72.576023900681079, 24.478640148628571 ], [ 72.538942634986768, 24.519581609103081 ], [ 72.533478027410766, 24.503621378748612 ], [ 72.520206837583316, 24.500151763454159 ], [ 72.50459367308045, 24.458169418391314 ], [ 72.49327412881587, 24.458863341450204 ], [ 72.500300052842164, 24.416880996387359 ], [ 72.457363850459259, 24.41479922721069 ], [ 72.430040812579236, 24.480027994746351 ], [ 72.441360356843816, 24.515071109220294 ], [ 72.416379293639224, 24.520969455220861 ], [ 72.388665926646624, 24.507784917101951 ], [ 72.353926635627744, 24.563645723342596 ], [ 72.330897217986006, 24.569197107813714 ], [ 72.328945572423152, 24.55219599287091 ], [ 72.294986939629396, 24.546644608399792 ], [ 72.285619040927685, 24.565033569460375 ], [ 72.264931597961379, 24.560176108048147 ], [ 72.246586129670504, 24.585504299697632 ], [ 72.275860813113383, 24.607362876052665 ], [ 72.297328914304828, 24.608750722170445 ], [ 72.313722737032847, 24.59383137640431 ], [ 72.335971496449446, 24.598688837816542 ], [ 72.336361825562008, 24.599382760875432 ], [ 72.347291040714026, 24.628180567819367 ], [ 72.347291040714026, 24.628527529348812 ], [ 72.346510382488873, 24.628527529348812 ], [ 72.335581167336869, 24.633038029231596 ], [ 72.316064711708279, 24.650386105703845 ], [ 72.311771091469993, 24.673632528176661 ], [ 72.373052762143757, 24.765577333479587 ], [ 72.399985470911218, 24.775639217833493 ], [ 72.414427648076369, 24.754474564537347 ], [ 72.490151495915299, 24.759678987479024 ], [ 72.490932154140438, 24.759678987479024 ], [ 72.488590179465007, 24.807212717012987 ], [ 72.497567749054156, 24.819009409014118 ], [ 72.478831951650704, 24.871053638430869 ], [ 72.503422685742734, 24.88076856125533 ], [ 72.495616103491301, 24.917199521847053 ], [ 72.517084204682746, 24.935935444437085 ], [ 72.567436660204507, 24.93558848290764 ], [ 72.634182938454273, 25.000123327384408 ], [ 72.637695900467421, 25.016083557738881 ], [ 72.648625115619438, 25.015736596209436 ], [ 72.663067292784589, 25.04592224927115 ], [ 72.688829014214335, 25.046269210800595 ], [ 72.690780659777189, 25.075413979273975 ], [ 72.704442178717201, 25.081659286803983 ], [ 72.711858431856058, 25.107334439982914 ], [ 72.738791140623519, 25.126070362572946 ], [ 72.746597722874952, 25.15833778481133 ], [ 72.768456153178974, 25.178114591989697 ], [ 72.780166026556131, 25.188523437873044 ], [ 72.780166026556131, 25.188870399402489 ], [ 72.780166026556131, 25.223219590817546 ], [ 72.807489064436155, 25.256180936114824 ], [ 72.811782684674441, 25.256180936114824 ], [ 72.814905317575011, 25.265201935880391 ], [ 72.830908811190454, 25.283937858470424 ], [ 72.870332051560212, 25.250282590114256 ], [ 72.882822583162508, 25.247853859408142 ], [ 72.886335545175655, 25.245078167172583 ], [ 72.890629165413941, 25.246466013290362 ], [ 72.916781215956249, 25.255833974585379 ], [ 72.9355170133597, 25.241261590348685 ] ] ] } },
{ "type": "Feature", "properties": { "dt_code": "128", "district": "Baran", "st_code": "08", "year": "2011_c", "st_nm": "Rajasthan" }, "geometry": { "type": "Polygon", "coordinates": [ [ [ 76.441453102479443, 24.831153062544693 ], [ 76.43989178602915, 24.859256946429738 ], [ 76.487511937762903, 24.859603907959183 ], [ 76.482437659299478, 24.875911099843098 ], [ 76.492195887113766, 24.88007463819644 ], [ 76.490634570663474, 24.886666907255893 ], [ 76.498441152914921, 24.883197291961444 ], [ 76.503515431378347, 24.885279061138114 ], [ 76.504296089603486, 24.887707791844228 ], [ 76.502734773153207, 24.897075753139244 ], [ 76.48477963397491, 24.901239291492583 ], [ 76.469166469472029, 24.932465829142632 ], [ 76.44379507715486, 24.933159752201522 ], [ 76.437940140466296, 24.959528828439343 ], [ 76.421936646850853, 24.971325520440473 ], [ 76.409446115248556, 24.97861171255882 ], [ 76.398516900096539, 24.970631597381583 ], [ 76.396174925421107, 24.965774135969355 ], [ 76.395784596308545, 24.968549828204914 ], [ 76.393832950745676, 24.984510058559383 ], [ 76.348554773687354, 24.987285750794946 ], [ 76.324354368707901, 24.96334540526324 ], [ 76.300934621953587, 24.960222751498232 ], [ 76.221307482988948, 25.074026133156195 ], [ 76.196326419784356, 25.124335554925722 ], [ 76.201791027360358, 25.14307147751575 ], [ 76.207255634936374, 25.151745515751877 ], [ 76.210768596949507, 25.157296900222995 ], [ 76.21154925517466, 25.158684746340775 ], [ 76.233798014591244, 25.164930053870787 ], [ 76.235359331041536, 25.182972053401926 ], [ 76.248240191756409, 25.184359899519706 ], [ 76.249020849981548, 25.239179821172016 ], [ 76.249020849981548, 25.241261590348685 ], [ 76.284931128338158, 25.249588667055367 ], [ 76.322793052257609, 25.381781009773913 ], [ 76.323183381370185, 25.381781009773913 ], [ 76.342699836998776, 25.378658356008909 ], [ 76.366119583753076, 25.395312509422268 ], [ 76.377829457130233, 25.384556702009473 ], [ 76.386807026719381, 25.393230740245599 ], [ 76.437940140466296, 25.384903663538918 ], [ 76.441843431592005, 25.408150086011734 ], [ 76.489853912438335, 25.415436278130077 ], [ 76.496489507352052, 25.430008662366767 ], [ 76.496489507352052, 25.430355623896212 ], [ 76.520689912331505, 25.416824124247857 ], [ 76.553087228674968, 25.421334624130644 ], [ 76.572994013416121, 25.407109201423399 ], [ 76.594071785495004, 25.408150086011734 ], [ 76.597194418395574, 25.408150086011734 ], [ 76.59836540573329, 25.392189855657264 ], [ 76.623346468937882, 25.376576586832236 ], [ 76.640130620778478, 25.383515817421138 ], [ 76.669795633333933, 25.348819664476636 ], [ 76.700631633227104, 25.351595356712199 ], [ 76.729515987557406, 25.328695895768828 ], [ 76.761913303900869, 25.319674896003256 ], [ 76.857153607368389, 25.332859434122167 ], [ 76.902041455314134, 25.323491472827151 ], [ 76.929364493194157, 25.303020742589897 ], [ 76.923119227393016, 25.285325704588203 ], [ 76.936780746333028, 25.283243935411534 ], [ 76.945758315922177, 25.283590896940979 ], [ 76.959029505749612, 25.291571012118212 ], [ 76.973471682914777, 25.300245050354338 ], [ 77.031630720687971, 25.294693665883216 ], [ 77.04568256874056, 25.319327934473812 ], [ 77.071053961057714, 25.320368819062146 ], [ 77.071444290170291, 25.320715780591591 ], [ 77.083154163547448, 25.336329049416619 ], [ 77.125309707705199, 25.330430703416052 ], [ 77.164732948074942, 25.308225165531571 ], [ 77.209230466908124, 25.306143396354901 ], [ 77.205717504894977, 25.326614126592158 ], [ 77.217427378272134, 25.329389818827718 ], [ 77.215085403596703, 25.319674896003256 ], [ 77.223282314960713, 25.318634011414922 ], [ 77.234601859225293, 25.333553357181056 ], [ 77.224453302298429, 25.335288164828281 ], [ 77.234211530112731, 25.379005317538354 ], [ 77.248653707277882, 25.380740125185579 ], [ 77.291199580548209, 25.422722470248424 ], [ 77.314228998189932, 25.431396508484546 ], [ 77.367704086612278, 25.410231855188403 ], [ 77.369265403062556, 25.407109201423399 ], [ 77.350919934771682, 25.385250625068362 ], [ 77.350919934771682, 25.381781009773913 ], [ 77.350139276546543, 25.380393163656134 ], [ 77.351310263884258, 25.379352279067799 ], [ 77.366533099274562, 25.360616356477767 ], [ 77.342332694295109, 25.321756665179926 ], [ 77.36809441572484, 25.328001972709938 ], [ 77.370046061287709, 25.325573242003824 ], [ 77.380584947327137, 25.294693665883216 ], [ 77.380975276439713, 25.292958858235991 ], [ 77.373949352413419, 25.274569897175407 ], [ 77.354432896784829, 25.273529012587073 ], [ 77.355213555009982, 25.263467128233167 ], [ 77.411420947220307, 25.223913513876436 ], [ 77.426643782610611, 25.187829514814155 ], [ 77.400101402955727, 25.184012937990261 ], [ 77.393075478929433, 25.159378669399665 ], [ 77.390733504254001, 25.122947708807942 ], [ 77.406736997869444, 25.111844939865701 ], [ 77.393075478929433, 25.119478093513489 ], [ 77.357555529685413, 25.093802940334559 ], [ 77.323596896891658, 25.086516748216216 ], [ 77.314619327302509, 25.084434979039546 ], [ 77.313058010852217, 25.080618402215649 ], [ 77.311106365289362, 25.079577517627314 ], [ 77.273634770482474, 25.112538862924591 ], [ 77.26973147935675, 25.115661516689595 ], [ 77.238505150351017, 25.106987478453469 ], [ 77.174491175889244, 25.111844939865701 ], [ 77.167074922750373, 25.084781940568991 ], [ 77.149900441797215, 25.086516748216216 ], [ 77.14794879623436, 25.095190786452342 ], [ 77.122577403917191, 25.066739941037849 ], [ 77.095644695149744, 25.065352094920069 ], [ 77.085496138222879, 25.054943249036718 ], [ 77.000404391682224, 25.074720056215085 ], [ 76.974642670252493, 25.066392979508404 ], [ 76.968007075338775, 25.050779710683379 ], [ 76.876279733884402, 25.041411749388367 ], [ 76.875499075659263, 25.007409519502755 ], [ 76.856763278255812, 25.002552058090526 ], [ 76.867692493407816, 24.983469173971049 ], [ 76.861837556719252, 24.961263636086571 ], [ 76.889550923711838, 24.933853675260416 ], [ 76.890331581936991, 24.919281291023722 ], [ 76.919996594492446, 24.916505598788163 ], [ 76.919606265379869, 24.914076868082049 ], [ 76.912580341353575, 24.888054753373673 ], [ 76.949661607047901, 24.869318830783644 ], [ 76.929754822306734, 24.848154177487498 ], [ 76.928193505856441, 24.847807215958053 ], [ 76.926241860293587, 24.847113292899163 ], [ 76.897747835075847, 24.838439254663037 ], [ 76.828269253038073, 24.836357485486367 ], [ 76.799775227820334, 24.824560793485237 ], [ 76.80406884805862, 24.807906640071877 ], [ 76.846224392216371, 24.770087833362371 ], [ 76.846614721328947, 24.769393910303481 ], [ 76.848176037779226, 24.765230371950143 ], [ 76.855592290918096, 24.743718757124551 ], [ 76.890721911049553, 24.746841410889559 ], [ 76.906725404664996, 24.731575103593975 ], [ 76.946538974147316, 24.758638102890686 ], [ 76.952003581723332, 24.757944179831796 ], [ 76.955906872849042, 24.757597218302351 ], [ 76.963713455100475, 24.756556333714016 ], [ 76.974252341139916, 24.736085603476763 ], [ 76.996501100556515, 24.732269026652865 ], [ 76.998843075231946, 24.717696642416175 ], [ 77.032021049800534, 24.709022604180053 ], [ 77.034753353588542, 24.708328681121163 ], [ 77.06519902436915, 24.643793836644392 ], [ 77.065589353481712, 24.633731952290486 ], [ 77.068321657269721, 24.561563954165926 ], [ 77.068711986382283, 24.557400415812587 ], [ 77.054660138329709, 24.52652083969198 ], [ 77.036704999151397, 24.527214762750869 ], [ 77.032021049800534, 24.508478840160841 ], [ 77.029679075125117, 24.497029109689155 ], [ 77.02928874601254, 24.49668214815971 ], [ 77.011723935946804, 24.492171648276926 ], [ 77.00469801192051, 24.476211417922453 ], [ 77.003917353695371, 24.473782687216339 ], [ 76.983620239841642, 24.472741802628004 ], [ 76.977765303153063, 24.461292072156319 ], [ 76.932487126094742, 24.472741802628004 ], [ 76.92585153118101, 24.474129648745784 ], [ 76.920777252717585, 24.479334071687461 ], [ 76.918435278042153, 24.481762802393575 ], [ 76.916873961591861, 24.483150648511355 ], [ 76.917654619817014, 24.543521954634784 ], [ 76.901651126201571, 24.545950685340902 ], [ 76.884086316135836, 24.521663378279751 ], [ 76.862227885831814, 24.549420300635351 ], [ 76.824365961912349, 24.536235762516441 ], [ 76.816559379660916, 24.533460070280881 ], [ 76.853250316242665, 24.466843456627441 ], [ 76.845053404878655, 24.436310842036278 ], [ 76.843882417540939, 24.436310842036278 ], [ 76.817730366998632, 24.434576034389053 ], [ 76.816559379660916, 24.42659591921182 ], [ 76.760351987450576, 24.447413610978519 ], [ 76.711560848379108, 24.403349496739004 ], [ 76.677602215585367, 24.438739572742396 ], [ 76.642862924566472, 24.41341138109291 ], [ 76.607733304435015, 24.423820226976261 ], [ 76.594071785495004, 24.453311956979086 ], [ 76.574165000753837, 24.463720802862433 ], [ 76.579629608329853, 24.490783802159143 ], [ 76.54723229198639, 24.4973760712186 ], [ 76.53513208949667, 24.510907570866955 ], [ 76.535522418609233, 24.562604838754261 ], [ 76.517957608543512, 24.583422530520959 ], [ 76.529277152808092, 24.660101028528306 ], [ 76.488682925100619, 24.64934522111551 ], [ 76.476192393498323, 24.659060143939971 ], [ 76.474631077048031, 24.664264566881645 ], [ 76.444966064492576, 24.745453564771779 ], [ 76.441453102479443, 24.830806101015249 ], [ 76.441453102479443, 24.831153062544693 ] ] ] } },
{ "type": "Feature", "properties": { "dt_code": "130", "district": "Udaipur", "st_code": "08", "year": "2011_c", "st_nm": "Rajasthan" }, "geometry": { "type": "Polygon", "coordinates": [ [ [ 73.146294734148455, 24.748923180066228 ], [ 73.146294734148455, 24.748923180066228 ], [ 73.209137721272512, 24.785701102187396 ], [ 73.232557468026826, 24.784660217599061 ], [ 73.239973721165683, 24.823866870426347 ], [ 73.268858075495999, 24.852664677370282 ], [ 73.27120005017143, 24.874176292195873 ], [ 73.282129265323434, 24.878686792078657 ], [ 73.291497164025159, 24.869318830783644 ], [ 73.318429872792606, 24.904708906787032 ], [ 73.330139746169763, 24.906443714434257 ], [ 73.330139746169763, 24.906443714434257 ], [ 73.349656201798354, 24.959528828439343 ], [ 73.329359087944624, 24.973754251146588 ], [ 73.345362581560067, 24.989367519971616 ], [ 73.343410935997213, 25.010879134797204 ], [ 73.366440353638936, 25.029962018916681 ], [ 73.371514632102375, 25.03412555727002 ], [ 73.376588910565815, 25.043840480094481 ], [ 73.408986226909263, 25.088598517392885 ], [ 73.484319745635617, 25.103170901629575 ], [ 73.48822303676134, 25.103864824688465 ], [ 73.49641994812535, 25.098313440217346 ], [ 73.501884555701352, 25.094496863393452 ], [ 73.504226530376783, 25.078536633038979 ], [ 73.47182921403332, 25.025104557504449 ], [ 73.489784353211618, 25.00567471185553 ], [ 73.502665213926491, 25.023022788327779 ], [ 73.531549568256807, 25.011226096326649 ], [ 73.506958834164777, 24.974448174205477 ], [ 73.532720555594523, 24.953630482438779 ], [ 73.536623846720232, 24.914770791140938 ], [ 73.567459846613403, 24.913382945023159 ], [ 73.568240504838556, 24.892912214785902 ], [ 73.582682682003707, 24.899157522315914 ], [ 73.608444403433452, 24.870012753842534 ], [ 73.645525669127764, 24.88215640737311 ], [ 73.688461871510668, 24.862032638665298 ], [ 73.683387593047229, 24.838092293133592 ], [ 73.664651795643778, 24.834969639368587 ], [ 73.647477314690619, 24.795416025011857 ], [ 73.652551593154058, 24.778414910069053 ], [ 73.671677719670072, 24.769740871832926 ], [ 73.64669665646548, 24.749617103125118 ], [ 73.654503238716913, 24.729840295946751 ], [ 73.667774428544362, 24.726370680652302 ], [ 73.665822782981493, 24.737473449594543 ], [ 73.686900555060376, 24.744759641712886 ], [ 73.696658782874664, 24.737473449594543 ], [ 73.692365162636378, 24.747882295477893 ], [ 73.715004251165539, 24.769046948774037 ], [ 73.699781415775249, 24.776680102421828 ], [ 73.704465365126111, 24.788823755952404 ], [ 73.732959390343851, 24.758985064420131 ], [ 73.743498276383278, 24.730187257476196 ], [ 73.758330782661005, 24.728105488299526 ], [ 73.760672757336437, 24.713880065592281 ], [ 73.782921516753035, 24.724982834534522 ], [ 73.789557111666753, 24.743371795595106 ], [ 73.807902579957627, 24.746494449360114 ], [ 73.807121921732488, 24.753433679949012 ], [ 73.789557111666753, 24.745453564771779 ], [ 73.778237567402172, 24.754821526066792 ], [ 73.783702174978174, 24.771822641009596 ], [ 73.775114934501602, 24.779455794657387 ], [ 73.788386124329037, 24.803743101718538 ], [ 73.811025212858198, 24.802008294071314 ], [ 73.799705668593617, 24.812764101484106 ], [ 73.82390607357307, 24.832887870191918 ], [ 73.79619270658047, 24.863420484783077 ], [ 73.838348250738221, 24.90713763749315 ], [ 73.896507288511415, 24.875564138313653 ], [ 73.913291440352012, 24.892218291727012 ], [ 73.928514275742302, 24.884932099608669 ], [ 73.941395136457174, 24.846766331369718 ], [ 73.959350275635472, 24.855093408076399 ], [ 73.951153364271477, 24.901239291492583 ], [ 73.994479895766943, 24.92101609867095 ], [ 74.019460958971536, 24.893606137844792 ], [ 74.054980908215569, 24.90783156055204 ], [ 74.068642427155581, 24.871747561489759 ], [ 74.099478427048751, 24.864461369371412 ], [ 74.124069161140767, 24.884932099608669 ], [ 74.12484981936592, 24.885626022667559 ], [ 74.142414629431642, 24.881115522784775 ], [ 74.142414629431642, 24.881115522784775 ], [ 74.13695002185564, 24.858216061841404 ], [ 74.104552705512177, 24.862032638665298 ], [ 74.129533768716769, 24.843643677604714 ], [ 74.107285009300185, 24.808253601601322 ], [ 74.106894680187608, 24.763495564302918 ], [ 74.118214224452188, 24.752045833831232 ], [ 74.104162376399614, 24.734697757358983 ], [ 74.170518325536818, 24.711104373356722 ], [ 74.172079641987096, 24.686817066295571 ], [ 74.154905161033938, 24.685082258648347 ], [ 74.152563186358506, 24.666693297587763 ], [ 74.171298983761957, 24.669122028293877 ], [ 74.183008857139114, 24.656284451704412 ], [ 74.200573667204836, 24.662876720763865 ], [ 74.205647945668275, 24.643793836644392 ], [ 74.19628004696655, 24.614302106641567 ], [ 74.212673869694569, 24.615689952759347 ], [ 74.225554730409428, 24.648998259586065 ], [ 74.242729211362587, 24.640324221349942 ], [ 74.252097110064312, 24.616036914288792 ], [ 74.213844857032285, 24.614996029700457 ], [ 74.215406173482563, 24.591749607227641 ], [ 74.236093616448869, 24.599729722404877 ], [ 74.244290527812879, 24.584463415109298 ], [ 74.270442578355187, 24.576483299932061 ], [ 74.261855337878615, 24.547338531458681 ], [ 74.273565211255757, 24.535888800986996 ], [ 74.269271591017471, 24.515418070749739 ], [ 74.249755135388881, 24.515418070749739 ], [ 74.250535793614034, 24.501192648042494 ], [ 74.238435591124301, 24.503621378748612 ], [ 74.242729211362587, 24.4834976100408 ], [ 74.217357819045418, 24.48141584086413 ], [ 74.198231692529404, 24.447066649449074 ], [ 74.230238679760291, 24.42867768838849 ], [ 74.250535793614034, 24.45504676462631 ], [ 74.261074679653461, 24.452964995449641 ], [ 74.261074679653461, 24.466149533568551 ], [ 74.252097110064312, 24.465108648980216 ], [ 74.256390730302599, 24.484538494629135 ], [ 74.268100603679756, 24.477946225569681 ], [ 74.268490932792332, 24.454005880037975 ], [ 74.28332343907006, 24.477599264040236 ], [ 74.29152035043407, 24.463720802862433 ], [ 74.308694831387228, 24.461639033685763 ], [ 74.320795033876948, 24.484538494629135 ], [ 74.341092147730677, 24.4834976100408 ], [ 74.328991945240958, 24.456781572273535 ], [ 74.309085160499791, 24.441515264977955 ], [ 74.308694831387228, 24.406819112033453 ], [ 74.34265346418097, 24.416187073328469 ], [ 74.361389261584407, 24.40092076603289 ], [ 74.366463540047846, 24.37177599755951 ], [ 74.343043793293532, 24.369347266853396 ], [ 74.343434122406109, 24.351999190381143 ], [ 74.333285565479244, 24.34401907520391 ], [ 74.359827945134128, 24.33222238320278 ], [ 74.368024856498138, 24.299954960964392 ], [ 74.377783084312426, 24.298220153317168 ], [ 74.366463540047846, 24.283647769080478 ], [ 74.425403236046179, 24.287811307433817 ], [ 74.425793565158756, 24.286770422845482 ], [ 74.427745210721611, 24.279484230727139 ], [ 74.430867843622195, 24.270463230961568 ], [ 74.430867843622195, 24.257972615901547 ], [ 74.430087185397042, 24.257625654372102 ], [ 74.378954071650142, 24.235420116487624 ], [ 74.375441109636995, 24.227786962839833 ], [ 74.396518881715878, 24.197601309778118 ], [ 74.378563742537565, 24.171926156599188 ], [ 74.355924654008405, 24.167068695186956 ], [ 74.299717261798065, 24.196560425189784 ], [ 74.238825920236877, 24.206969271073131 ], [ 74.216577160820279, 24.200377002013678 ], [ 74.228287034197436, 24.164639964480841 ], [ 74.256781059415175, 24.145557080361367 ], [ 74.263806983441469, 24.125433311653556 ], [ 74.222041768396281, 24.09941119694518 ], [ 74.233751641773438, 24.07165427458958 ], [ 74.26302632521633, 24.0425095061162 ], [ 74.264587641666608, 24.040774698468976 ], [ 74.268490932792332, 24.022038775878947 ], [ 74.240777565799732, 23.980403392345547 ], [ 74.270832907467764, 23.948829893166049 ], [ 74.26692961634204, 23.93425750892936 ], [ 74.266539287229477, 23.933910547399915 ], [ 74.229458021535152, 23.913092855633217 ], [ 74.21891913549571, 23.907194509632649 ], [ 74.21891913549571, 23.907194509632649 ], [ 74.198622021641981, 23.954381277637172 ], [ 74.163882730623087, 23.9731172002272 ], [ 74.154124502808799, 24.009895122348372 ], [ 74.152563186358506, 24.010936006936706 ], [ 74.113139945988763, 23.98838350752278 ], [ 74.095575135923028, 23.991159199758339 ], [ 74.071765060056151, 23.966524931167747 ], [ 74.043271034838412, 23.979709469286654 ], [ 73.996821870442375, 23.968259738814972 ], [ 73.915633415027443, 23.985607815287221 ], [ 73.867232605068537, 23.958544815990511 ], [ 73.856693719029096, 23.936339278106029 ], [ 73.838348250738221, 23.933910547399915 ], [ 73.786434478766182, 23.948482931636605 ], [ 73.775505263614164, 23.935645355047139 ], [ 73.752085516859864, 23.948482931636605 ], [ 73.735301365019268, 23.939461931871037 ], [ 73.692755491748954, 23.957503931402176 ], [ 73.670897061444933, 23.939808893400482 ], [ 73.6630904791935, 23.950217739283829 ], [ 73.650209618478627, 23.943278508694931 ], [ 73.639280403326623, 23.947095085518825 ], [ 73.63030283373746, 23.950217739283829 ], [ 73.593221568043148, 23.963055315873294 ], [ 73.582682682003707, 23.962708354343849 ], [ 73.546382074534534, 23.936686239635474 ], [ 73.54443042897168, 23.935298393517694 ], [ 73.543649770746526, 23.934604470458805 ], [ 73.513984758191071, 23.930093970576021 ], [ 73.481977770960185, 23.869722664452588 ], [ 73.470658226695605, 23.870069625982033 ], [ 73.463632302669311, 23.840230934449764 ], [ 73.430063998988146, 23.837455242214205 ], [ 73.401960302882969, 23.802759089269703 ], [ 73.379321214353809, 23.80726958915249 ], [ 73.368001670089228, 23.814208819741388 ], [ 73.36526936630122, 23.823923742565849 ], [ 73.359804758725218, 23.844394472803103 ], [ 73.356291796712071, 23.857579010922013 ], [ 73.355901467599509, 23.859313818569241 ], [ 73.364098378963519, 23.873886202805931 ], [ 73.378150227016093, 23.903377932808755 ], [ 73.378540556128669, 23.903377932808755 ], [ 73.384395492817248, 23.910317163397654 ], [ 73.387518125717818, 23.915868547868776 ], [ 73.389079442168111, 23.915868547868776 ], [ 73.390640758618389, 23.917950317045445 ], [ 73.415231492710419, 23.925236509163788 ], [ 73.420305771173844, 23.930093970576021 ], [ 73.419915442061281, 23.9314818166938 ], [ 73.41327984714755, 23.939114970341588 ], [ 73.414841163597842, 23.985607815287221 ], [ 73.398447340869822, 23.990118315170005 ], [ 73.407815239571548, 24.008160314701147 ], [ 73.404692606670977, 24.041121659998421 ], [ 73.360975746062934, 24.081022235884596 ], [ 73.361756404288087, 24.104615619886857 ], [ 73.338336657533773, 24.09871727388629 ], [ 73.326236455044054, 24.109473081299086 ], [ 73.316868556342328, 24.053612275058441 ], [ 73.296571442488599, 24.04389735223398 ], [ 73.28251959443601, 24.019263083643384 ], [ 73.265345113482852, 24.020303968231723 ], [ 73.242706024953691, 24.00226196870058 ], [ 73.229434835126241, 24.022038775878947 ], [ 73.193134227657069, 24.040774698468976 ], [ 73.213821670623375, 24.077552620590147 ], [ 73.158785265750751, 24.098370312356845 ], [ 73.154101316399888, 24.111554850475756 ], [ 73.125216962069587, 24.124739388594666 ], [ 73.076425822998104, 24.179212348717531 ], [ 73.067448253408955, 24.194478656013111 ], [ 73.079158126786112, 24.204887501896462 ], [ 73.078377468560973, 24.219112924603706 ], [ 73.09711326596441, 24.230909616604837 ], [ 73.088526025487838, 24.234726193428735 ], [ 73.087745367262684, 24.234726193428735 ], [ 73.090087341938116, 24.237848847193739 ], [ 73.099845569752418, 24.252768192959874 ], [ 73.107261822891275, 24.263870961902114 ], [ 73.12170400005644, 24.270463230961568 ], [ 73.12482663295701, 24.272891961667682 ], [ 73.135365518996451, 24.308282037671074 ], [ 73.169324151790192, 24.300301922493837 ], [ 73.176350075816487, 24.337773767673898 ], [ 73.181814683392489, 24.34332515214502 ], [ 73.198598835233071, 24.331875421673335 ], [ 73.218895949086814, 24.364142843911718 ], [ 73.198598835233071, 24.376980420501184 ], [ 73.170885468240485, 24.355815767205037 ], [ 73.152149670837034, 24.354427921087257 ], [ 73.076425822998104, 24.396410266150106 ], [ 73.102968202652988, 24.432841226741829 ], [ 73.101797215315273, 24.470660033451335 ], [ 73.091258329275831, 24.475170533334119 ], [ 73.095942278626694, 24.490089879100253 ], [ 73.086964709037545, 24.497723032748045 ], [ 73.034660607952929, 24.464067764391881 ], [ 73.003434278947182, 24.466496495097996 ], [ 73.00304394983462, 24.466496495097996 ], [ 73.001092304271751, 24.479681033216906 ], [ 73.001092304271751, 24.480721917805241 ], [ 73.000311646046612, 24.4834976100408 ], [ 73.012802177648908, 24.491477725218036 ], [ 73.021389418125494, 24.518887686044192 ], [ 73.048322126892941, 24.541093223928669 ], [ 73.073303190097533, 24.581687722873735 ], [ 73.086964709037545, 24.604587183817106 ], [ 73.087355038150122, 24.631303221584371 ], [ 73.142001113910169, 24.679530874177228 ], [ 73.146294734148455, 24.748923180066228 ], [ 73.146294734148455, 24.748923180066228 ] ] ] } },
{ "type": "Feature", "properties": { "dt_code": "129", "district": "Jhalawar", "st_code": "08", "year": "2011_c", "st_nm": "Rajasthan" }, "geometry": { "type": "Polygon", "coordinates": [ [ [ 75.920754066308675, 24.543174993105339 ], [ 75.920754066308675, 24.548726377576461 ], [ 75.927389661222406, 24.547685492988126 ], [ 75.951980395314422, 24.543174993105339 ], [ 75.962909610466426, 24.563645723342596 ], [ 76.026923584928198, 24.550808146753131 ], [ 76.04565938233165, 24.570584953931494 ], [ 76.056198268371091, 24.562604838754261 ], [ 76.07337274932425, 24.571972800049277 ], [ 76.055417610145938, 24.619506529583241 ], [ 76.061662875947093, 24.668081143705543 ], [ 76.09991512897912, 24.691327566178355 ], [ 76.057759584821369, 24.729840295946751 ], [ 76.058149913933946, 24.730881180535086 ], [ 76.059711230384238, 24.734003834300093 ], [ 76.064395179735101, 24.743024834065661 ], [ 76.114357306144285, 24.764536448891253 ], [ 76.136996394673446, 24.800273486424089 ], [ 76.152609559176312, 24.796456909600192 ], [ 76.139728698461454, 24.772863525597934 ], [ 76.139728698461454, 24.764883410420698 ], [ 76.151438571838597, 24.745800526301224 ], [ 76.15221923006375, 24.745106603242331 ], [ 76.201010369135219, 24.754821526066792 ], [ 76.219355837426093, 24.780843640775167 ], [ 76.227162419677526, 24.813458024542999 ], [ 76.220917153876385, 24.829071293368024 ], [ 76.253314470219834, 24.826989524191355 ], [ 76.251362824656979, 24.839827100780816 ], [ 76.268927634722715, 24.842255831486934 ], [ 76.265024343596991, 24.809988409248547 ], [ 76.281418166325011, 24.806865755483543 ], [ 76.291176394139299, 24.817968524425783 ], [ 76.286882773901013, 24.833928754780253 ], [ 76.313425153555897, 24.836357485486367 ], [ 76.331770621846772, 24.863767446312522 ], [ 76.358703330614219, 24.870706676901424 ], [ 76.398907229209115, 24.834622677839143 ], [ 76.405542824122833, 24.842602793016379 ], [ 76.412959077261689, 24.84052102383971 ], [ 76.416081710162274, 24.839827100780816 ], [ 76.418814013950268, 24.839133177721926 ], [ 76.418423684837705, 24.829418254897469 ], [ 76.441453102479443, 24.831153062544693 ], [ 76.441453102479443, 24.830806101015249 ], [ 76.444966064492576, 24.745453564771779 ], [ 76.474631077048031, 24.664264566881645 ], [ 76.476192393498323, 24.659060143939971 ], [ 76.488682925100619, 24.64934522111551 ], [ 76.529277152808092, 24.660101028528306 ], [ 76.517957608543512, 24.583422530520959 ], [ 76.535522418609233, 24.562604838754261 ], [ 76.53513208949667, 24.510907570866955 ], [ 76.54723229198639, 24.4973760712186 ], [ 76.579629608329853, 24.490783802159143 ], [ 76.574165000753837, 24.463720802862433 ], [ 76.594071785495004, 24.453311956979086 ], [ 76.607733304435015, 24.423820226976261 ], [ 76.642862924566472, 24.41341138109291 ], [ 76.677602215585367, 24.438739572742396 ], [ 76.711560848379108, 24.403349496739004 ], [ 76.760351987450576, 24.447413610978519 ], [ 76.816559379660916, 24.42659591921182 ], [ 76.817730366998632, 24.434576034389053 ], [ 76.843882417540939, 24.436310842036278 ], [ 76.850518012454657, 24.423473265446816 ], [ 76.837637151739798, 24.408553919680678 ], [ 76.851688999792373, 24.370735112971175 ], [ 76.832562873276359, 24.358244497911155 ], [ 76.841540442865508, 24.322507460378318 ], [ 76.856372949143235, 24.30446546084718 ], [ 76.863008544056953, 24.273238923197127 ], [ 76.888770265486698, 24.244788077782637 ], [ 76.912190012240998, 24.237848847193739 ], [ 76.922338569167877, 24.211479770955918 ], [ 76.947319632372469, 24.201070925072568 ], [ 76.935609758995312, 24.183722848600318 ], [ 76.916093303366722, 24.187539425424212 ], [ 76.901260797088995, 24.128209003889118 ], [ 76.880963683235265, 24.130290773065788 ], [ 76.880573354122689, 24.131331657654123 ], [ 76.869644138970685, 24.133413426830792 ], [ 76.802117202495765, 24.116412311887988 ], [ 76.756448696324867, 24.169150464363629 ], [ 76.726003025544259, 24.168456541304739 ], [ 76.719367430630541, 24.158741618480278 ], [ 76.698679987664235, 24.168456541304739 ], [ 76.676040899135074, 24.191009040718662 ], [ 76.702192949677382, 24.241318462488188 ], [ 76.695557354763665, 24.282606884492143 ], [ 76.666673000433349, 24.262483115784335 ], [ 76.643253253679049, 24.269422346373233 ], [ 76.633495025864747, 24.257625654372102 ], [ 76.616320544911588, 24.257972615901547 ], [ 76.611246266448163, 24.238195808723184 ], [ 76.584703886793278, 24.243747193194302 ], [ 76.594852443720143, 24.222929501427604 ], [ 76.570261709628127, 24.209051040249804 ], [ 76.564016443826972, 24.191009040718662 ], [ 76.576897304541845, 24.177824502599751 ], [ 76.5277158363578, 24.157006810833053 ], [ 76.513663988305211, 24.165680849069176 ], [ 76.504686418716062, 24.203152694249237 ], [ 76.480486013736609, 24.208010155661469 ], [ 76.470727785922321, 24.226052155192608 ], [ 76.45199198851887, 24.209051040249804 ], [ 76.416472039274836, 24.220847732250931 ], [ 76.420765659513137, 24.208357117190914 ], [ 76.412568748149127, 24.200377002013678 ], [ 76.357532343276503, 24.239583654840963 ], [ 76.321622064919893, 24.245482000841527 ], [ 76.287273103013575, 24.229868732016502 ], [ 76.281027837212434, 24.206622309543686 ], [ 76.227552748790103, 24.214949386250368 ], [ 76.212329913399799, 24.209744963308694 ], [ 76.212329913399799, 24.209744963308694 ], [ 76.194765103334063, 24.273238923197127 ], [ 76.204523331148366, 24.299954960964392 ], [ 76.199058723572364, 24.307588114612184 ], [ 76.185397204632352, 24.329446690967217 ], [ 76.174077660367772, 24.307241153082739 ], [ 76.164709761666046, 24.306894191553294 ], [ 76.162367786990615, 24.284688653668812 ], [ 76.143241660474601, 24.282953846021588 ], [ 76.136606065560869, 24.270810192491012 ], [ 76.148315938938026, 24.231603539663727 ], [ 76.117479939044856, 24.194478656013111 ], [ 76.11630895170714, 24.185110694718098 ], [ 76.113966977031708, 24.166027810598621 ], [ 76.120992901058003, 24.160476426127502 ], [ 76.12450586307115, 24.159088580009723 ], [ 76.12450586307115, 24.157700733891943 ], [ 76.124896192183726, 24.157353772362498 ], [ 76.131141457984867, 24.116759273417433 ], [ 76.126067179521442, 24.112942696593535 ], [ 76.127238166859158, 24.087961466473498 ], [ 76.042146420318502, 24.065755928589017 ], [ 76.009358774862477, 24.024467506585061 ], [ 75.963299939579002, 24.018569160584494 ], [ 75.967203230704726, 23.991159199758339 ], [ 75.984768040770447, 23.97381112328609 ], [ 75.9812550787573, 23.929053085987686 ], [ 75.955493357327569, 23.920726009281005 ], [ 75.937538218149271, 23.896785663749299 ], [ 75.894992344878943, 23.889499471630955 ], [ 75.886014775289794, 23.879090625747605 ], [ 75.87079193989949, 23.89054035621929 ], [ 75.853227129833755, 23.887417702454286 ], [ 75.840736598231459, 23.874580125864821 ], [ 75.832930015980025, 23.879784548806494 ], [ 75.818097509702298, 23.867987856805364 ], [ 75.793897104722845, 23.866946972217029 ], [ 75.782187231345702, 23.84890497268589 ], [ 75.765793408617682, 23.850639780333115 ], [ 75.764622421279967, 23.875274048923711 ], [ 75.75291254790281, 23.887417702454286 ], [ 75.735347737837088, 23.898520471396523 ], [ 75.706073054394196, 23.899214394455413 ], [ 75.70177943415591, 23.872845318217596 ], [ 75.736518725174804, 23.856538126333678 ], [ 75.719344244221645, 23.841271819038099 ], [ 75.721686218897077, 23.811780089035274 ], [ 75.690069560778753, 23.813514896682499 ], [ 75.70177943415591, 23.786451897385788 ], [ 75.690069560778753, 23.747245244558503 ], [ 75.690069560778753, 23.746898283029058 ], [ 75.675627383613602, 23.781941397503005 ], [ 75.659623889998159, 23.784370128209119 ], [ 75.654549611534719, 23.798248589386919 ], [ 75.583509713046666, 23.79477897409247 ], [ 75.588974320622668, 23.809698319858605 ], [ 75.566335232093508, 23.80935135832916 ], [ 75.559309308067213, 23.818719319624172 ], [ 75.561651282742645, 23.832250819272531 ], [ 75.579606421920943, 23.83502651150809 ], [ 75.564383586530639, 23.856538126333678 ], [ 75.505053561419729, 23.887764663983731 ], [ 75.499588953843727, 23.895397817631519 ], [ 75.472265915963703, 23.912051971044878 ], [ 75.462117359036839, 23.914480701750996 ], [ 75.462898017261978, 23.917603355516 ], [ 75.473827232413996, 23.980750353874992 ], [ 75.473827232413996, 23.981791238463327 ], [ 75.521057055035172, 24.024467506585061 ], [ 75.521057055035172, 24.024467506585061 ], [ 75.521057055035172, 24.024467506585061 ], [ 75.595609915536386, 23.990118315170005 ], [ 75.640107434369568, 23.998098430347241 ], [ 75.670943434262739, 24.01822219905505 ], [ 75.672504750713031, 24.016487391407825 ], [ 75.687727586103321, 24.005384622465584 ], [ 75.686946927878182, 23.988730469052225 ], [ 75.698656801255339, 23.988036545993335 ], [ 75.70177943415591, 23.966524931167747 ], [ 75.717392598658776, 23.966871892697192 ], [ 75.741202674525653, 23.976933777051094 ], [ 75.742373661863382, 23.992547045876119 ], [ 75.765403079505106, 23.992894007405564 ], [ 75.762670775717112, 24.009895122348372 ], [ 75.773599990869116, 24.007466391642257 ], [ 75.782967889570841, 24.021691814349502 ], [ 75.782967889570841, 24.04320342917509 ], [ 75.836833307105749, 24.05708189035289 ], [ 75.83488166154288, 24.091778043297392 ], [ 75.81653619325202, 24.08553273576738 ], [ 75.805606978100002, 24.09941119694518 ], [ 75.793116446497706, 24.091778043297392 ], [ 75.782577560458265, 24.116065350358543 ], [ 75.770477357968545, 24.115371427299653 ], [ 75.750960902339955, 24.143475311184698 ], [ 75.773990319981692, 24.180600194835311 ], [ 75.776332294657124, 24.208357117190914 ], [ 75.830197712192032, 24.233338347310951 ], [ 75.814584547689151, 24.244441116253192 ], [ 75.818487838814875, 24.280525115315474 ], [ 75.810681256563441, 24.295791422611053 ], [ 75.766574066842821, 24.298220153317168 ], [ 75.740031687187951, 24.332569344732224 ], [ 75.738080041625082, 24.334651113908894 ], [ 75.740031687187951, 24.376980420501184 ], [ 75.729102472035933, 24.378021305089518 ], [ 75.727931484698217, 24.396410266150106 ], [ 75.755254522578241, 24.406472150504008 ], [ 75.747447940326808, 24.424167188505706 ], [ 75.786090522471412, 24.453311956979086 ], [ 75.789213155371982, 24.471700918039669 ], [ 75.813803889464012, 24.461639033685763 ], [ 75.809900598338288, 24.433882111330163 ], [ 75.835662319768034, 24.41479922721069 ], [ 75.900456952454945, 24.442209188036845 ], [ 75.911386167606963, 24.491130763688592 ], [ 75.911776496719526, 24.491824686747481 ], [ 75.888356749965226, 24.507784917101951 ], [ 75.887966420852649, 24.507784917101951 ], [ 75.890698724640657, 24.518540724514747 ], [ 75.909434522044094, 24.513683263102514 ], [ 75.912557154944665, 24.515765032279184 ], [ 75.920754066308675, 24.529990454986429 ], [ 75.920754066308675, 24.53692968557533 ], [ 75.920754066308675, 24.543174993105339 ] ] ] } },
{ "type": "Feature", "properties": { "dt_code": "124", "district": "Dungarpur", "st_code": "08", "year": "2011_c", "st_nm": "Rajasthan" }, "geometry": { "type": "Polygon", "coordinates": [ [ [ 73.368001670089228, 23.814208819741388 ], [ 73.379321214353809, 23.80726958915249 ], [ 73.401960302882969, 23.802759089269703 ], [ 73.430063998988146, 23.837455242214205 ], [ 73.463632302669311, 23.840230934449764 ], [ 73.470658226695605, 23.870069625982033 ], [ 73.481977770960185, 23.869722664452588 ], [ 73.513984758191071, 23.930093970576021 ], [ 73.543649770746526, 23.934604470458805 ], [ 73.54443042897168, 23.935298393517694 ], [ 73.546382074534534, 23.936686239635474 ], [ 73.582682682003707, 23.962708354343849 ], [ 73.593221568043148, 23.963055315873294 ], [ 73.63030283373746, 23.950217739283829 ], [ 73.639280403326623, 23.947095085518825 ], [ 73.650209618478627, 23.943278508694931 ], [ 73.6630904791935, 23.950217739283829 ], [ 73.670897061444933, 23.939808893400482 ], [ 73.692755491748954, 23.957503931402176 ], [ 73.735301365019268, 23.939461931871037 ], [ 73.752085516859864, 23.948482931636605 ], [ 73.775505263614164, 23.935645355047139 ], [ 73.786434478766182, 23.948482931636605 ], [ 73.838348250738221, 23.933910547399915 ], [ 73.856693719029096, 23.936339278106029 ], [ 73.867232605068537, 23.958544815990511 ], [ 73.915633415027443, 23.985607815287221 ], [ 73.996821870442375, 23.968259738814972 ], [ 74.043271034838412, 23.979709469286654 ], [ 74.071765060056151, 23.966524931167747 ], [ 74.095575135923028, 23.991159199758339 ], [ 74.113139945988763, 23.98838350752278 ], [ 74.152563186358506, 24.010936006936706 ], [ 74.154124502808799, 24.009895122348372 ], [ 74.163882730623087, 23.9731172002272 ], [ 74.198622021641981, 23.954381277637172 ], [ 74.21891913549571, 23.907194509632649 ], [ 74.21891913549571, 23.907194509632649 ], [ 74.229458021535152, 23.913092855633217 ], [ 74.266539287229477, 23.933910547399915 ], [ 74.26692961634204, 23.93425750892936 ], [ 74.270832907467764, 23.948829893166049 ], [ 74.272003894805479, 23.949523816224939 ], [ 74.283713768182622, 23.954728239166617 ], [ 74.300107590910642, 23.962361392814405 ], [ 74.316891742751224, 23.940849777988817 ], [ 74.363340907147276, 23.936686239635474 ], [ 74.376221767862134, 23.90441881739709 ], [ 74.360218274246691, 23.901643125161531 ], [ 74.357485970458697, 23.901296163632086 ], [ 74.357485970458697, 23.900949202102641 ], [ 74.359047286908975, 23.884642010218723 ], [ 74.336017869267252, 23.87804974115927 ], [ 74.30596252759922, 23.852721549509784 ], [ 74.271613565692903, 23.832250819272531 ], [ 74.233751641773438, 23.813514896682499 ], [ 74.203305970992844, 23.798942512445809 ], [ 74.147488907895081, 23.783676205150229 ], [ 74.146317920557365, 23.783329243620784 ], [ 74.145927591444789, 23.781941397503005 ], [ 74.139682325643633, 23.769103820913539 ], [ 74.132266072504777, 23.75383751361796 ], [ 74.135779034517924, 23.736489437145707 ], [ 74.118604553564765, 23.721570091379572 ], [ 74.133827388955069, 23.691731399847303 ], [ 74.126411135816198, 23.676812054081168 ], [ 74.134608047180208, 23.643850708783894 ], [ 74.124069161140767, 23.636564516665548 ], [ 74.122117515577912, 23.609154555839392 ], [ 74.06942308538072, 23.599786594544376 ], [ 74.067081110705288, 23.567866133835437 ], [ 74.038196756374973, 23.549130211245405 ], [ 74.019851288084098, 23.507494827712005 ], [ 74.010483389382387, 23.468982097943609 ], [ 74.017899642521243, 23.442266060176344 ], [ 73.966376199661767, 23.385364369347364 ], [ 73.959350275635472, 23.38085386946458 ], [ 73.937882174444027, 23.368016292875115 ], [ 73.933978883318318, 23.339565447460625 ], [ 73.933588554205741, 23.338524562872291 ], [ 73.918756047928014, 23.337483678283956 ], [ 73.89143301004799, 23.335748870636731 ], [ 73.889871693597698, 23.335401909107286 ], [ 73.889871693597698, 23.339565447460625 ], [ 73.876990832882825, 23.36975110052234 ], [ 73.830151339374225, 23.426305829821874 ], [ 73.828590022923933, 23.447470483118021 ], [ 73.786434478766182, 23.430122406645772 ], [ 73.755598478873011, 23.454409713706919 ], [ 73.720859187854117, 23.40999863793796 ], [ 73.705636352463813, 23.43983732947023 ], [ 73.698220099324956, 23.455103636765809 ], [ 73.696268453762102, 23.456144521354148 ], [ 73.647477314690619, 23.43636771417578 ], [ 73.627180200836889, 23.448511367706356 ], [ 73.640841719776901, 23.496392058769768 ], [ 73.656454884279782, 23.507494827712005 ], [ 73.633035137525468, 23.528659481008152 ], [ 73.636548099538615, 23.564396518540988 ], [ 73.64981928936605, 23.567866133835437 ], [ 73.643183694452333, 23.594235210073258 ], [ 73.655674226054629, 23.621298209369968 ], [ 73.615470327459732, 23.652177785490572 ], [ 73.572534125076842, 23.653565631608352 ], [ 73.52296232778022, 23.606725825133278 ], [ 73.493687644337342, 23.632400978312209 ], [ 73.508910479727646, 23.644197670313339 ], [ 73.496810277237913, 23.649055131725568 ], [ 73.507349163277354, 23.702834168789543 ], [ 73.473390530483613, 23.705262899495658 ], [ 73.471438884920758, 23.719488322202903 ], [ 73.44919012550416, 23.734754629498482 ], [ 73.447628809053867, 23.752796629029625 ], [ 73.424209062299568, 23.761470667265748 ], [ 73.41327984714755, 23.779165705267445 ], [ 73.400398986432691, 23.785064051268009 ], [ 73.370733973877236, 23.765287244089645 ], [ 73.37034364476466, 23.76563420561909 ], [ 73.351998176473785, 23.791309358798017 ], [ 73.368001670089228, 23.814208819741388 ] ] ] } },
{ "type": "Feature", "properties": { "dt_code": "125", "district": "Banswara", "st_code": "08", "year": "2011_c", "st_nm": "Rajasthan" }, "geometry": { "type": "Polygon", "coordinates": [ [ [ 73.959350275635472, 23.38085386946458 ], [ 73.966376199661767, 23.385364369347364 ], [ 74.017899642521243, 23.442266060176344 ], [ 74.010483389382387, 23.468982097943609 ], [ 74.019851288084098, 23.507494827712005 ], [ 74.038196756374973, 23.549130211245405 ], [ 74.067081110705288, 23.567866133835437 ], [ 74.06942308538072, 23.599786594544376 ], [ 74.122117515577912, 23.609154555839392 ], [ 74.124069161140767, 23.636564516665548 ], [ 74.134608047180208, 23.643850708783894 ], [ 74.126411135816198, 23.676812054081168 ], [ 74.133827388955069, 23.691731399847303 ], [ 74.118604553564765, 23.721570091379572 ], [ 74.135779034517924, 23.736489437145707 ], [ 74.132266072504777, 23.75383751361796 ], [ 74.139682325643633, 23.769103820913539 ], [ 74.145927591444789, 23.781941397503005 ], [ 74.146317920557365, 23.783329243620784 ], [ 74.147488907895081, 23.783676205150229 ], [ 74.203305970992844, 23.798942512445809 ], [ 74.233751641773438, 23.813514896682499 ], [ 74.271613565692903, 23.832250819272531 ], [ 74.30596252759922, 23.852721549509784 ], [ 74.336017869267252, 23.87804974115927 ], [ 74.359047286908975, 23.884642010218723 ], [ 74.357485970458697, 23.900949202102641 ], [ 74.357485970458697, 23.901296163632086 ], [ 74.360218274246691, 23.901643125161531 ], [ 74.376221767862134, 23.90441881739709 ], [ 74.377002426087287, 23.902337048220421 ], [ 74.394957565265585, 23.903030971279311 ], [ 74.440235742323907, 23.913092855633217 ], [ 74.447261666350201, 23.920032086222115 ], [ 74.480049311806241, 23.925236509163788 ], [ 74.485123590269666, 23.922807778457674 ], [ 74.487855894057674, 23.921419932339894 ], [ 74.490197868733105, 23.92037904775156 ], [ 74.48902688139539, 23.904765778926535 ], [ 74.530401767327987, 23.878396702688715 ], [ 74.516740248387975, 23.833985626919755 ], [ 74.547576248281146, 23.828434242448633 ], [ 74.544063286267999, 23.80588174303471 ], [ 74.560847438108595, 23.804840858446372 ], [ 74.551869868519447, 23.756266244324074 ], [ 74.562408754558874, 23.73857120632238 ], [ 74.526108147089701, 23.730591091145143 ], [ 74.53937933691715, 23.707344668672327 ], [ 74.53937933691715, 23.673689400316164 ], [ 74.518301564838268, 23.635523632077213 ], [ 74.607296602504633, 23.641075016548331 ], [ 74.620177463219505, 23.655300439255576 ], [ 74.649452146662384, 23.644544631842784 ], [ 74.662333007377256, 23.675771169492833 ], [ 74.662723336489833, 23.676812054081168 ], [ 74.664674982052688, 23.675424207963388 ], [ 74.675213868092129, 23.668484977374487 ], [ 74.690827032594996, 23.658076131491139 ], [ 74.699804602184145, 23.634829709018323 ], [ 74.736495538765894, 23.614358978781066 ], [ 74.748205412143051, 23.614012017251621 ], [ 74.763428247533341, 23.599439633014931 ], [ 74.774357462685359, 23.589030787131581 ], [ 74.77669943736079, 23.586949017954911 ], [ 74.775138120910498, 23.585214210307686 ], [ 74.762257260195639, 23.571682710659331 ], [ 74.77669943736079, 23.551211980422078 ], [ 74.777089766473352, 23.550171095833743 ], [ 74.768892855109357, 23.556416403363752 ], [ 74.770844500672212, 23.542190980656507 ], [ 74.772405817122504, 23.542884903715397 ], [ 74.761866931083063, 23.521373288889805 ], [ 74.733372905865323, 23.52172025041925 ], [ 74.727127640064168, 23.49535117418143 ], [ 74.701756247746999, 23.504025212417556 ], [ 74.70097558952186, 23.504372173947001 ], [ 74.699804602184145, 23.503331289358666 ], [ 74.681068804780708, 23.487371059004197 ], [ 74.677946171880123, 23.484595366768637 ], [ 74.651794121337815, 23.462389828884156 ], [ 74.633058323934378, 23.469676021002503 ], [ 74.632277665709225, 23.461695905825266 ], [ 74.604173969604062, 23.457532367471927 ], [ 74.610028906292641, 23.45163402147136 ], [ 74.599099691140623, 23.428734560527992 ], [ 74.572557311485753, 23.420754445350756 ], [ 74.569044349472605, 23.376343369581797 ], [ 74.557724805208025, 23.361770985345107 ], [ 74.539769666029713, 23.361770985345107 ], [ 74.539769666029713, 23.334707986048393 ], [ 74.514007944599982, 23.32811571698894 ], [ 74.514788602825121, 23.315972063458364 ], [ 74.530011438215425, 23.320829524870593 ], [ 74.546795590056007, 23.277112372160524 ], [ 74.574508957048607, 23.295154371691666 ], [ 74.585047843088049, 23.276765410631079 ], [ 74.609248248067487, 23.282316795102201 ], [ 74.638913260622957, 23.255253795805491 ], [ 74.676775184542407, 23.273989718395519 ], [ 74.699804602184145, 23.268438333924401 ], [ 74.715027437574449, 23.236864834744903 ], [ 74.691607690820135, 23.225762065802662 ], [ 74.702146576859576, 23.21431233533098 ], [ 74.732592247640184, 23.217434989095985 ], [ 74.733763234977886, 23.220904604390434 ], [ 74.748595741255627, 23.224027258155438 ], [ 74.74898607036819, 23.224374219684883 ], [ 74.748205412143051, 23.223680296625993 ], [ 74.715417766687011, 23.190718951328719 ], [ 74.671310576966405, 23.200086912623732 ], [ 74.606515944279494, 23.142491298735862 ], [ 74.53937933691715, 23.129306760616952 ], [ 74.544843944493152, 23.109182991909144 ], [ 74.505811033235972, 23.085242646377438 ], [ 74.464045818190797, 23.081773031082989 ], [ 74.432429160072473, 23.105019453555801 ], [ 74.385979995676436, 23.111611722615258 ], [ 74.341482476843254, 23.067894569905189 ], [ 74.320014375651809, 23.059220531669062 ], [ 74.319233717426656, 23.065465839199071 ], [ 74.284494426407775, 23.093222761554674 ], [ 74.284494426407775, 23.093916684613564 ], [ 74.293081666884348, 23.117163107086377 ], [ 74.27005224924261, 23.162268105914229 ], [ 74.247022831600887, 23.184473643798707 ], [ 74.202915641880267, 23.190371989799274 ], [ 74.181057211576245, 23.151512298501434 ], [ 74.151001869908228, 23.165390759679234 ], [ 74.127972452266491, 23.176146567092029 ], [ 74.127191794041337, 23.182391874622038 ], [ 74.126411135816198, 23.192453758975944 ], [ 74.125630477591059, 23.204250450977074 ], [ 74.140853312981363, 23.222986373567103 ], [ 74.138901667418494, 23.266009603218283 ], [ 74.092062173909881, 23.297930063927225 ], [ 74.038196756374973, 23.293419564044438 ], [ 74.044832351288704, 23.308685871340021 ], [ 74.033122477911547, 23.305910179104458 ], [ 74.028828857673261, 23.331585332283389 ], [ 73.981989364164647, 23.337830639813401 ], [ 73.976134427476069, 23.36697540828678 ], [ 73.965985870549204, 23.377037292640686 ], [ 73.959350275635472, 23.38085386946458 ] ] ] } },
{ "type": "Feature", "properties": { "dt_code": "119", "district": "Ajmer", "st_code": "08", "year": "2011_c", "st_nm": "Rajasthan" }, "geometry": { "type": "MultiPolygon", "coordinates": [ [ [ [ 73.908217161888572, 25.685025386508844 ], [ 73.91485275680229, 25.697516001568864 ], [ 73.90665584543828, 25.740886192749493 ], [ 73.930856250417733, 25.767602230516758 ], [ 73.924220655504016, 25.791889537577905 ], [ 73.944127440245182, 25.804380152637926 ], [ 73.94764040225833, 25.834218844170195 ], [ 73.948811389596045, 25.835953651817423 ], [ 73.967937516112059, 25.833524921111305 ], [ 73.995650883104659, 25.865792343349693 ], [ 74.038977414600126, 25.837688459464648 ], [ 74.052638933540138, 25.829014421228521 ], [ 74.053809920877853, 25.829708344287411 ], [ 74.059274528453855, 25.818258613815726 ], [ 74.08893954100931, 25.789807768401236 ], [ 74.092452503022457, 25.768990076634537 ], [ 74.047954984189275, 25.753376807809509 ], [ 74.034683794361825, 25.757540346162852 ], [ 74.007751085594379, 25.742274038867272 ], [ 73.976915085701208, 25.711741424276109 ], [ 74.012044705832665, 25.706190039804991 ], [ 74.011654376720102, 25.703414347569431 ], [ 74.011264047607526, 25.701679539922207 ], [ 74.010873718494949, 25.697516001568864 ], [ 73.992528250204074, 25.685372348038289 ], [ 73.989405617303504, 25.68259665580273 ], [ 73.986282984402933, 25.66663642544826 ], [ 73.948030731370892, 25.651370118152681 ], [ 73.943737111132606, 25.649982272034901 ], [ 73.932417566868025, 25.678086155919946 ], [ 73.908217161888572, 25.685025386508844 ] ] ], [ [ [ 74.974986626547249, 26.89141062438912 ], [ 74.974986626547249, 26.891063662859676 ], [ 74.953908854468381, 26.866082432739635 ], [ 74.953128196243227, 26.85046916391461 ], [ 74.935953715290069, 26.844223856384602 ], [ 74.913704955873484, 26.83797854885459 ], [ 74.914095284986061, 26.83589677967792 ], [ 74.924243841912926, 26.792526588497296 ], [ 74.937515031740361, 26.780035973437275 ], [ 74.937515031740361, 26.749850320375561 ], [ 74.98240287968612, 26.76650447378892 ], [ 75.007774272003289, 26.752972974140565 ], [ 74.999577360639279, 26.732155282373864 ], [ 74.943369968428939, 26.733196166962198 ], [ 74.941808651978647, 26.733543128491643 ], [ 74.941808651978647, 26.724175167196631 ], [ 74.963667082282669, 26.721399474961068 ], [ 74.963667082282669, 26.684274591310455 ], [ 74.967960702520955, 26.681498899074896 ], [ 74.969912348083824, 26.679764091427668 ], [ 74.976938272110118, 26.674906630015439 ], [ 75.010506575791283, 26.690172937311019 ], [ 75.019874474493008, 26.664150822602643 ], [ 75.064371993326191, 26.655129822837075 ], [ 75.060468702200467, 26.624944169775357 ], [ 75.080375486941634, 26.608290016361998 ], [ 75.060859031313043, 26.555204902356913 ], [ 75.073739892027916, 26.545143018003007 ], [ 75.095598322331938, 26.560062363769141 ], [ 75.11745675263596, 26.552776171650798 ], [ 75.112772803285097, 26.523631403177419 ], [ 75.149073410754269, 26.501425865292937 ], [ 75.150634727204562, 26.500384980704602 ], [ 75.145950777853699, 26.473321981407892 ], [ 75.145170119628546, 26.470199327642888 ], [ 75.160783284131426, 26.474015904466782 ], [ 75.160783284131426, 26.462913135524541 ], [ 75.167418879045144, 26.463260097053986 ], [ 75.167809208157706, 26.463260097053986 ], [ 75.168199537270283, 26.462219212465651 ], [ 75.169370524607999, 26.460484404818427 ], [ 75.168980195495422, 26.459443520230092 ], [ 75.167418879045144, 26.416420290578912 ], [ 75.129556955125679, 26.402888790930557 ], [ 75.12877629690054, 26.400113098694998 ], [ 75.142828144953114, 26.374090983986623 ], [ 75.1237020184371, 26.353273292219921 ], [ 75.135411891814258, 26.317189293157639 ], [ 75.12877629690054, 26.294983755273162 ], [ 75.111211486834804, 26.288391486213705 ], [ 75.114724448847952, 26.258552794681435 ], [ 75.140486170277683, 26.24502129503308 ], [ 75.14009584116512, 26.228367141619721 ], [ 75.152586372767416, 26.221080949501374 ], [ 75.156879993005703, 26.182221258203533 ], [ 75.186935334673734, 26.159668758789611 ], [ 75.186545005561157, 26.115604644550093 ], [ 75.216990676341752, 26.10762452937286 ], [ 75.242752397771497, 26.080214568546705 ], [ 75.261097866062372, 26.099644414195623 ], [ 75.271636752101813, 26.13468752866957 ], [ 75.289201562167534, 26.145443336082366 ], [ 75.336431384788725, 26.131911836434011 ], [ 75.327063486086999, 26.101032260313403 ], [ 75.302472751994983, 26.070846607251688 ], [ 75.329015131649854, 26.055580299956109 ], [ 75.350483232841313, 26.011516185716594 ], [ 75.304034068445262, 25.988269763243778 ], [ 75.299740448206975, 25.944899572063154 ], [ 75.269685106538944, 25.951144879593162 ], [ 75.246655688897206, 25.938654264533142 ], [ 75.243533055996636, 25.908121649941982 ], [ 75.243923385109213, 25.900141534764746 ], [ 75.265391486300658, 25.885222188998611 ], [ 75.263049511625226, 25.855036535936897 ], [ 75.304424397557838, 25.859893997349126 ], [ 75.331357106325285, 25.83456580569964 ], [ 75.349312245503597, 25.831443151934636 ], [ 75.350092903728736, 25.831096190405191 ], [ 75.336041055676148, 25.821034306051288 ], [ 75.336821713901287, 25.800563575814031 ], [ 75.317305258272711, 25.766908307457868 ], [ 75.317305258272711, 25.766908307457868 ], [ 75.275540043227522, 25.723885077806685 ], [ 75.275540043227522, 25.72353811627724 ], [ 75.274759385002383, 25.700638655333869 ], [ 75.259146220499503, 25.704108270628321 ], [ 75.250949309135507, 25.685372348038289 ], [ 75.209574423202895, 25.691964617097746 ], [ 75.158831638568557, 25.724579000865575 ], [ 75.14399913229083, 25.72215027015946 ], [ 75.137753866489689, 25.704455232157766 ], [ 75.115895436185667, 25.70757788592277 ], [ 75.107698524821657, 25.697169040039419 ], [ 75.08466910717992, 25.704455232157766 ], [ 75.088572398305644, 25.723191154747795 ], [ 75.066323638889045, 25.740192269690603 ], [ 75.074910879365632, 25.782174614753448 ], [ 75.036268297221028, 25.786685114636231 ], [ 75.008554930228428, 25.809237614050158 ], [ 75.03665862633359, 25.831790113464081 ], [ 75.040561917459314, 25.846709459230215 ], [ 75.016751841592438, 25.859547035819681 ], [ 74.994112753063277, 25.843586805465211 ], [ 74.981622221460981, 25.863710574173023 ], [ 74.941418322866085, 25.862669689584688 ], [ 74.900824095158612, 25.882099535233607 ], [ 74.887552905331177, 25.872731573938591 ], [ 74.853203943424859, 25.880364727586382 ], [ 74.799728855002527, 25.873425496997481 ], [ 74.708001513548155, 25.921306188060893 ], [ 74.616274172093782, 25.904998996176978 ], [ 74.603783640491486, 25.915407842060326 ], [ 74.559286121658303, 25.914019995942546 ], [ 74.557334476095448, 25.902223303941419 ], [ 74.576070273498885, 25.88799788123417 ], [ 74.569825007697744, 25.876201189233043 ], [ 74.547966577393723, 25.876895112291933 ], [ 74.542501969817721, 25.877242073821378 ], [ 74.538598678691997, 25.873078535468036 ], [ 74.52376617241427, 25.867180189467472 ], [ 74.532743742003419, 25.884181304410276 ], [ 74.524156501526846, 25.911591265236432 ], [ 74.483171944706811, 25.928592380179239 ], [ 74.428916198059326, 25.930327187826464 ], [ 74.420719286695316, 25.934143764650358 ], [ 74.391444603252438, 25.959471956299843 ], [ 74.387931641239291, 25.962941571594293 ], [ 74.387541312126729, 25.963288533123738 ], [ 74.38558966656386, 26.005617839716027 ], [ 74.354363337558127, 26.018802377834938 ], [ 74.328601616128381, 26.014985801011044 ], [ 74.321966021214664, 26.011863147246039 ], [ 74.320795033876948, 25.999719493715464 ], [ 74.281762122619767, 25.961553725476513 ], [ 74.299326932685503, 25.915060880530881 ], [ 74.287617059308346, 25.912285188295321 ], [ 74.276297515043765, 25.951144879593162 ], [ 74.265758629004324, 25.934143764650358 ], [ 74.227896705084859, 25.934837687709248 ], [ 74.264977970779185, 25.874119420056374 ], [ 74.284104097295199, 25.884181304410276 ], [ 74.226725717747144, 25.843239843935766 ], [ 74.255219742964883, 25.869261958644142 ], [ 74.224383743071712, 25.894590150293627 ], [ 74.218138477270571, 25.893202304175848 ], [ 74.193157414065979, 25.853301728289672 ], [ 74.182618528026538, 25.848444266877443 ], [ 74.178715236900814, 25.84636249770077 ], [ 74.132656401617353, 25.86024095887857 ], [ 74.120946528240196, 25.863016651114133 ], [ 74.107675338412761, 25.856771343584121 ], [ 74.117043237114473, 25.880711689115827 ], [ 74.138901667418494, 25.88869180429306 ], [ 74.162711743285371, 25.925122764884787 ], [ 74.162321414172808, 25.925469726414232 ], [ 74.147879237007643, 25.942470841357036 ], [ 74.157637464821946, 25.956696264064284 ], [ 74.126411135816198, 25.960165879358733 ], [ 74.169737667311665, 26.010128339598815 ], [ 74.152172857245944, 26.041701838778309 ], [ 74.161931085060232, 26.068417876545574 ], [ 74.176373262225383, 26.0632134536039 ], [ 74.180666882463683, 26.032680839012738 ], [ 74.225164401296865, 26.057662069132778 ], [ 74.244290527812879, 26.053845492308884 ], [ 74.236874274674008, 26.067030030427794 ], [ 74.243900198700302, 26.07917368395837 ], [ 74.300888249135781, 26.13329968255179 ], [ 74.272003894805479, 26.158974835730721 ], [ 74.272003894805479, 26.173894181496856 ], [ 74.286836401083207, 26.169383681614068 ], [ 74.300107590910642, 26.185690873497986 ], [ 74.317672400976377, 26.181874296674088 ], [ 74.339530831280399, 26.196446680910782 ], [ 74.366853869160423, 26.191242257969105 ], [ 74.374270122299279, 26.210325142088578 ], [ 74.368024856498138, 26.240510795150296 ], [ 74.397299539941017, 26.265145063740889 ], [ 74.386370324789013, 26.277982640330357 ], [ 74.359827945134128, 26.291514139978709 ], [ 74.304791540261505, 26.251613564092537 ], [ 74.301278578248358, 26.251613564092537 ], [ 74.272394223918042, 26.260634563858105 ], [ 74.251316451839173, 26.286309717037035 ], [ 74.304010882036366, 26.329332946688215 ], [ 74.304010882036366, 26.382765022222745 ], [ 74.286836401083207, 26.412950675284463 ], [ 74.29152035043407, 26.448340751287851 ], [ 74.291130021321493, 26.448687712817296 ], [ 74.291910679546632, 26.448687712817296 ], [ 74.31415943896323, 26.455626943406198 ], [ 74.331333919916389, 26.441748482228398 ], [ 74.331724249028952, 26.442095443757843 ], [ 74.368805514723277, 26.476097673643451 ], [ 74.369195843835854, 26.487547404115137 ], [ 74.430087185397042, 26.486506519526802 ], [ 74.442187387886776, 26.503507634469607 ], [ 74.462094172627928, 26.487200442585692 ], [ 74.498004450984538, 26.518426980235741 ], [ 74.510494982586835, 26.529182787648537 ], [ 74.588560805101196, 26.629454669658145 ], [ 74.614712855643504, 26.604473439538104 ], [ 74.615493513868643, 26.568042478946378 ], [ 74.646329513761813, 26.593717632125308 ], [ 74.654526425125823, 26.587472324595296 ], [ 74.670529918741266, 26.596146362831423 ], [ 74.67326222252926, 26.615576208480345 ], [ 74.678726830105276, 26.611759631656447 ], [ 74.69277867815785, 26.647496669189284 ], [ 74.713075792011594, 26.666232591779313 ], [ 74.72127270337559, 26.700581783194369 ], [ 74.663113665602395, 26.715154167431059 ], [ 74.69785295662129, 26.774137627436708 ], [ 74.741569817229333, 26.769627127553925 ], [ 74.758353969069915, 26.791485703908961 ], [ 74.775138120910498, 26.790097857791181 ], [ 74.76850252599678, 26.84977524085572 ], [ 74.798557867664812, 26.853938779209059 ], [ 74.813000044829963, 26.86712331732797 ], [ 74.825490576432259, 26.927494623451402 ], [ 74.852813614312282, 26.978844929809263 ], [ 74.904337057171759, 26.976069237573704 ], [ 74.909801664747761, 26.970864814632026 ], [ 74.915266272323777, 26.966007353219798 ], [ 74.916827588774055, 26.964272545572573 ], [ 74.958592803819243, 26.961149891807565 ], [ 74.963276753170106, 26.947271430629765 ], [ 74.981231892348404, 26.943454853805871 ], [ 74.972254322759255, 26.89141062438912 ], [ 74.974986626547249, 26.89141062438912 ] ] ] ] } },
{ "type": "Feature", "properties": { "dt_code": "123", "district": "Rajsamand", "st_code": "08", "year": "2011_c", "st_nm": "Rajasthan" }, "geometry": { "type": "MultiPolygon", "coordinates": [ [ [ [ 74.053809920877853, 25.829708344287411 ], [ 74.106894680187608, 25.854689574407452 ], [ 74.107675338412761, 25.856771343584121 ], [ 74.120946528240196, 25.863016651114133 ], [ 74.132656401617353, 25.86024095887857 ], [ 74.178715236900814, 25.84636249770077 ], [ 74.182618528026538, 25.848444266877443 ], [ 74.183789515364253, 25.848097305347999 ], [ 74.170908654649381, 25.811319383226827 ], [ 74.193547743178542, 25.819646459933505 ], [ 74.212673869694569, 25.807849767932375 ], [ 74.198231692529404, 25.800910537343476 ], [ 74.208380249456269, 25.774888422635101 ], [ 74.187302477377401, 25.764826538281195 ], [ 74.19549938874141, 25.739498346631713 ], [ 74.107675338412761, 25.722497231688905 ], [ 74.083474933433308, 25.703761309098876 ], [ 74.079181313195022, 25.677045271331611 ], [ 74.127582123153914, 25.646859618269893 ], [ 74.113530275101326, 25.628817618738754 ], [ 74.120165870015057, 25.607999926972056 ], [ 74.054590579102992, 25.569140235674215 ], [ 74.084255591658447, 25.558731389790864 ], [ 74.081132958757877, 25.528892698258595 ], [ 74.10533336373733, 25.51397335249246 ], [ 74.083865262545871, 25.500441852844105 ], [ 74.092842832135034, 25.491767814607979 ], [ 74.041319389275557, 25.49870704519688 ], [ 74.037416098149833, 25.473378853547395 ], [ 74.0530292626527, 25.462623046134599 ], [ 74.026877212110392, 25.463663930722934 ], [ 74.014386680508096, 25.452214200251248 ], [ 74.016338326070951, 25.437641816014558 ], [ 74.01828997163382, 25.437988777544003 ], [ 74.059664857566432, 25.439376623661783 ], [ 74.055761566440708, 25.417865008836195 ], [ 74.075278022069298, 25.409190970600068 ], [ 74.074107034731583, 25.407803124482289 ], [ 74.038977414600126, 25.398782124716718 ], [ 74.030390174123539, 25.386638471186142 ], [ 74.012044705832665, 25.388373278833367 ], [ 74.011654376720102, 25.388373278833367 ], [ 74.026096553885253, 25.364779894831109 ], [ 74.02141260453439, 25.348125741417746 ], [ 74.037416098149833, 25.330430703416052 ], [ 74.071765060056151, 25.323144511297706 ], [ 74.07761999674473, 25.321756665179926 ], [ 74.0807426296453, 25.315858319179362 ], [ 74.077229667632153, 25.300245050354338 ], [ 74.044832351288704, 25.300592011883783 ], [ 74.022193262759529, 25.316552242238252 ], [ 74.036635439924694, 25.298857204236558 ], [ 74.029219186785824, 25.262426243644832 ], [ 74.038587085487549, 25.262773205174277 ], [ 74.038977414600126, 25.261732320585942 ], [ 74.047174325964136, 25.237445013524791 ], [ 74.04990662975213, 25.238485898113126 ], [ 74.069032756268143, 25.24299639799591 ], [ 74.081913616983016, 25.238832859642571 ], [ 74.097526781485882, 25.233628436700897 ], [ 74.106114021962469, 25.24091462881924 ], [ 74.123678832028205, 25.242649436466465 ], [ 74.100649414386467, 25.185747745637485 ], [ 74.074497363844159, 25.180543322695812 ], [ 74.060055186678994, 25.142724515986306 ], [ 74.093623490360173, 25.151398554222432 ], [ 74.099088097936175, 25.137867054574077 ], [ 74.165444047073379, 25.126764285631836 ], [ 74.188863793827693, 25.097619517158456 ], [ 74.180276553351106, 25.089986363510665 ], [ 74.18808313560254, 25.08825155586344 ], [ 74.188473464715116, 25.057025018213391 ], [ 74.189644452052832, 25.057025018213391 ], [ 74.225945059522004, 25.049738826095044 ], [ 74.222822426621434, 25.062923364213955 ], [ 74.224774072184289, 25.065699056449514 ], [ 74.23219032532316, 25.067780825626187 ], [ 74.25873270497803, 25.066739941037849 ], [ 74.263416654328893, 25.065699056449514 ], [ 74.261465008766038, 25.065699056449514 ], [ 74.278639489719197, 25.060147671978395 ], [ 74.284104097295199, 25.055984133625056 ], [ 74.294252654222063, 25.037595172564469 ], [ 74.317282071863801, 25.03204378809335 ], [ 74.318453059201516, 25.029962018916681 ], [ 74.303620552923789, 24.992143212207175 ], [ 74.291130021321493, 25.001511173502188 ], [ 74.261074679653461, 24.982081327853269 ], [ 74.234532299998591, 24.995612827501624 ], [ 74.19549938874141, 24.986591827736053 ], [ 74.194718730516257, 24.954324405497669 ], [ 74.179105566013391, 24.924485713965399 ], [ 74.157637464821946, 24.915117752670383 ], [ 74.147488907895081, 24.886666907255893 ], [ 74.142414629431642, 24.881115522784775 ], [ 74.142414629431642, 24.881115522784775 ], [ 74.12484981936592, 24.885626022667559 ], [ 74.124069161140767, 24.884932099608669 ], [ 74.099478427048751, 24.864461369371412 ], [ 74.068642427155581, 24.871747561489759 ], [ 74.054980908215569, 24.90783156055204 ], [ 74.019460958971536, 24.893606137844792 ], [ 73.994479895766943, 24.92101609867095 ], [ 73.951153364271477, 24.901239291492583 ], [ 73.959350275635472, 24.855093408076399 ], [ 73.941395136457174, 24.846766331369718 ], [ 73.928514275742302, 24.884932099608669 ], [ 73.913291440352012, 24.892218291727012 ], [ 73.896507288511415, 24.875564138313653 ], [ 73.838348250738221, 24.90713763749315 ], [ 73.79619270658047, 24.863420484783077 ], [ 73.82390607357307, 24.832887870191918 ], [ 73.799705668593617, 24.812764101484106 ], [ 73.811025212858198, 24.802008294071314 ], [ 73.788386124329037, 24.803743101718538 ], [ 73.775114934501602, 24.779455794657387 ], [ 73.783702174978174, 24.771822641009596 ], [ 73.778237567402172, 24.754821526066792 ], [ 73.789557111666753, 24.745453564771779 ], [ 73.807121921732488, 24.753433679949012 ], [ 73.807902579957627, 24.746494449360114 ], [ 73.789557111666753, 24.743371795595106 ], [ 73.782921516753035, 24.724982834534522 ], [ 73.760672757336437, 24.713880065592281 ], [ 73.758330782661005, 24.728105488299526 ], [ 73.743498276383278, 24.730187257476196 ], [ 73.732959390343851, 24.758985064420131 ], [ 73.704465365126111, 24.788823755952404 ], [ 73.699781415775249, 24.776680102421828 ], [ 73.715004251165539, 24.769046948774037 ], [ 73.692365162636378, 24.747882295477893 ], [ 73.696658782874664, 24.737473449594543 ], [ 73.686900555060376, 24.744759641712886 ], [ 73.665822782981493, 24.737473449594543 ], [ 73.667774428544362, 24.726370680652302 ], [ 73.654503238716913, 24.729840295946751 ], [ 73.64669665646548, 24.749617103125118 ], [ 73.671677719670072, 24.769740871832926 ], [ 73.652551593154058, 24.778414910069053 ], [ 73.647477314690619, 24.795416025011857 ], [ 73.664651795643778, 24.834969639368587 ], [ 73.683387593047229, 24.838092293133592 ], [ 73.688461871510668, 24.862032638665298 ], [ 73.645525669127764, 24.88215640737311 ], [ 73.608444403433452, 24.870012753842534 ], [ 73.582682682003707, 24.899157522315914 ], [ 73.568240504838556, 24.892912214785902 ], [ 73.567459846613403, 24.913382945023159 ], [ 73.536623846720232, 24.914770791140938 ], [ 73.532720555594523, 24.953630482438779 ], [ 73.506958834164777, 24.974448174205477 ], [ 73.531549568256807, 25.011226096326649 ], [ 73.502665213926491, 25.023022788327779 ], [ 73.489784353211618, 25.00567471185553 ], [ 73.47182921403332, 25.025104557504449 ], [ 73.504226530376783, 25.078536633038979 ], [ 73.501884555701352, 25.094496863393452 ], [ 73.49641994812535, 25.098313440217346 ], [ 73.48822303676134, 25.103864824688465 ], [ 73.488613365873903, 25.10421178621791 ], [ 73.491345669661911, 25.110110132218477 ], [ 73.497981264575628, 25.122947708807942 ], [ 73.562775897262554, 25.167011823047456 ], [ 73.572534125076842, 25.18678863022582 ], [ 73.594002226268287, 25.193380899285277 ], [ 73.608444403433452, 25.249588667055367 ], [ 73.620934935035748, 25.258262705291493 ], [ 73.610005719883731, 25.285325704588203 ], [ 73.614299340122017, 25.291917973647656 ], [ 73.629131846399758, 25.306837319413791 ], [ 73.638109415988907, 25.313082626943803 ], [ 73.647867643803195, 25.308225165531571 ], [ 73.645915998240341, 25.323491472827151 ], [ 73.69782977021238, 25.360269394948322 ], [ 73.70914931447696, 25.381434048244468 ], [ 73.731398073893558, 25.379699240597244 ], [ 73.741936959933, 25.393577701775044 ], [ 73.75325650419758, 25.438335739073448 ], [ 73.805560605282196, 25.510850698727452 ], [ 73.827028706473641, 25.581977812263681 ], [ 73.863329313942813, 25.650329233564346 ], [ 73.901971896087431, 25.672534771448824 ], [ 73.908217161888572, 25.685025386508844 ], [ 73.932417566868025, 25.678086155919946 ], [ 73.943737111132606, 25.649982272034901 ], [ 73.948030731370892, 25.651370118152681 ], [ 73.986282984402933, 25.66663642544826 ], [ 73.989405617303504, 25.68259665580273 ], [ 73.992528250204074, 25.685372348038289 ], [ 74.010873718494949, 25.697516001568864 ], [ 74.011264047607526, 25.701679539922207 ], [ 74.011654376720102, 25.703414347569431 ], [ 74.012044705832665, 25.706190039804991 ], [ 73.976915085701208, 25.711741424276109 ], [ 74.007751085594379, 25.742274038867272 ], [ 74.034683794361825, 25.757540346162852 ], [ 74.047954984189275, 25.753376807809509 ], [ 74.092452503022457, 25.768990076634537 ], [ 74.08893954100931, 25.789807768401236 ], [ 74.059274528453855, 25.818258613815726 ], [ 74.053809920877853, 25.829708344287411 ] ] ], [ [ [ 74.226725717747144, 25.843239843935766 ], [ 74.212283540581993, 25.855383497466342 ], [ 74.193157414065979, 25.853301728289672 ], [ 74.218138477270571, 25.893202304175848 ], [ 74.224383743071712, 25.894590150293627 ], [ 74.255219742964883, 25.869261958644142 ], [ 74.226725717747144, 25.843239843935766 ] ] ], [ [ [ 74.387931641239291, 25.962941571594293 ], [ 74.387931641239291, 25.962941571594293 ], [ 74.328601616128381, 25.936919456885917 ], [ 74.328211287015819, 25.922694034178672 ], [ 74.346556755306679, 25.919918341943113 ], [ 74.344995438856401, 25.901529380882529 ], [ 74.316891742751224, 25.886610035116391 ], [ 74.306743185824359, 25.896324957940852 ], [ 74.292301008659209, 25.890079650410843 ], [ 74.284104097295199, 25.884181304410276 ], [ 74.264977970779185, 25.874119420056374 ], [ 74.227896705084859, 25.934837687709248 ], [ 74.265758629004324, 25.934143764650358 ], [ 74.276297515043765, 25.951144879593162 ], [ 74.287617059308346, 25.912285188295321 ], [ 74.299326932685503, 25.915060880530881 ], [ 74.281762122619767, 25.961553725476513 ], [ 74.320795033876948, 25.999719493715464 ], [ 74.321966021214664, 26.011863147246039 ], [ 74.328601616128381, 26.014985801011044 ], [ 74.354363337558127, 26.018802377834938 ], [ 74.38558966656386, 26.005617839716027 ], [ 74.387541312126729, 25.963288533123738 ], [ 74.387931641239291, 25.962941571594293 ] ] ] ] } },
{ "type": "Feature", "properties": { "dt_code": "126", "district": "Chittorgarh", "st_code": "08", "year": "2011_c", "st_nm": "Rajasthan" }, "geometry": { "type": "MultiPolygon", "coordinates": [ [ [ [ 75.351263891066452, 25.01885924997444 ], [ 75.351263891066452, 25.01885924997444 ], [ 75.351654220179029, 25.015042673150546 ], [ 75.410984245289939, 25.02024709609222 ], [ 75.445723536308819, 25.023369749857224 ], [ 75.451188143884821, 25.04869794150671 ], [ 75.446504194533958, 25.022328865268889 ], [ 75.536670219538053, 25.014348750091656 ], [ 75.536670219538053, 25.014348750091656 ], [ 75.584290371271805, 25.024063672916114 ], [ 75.610442421814113, 25.015736596209436 ], [ 75.616687687615268, 24.99040840455995 ], [ 75.648304345733578, 24.97722386644104 ], [ 75.673675738050747, 24.938017213613755 ], [ 75.702560092381049, 24.917893444905943 ], [ 75.749399585889662, 24.886319945726449 ], [ 75.811852243901157, 24.870359715371979 ], [ 75.813023231238873, 24.840174062310261 ], [ 75.809900598338288, 24.829765216426914 ], [ 75.802094016086855, 24.805824870895208 ], [ 75.79194545915999, 24.772516564068489 ], [ 75.784919535133696, 24.761760756655693 ], [ 75.757596497253672, 24.761413795126249 ], [ 75.757206168141096, 24.761413795126249 ], [ 75.683433965865035, 24.724288911475632 ], [ 75.657672244435304, 24.693409335355028 ], [ 75.651817307746725, 24.691327566178355 ], [ 75.629958877442704, 24.683694412530567 ], [ 75.626836244542133, 24.682306566412787 ], [ 75.609271434476398, 24.681612643353898 ], [ 75.58311938393409, 24.713186142533392 ], [ 75.549551080252911, 24.703124258179486 ], [ 75.549551080252911, 24.703124258179486 ], [ 75.533937915750045, 24.712145257945057 ], [ 75.489830726029439, 24.687164027825016 ], [ 75.455481764123121, 24.680571758765563 ], [ 75.264610828075519, 24.717349680886731 ], [ 75.228310220606346, 24.717696642416175 ], [ 75.219332651017183, 24.702430335120596 ], [ 75.217771334566905, 24.7055529888856 ], [ 75.197474220713161, 24.743371795595106 ], [ 75.184593359998303, 24.748576218536783 ], [ 75.215819689004036, 24.802355255600759 ], [ 75.252510625585785, 24.813111063013551 ], [ 75.248997663572638, 24.830112177956359 ], [ 75.225187587705761, 24.834275716309698 ], [ 75.224406929480622, 24.843990639134159 ], [ 75.27827234701553, 24.840174062310261 ], [ 75.311059992471556, 24.800967409482979 ], [ 75.328624802537291, 24.819009409014118 ], [ 75.408642270614507, 24.849888985134722 ], [ 75.42035214399165, 24.863073523253632 ], [ 75.423865106004797, 24.875217176784208 ], [ 75.421523131329366, 24.882503368902555 ], [ 75.373512650483036, 24.86758402313642 ], [ 75.326673156974422, 24.874870215254763 ], [ 75.309108346908701, 24.855787331135289 ], [ 75.263439840737803, 24.874870215254763 ], [ 75.26695280275095, 24.899157522315914 ], [ 75.294275840630974, 24.908872445140375 ], [ 75.259146220499503, 24.960916674557126 ], [ 75.285298271041825, 24.965774135969355 ], [ 75.281785309028677, 24.952936559379889 ], [ 75.304814726670415, 24.928302290789293 ], [ 75.313792296259564, 24.885279061138114 ], [ 75.336041055676148, 24.952936559379889 ], [ 75.316134270934995, 24.976876904911595 ], [ 75.314182625372126, 24.97930563561771 ], [ 75.313401967146987, 24.979999558676599 ], [ 75.313792296259564, 24.981734366323824 ], [ 75.317305258272711, 25.00428686573775 ], [ 75.317695587385273, 25.0077564810322 ], [ 75.320427891173281, 25.009144327149979 ], [ 75.324721511411568, 25.011573057856094 ], [ 75.338383030351579, 25.018512288444995 ], [ 75.351263891066452, 25.01885924997444 ] ] ], [ [ [ 74.263416654328893, 25.065699056449514 ], [ 74.273955540368334, 25.066392979508404 ], [ 74.284104097295199, 25.100395209394016 ], [ 74.295813970672356, 25.097619517158456 ], [ 74.324698325002672, 25.123988593396277 ], [ 74.345385767968963, 25.120518978101824 ], [ 74.359047286908975, 25.157296900222995 ], [ 74.378563742537565, 25.153480323399101 ], [ 74.385979995676436, 25.167011823047456 ], [ 74.387541312126729, 25.180890284225256 ], [ 74.373879793186717, 25.192686976226387 ], [ 74.398080198166156, 25.204136706698073 ], [ 74.397689869053593, 25.1881764763436 ], [ 74.399641514616448, 25.187829514814155 ], [ 74.44921331191307, 25.177420668930807 ], [ 74.463655489078221, 25.164930053870787 ], [ 74.495662476309107, 25.201707975991955 ], [ 74.511275640811974, 25.202054937521403 ], [ 74.508933666136542, 25.182625091872481 ], [ 74.55460217230744, 25.177420668930807 ], [ 74.537037362241719, 25.146888054339644 ], [ 74.564360400121743, 25.131621747044065 ], [ 74.578021919061754, 25.148622861986873 ], [ 74.614322526530927, 25.140642746809636 ], [ 74.658429716251533, 25.181931168813591 ], [ 74.69277867815785, 25.177073707401362 ], [ 74.712295133786441, 25.204483668227518 ], [ 74.723224348938459, 25.205871514345297 ], [ 74.729079285627037, 25.18540078410804 ], [ 74.715808095799588, 25.173951053636355 ], [ 74.741179488116757, 25.174991938224689 ], [ 74.754450677944192, 25.215586437169755 ], [ 74.780212399373937, 25.202748860580293 ], [ 74.7848963487248, 25.175338899754138 ], [ 74.792312601863657, 25.17221624598913 ], [ 74.797386880327096, 25.15903170787022 ], [ 74.795825563876804, 25.152439438810767 ], [ 74.80011918411509, 25.151398554222432 ], [ 74.838371437147131, 25.14445932363353 ], [ 74.859449209226, 25.17221624598913 ], [ 74.891456196456886, 25.186441668696375 ], [ 74.910191993860337, 25.176726745871918 ], [ 74.892627183794602, 25.142377554456861 ], [ 74.919169563449486, 25.141336669868526 ], [ 74.930098778601504, 25.123294670337387 ], [ 74.939466677303216, 25.150704631163542 ], [ 74.960154120269522, 25.139948823750746 ], [ 74.973425310096971, 25.10421178621791 ], [ 75.022997107393579, 25.134397439279624 ], [ 75.030803689645012, 25.122947708807942 ], [ 75.062810676875898, 25.114967593630706 ], [ 75.079985157829057, 25.125723401043501 ], [ 75.123311689324524, 25.125723401043501 ], [ 75.125263334887393, 25.1049057092768 ], [ 75.204109815626893, 25.08963940198122 ], [ 75.189667638461728, 25.054596287507273 ], [ 75.191619284024597, 25.039676941741138 ], [ 75.190838625799444, 25.037248211035024 ], [ 75.190838625799444, 25.036554287976134 ], [ 75.174444803071438, 25.046269210800595 ], [ 75.153367030992555, 25.032390749622795 ], [ 75.166638220820005, 25.002899019619971 ], [ 75.132289258913687, 24.983469173971049 ], [ 75.141657157615398, 24.978264751029375 ], [ 75.129556955125679, 24.969243751263804 ], [ 75.113553461510236, 24.966815020557689 ], [ 75.116676094410806, 24.877992869019767 ], [ 75.087401410967928, 24.870706676901424 ], [ 75.088572398305644, 24.878686792078657 ], [ 75.07647219581591, 24.88076856125533 ], [ 75.065933309776483, 24.86827794619531 ], [ 75.055784752849618, 24.872094523019204 ], [ 75.060078373087904, 24.863420484783077 ], [ 75.039000601009022, 24.845378485251938 ], [ 74.958592803819243, 24.858216061841404 ], [ 74.948053917779802, 24.864461369371412 ], [ 74.953128196243227, 24.880421599725885 ], [ 74.932050424164359, 24.875217176784208 ], [ 74.916437259661492, 24.885972984197004 ], [ 74.902775740721466, 24.930037098436518 ], [ 74.881307639530021, 24.937323290554865 ], [ 74.869988095265441, 24.924832675494844 ], [ 74.859058880113437, 24.96265148220435 ], [ 74.843055386497994, 24.968896789734359 ], [ 74.833687487796269, 24.959528828439343 ], [ 74.825880905544835, 24.899157522315914 ], [ 74.858668551000861, 24.840174062310261 ], [ 74.858668551000861, 24.839133177721926 ], [ 74.860620196563715, 24.812764101484106 ], [ 74.861010525676292, 24.805477909365763 ], [ 74.861010525676292, 24.805477909365763 ], [ 74.837981108034555, 24.797150832659081 ], [ 74.846568348511141, 24.780843640775167 ], [ 74.850471639636851, 24.776333140892383 ], [ 74.861010525676292, 24.779108833127943 ], [ 74.861010525676292, 24.798538678776861 ], [ 74.879746323079743, 24.797150832659081 ], [ 74.914485614098624, 24.769046948774037 ], [ 74.930489107714067, 24.778761871598498 ], [ 74.933611740614651, 24.777720987010163 ], [ 74.935173057064929, 24.778414910069053 ], [ 74.977718930335257, 24.764883410420698 ], [ 74.987867487262122, 24.767312141126812 ], [ 75.002309664427273, 24.770781756421261 ], [ 75.006993613778135, 24.771822641009596 ], [ 75.016361512479861, 24.73192206512342 ], [ 74.992161107500408, 24.731575103593975 ], [ 74.992161107500408, 24.693409335355028 ], [ 75.001529006202134, 24.686470104766126 ], [ 74.960154120269522, 24.678836951118335 ], [ 74.961325107607237, 24.656284451704412 ], [ 74.942198981091224, 24.647263451938841 ], [ 74.943369968428939, 24.637895490643828 ], [ 74.905117715396898, 24.641018144408832 ], [ 74.901604753383765, 24.632691067702151 ], [ 74.894578829357471, 24.644140798173837 ], [ 74.888723892668892, 24.633731952290486 ], [ 74.8360294624717, 24.706246911944493 ], [ 74.809096753704239, 24.780843640775167 ], [ 74.799728855002527, 24.779108833127943 ], [ 74.804022475240814, 24.735044718888428 ], [ 74.779431741148784, 24.731228142064531 ], [ 74.787238323400231, 24.703818181238375 ], [ 74.771625158897351, 24.661488874646086 ], [ 74.810267741041969, 24.666346336058318 ], [ 74.810658070154531, 24.665652412999428 ], [ 74.814171032167678, 24.660447990057751 ], [ 74.815732348617971, 24.657672297822192 ], [ 74.813780703055102, 24.655937490174967 ], [ 74.779431741148784, 24.615342991229902 ], [ 74.786457665175078, 24.585851261227077 ], [ 74.743521462792188, 24.571278876990384 ], [ 74.755621665281907, 24.534500954869216 ], [ 74.744302121017327, 24.532419185692547 ], [ 74.744692450129904, 24.513336301573069 ], [ 74.719321057812735, 24.507437955572506 ], [ 74.715027437574449, 24.502580494160274 ], [ 74.697462627508713, 24.483150648511355 ], [ 74.696291640170998, 24.481762802393575 ], [ 74.693949665495566, 24.482456725452465 ], [ 74.640084247960658, 24.497723032748045 ], [ 74.64242622263609, 24.485926340746914 ], [ 74.628764703696078, 24.475517494863563 ], [ 74.618616146769213, 24.505356186395836 ], [ 74.615103184756066, 24.506397070984171 ], [ 74.592854425339482, 24.50917276321973 ], [ 74.565141058346882, 24.489395956041363 ], [ 74.564360400121743, 24.488702032982474 ], [ 74.556944146982872, 24.427636803800155 ], [ 74.518301564838268, 24.422432380858478 ], [ 74.532353412890856, 24.3585914594406 ], [ 74.52805979265257, 24.285729538257147 ], [ 74.518301564838268, 24.286076499786592 ], [ 74.485513919382242, 24.226052155192608 ], [ 74.479658982693664, 24.223276462957049 ], [ 74.471852400442231, 24.219112924603706 ], [ 74.468729767541646, 24.217725078485927 ], [ 74.466387792866215, 24.219459886133151 ], [ 74.442187387886776, 24.242012385547078 ], [ 74.430477514509619, 24.252421231430429 ], [ 74.430087185397042, 24.257625654372102 ], [ 74.430867843622195, 24.257972615901547 ], [ 74.430867843622195, 24.270463230961568 ], [ 74.427745210721611, 24.279484230727139 ], [ 74.425793565158756, 24.286770422845482 ], [ 74.425403236046179, 24.287811307433817 ], [ 74.366463540047846, 24.283647769080478 ], [ 74.377783084312426, 24.298220153317168 ], [ 74.368024856498138, 24.299954960964392 ], [ 74.359827945134128, 24.33222238320278 ], [ 74.333285565479244, 24.34401907520391 ], [ 74.343434122406109, 24.351999190381143 ], [ 74.343043793293532, 24.369347266853396 ], [ 74.366463540047846, 24.37177599755951 ], [ 74.361389261584407, 24.40092076603289 ], [ 74.34265346418097, 24.416187073328469 ], [ 74.308694831387228, 24.406819112033453 ], [ 74.309085160499791, 24.441515264977955 ], [ 74.328991945240958, 24.456781572273535 ], [ 74.341092147730677, 24.4834976100408 ], [ 74.320795033876948, 24.484538494629135 ], [ 74.308694831387228, 24.461639033685763 ], [ 74.29152035043407, 24.463720802862433 ], [ 74.28332343907006, 24.477599264040236 ], [ 74.268490932792332, 24.454005880037975 ], [ 74.268100603679756, 24.477946225569681 ], [ 74.256390730302599, 24.484538494629135 ], [ 74.252097110064312, 24.465108648980216 ], [ 74.261074679653461, 24.466149533568551 ], [ 74.261074679653461, 24.452964995449641 ], [ 74.250535793614034, 24.45504676462631 ], [ 74.230238679760291, 24.42867768838849 ], [ 74.198231692529404, 24.447066649449074 ], [ 74.217357819045418, 24.48141584086413 ], [ 74.242729211362587, 24.4834976100408 ], [ 74.238435591124301, 24.503621378748612 ], [ 74.250535793614034, 24.501192648042494 ], [ 74.249755135388881, 24.515418070749739 ], [ 74.269271591017471, 24.515418070749739 ], [ 74.273565211255757, 24.535888800986996 ], [ 74.261855337878615, 24.547338531458681 ], [ 74.270442578355187, 24.576483299932061 ], [ 74.244290527812879, 24.584463415109298 ], [ 74.236093616448869, 24.599729722404877 ], [ 74.215406173482563, 24.591749607227641 ], [ 74.213844857032285, 24.614996029700457 ], [ 74.252097110064312, 24.616036914288792 ], [ 74.242729211362587, 24.640324221349942 ], [ 74.225554730409428, 24.648998259586065 ], [ 74.212673869694569, 24.615689952759347 ], [ 74.19628004696655, 24.614302106641567 ], [ 74.205647945668275, 24.643793836644392 ], [ 74.200573667204836, 24.662876720763865 ], [ 74.183008857139114, 24.656284451704412 ], [ 74.171298983761957, 24.669122028293877 ], [ 74.152563186358506, 24.666693297587763 ], [ 74.154905161033938, 24.685082258648347 ], [ 74.172079641987096, 24.686817066295571 ], [ 74.170518325536818, 24.711104373356722 ], [ 74.104162376399614, 24.734697757358983 ], [ 74.118214224452188, 24.752045833831232 ], [ 74.106894680187608, 24.763495564302918 ], [ 74.107285009300185, 24.808253601601322 ], [ 74.129533768716769, 24.843643677604714 ], [ 74.104552705512177, 24.862032638665298 ], [ 74.13695002185564, 24.858216061841404 ], [ 74.142414629431642, 24.881115522784775 ], [ 74.142414629431642, 24.881115522784775 ], [ 74.142414629431642, 24.881115522784775 ], [ 74.147488907895081, 24.886666907255893 ], [ 74.157637464821946, 24.915117752670383 ], [ 74.179105566013391, 24.924485713965399 ], [ 74.194718730516257, 24.954324405497669 ], [ 74.19549938874141, 24.986591827736053 ], [ 74.234532299998591, 24.995612827501624 ], [ 74.261074679653461, 24.982081327853269 ], [ 74.291130021321493, 25.001511173502188 ], [ 74.303620552923789, 24.992143212207175 ], [ 74.318453059201516, 25.029962018916681 ], [ 74.317282071863801, 25.03204378809335 ], [ 74.294252654222063, 25.037595172564469 ], [ 74.284104097295199, 25.055984133625056 ], [ 74.278639489719197, 25.060147671978395 ], [ 74.261465008766038, 25.065699056449514 ], [ 74.263416654328893, 25.065699056449514 ] ] ] ] } },
{ "type": "Feature", "properties": { "dt_code": "099", "district": "Ganganagar", "st_code": "08", "year": "2011_c", "st_nm": "Rajasthan" }, "geometry": { "type": "Polygon", "coordinates": [ [ [ 74.040929060162981, 29.009610761650865 ], [ 74.026096553885253, 28.993997492825841 ], [ 74.019460958971536, 28.987058262236939 ], [ 74.02141260453439, 28.973526762588584 ], [ 74.02648688299783, 28.933279225172964 ], [ 73.971840807237768, 28.90170572599347 ], [ 73.957788959185194, 28.944035032585759 ], [ 73.967937516112059, 28.975608531765253 ], [ 73.908997820113711, 28.959648301410784 ], [ 73.878161820220541, 28.939177571173531 ], [ 73.846154832989669, 28.936748840467413 ], [ 73.85240009879081, 28.949586417056878 ], [ 73.843032200089084, 28.967975378117465 ], [ 73.830931997599365, 28.965199685881906 ], [ 73.824686731798209, 28.986017377648604 ], [ 73.798144352143339, 29.004753300238633 ], [ 73.800486326818756, 29.035979837888686 ], [ 73.770821314263301, 29.049511337537041 ], [ 73.770821314263301, 29.049511337537041 ], [ 73.740375643482707, 29.003365454120853 ], [ 73.73686268146956, 29.018284799886992 ], [ 73.703294377788396, 29.02314226129922 ], [ 73.6908038461861, 29.035979837888686 ], [ 73.666603441206647, 29.015162146121984 ], [ 73.617421973022601, 29.034245030241458 ], [ 73.562775897262554, 28.99816103117918 ], [ 73.51983969487965, 28.993303569766951 ], [ 73.481977770960185, 29.005447223297523 ], [ 73.467535593795034, 28.98220080082471 ], [ 73.462070986219032, 29.003018492591409 ], [ 73.335994682858342, 29.01273341541587 ], [ 73.337555999308634, 29.003365454120853 ], [ 73.306329670302887, 28.97109803188247 ], [ 73.27939696153544, 28.967281455058576 ], [ 73.280958277985718, 28.935707955879078 ], [ 73.239583392053106, 28.935707955879078 ], [ 73.234118784477104, 28.917665956347939 ], [ 73.208747392159935, 28.921482533171833 ], [ 73.208747392159935, 28.892684726227898 ], [ 73.190401923869075, 28.888174226345114 ], [ 73.221237923762246, 28.879153226579543 ], [ 73.213041012398236, 28.872213995990641 ], [ 73.226312202225671, 28.867703496107858 ], [ 73.211089366835367, 28.867703496107858 ], [ 73.205624759259365, 28.849661496576719 ], [ 73.18415665806792, 28.849661496576719 ], [ 73.177521063154202, 28.836129996928364 ], [ 73.150978683499318, 28.842722265987817 ], [ 73.156052961962757, 28.822945458809453 ], [ 73.135365518996451, 28.811148766808323 ], [ 73.140830126572453, 28.779228306099384 ], [ 73.099064911527279, 28.781310075276053 ], [ 73.102187544427849, 28.765696806451029 ], [ 73.070961215422102, 28.767778575627698 ], [ 73.070570886309525, 28.751124422214339 ], [ 73.031928304164921, 28.747654806919886 ], [ 73.037002582628361, 28.731694576565417 ], [ 73.008898886523184, 28.724755345976519 ], [ 72.857060861732762, 28.724755345976519 ], [ 72.857060861732762, 28.73828684562487 ], [ 72.892971140089372, 28.738633807154315 ], [ 72.892971140089372, 28.754247075979343 ], [ 72.846912304805898, 28.758757575862127 ], [ 72.792656558158427, 28.783738805982168 ], [ 72.748939697550384, 28.783738805982168 ], [ 72.743084760861805, 28.797270305630523 ], [ 72.754404305126386, 28.816006228220552 ], [ 72.713029419193774, 28.817741035867776 ], [ 72.707955140730348, 28.835783035398919 ], [ 72.687267697764042, 28.828843804810017 ], [ 72.686877368651466, 28.848620611988384 ], [ 72.677119140837178, 28.848620611988384 ], [ 72.676728811724601, 28.88782726481567 ], [ 72.661505976334311, 28.892337764698453 ], [ 72.661505976334311, 28.910032802700147 ], [ 72.732545874822364, 28.947504647880208 ], [ 72.945275241173988, 29.027652761182004 ], [ 73.004214937172335, 29.152905873311653 ], [ 73.084622734362114, 29.235829678849008 ], [ 73.28251959443601, 29.572035400881216 ], [ 73.396886024419544, 29.945712968093481 ], [ 73.597124859168872, 30.018921850806379 ], [ 73.806341263507335, 30.067843426458126 ], [ 73.967547186999482, 30.19379046164666 ], [ 73.972621465462922, 30.197954 ], [ 73.974963440138353, 30.119887655874876 ], [ 73.903923541650286, 30.050148388456428 ], [ 73.886358731584551, 30.011982620217477 ], [ 73.894555642948561, 29.973816851978526 ], [ 74.296594628897495, 29.955427890917942 ], [ 74.296984958010071, 29.954387006329608 ], [ 74.298155945347787, 29.954387006329608 ], [ 74.297375287122634, 29.925242237856228 ], [ 74.279420147944336, 29.920384776443996 ], [ 74.253268097402028, 29.893321777147285 ], [ 74.257952046752891, 29.869728393145028 ], [ 74.276687844156342, 29.874932816086702 ], [ 74.281762122619767, 29.842318432318873 ], [ 74.228677363310013, 29.841277547730538 ], [ 74.23219032532316, 29.808316202433261 ], [ 74.209941565906561, 29.801376971844363 ], [ 74.208770578568846, 29.771191318782648 ], [ 74.198622021641981, 29.77015043419431 ], [ 74.199793008979697, 29.735107319720367 ], [ 74.181447540688822, 29.72782112760202 ], [ 74.18417984447683, 29.750026665486502 ], [ 74.134998376292785, 29.750026665486502 ], [ 74.1318757433922, 29.717065320189228 ], [ 74.119385211789904, 29.716371397130334 ], [ 74.111578629538471, 29.730249858308134 ], [ 74.080352300532724, 29.732331627484804 ], [ 74.080352300532724, 29.739617819603151 ], [ 74.051858275314984, 29.72851505066091 ], [ 74.04170971838812, 29.737883011955926 ], [ 74.01828997163382, 29.719147089365897 ], [ 73.979257060376639, 29.719147089365897 ], [ 73.979257060376639, 29.7014520513642 ], [ 73.95895994652291, 29.701105089834755 ], [ 73.958569617410333, 29.67230728289082 ], [ 73.94764040225833, 29.665021090772477 ], [ 73.937882174444027, 29.678899551950273 ], [ 73.925001313729155, 29.678899551950273 ], [ 73.937491845331465, 29.666755898419702 ], [ 73.888700706259982, 29.671266398302485 ], [ 73.831322326711927, 29.655653129477461 ], [ 73.831322326711927, 29.642468591358551 ], [ 73.857474377254249, 29.625467476415743 ], [ 73.860597010154819, 29.607772438414049 ], [ 73.847716149439947, 29.58903651582402 ], [ 73.880503794895972, 29.589383477353465 ], [ 73.909388149226288, 29.610201169120167 ], [ 73.932807895980602, 29.593893977236249 ], [ 73.936320857993749, 29.613670784414616 ], [ 73.946859744033176, 29.611589015237946 ], [ 73.942956452907467, 29.58764866970624 ], [ 73.960521262973188, 29.58764866970624 ], [ 73.961301921198341, 29.568218824057318 ], [ 73.913291440352012, 29.568218824057318 ], [ 73.912901111239435, 29.559197824291751 ], [ 73.95895994652291, 29.557809978173971 ], [ 73.941395136457174, 29.529706094288926 ], [ 73.956227642734902, 29.516174594640567 ], [ 73.94256612379489, 29.510623210169449 ], [ 73.962472908536057, 29.504030941109995 ], [ 73.96715685788692, 29.483907172402184 ], [ 73.957008300960041, 29.474539211107167 ], [ 73.948811389596045, 29.483907172402184 ], [ 73.951543693384039, 29.457538096164363 ], [ 73.941395136457174, 29.457538096164363 ], [ 73.941785465569751, 29.449211019457685 ], [ 73.885968402471988, 29.44886405792824 ], [ 73.886358731584551, 29.420760174043192 ], [ 73.90665584543828, 29.413820943454294 ], [ 73.897678275849131, 29.373226444509228 ], [ 73.940224149119459, 29.370450752273669 ], [ 73.984331338840065, 29.400289443805939 ], [ 74.003457465356092, 29.333672830152498 ], [ 74.019460958971536, 29.328121445681376 ], [ 74.018680300746382, 29.286833023677424 ], [ 74.045222680401267, 29.286833023677424 ], [ 74.091671844797318, 29.257688255204041 ], [ 74.107675338412761, 29.294813138854657 ], [ 74.14007265475621, 29.295160100384102 ], [ 74.164273059735663, 29.311814253797461 ], [ 74.166615034411095, 29.325692714975261 ], [ 74.202915641880267, 29.3298562533286 ], [ 74.205647945668275, 29.341305983800289 ], [ 74.23921624934944, 29.327427522622486 ], [ 74.24663250248831, 29.302099330973 ], [ 74.216577160820279, 29.297588831090216 ], [ 74.187302477377401, 29.278505946970743 ], [ 74.216186831707716, 29.242768909437906 ], [ 74.212673869694569, 29.231666140495665 ], [ 74.192767084953402, 29.225420832965657 ], [ 74.209941565906561, 29.216746794729531 ], [ 74.199012350754558, 29.185520257079482 ], [ 74.206818933005991, 29.172682680490016 ], [ 74.202525312767705, 29.149783219546645 ], [ 74.165834376185956, 29.139027412133849 ], [ 74.162711743285371, 29.111270489778249 ], [ 74.134608047180208, 29.082472682834315 ], [ 74.132266072504777, 29.067900298597625 ], [ 74.1318757433922, 29.065124606362065 ], [ 74.111968958651048, 29.064430683303176 ], [ 74.081523287870439, 29.028693645770339 ], [ 74.040929060162981, 29.009610761650865 ] ] ] } },
{ "type": "Feature", "properties": { "dt_code": "100", "district": "Hanumangarh", "st_code": "08", "year": "2011_c", "st_nm": "Rajasthan" }, "geometry": { "type": "Polygon", "coordinates": [ [ [ 75.474217561526558, 28.925993033054617 ], [ 75.452749460335113, 28.95444387846911 ], [ 75.450797814772258, 28.98428257000138 ], [ 75.427378068017944, 28.999895838826404 ], [ 75.427378068017944, 28.999548877296959 ], [ 75.402006675700775, 28.970057147294135 ], [ 75.398884042800205, 28.940912378820755 ], [ 75.37741594160876, 28.938136686585196 ], [ 75.375073966933329, 28.920788610112943 ], [ 75.366486726456756, 28.91489026411238 ], [ 75.353215536629307, 28.91489026411238 ], [ 75.332918422775577, 28.920441648583498 ], [ 75.334089410113293, 28.938136686585196 ], [ 75.33447973922587, 28.939177571173531 ], [ 75.33447973922587, 28.939524532702976 ], [ 75.355167182192162, 28.946810724821319 ], [ 75.357509156867593, 28.947504647880208 ], [ 75.357509156867593, 28.966934493529131 ], [ 75.334089410113293, 28.981853839295265 ], [ 75.294666169743536, 28.9828947238836 ], [ 75.291153207730389, 28.969363224235245 ], [ 75.307547030458409, 28.950974263174658 ], [ 75.299740448206975, 28.949586417056878 ], [ 75.293104853293258, 28.917665956347939 ], [ 75.276320701452676, 28.931197455996294 ], [ 75.243533055996636, 28.931197455996294 ], [ 75.246655688897206, 28.884010687991776 ], [ 75.219332651017183, 28.865274765401743 ], [ 75.221674625692614, 28.858335534812845 ], [ 75.190448296686881, 28.867356534578413 ], [ 75.189277309349166, 28.867703496107858 ], [ 75.183812701773149, 28.860764265518959 ], [ 75.170151182833138, 28.847232765870604 ], [ 75.147512094303977, 28.874295765167314 ], [ 75.122531031099385, 28.876724495873429 ], [ 75.027681056744441, 28.851049342694498 ], [ 75.029242373194734, 28.880888034226768 ], [ 75.0448555376976, 28.895460418463458 ], [ 75.035877968108451, 28.938483648114641 ], [ 75.002309664427273, 28.930503532937404 ], [ 74.994893411288416, 28.909338879641258 ], [ 74.94649260132951, 28.906563187405698 ], [ 74.941418322866085, 28.892684726227898 ], [ 74.923853512800349, 28.891990803169008 ], [ 74.897311133145465, 28.926686956113507 ], [ 74.901214424271188, 28.938830609644086 ], [ 74.859839538338576, 28.944035032585759 ], [ 74.802461158790521, 28.929115686819625 ], [ 74.7806027284865, 28.913155456465155 ], [ 74.76537989309621, 28.888868149404004 ], [ 74.767721867771641, 28.872560957520086 ], [ 74.795825563876804, 28.856253765636172 ], [ 74.798557867664812, 28.831272535516135 ], [ 74.771625158897351, 28.822251535750564 ], [ 74.752889361493914, 28.828149881751127 ], [ 74.748595741255627, 28.853478073400613 ], [ 74.720101716037874, 28.850355419635608 ], [ 74.692388349045288, 28.833354304692804 ], [ 74.635009969497233, 28.836476958457808 ], [ 74.631497007484086, 28.812536612926102 ], [ 74.595586729127476, 28.811495728337768 ], [ 74.582315539300041, 28.829190766339462 ], [ 74.541721311592582, 28.816700151279441 ], [ 74.52376617241427, 28.825721151045013 ], [ 74.476536349793093, 28.815312305161662 ], [ 74.437113109423336, 28.828843804810017 ], [ 74.419157970245038, 28.88505157258011 ], [ 74.379734729875281, 28.874989688226204 ], [ 74.361389261584407, 28.852784150341723 ], [ 74.268490932792332, 28.796229421042188 ], [ 74.254048755627167, 28.798311190218858 ], [ 74.250926122726597, 28.799005113277747 ], [ 74.245851844263171, 28.812536612926102 ], [ 74.226335388634581, 28.812536612926102 ], [ 74.225164401296865, 28.812536612926102 ], [ 74.22399341395915, 28.812189651396658 ], [ 74.195109059628834, 28.809413959161098 ], [ 74.183789515364253, 28.802474728572196 ], [ 74.178324907788252, 28.799352074807192 ], [ 74.169737667311665, 28.794147651865519 ], [ 74.160369768609939, 28.776799575393269 ], [ 74.159979439497377, 28.776452613863825 ], [ 74.159979439497377, 28.779575267628829 ], [ 74.138511338305932, 28.797270305630523 ], [ 74.137340350968216, 28.796923344101078 ], [ 74.057322882891, 28.777146536922714 ], [ 74.092452503022457, 28.827108997162792 ], [ 74.126801464928775, 28.840640496811147 ], [ 74.127191794041337, 28.840987458340592 ], [ 74.118604553564765, 28.847232765870604 ], [ 74.132266072504777, 28.876377534343984 ], [ 74.122507844690489, 28.898236110699017 ], [ 74.112749616876187, 28.896501303051792 ], [ 74.115091591551618, 28.939177571173531 ], [ 74.067471439817865, 28.935360994349633 ], [ 74.076058680294437, 28.963811839764123 ], [ 74.054980908215569, 28.99885495423807 ], [ 74.040929060162981, 28.99816103117918 ], [ 74.040929060162981, 29.009610761650865 ], [ 74.081523287870439, 29.028693645770339 ], [ 74.111968958651048, 29.064430683303176 ], [ 74.1318757433922, 29.065124606362065 ], [ 74.132266072504777, 29.067900298597625 ], [ 74.134608047180208, 29.082472682834315 ], [ 74.162711743285371, 29.111270489778249 ], [ 74.165834376185956, 29.139027412133849 ], [ 74.202525312767705, 29.149783219546645 ], [ 74.206818933005991, 29.172682680490016 ], [ 74.199012350754558, 29.185520257079482 ], [ 74.209941565906561, 29.216746794729531 ], [ 74.192767084953402, 29.225420832965657 ], [ 74.212673869694569, 29.231666140495665 ], [ 74.216186831707716, 29.242768909437906 ], [ 74.187302477377401, 29.278505946970743 ], [ 74.216577160820279, 29.297588831090216 ], [ 74.24663250248831, 29.302099330973 ], [ 74.23921624934944, 29.327427522622486 ], [ 74.205647945668275, 29.341305983800289 ], [ 74.202915641880267, 29.3298562533286 ], [ 74.166615034411095, 29.325692714975261 ], [ 74.164273059735663, 29.311814253797461 ], [ 74.14007265475621, 29.295160100384102 ], [ 74.107675338412761, 29.294813138854657 ], [ 74.091671844797318, 29.257688255204041 ], [ 74.045222680401267, 29.286833023677424 ], [ 74.018680300746382, 29.286833023677424 ], [ 74.019460958971536, 29.328121445681376 ], [ 74.003457465356092, 29.333672830152498 ], [ 73.984331338840065, 29.400289443805939 ], [ 73.940224149119459, 29.370450752273669 ], [ 73.897678275849131, 29.373226444509228 ], [ 73.90665584543828, 29.413820943454294 ], [ 73.886358731584551, 29.420760174043192 ], [ 73.885968402471988, 29.44886405792824 ], [ 73.941785465569751, 29.449211019457685 ], [ 73.941395136457174, 29.457538096164363 ], [ 73.951543693384039, 29.457538096164363 ], [ 73.948811389596045, 29.483907172402184 ], [ 73.957008300960041, 29.474539211107167 ], [ 73.96715685788692, 29.483907172402184 ], [ 73.962472908536057, 29.504030941109995 ], [ 73.94256612379489, 29.510623210169449 ], [ 73.956227642734902, 29.516174594640567 ], [ 73.941395136457174, 29.529706094288926 ], [ 73.95895994652291, 29.557809978173971 ], [ 73.912901111239435, 29.559197824291751 ], [ 73.913291440352012, 29.568218824057318 ], [ 73.961301921198341, 29.568218824057318 ], [ 73.960521262973188, 29.58764866970624 ], [ 73.942956452907467, 29.58764866970624 ], [ 73.946859744033176, 29.611589015237946 ], [ 73.936320857993749, 29.613670784414616 ], [ 73.932807895980602, 29.593893977236249 ], [ 73.909388149226288, 29.610201169120167 ], [ 73.880503794895972, 29.589383477353465 ], [ 73.847716149439947, 29.58903651582402 ], [ 73.860597010154819, 29.607772438414049 ], [ 73.857474377254249, 29.625467476415743 ], [ 73.831322326711927, 29.642468591358551 ], [ 73.831322326711927, 29.655653129477461 ], [ 73.888700706259982, 29.671266398302485 ], [ 73.937491845331465, 29.666755898419702 ], [ 73.925001313729155, 29.678899551950273 ], [ 73.937882174444027, 29.678899551950273 ], [ 73.94764040225833, 29.665021090772477 ], [ 73.958569617410333, 29.67230728289082 ], [ 73.95895994652291, 29.701105089834755 ], [ 73.979257060376639, 29.7014520513642 ], [ 73.979257060376639, 29.719147089365897 ], [ 74.01828997163382, 29.719147089365897 ], [ 74.04170971838812, 29.737883011955926 ], [ 74.051858275314984, 29.72851505066091 ], [ 74.080352300532724, 29.739617819603151 ], [ 74.080352300532724, 29.732331627484804 ], [ 74.111578629538471, 29.730249858308134 ], [ 74.119385211789904, 29.716371397130334 ], [ 74.1318757433922, 29.717065320189228 ], [ 74.134998376292785, 29.750026665486502 ], [ 74.18417984447683, 29.750026665486502 ], [ 74.181447540688822, 29.72782112760202 ], [ 74.199793008979697, 29.735107319720367 ], [ 74.198622021641981, 29.77015043419431 ], [ 74.208770578568846, 29.771191318782648 ], [ 74.209941565906561, 29.801376971844363 ], [ 74.23219032532316, 29.808316202433261 ], [ 74.228677363310013, 29.841277547730538 ], [ 74.281762122619767, 29.842318432318873 ], [ 74.276687844156342, 29.874932816086702 ], [ 74.257952046752891, 29.869728393145028 ], [ 74.253268097402028, 29.893321777147285 ], [ 74.279420147944336, 29.920384776443996 ], [ 74.297375287122634, 29.925242237856228 ], [ 74.298155945347787, 29.954387006329608 ], [ 74.298155945347787, 29.955427890917942 ], [ 74.448042324575354, 29.947100814211261 ], [ 74.448822982800493, 29.947100814211261 ], [ 74.527279134427417, 29.942937275857922 ], [ 74.526498476202278, 29.941202468210697 ], [ 74.510104653474258, 29.908241122913424 ], [ 74.543672957155437, 29.901301892324522 ], [ 74.560847438108595, 29.869728393145028 ], [ 74.538989007804574, 29.840583624671645 ], [ 74.507762678798827, 29.832950471023857 ], [ 74.485123590269666, 29.814561509963273 ], [ 74.474975033342801, 29.772926126429873 ], [ 74.476146020680517, 29.760088549840404 ], [ 74.480049311806241, 29.745169204074273 ], [ 74.533914729341134, 29.74031174266204 ], [ 74.562408754558874, 29.75557804995762 ], [ 74.576070273498885, 29.748291857839277 ], [ 74.58738981776348, 29.767027780429306 ], [ 74.616274172093782, 29.752108434663171 ], [ 74.585438172200611, 29.654612244889126 ], [ 74.59129310888919, 29.639692899122991 ], [ 74.581534881074901, 29.627202284062971 ], [ 74.574899286161184, 29.564402247233424 ], [ 74.622909767007513, 29.531093940406706 ], [ 74.621738779669784, 29.522072940641134 ], [ 74.601051336703492, 29.500908287344988 ], [ 74.584657513975472, 29.458578980752698 ], [ 74.541330982480005, 29.463436442164927 ], [ 74.538598678691997, 29.456844173105473 ], [ 74.536647033129142, 29.424576750867089 ], [ 74.566312045684597, 29.420413212513747 ], [ 74.578021919061754, 29.388492751804808 ], [ 74.603002982266347, 29.364899367802547 ], [ 74.599099691140623, 29.327427522622486 ], [ 74.654526425125823, 29.332978907093608 ], [ 74.65803938713897, 29.371838598391449 ], [ 74.719321057812735, 29.370103790744224 ], [ 74.739227842553902, 29.354143560389751 ], [ 74.762257260195639, 29.354490521919196 ], [ 74.787628652512794, 29.361429752508098 ], [ 74.820416297968833, 29.397166790040934 ], [ 74.850471639636851, 29.403759059100388 ], [ 74.9382956899655, 29.362123675566988 ], [ 74.939857006415792, 29.339918137682506 ], [ 74.960934778494675, 29.320141330504143 ], [ 74.948444246892365, 29.30140540791411 ], [ 74.961325107607237, 29.280587716147412 ], [ 74.998796702414126, 29.270525831793506 ], [ 75.019874474493008, 29.286139100618531 ], [ 75.04992981616104, 29.286139100618531 ], [ 75.081936803391926, 29.227849563671771 ], [ 75.119408398198814, 29.222992102259543 ], [ 75.12448267666224, 29.239993217202347 ], [ 75.162734929694281, 29.244156755555686 ], [ 75.174444803071438, 29.251095986144588 ], [ 75.16858986638286, 29.258729139792376 ], [ 75.18810632201145, 29.268097101087392 ], [ 75.209964752315472, 29.234788794260673 ], [ 75.238458777533211, 29.230278294377886 ], [ 75.239629764870926, 29.259423062851265 ], [ 75.245094372446928, 29.250402063085698 ], [ 75.284127283704109, 29.249014216967915 ], [ 75.288420903942395, 29.273301524029065 ], [ 75.30676637223327, 29.274689370146845 ], [ 75.322769865848713, 29.289608715912983 ], [ 75.34579928349045, 29.283363408382971 ], [ 75.328234473424715, 29.235482717319563 ], [ 75.350873561953875, 29.225073871436212 ], [ 75.375854625158468, 29.255259524497927 ], [ 75.405519637713923, 29.260463947439604 ], [ 75.407471283276791, 29.255606486027371 ], [ 75.40903259972707, 29.251095986144588 ], [ 75.412155232627654, 29.242768909437906 ], [ 75.39693239723735, 29.217440717788421 ], [ 75.408642270614507, 29.213277179435082 ], [ 75.414497207303071, 29.184479372491147 ], [ 75.406690625051638, 29.169906988254457 ], [ 75.381319232734484, 29.168866103666122 ], [ 75.378586928946476, 29.142150065898857 ], [ 75.371561004920181, 29.141109181310519 ], [ 75.371561004920181, 29.140762219781074 ], [ 75.375854625158468, 29.137986527545515 ], [ 75.401226017475636, 29.122720220249935 ], [ 75.405909966826499, 29.120291489543821 ], [ 75.400055030137921, 29.115087066602147 ], [ 75.391077460548772, 29.062695875655951 ], [ 75.441820245183109, 29.057491452714274 ], [ 75.451968802109974, 29.03910249165369 ], [ 75.445723536308819, 29.008222915533086 ], [ 75.47265624507628, 29.014121261533649 ], [ 75.501150270294019, 29.008222915533086 ], [ 75.516373105684309, 29.005100261768078 ], [ 75.521837713260325, 29.003712415650298 ], [ 75.527302320836327, 28.97109803188247 ], [ 75.527302320836327, 28.970751070353025 ], [ 75.526131333498611, 28.96971018576469 ], [ 75.523399029710603, 28.966934493529131 ], [ 75.510908498108307, 28.945422878703539 ], [ 75.511689156333446, 28.94195326340909 ], [ 75.508956852545452, 28.941606301879645 ], [ 75.505834219644882, 28.936054917408523 ], [ 75.477340194427143, 28.934667071290743 ], [ 75.474217561526558, 28.925993033054617 ] ] ] } },
{ "type": "Feature", "properties": { "dt_code": "101", "district": "Bikaner", "st_code": "08", "year": "2011_c", "st_nm": "Rajasthan" }, "geometry": { "type": "Polygon", "coordinates": [ [ [ 74.159979439497377, 28.776452613863825 ], [ 74.159979439497377, 28.776452613863825 ], [ 74.160760097722516, 28.765002883392135 ], [ 74.151001869908228, 28.759104537391572 ], [ 74.138901667418494, 28.73689899950709 ], [ 74.174031287549951, 28.736552037977646 ], [ 74.192376755840826, 28.709489038680935 ], [ 74.079181313195022, 28.669935424324208 ], [ 74.1084559966379, 28.585276811139625 ], [ 74.054200249990416, 28.526293351133976 ], [ 74.064739136029857, 28.495413775013368 ], [ 74.058884199341279, 28.447880045479405 ], [ 74.079181313195022, 28.423592738418254 ], [ 74.0296095158984, 28.404162892769335 ], [ 74.027657870335545, 28.376405970413735 ], [ 74.061616503129287, 28.331994894644772 ], [ 74.126801464928775, 28.346567278881466 ], [ 74.14826956612022, 28.337546279115895 ], [ 74.149830882570512, 28.318810356525862 ], [ 74.197451034304265, 28.331300971585883 ], [ 74.211112553244277, 28.303197087700838 ], [ 74.193938072291118, 28.287236857346368 ], [ 74.199012350754558, 28.279256742169132 ], [ 74.2107222241317, 28.282726357463584 ], [ 74.248193818938603, 28.246642358401303 ], [ 74.279029818831773, 28.259132973461323 ], [ 74.321185362989524, 28.254275512049091 ], [ 74.358266628683836, 28.205353936397348 ], [ 74.340701818618115, 28.165106398981727 ], [ 74.294252654222063, 28.144982630273915 ], [ 74.296984958010071, 28.11965443862443 ], [ 74.277858831494058, 28.091550554739385 ], [ 74.296204299784932, 28.044363786734866 ], [ 74.238825920236877, 27.998911826377572 ], [ 74.244680856925456, 27.970460980963082 ], [ 74.232970983548299, 27.963868711903626 ], [ 74.251316451839173, 27.934030020371356 ], [ 74.234922629111153, 27.905579174956863 ], [ 74.222041768396281, 27.903150444250748 ], [ 74.218138477270571, 27.876434406483483 ], [ 74.231799996210583, 27.835145984479531 ], [ 74.226335388634581, 27.817450946477834 ], [ 74.175202274887667, 27.794898447063908 ], [ 74.118994882677342, 27.797674139299467 ], [ 74.086597566333879, 27.77269290917943 ], [ 74.065910123367573, 27.730710564116585 ], [ 74.039367743712688, 27.719954756703789 ], [ 74.035074123474402, 27.730016641057695 ], [ 74.019070629858959, 27.722036525880458 ], [ 73.997212199554937, 27.734527140940479 ], [ 74.024535237434961, 27.761243178707744 ], [ 73.990966933753796, 27.754650909648291 ], [ 73.99057660464122, 27.777550370591658 ], [ 74.031561161461255, 27.767835447767197 ], [ 74.003847794468655, 27.788306178004454 ], [ 73.992137921091512, 27.810858677418381 ], [ 73.922269009941161, 27.782407832003891 ], [ 73.886358731584551, 27.791081870240014 ], [ 73.867232605068537, 27.779285178238883 ], [ 73.862938984830251, 27.734180179411034 ], [ 73.876600503770263, 27.697749218819308 ], [ 73.865671288618245, 27.686993411406512 ], [ 73.871135896194261, 27.663400027404251 ], [ 73.857474377254249, 27.659930412109802 ], [ 73.894945972061137, 27.602334798221932 ], [ 73.874258529094831, 27.579782298808006 ], [ 73.884407086021696, 27.559311568570752 ], [ 73.876990832882825, 27.538493876804051 ], [ 73.875819845545124, 27.538146915274606 ], [ 73.87503918731997, 27.537799953745161 ], [ 73.873087541757116, 27.537106030686271 ], [ 73.830151339374225, 27.506226454565667 ], [ 73.795412048355331, 27.497205454800095 ], [ 73.758721111773582, 27.535024261509601 ], [ 73.704465365126111, 27.519410992684577 ], [ 73.670116403219794, 27.558617645511863 ], [ 73.660748504518068, 27.564515991512426 ], [ 73.615860656572309, 27.537799953745161 ], [ 73.629131846399758, 27.517329223507907 ], [ 73.611176707221446, 27.488531416563973 ], [ 73.578389061765421, 27.481939147504516 ], [ 73.544820758084242, 27.495470647152871 ], [ 73.53935615050824, 27.491307108799532 ], [ 73.523742986005374, 27.473265109268389 ], [ 73.51983969487965, 27.463550186443932 ], [ 73.522181669555081, 27.445508186912789 ], [ 73.502665213926491, 27.433711494911662 ], [ 73.50032323925106, 27.402831918791055 ], [ 73.501884555701352, 27.390688265260479 ], [ 73.521791340442505, 27.371605381141006 ], [ 73.486661720311048, 27.357726919963206 ], [ 73.495639289900197, 27.328929113019271 ], [ 73.438651239464718, 27.312621921135353 ], [ 73.35824344227494, 27.259536807130267 ], [ 73.352778834698924, 27.253985422659149 ], [ 73.335604353745765, 27.21928926971465 ], [ 73.351998176473785, 27.209921308419634 ], [ 73.331310733507479, 27.185287039829038 ], [ 73.330139746169763, 27.186327924417373 ], [ 73.325846125931477, 27.190838424300161 ], [ 73.319991189242899, 27.196736770300724 ], [ 73.297742429826314, 27.219636231244095 ], [ 73.257928860343981, 27.259883768659712 ], [ 73.261051493244565, 27.268557806895839 ], [ 73.239583392053106, 27.292845113956989 ], [ 73.2466093160794, 27.311581036547018 ], [ 73.227483189563387, 27.334827459019834 ], [ 73.18727929096849, 27.314703690312026 ], [ 73.181814683392489, 27.287293729485867 ], [ 73.13302354432102, 27.307417498193679 ], [ 73.134194531658736, 27.309499267370349 ], [ 73.134194531658736, 27.309499267370349 ], [ 73.133804202546159, 27.309499267370349 ], [ 73.125216962069587, 27.40109711114383 ], [ 73.104919848215843, 27.419833033733859 ], [ 73.080329114123828, 27.427813148911095 ], [ 73.073303190097533, 27.429200995028875 ], [ 73.032708962390075, 27.421567841381083 ], [ 72.979233873967729, 27.382014227024357 ], [ 72.942152608273418, 27.4031788803205 ], [ 72.932004051346553, 27.448630840677794 ], [ 72.894922785652227, 27.415322533851075 ], [ 72.887896861625933, 27.450712609854467 ], [ 72.852767241494476, 27.44412034079501 ], [ 72.853938228832192, 27.445855148442234 ], [ 72.873064355348205, 27.476734724562842 ], [ 72.825444203614452, 27.468407647856161 ], [ 72.817247292250443, 27.478122570680622 ], [ 72.81256334289958, 27.518023146566797 ], [ 72.836373418766456, 27.531554646215152 ], [ 72.843009013680188, 27.556882837864638 ], [ 72.826224861839592, 27.584986721749683 ], [ 72.766114178503543, 27.565209914571316 ], [ 72.773530431642399, 27.540228684451279 ], [ 72.76143022915268, 27.52530933868514 ], [ 72.7266909381338, 27.550290568805181 ], [ 72.711858431856058, 27.589497221632467 ], [ 72.689609672439474, 27.605457451986936 ], [ 72.655260710533156, 27.536759069156826 ], [ 72.620521419514262, 27.573190029748552 ], [ 72.617398786613691, 27.592966836926916 ], [ 72.599053318322817, 27.607886182693051 ], [ 72.563533369078783, 27.608927067281385 ], [ 72.553384812151918, 27.620376797753075 ], [ 72.499129065504448, 27.587068490926352 ], [ 72.446044306194679, 27.589150260103022 ], [ 72.437847394830669, 27.568679529865769 ], [ 72.402717774699212, 27.546820953510732 ], [ 72.387104610196346, 27.549943607275736 ], [ 72.364855850779747, 27.530513761626818 ], [ 72.359000914091169, 27.493735839505646 ], [ 72.323480964847136, 27.516982261978463 ], [ 72.264150939736226, 27.45799880197281 ], [ 72.25166040813393, 27.462509301855597 ], [ 72.241511851207065, 27.476040801503952 ], [ 72.242682838544781, 27.484020916681185 ], [ 72.243073167657357, 27.487837493505083 ], [ 72.245805471445351, 27.513165685154569 ], [ 72.276251142225959, 27.517329223507907 ], [ 72.291083648503687, 27.547514876569622 ], [ 72.277812458676237, 27.552719299511296 ], [ 72.279764104239106, 27.55376018409963 ], [ 72.256344357484792, 27.561046376217977 ], [ 72.276641471338522, 27.568679529865769 ], [ 72.297719243417404, 27.599906067515818 ], [ 72.337532812899724, 27.693585680465969 ], [ 72.293815952291681, 27.709892872349883 ], [ 72.219653420903043, 27.660624335168691 ], [ 72.214188813327041, 27.678666334699834 ], [ 72.182962484321294, 27.698443141878197 ], [ 72.182572155208732, 27.698790103407642 ], [ 72.140416611050981, 27.714056410703222 ], [ 72.096699750442937, 27.715444256821002 ], [ 72.094357775767506, 27.717872987527119 ], [ 72.095138433992645, 27.744242063764936 ], [ 72.099822383343508, 27.747364717529944 ], [ 72.162665370467565, 27.791428831769458 ], [ 72.149784509752706, 27.80114375459392 ], [ 72.137684307262973, 27.846942676480658 ], [ 72.14939418064013, 27.860127214599569 ], [ 72.139245623713265, 27.879904021777936 ], [ 72.088112509966351, 27.903844367309638 ], [ 72.066644408774906, 27.929866482018014 ], [ 72.028782484855441, 27.95103113531416 ], [ 72.006533725438857, 27.950684173784715 ], [ 71.983504307797119, 27.929172558959124 ], [ 71.962426535718251, 27.932295212724128 ], [ 71.930809877599927, 27.891353752249621 ], [ 71.937445472513645, 27.88302667554294 ], [ 71.93549382695079, 27.878169214130708 ], [ 71.926125928249064, 27.868801252835695 ], [ 71.92339362446107, 27.86776036824736 ], [ 71.922222637123355, 27.86706644518847 ], [ 71.898802890369041, 27.882679714013495 ], [ 71.891776966342746, 27.86845429130625 ], [ 71.882799396753597, 27.883373637072385 ], [ 71.870699194263878, 27.904191328839083 ], [ 71.880067092965604, 27.913906251663544 ], [ 71.874992814502164, 27.955888596726389 ], [ 71.898412561256478, 27.961439981197511 ], [ 71.927687244699356, 28.121736207801103 ], [ 71.995994839399415, 28.208129628632907 ], [ 72.132219699686971, 28.312912010525299 ], [ 72.205991901963031, 28.394101008415429 ], [ 72.299280559867697, 28.669588462794763 ], [ 72.403498432924351, 28.783391844452723 ], [ 72.479222280763281, 28.812189651396658 ], [ 72.661505976334311, 28.909685841170703 ], [ 72.661505976334311, 28.892337764698453 ], [ 72.676728811724601, 28.88782726481567 ], [ 72.677119140837178, 28.848620611988384 ], [ 72.686877368651466, 28.848620611988384 ], [ 72.687267697764042, 28.828843804810017 ], [ 72.707955140730348, 28.835783035398919 ], [ 72.713029419193774, 28.817741035867776 ], [ 72.754404305126386, 28.816006228220552 ], [ 72.743084760861805, 28.797270305630523 ], [ 72.748939697550384, 28.783738805982168 ], [ 72.792656558158427, 28.783738805982168 ], [ 72.846912304805898, 28.758757575862127 ], [ 72.892971140089372, 28.754247075979343 ], [ 72.892971140089372, 28.738633807154315 ], [ 72.857060861732762, 28.73828684562487 ], [ 72.857060861732762, 28.724755345976519 ], [ 73.008898886523184, 28.724755345976519 ], [ 73.037002582628361, 28.731694576565417 ], [ 73.031928304164921, 28.747654806919886 ], [ 73.070570886309525, 28.751124422214339 ], [ 73.070961215422102, 28.767778575627698 ], [ 73.102187544427849, 28.765696806451029 ], [ 73.099064911527279, 28.781310075276053 ], [ 73.140830126572453, 28.779228306099384 ], [ 73.135365518996451, 28.811148766808323 ], [ 73.156052961962757, 28.822945458809453 ], [ 73.150978683499318, 28.842722265987817 ], [ 73.177521063154202, 28.836129996928364 ], [ 73.18415665806792, 28.849661496576719 ], [ 73.205624759259365, 28.849661496576719 ], [ 73.211089366835367, 28.867703496107858 ], [ 73.226312202225671, 28.867703496107858 ], [ 73.213041012398236, 28.872213995990641 ], [ 73.221237923762246, 28.879153226579543 ], [ 73.190401923869075, 28.888174226345114 ], [ 73.208747392159935, 28.892684726227898 ], [ 73.208747392159935, 28.921482533171833 ], [ 73.234118784477104, 28.917665956347939 ], [ 73.239583392053106, 28.935707955879078 ], [ 73.280958277985718, 28.935707955879078 ], [ 73.27939696153544, 28.967281455058576 ], [ 73.306329670302887, 28.97109803188247 ], [ 73.337555999308634, 29.003365454120853 ], [ 73.335994682858342, 29.01273341541587 ], [ 73.462070986219032, 29.003018492591409 ], [ 73.467535593795034, 28.98220080082471 ], [ 73.481977770960185, 29.005447223297523 ], [ 73.51983969487965, 28.993303569766951 ], [ 73.562775897262554, 28.99816103117918 ], [ 73.617421973022601, 29.034245030241458 ], [ 73.666603441206647, 29.015162146121984 ], [ 73.6908038461861, 29.035979837888686 ], [ 73.703294377788396, 29.02314226129922 ], [ 73.73686268146956, 29.018284799886992 ], [ 73.740375643482707, 29.003365454120853 ], [ 73.770821314263301, 29.049511337537041 ], [ 73.770821314263301, 29.049511337537041 ], [ 73.800486326818756, 29.035979837888686 ], [ 73.798144352143339, 29.004753300238633 ], [ 73.824686731798209, 28.986017377648604 ], [ 73.830931997599365, 28.965199685881906 ], [ 73.843032200089084, 28.967975378117465 ], [ 73.85240009879081, 28.949586417056878 ], [ 73.846154832989669, 28.936748840467413 ], [ 73.878161820220541, 28.939177571173531 ], [ 73.908997820113711, 28.959648301410784 ], [ 73.967937516112059, 28.975608531765253 ], [ 73.957788959185194, 28.944035032585759 ], [ 73.971840807237768, 28.90170572599347 ], [ 74.02648688299783, 28.933279225172964 ], [ 74.02141260453439, 28.973526762588584 ], [ 74.019460958971536, 28.987058262236939 ], [ 74.026096553885253, 28.993997492825841 ], [ 74.040929060162981, 29.009610761650865 ], [ 74.040929060162981, 28.99816103117918 ], [ 74.054980908215569, 28.99885495423807 ], [ 74.076058680294437, 28.963811839764123 ], [ 74.067471439817865, 28.935360994349633 ], [ 74.115091591551618, 28.939177571173531 ], [ 74.112749616876187, 28.896501303051792 ], [ 74.122507844690489, 28.898236110699017 ], [ 74.132266072504777, 28.876377534343984 ], [ 74.118604553564765, 28.847232765870604 ], [ 74.127191794041337, 28.840987458340592 ], [ 74.126801464928775, 28.840640496811147 ], [ 74.092452503022457, 28.827108997162792 ], [ 74.057322882891, 28.777146536922714 ], [ 74.137340350968216, 28.796923344101078 ], [ 74.138511338305932, 28.797270305630523 ], [ 74.159979439497377, 28.779575267628829 ], [ 74.159979439497377, 28.776452613863825 ] ] ] } },
{ "type": "Feature", "properties": { "dt_code": "131", "district": "Pratapgarh", "st_code": "08", "year": "2011_c", "st_nm": "Rajasthan" }, "geometry": { "type": "Polygon", "coordinates": [ [ [ 74.270832907467764, 23.948829893166049 ], [ 74.240777565799732, 23.980403392345547 ], [ 74.268490932792332, 24.022038775878947 ], [ 74.264587641666608, 24.040774698468976 ], [ 74.26302632521633, 24.0425095061162 ], [ 74.233751641773438, 24.07165427458958 ], [ 74.222041768396281, 24.09941119694518 ], [ 74.263806983441469, 24.125433311653556 ], [ 74.256781059415175, 24.145557080361367 ], [ 74.228287034197436, 24.164639964480841 ], [ 74.216577160820279, 24.200377002013678 ], [ 74.238825920236877, 24.206969271073131 ], [ 74.299717261798065, 24.196560425189784 ], [ 74.355924654008405, 24.167068695186956 ], [ 74.378563742537565, 24.171926156599188 ], [ 74.396518881715878, 24.197601309778118 ], [ 74.375441109636995, 24.227786962839833 ], [ 74.378954071650142, 24.235420116487624 ], [ 74.430087185397042, 24.257625654372102 ], [ 74.430477514509619, 24.252421231430429 ], [ 74.442187387886776, 24.242012385547078 ], [ 74.466387792866215, 24.219459886133151 ], [ 74.468729767541646, 24.217725078485927 ], [ 74.471852400442231, 24.219112924603706 ], [ 74.479658982693664, 24.223276462957049 ], [ 74.485513919382242, 24.226052155192608 ], [ 74.518301564838268, 24.286076499786592 ], [ 74.52805979265257, 24.285729538257147 ], [ 74.532353412890856, 24.3585914594406 ], [ 74.518301564838268, 24.422432380858478 ], [ 74.556944146982872, 24.427636803800155 ], [ 74.564360400121743, 24.488702032982474 ], [ 74.565141058346882, 24.489395956041363 ], [ 74.592854425339482, 24.50917276321973 ], [ 74.615103184756066, 24.506397070984171 ], [ 74.618616146769213, 24.505356186395836 ], [ 74.628764703696078, 24.475517494863563 ], [ 74.64242622263609, 24.485926340746914 ], [ 74.640084247960658, 24.497723032748045 ], [ 74.693949665495566, 24.482456725452465 ], [ 74.696291640170998, 24.481762802393575 ], [ 74.697462627508713, 24.483150648511355 ], [ 74.727517969176745, 24.488702032982474 ], [ 74.744302121017327, 24.468578264274665 ], [ 74.77669943736079, 24.460251187567984 ], [ 74.786847994287655, 24.472047879569114 ], [ 74.814951690392817, 24.468578264274665 ], [ 74.821977614419112, 24.452964995449641 ], [ 74.813780703055102, 24.436657803565723 ], [ 74.852032956087143, 24.443943995684069 ], [ 74.854374930762575, 24.444637918742959 ], [ 74.854765259875137, 24.431800342153494 ], [ 74.855155588987714, 24.425555034623486 ], [ 74.855155588987714, 24.424167188505706 ], [ 74.825100247319682, 24.399879881444555 ], [ 74.821587285306549, 24.379409151207298 ], [ 74.807145108141384, 24.380796997325078 ], [ 74.802070829677959, 24.3585914594406 ], [ 74.780993057599076, 24.338467690732788 ], [ 74.781383386711653, 24.28989307661049 ], [ 74.781383386711653, 24.2891991535516 ], [ 74.749766728593329, 24.256237808254323 ], [ 74.754450677944192, 24.242012385547078 ], [ 74.86764612059001, 24.243053270135412 ], [ 74.896920804032902, 24.227093039780943 ], [ 74.897311133145465, 24.219806847662596 ], [ 74.907850019184906, 24.211479770955918 ], [ 74.907459690072329, 24.211132809426474 ], [ 74.879355993967167, 24.173660964246412 ], [ 74.896140145807749, 24.157700733891943 ], [ 74.903166069834043, 24.109126119769641 ], [ 74.917998576111771, 24.097676389297956 ], [ 74.920730879899779, 24.077552620590147 ], [ 74.940247335528369, 24.069919466942356 ], [ 74.939466677303216, 24.053959236587886 ], [ 74.973815639209533, 24.039733813880641 ], [ 74.98240287968612, 24.025855352702841 ], [ 74.965228398732961, 24.006772468583364 ], [ 74.958983132931806, 23.972076315638866 ], [ 74.93126976593922, 23.957503931402176 ], [ 74.916046930548916, 23.930787893634911 ], [ 74.920730879899779, 23.919338163163225 ], [ 74.902385411608904, 23.873192279747041 ], [ 74.913704955873484, 23.842312703626433 ], [ 74.90355639894662, 23.79408505103358 ], [ 74.924243841912926, 23.796513781739694 ], [ 74.940247335528369, 23.764593321030752 ], [ 74.940247335528369, 23.764593321030752 ], [ 74.940247335528369, 23.764593321030752 ], [ 74.924243841912926, 23.756266244324074 ], [ 74.936344044402645, 23.729550206556809 ], [ 74.920340550787202, 23.719488322202903 ], [ 74.921511538124918, 23.694854053612307 ], [ 74.899653107820896, 23.684098246199511 ], [ 74.901214424271188, 23.683057361611176 ], [ 74.921901867237494, 23.666403208197817 ], [ 74.936344044402645, 23.628584401488311 ], [ 74.9148759432112, 23.618175555604964 ], [ 74.902775740721466, 23.624420863134972 ], [ 74.902775740721466, 23.624767824664417 ], [ 74.84734900673628, 23.551905903480968 ], [ 74.802851487903098, 23.532476057832046 ], [ 74.794264247426526, 23.550865018892633 ], [ 74.772796146235066, 23.543925788303731 ], [ 74.772405817122504, 23.542884903715397 ], [ 74.770844500672212, 23.542190980656507 ], [ 74.768892855109357, 23.556416403363752 ], [ 74.777089766473352, 23.550171095833743 ], [ 74.77669943736079, 23.551211980422078 ], [ 74.762257260195639, 23.571682710659331 ], [ 74.775138120910498, 23.585214210307686 ], [ 74.77669943736079, 23.586949017954911 ], [ 74.774357462685359, 23.589030787131581 ], [ 74.763428247533341, 23.599439633014931 ], [ 74.748205412143051, 23.614012017251621 ], [ 74.736495538765894, 23.614358978781066 ], [ 74.699804602184145, 23.634829709018323 ], [ 74.690827032594996, 23.658076131491139 ], [ 74.675213868092129, 23.668484977374487 ], [ 74.664674982052688, 23.675424207963388 ], [ 74.662723336489833, 23.676812054081168 ], [ 74.662333007377256, 23.675771169492833 ], [ 74.649452146662384, 23.644544631842784 ], [ 74.620177463219505, 23.655300439255576 ], [ 74.607296602504633, 23.641075016548331 ], [ 74.518301564838268, 23.635523632077213 ], [ 74.53937933691715, 23.673689400316164 ], [ 74.53937933691715, 23.707344668672327 ], [ 74.526108147089701, 23.730591091145143 ], [ 74.562408754558874, 23.73857120632238 ], [ 74.551869868519447, 23.756266244324074 ], [ 74.560847438108595, 23.804840858446372 ], [ 74.544063286267999, 23.80588174303471 ], [ 74.547576248281146, 23.828434242448633 ], [ 74.516740248387975, 23.833985626919755 ], [ 74.530401767327987, 23.878396702688715 ], [ 74.48902688139539, 23.904765778926535 ], [ 74.490197868733105, 23.92037904775156 ], [ 74.487855894057674, 23.921419932339894 ], [ 74.485123590269666, 23.922807778457674 ], [ 74.480049311806241, 23.925236509163788 ], [ 74.447261666350201, 23.920032086222115 ], [ 74.440235742323907, 23.913092855633217 ], [ 74.394957565265585, 23.903030971279311 ], [ 74.377002426087287, 23.902337048220421 ], [ 74.376221767862134, 23.90441881739709 ], [ 74.363340907147276, 23.936686239635474 ], [ 74.316891742751224, 23.940849777988817 ], [ 74.300107590910642, 23.962361392814405 ], [ 74.283713768182622, 23.954728239166617 ], [ 74.272003894805479, 23.949523816224939 ], [ 74.270832907467764, 23.948829893166049 ] ] ] } }
]
}
