{
"type": "FeatureCollection",
"name": "tamil_nadu",
"crs": { "type": "name", "properties": { "name": "urn:ogc:def:crs:OGC:1.3:CRS84" } },
"features": [
{ "type": "Feature", "properties": { "district": "Thiruvallur", "st_code": "33", "dt_code": "602", "year": "2011_c", "st_nm": "Tamil Nadu" }, "geometry": { "type": "Polygon", "coordinates": [ [ [ 80.300952457456944, 13.143015680591777 ], [ 80.240321111771777, 13.143015680591777 ], [ 80.201843527010041, 13.126139865394071 ], [ 80.18493670946323, 13.056949023083476 ], [ 80.187268684297266, 13.023759919861321 ], [ 80.127803326029124, 13.034447936153203 ], [ 80.082912810473772, 13.036135517672973 ], [ 80.079997841931217, 13.015884539435724 ], [ 80.04385223200353, 13.019822229648522 ], [ 80.02344745220563, 13.040635735059027 ], [ 79.994297766780079, 13.046823533964853 ], [ 79.936581389637468, 13.032760354633432 ], [ 79.941828333014072, 13.008571686183386 ], [ 79.890524886665091, 12.945006115605359 ], [ 79.85263029561186, 12.948943805818157 ], [ 79.821148635352259, 12.96300698514958 ], [ 79.818233666809704, 13.004633995970588 ], [ 79.789666975092658, 13.024322447034578 ], [ 79.787917993967127, 13.056386495910219 ], [ 79.746525440662836, 13.051323751350907 ], [ 79.738363528743676, 13.06538693068233 ], [ 79.736614547618146, 13.167204349041823 ], [ 79.694639000605335, 13.159328968616226 ], [ 79.69172403206278, 13.177329838160446 ], [ 79.647999503924453, 13.199268397917464 ], [ 79.631092686377627, 13.145828316458061 ], [ 79.569295353275436, 13.137390408859208 ], [ 79.517408913217949, 13.143578207765035 ], [ 79.481846296998768, 13.139640517552237 ], [ 79.475433366205138, 13.107576468676594 ], [ 79.450947630447672, 13.093513289345173 ], [ 79.434040812900847, 13.136265354512695 ], [ 79.401393165224221, 13.104201305637053 ], [ 79.40372514005827, 13.080575164360265 ], [ 79.334931882453958, 13.060324186123019 ], [ 79.303450222194357, 13.08338780022655 ], [ 79.284211429813482, 13.12276470235453 ], [ 79.309863152987973, 13.11207668606265 ], [ 79.329101945368848, 13.130640082780126 ], [ 79.365247555296534, 13.130640082780126 ], [ 79.355919655960349, 13.164391713175538 ], [ 79.39206526588805, 13.192518071838382 ], [ 79.431708838066811, 13.189142908798841 ], [ 79.453862598990227, 13.216706740288426 ], [ 79.453279605281722, 13.238645300045444 ], [ 79.418299982771046, 13.2431455174315 ], [ 79.413636033102961, 13.299960761930443 ], [ 79.398478196681666, 13.330337229286314 ], [ 79.495255152294519, 13.344962935790992 ], [ 79.537230699307329, 13.338775136885168 ], [ 79.540145667849885, 13.272396930440857 ], [ 79.573959302943535, 13.258896278282691 ], [ 79.606023956911642, 13.28814769129205 ], [ 79.671319252264894, 13.280272310866454 ], [ 79.684145113852139, 13.244270571778014 ], [ 79.718541742654295, 13.216706740288426 ], [ 79.732533591658566, 13.236957718525675 ], [ 79.759934295958587, 13.207706305516318 ], [ 79.794913918469263, 13.242020463084987 ], [ 79.734865566492616, 13.275772093480398 ], [ 79.768096207877747, 13.314023941261866 ], [ 79.791415956218188, 13.293772963024619 ], [ 79.817067679392679, 13.318524158647921 ], [ 79.931334446260877, 13.351713261870076 ], [ 79.958152156852378, 13.379277093359661 ], [ 79.939496358180023, 13.424841794393469 ], [ 79.973309993273674, 13.42990453895278 ], [ 79.972144005856649, 13.46928144108076 ], [ 80.00770662207583, 13.478281875852872 ], [ 80.026945414456705, 13.513721087768054 ], [ 80.028694395582235, 13.539034810564612 ], [ 80.077082873388662, 13.526659212752961 ], [ 80.078248860805687, 13.488969892144752 ], [ 80.145293137284469, 13.491220000837778 ], [ 80.225746269059002, 13.485032201931954 ], [ 80.242070092897322, 13.472656604120303 ], [ 80.264223853820738, 13.562660951841401 ], [ 80.293373539246303, 13.495720218223834 ], [ 80.326021186922929, 13.445092772630716 ], [ 80.346425966720815, 13.315148995608379 ], [ 80.34525997930379, 13.279709783693196 ], [ 80.3196082561293, 13.186330272932556 ], [ 80.300952457456944, 13.143015680591777 ] ] ] } },
{ "type": "Feature", "properties": { "district": "Chennai", "st_code": "33", "dt_code": "603", "year": "2018", "st_nm": "Tamil Nadu" }, "geometry": { "type": "Polygon", "coordinates": [ [ [ 80.127803326029124, 13.034447936153203 ], [ 80.187268684297266, 13.023759919861321 ], [ 80.18493670946323, 13.056949023083476 ], [ 80.201843527010041, 13.126139865394071 ], [ 80.240321111771777, 13.143015680591777 ], [ 80.300952457456944, 13.143015680591777 ], [ 80.295122520371834, 13.092950762171917 ], [ 80.259559904152653, 12.937130735179764 ], [ 80.249649011107962, 12.857251876577287 ], [ 80.208839451512176, 12.871877583081968 ], [ 80.183187728337685, 12.867377365695912 ], [ 80.18843467171429, 12.920817447155315 ], [ 80.17094486045896, 12.966944675362377 ], [ 80.137714219073814, 12.98269543621357 ], [ 80.127803326029124, 13.034447936153203 ] ] ] } },
{ "type": "Feature", "properties": { "district": "Krishnagiri", "st_code": "33", "dt_code": "631", "year": "2011_c", "st_nm": "Tamil Nadu" }, "geometry": { "type": "Polygon", "coordinates": [ [ [ 78.412052841880794, 12.626615735541971 ], [ 78.407388892212708, 12.601864539918669 ], [ 78.421380741216964, 12.570363018216284 ], [ 78.415550804131854, 12.488234050920783 ], [ 78.44994743293401, 12.449419675966059 ], [ 78.435955583929754, 12.39372948581363 ], [ 78.459275332270195, 12.384729051041518 ], [ 78.507663810076622, 12.399354757546197 ], [ 78.568878149470294, 12.387541686907802 ], [ 78.584618979600094, 12.360540382591473 ], [ 78.61726662727672, 12.347602257606566 ], [ 78.61318567131714, 12.294724703320419 ], [ 78.60152579714692, 12.267160871830832 ], [ 78.648165293827816, 12.258160437058724 ], [ 78.671485042168257, 12.22103364362377 ], [ 78.633007457406521, 12.176593996936477 ], [ 78.61143669019161, 12.182219268669046 ], [ 78.579955029932009, 12.16703103499111 ], [ 78.554886300466023, 12.180531687149276 ], [ 78.521072665372373, 12.179406632802761 ], [ 78.497169923323426, 12.139467203501525 ], [ 78.466854250480836, 12.149030165446892 ], [ 78.472101193857441, 12.172656306723679 ], [ 78.391648062082893, 12.204720355599321 ], [ 78.385818124997783, 12.22834649687611 ], [ 78.354919458446702, 12.22609638818308 ], [ 78.334514678648802, 12.263785708791293 ], [ 78.302450024680695, 12.273911197909914 ], [ 78.267470402170019, 12.263785708791293 ], [ 78.262806452501934, 12.28909943158785 ], [ 78.235405748201913, 12.307100301132071 ], [ 78.245899634955109, 12.327913806542576 ], [ 78.227243836282753, 12.348727311953079 ], [ 78.205090075359323, 12.329038860889089 ], [ 78.178272364767821, 12.334101605448399 ], [ 78.166612490597586, 12.3627904912845 ], [ 78.14270974854864, 12.370665871710097 ], [ 78.127551912127345, 12.402167393412482 ], [ 78.140960767423095, 12.430856279248582 ], [ 78.11647503166563, 12.455607474871883 ], [ 78.098985220410299, 12.446044512926516 ], [ 78.048847761478342, 12.475858453109131 ], [ 78.027276994263431, 12.459545165084682 ], [ 78.011536164133631, 12.502859757425462 ], [ 77.982969472416571, 12.507359974811516 ], [ 77.953236793282514, 12.485983942227755 ], [ 77.921172139314393, 12.491046686787067 ], [ 77.97130959824635, 12.410042773838079 ], [ 77.949738831031439, 12.375166089096151 ], [ 77.948572843614414, 12.336914241314684 ], [ 77.927002076399503, 12.325101170676291 ], [ 77.866953724422856, 12.330163915235602 ], [ 77.875115636342017, 12.303162610919273 ], [ 77.862872768463276, 12.25703538271221 ], [ 77.844216969790921, 12.261535600098265 ], [ 77.81448429065685, 12.234534295781934 ], [ 77.794079510858964, 12.148467638273633 ], [ 77.760848869473833, 12.169281143684138 ], [ 77.746857020469562, 12.155780491525974 ], [ 77.731116190339762, 12.179969159976018 ], [ 77.66523790127799, 12.198532556693495 ], [ 77.612768467511998, 12.205845409945834 ], [ 77.5189064804417, 12.194594866480697 ], [ 77.472266983760804, 12.209783100158631 ], [ 77.471100996343779, 12.243534730554044 ], [ 77.48859080759911, 12.280098996815742 ], [ 77.527068392360846, 12.278973942469229 ], [ 77.565545977122582, 12.305975246785557 ], [ 77.578371838709828, 12.335789186968171 ], [ 77.612768467511998, 12.36110290976473 ], [ 77.627343310224774, 12.458420110738167 ], [ 77.607521524135393, 12.475295925935875 ], [ 77.615100442346034, 12.503984811771975 ], [ 77.587116744337507, 12.514672828063855 ], [ 77.579537826126852, 12.573175654082569 ], [ 77.591197700297073, 12.615365192076835 ], [ 77.605772543009863, 12.628303317061743 ], [ 77.598776618507728, 12.667117692016467 ], [ 77.6599909579014, 12.683993507214172 ], [ 77.678646756573755, 12.660367365937384 ], [ 77.740444089675933, 12.673868018095549 ], [ 77.760848869473833, 12.696931632199082 ], [ 77.760848869473833, 12.727308099554952 ], [ 77.794079510858964, 12.757684566910822 ], [ 77.799326454235569, 12.85162660484472 ], [ 77.836055057871761, 12.870190001562197 ], [ 77.890273472763297, 12.869627474388938 ], [ 77.929334051233553, 12.891003506972702 ], [ 77.938661950569724, 12.872440110255223 ], [ 77.917091183354813, 12.838125952686553 ], [ 77.940410931695268, 12.823500246181876 ], [ 77.964313673744215, 12.833063208127243 ], [ 77.989965396918706, 12.821812664662104 ], [ 78.018532088635752, 12.831375626607471 ], [ 78.030774956514492, 12.852751659191235 ], [ 78.076248465778363, 12.839813534206325 ], [ 78.090240314782633, 12.81731244727605 ], [ 78.13454783662948, 12.781873235360868 ], [ 78.230741798533813, 12.760497202777106 ], [ 78.240069697869998, 12.702556903931649 ], [ 78.276215307797685, 12.701431849585136 ], [ 78.296620087595585, 12.671055382229266 ], [ 78.379405194204168, 12.624928154022202 ], [ 78.412635835589299, 12.62717826271523 ], [ 78.412052841880794, 12.626615735541971 ] ] ] } },
{ "type": "Feature", "properties": { "district": "Tiruvannamalai", "st_code": "33", "dt_code": "606", "year": "2011_c", "st_nm": "Tamil Nadu" }, "geometry": { "type": "Polygon", "coordinates": [ [ [ 78.633007457406521, 12.176593996936477 ], [ 78.671485042168257, 12.22103364362377 ], [ 78.648165293827816, 12.258160437058724 ], [ 78.675565998127837, 12.269973507697117 ], [ 78.709962626929993, 12.304287665265786 ], [ 78.729201419310854, 12.374041034749638 ], [ 78.75193817394279, 12.386979159734546 ], [ 78.76826199778111, 12.421293317303215 ], [ 78.75835110473642, 12.442669349886977 ], [ 78.7781728908258, 12.46517043681725 ], [ 78.821897418964141, 12.539424023687157 ], [ 78.858043028891828, 12.633366061621054 ], [ 78.891856663985479, 12.67724318113509 ], [ 78.911678450074859, 12.687368670253715 ], [ 78.971726802051506, 12.671617909402521 ], [ 79.006706424562168, 12.702556903931649 ], [ 79.023613242108993, 12.692431414813026 ], [ 79.065005795413285, 12.746434023445685 ], [ 79.132050071892067, 12.762184784296878 ], [ 79.172276637779348, 12.744746441925916 ], [ 79.206090272872984, 12.745871496272429 ], [ 79.208422247707034, 12.784685871227152 ], [ 79.252146775845375, 12.80831201250394 ], [ 79.288292385773062, 12.775685436455042 ], [ 79.295871303983702, 12.746996550618942 ], [ 79.343093794373118, 12.731808316941006 ], [ 79.394980234430605, 12.689618778946741 ], [ 79.356502649668869, 12.672180436575779 ], [ 79.382737366551865, 12.628303317061743 ], [ 79.450947630447672, 12.671055382229266 ], [ 79.464939479451942, 12.699744268065366 ], [ 79.469020435411522, 12.770622691895731 ], [ 79.459692536075337, 12.783560816880637 ], [ 79.456777567532782, 12.844313751592381 ], [ 79.472518397662583, 12.874127691774994 ], [ 79.511578976132839, 12.856689349404032 ], [ 79.559384460230746, 12.853314186364489 ], [ 79.585619177113756, 12.834750789647014 ], [ 79.639254598296773, 12.813937284236509 ], [ 79.646250522798908, 12.772310273415501 ], [ 79.69813696285641, 12.775685436455042 ], [ 79.744776459537306, 12.743621387579401 ], [ 79.741278497286231, 12.694118996332797 ], [ 79.670736258556389, 12.66655516484321 ], [ 79.646250522798908, 12.670492855056008 ], [ 79.630509692669108, 12.631115952928027 ], [ 79.665489315179784, 12.593426632319817 ], [ 79.690558044645755, 12.601302012745414 ], [ 79.724371679739406, 12.587238833413991 ], [ 79.714460786694715, 12.549549512805781 ], [ 79.743610472120281, 12.532111170434817 ], [ 79.755853339999007, 12.515235355237113 ], [ 79.749440409205391, 12.456732529218398 ], [ 79.708630849609605, 12.428043643382297 ], [ 79.69755396914789, 12.402167393412482 ], [ 79.669570271139364, 12.39372948581363 ], [ 79.663740334054253, 12.367853235843812 ], [ 79.640420585713798, 12.344789621740281 ], [ 79.597279051283977, 12.350414893472848 ], [ 79.528485793679664, 12.37010334453684 ], [ 79.506915026464753, 12.345914676086796 ], [ 79.450947630447672, 12.374041034749638 ], [ 79.448032661905117, 12.395979594506656 ], [ 79.415385014228491, 12.406667610798536 ], [ 79.396729215556135, 12.435919023807894 ], [ 79.325020989409268, 12.450544730312572 ], [ 79.308697165570948, 12.438731659674179 ], [ 79.243401870217696, 12.445481985753261 ], [ 79.226495052670884, 12.411167828184592 ], [ 79.248648813594301, 12.383041469521748 ], [ 79.23523995829855, 12.368978290190327 ], [ 79.249814801011325, 12.322288534810006 ], [ 79.289458373190087, 12.31778831742395 ], [ 79.260891681473041, 12.276723833776199 ], [ 79.24515085134324, 12.273911197909914 ], [ 79.23349097717302, 12.19740750234698 ], [ 79.210754222541084, 12.165905980644597 ], [ 79.278381492728371, 12.124841496996845 ], [ 79.260308687764521, 12.082089431829324 ], [ 79.23523995829855, 12.061275926418819 ], [ 79.200843329496394, 12.069713834017673 ], [ 79.172859631487853, 12.030336931889691 ], [ 79.147207908313362, 12.044400111221114 ], [ 79.125637141098451, 12.019086388424554 ], [ 79.078997644417555, 12.031461986236206 ], [ 79.09823643679843, 12.069151306844415 ], [ 79.085410575211185, 12.080964377482809 ], [ 79.052179933826039, 12.036524730795517 ], [ 79.031192160319648, 12.06465108945836 ], [ 78.959483934172766, 12.068588779671158 ], [ 78.91342743120039, 12.014586171038498 ], [ 78.873200865313123, 12.026399241676893 ], [ 78.834723280551387, 12.00727331778616 ], [ 78.803824614000291, 12.019648915597811 ], [ 78.717541545140634, 11.984209703682629 ], [ 78.697719759051253, 11.99264761128148 ], [ 78.709379633221488, 12.047212747087396 ], [ 78.733865368978954, 12.113590953531709 ], [ 78.729201419310854, 12.12765413286313 ], [ 78.666238098791652, 12.102902937239827 ], [ 78.630675482572471, 12.134966986115469 ], [ 78.646999306410791, 12.164218399124827 ], [ 78.633007457406521, 12.176593996936477 ] ] ] } },
{ "type": "Feature", "properties": { "district": "Dharmapuri", "st_code": "33", "dt_code": "630", "year": "2011_c", "st_nm": "Tamil Nadu" }, "geometry": { "type": "Polygon", "coordinates": [ [ [ 77.746857020469562, 12.155780491525974 ], [ 77.760848869473833, 12.169281143684138 ], [ 77.794079510858964, 12.148467638273633 ], [ 77.81448429065685, 12.234534295781934 ], [ 77.844216969790921, 12.261535600098265 ], [ 77.862872768463276, 12.25703538271221 ], [ 77.875115636342017, 12.303162610919273 ], [ 77.866953724422856, 12.330163915235602 ], [ 77.927002076399503, 12.325101170676291 ], [ 77.948572843614414, 12.336914241314684 ], [ 77.949738831031439, 12.375166089096151 ], [ 77.97130959824635, 12.410042773838079 ], [ 77.921172139314393, 12.491046686787067 ], [ 77.953236793282514, 12.485983942227755 ], [ 77.982969472416571, 12.507359974811516 ], [ 78.011536164133631, 12.502859757425462 ], [ 78.027276994263431, 12.459545165084682 ], [ 78.048847761478342, 12.475858453109131 ], [ 78.098985220410299, 12.446044512926516 ], [ 78.11647503166563, 12.455607474871883 ], [ 78.140960767423095, 12.430856279248582 ], [ 78.127551912127345, 12.402167393412482 ], [ 78.14270974854864, 12.370665871710097 ], [ 78.166612490597586, 12.3627904912845 ], [ 78.178272364767821, 12.334101605448399 ], [ 78.205090075359323, 12.329038860889089 ], [ 78.227243836282753, 12.348727311953079 ], [ 78.245899634955109, 12.327913806542576 ], [ 78.235405748201913, 12.307100301132071 ], [ 78.262806452501934, 12.28909943158785 ], [ 78.267470402170019, 12.263785708791293 ], [ 78.302450024680695, 12.273911197909914 ], [ 78.334514678648802, 12.263785708791293 ], [ 78.354919458446702, 12.22609638818308 ], [ 78.385818124997783, 12.22834649687611 ], [ 78.391648062082893, 12.204720355599321 ], [ 78.472101193857441, 12.172656306723679 ], [ 78.466854250480836, 12.149030165446892 ], [ 78.497169923323426, 12.139467203501525 ], [ 78.521072665372373, 12.179406632802761 ], [ 78.554886300466023, 12.180531687149276 ], [ 78.579955029932009, 12.16703103499111 ], [ 78.61143669019161, 12.182219268669046 ], [ 78.633007457406521, 12.176593996936477 ], [ 78.646999306410791, 12.164218399124827 ], [ 78.630675482572471, 12.134966986115469 ], [ 78.666238098791652, 12.102902937239827 ], [ 78.729201419310854, 12.12765413286313 ], [ 78.733865368978954, 12.113590953531709 ], [ 78.709379633221488, 12.047212747087396 ], [ 78.697719759051253, 11.99264761128148 ], [ 78.717541545140634, 11.984209703682629 ], [ 78.704715683553388, 11.939207529822079 ], [ 78.723954475934264, 11.919519078758089 ], [ 78.708213645804463, 11.898143046174328 ], [ 78.660408161706542, 11.895330410308043 ], [ 78.626594526612891, 11.869454160338227 ], [ 78.595695860061809, 11.822764404957907 ], [ 78.546724388546863, 11.807013644106714 ], [ 78.481429093193611, 11.817701660398594 ], [ 78.44061953359784, 11.839640220155612 ], [ 78.433040615387199, 11.862141307085889 ], [ 78.403307936253128, 11.873391850551025 ], [ 78.382903156455228, 11.830639785383504 ], [ 78.350838502487122, 11.792387937602037 ], [ 78.328684741563691, 11.798013209334606 ], [ 78.367745320033947, 11.880704703803364 ], [ 78.322854804478581, 11.905455899426666 ], [ 78.319356842227521, 11.932457203742995 ], [ 78.256976515416824, 11.940332584168592 ], [ 78.234822754493393, 11.979146959123316 ], [ 78.149705673050775, 11.968458942831436 ], [ 78.066920566442178, 11.938645002648823 ], [ 78.038936868433652, 11.936394893955795 ], [ 77.978888516457005, 11.898143046174328 ], [ 77.917091183354813, 11.898143046174328 ], [ 77.865787737005832, 11.91558138854529 ], [ 77.836055057871761, 11.900955682040612 ], [ 77.762597850599363, 11.909956116812722 ], [ 77.738695108550402, 11.939207529822079 ], [ 77.6757317880312, 11.952145654806987 ], [ 77.696136567829086, 12.015711225385013 ], [ 77.728201221797207, 12.062963507938591 ], [ 77.755601926097228, 12.079839323136296 ], [ 77.775423712186608, 12.11865369809102 ], [ 77.746857020469562, 12.155780491525974 ] ] ] } },
{ "type": "Feature", "properties": { "district": "Salem", "st_code": "33", "dt_code": "608", "year": "2011_c", "st_nm": "Tamil Nadu" }, "geometry": { "type": "Polygon", "coordinates": [ [ [ 77.6757317880312, 11.952145654806987 ], [ 77.738695108550402, 11.939207529822079 ], [ 77.762597850599363, 11.909956116812722 ], [ 77.836055057871761, 11.900955682040612 ], [ 77.865787737005832, 11.91558138854529 ], [ 77.917091183354813, 11.898143046174328 ], [ 77.978888516457005, 11.898143046174328 ], [ 78.038936868433652, 11.936394893955795 ], [ 78.066920566442178, 11.938645002648823 ], [ 78.149705673050775, 11.968458942831436 ], [ 78.234822754493393, 11.979146959123316 ], [ 78.256976515416824, 11.940332584168592 ], [ 78.319356842227521, 11.932457203742995 ], [ 78.322854804478581, 11.905455899426666 ], [ 78.367745320033947, 11.880704703803364 ], [ 78.328684741563691, 11.798013209334606 ], [ 78.350838502487122, 11.792387937602037 ], [ 78.382903156455228, 11.830639785383504 ], [ 78.403307936253128, 11.873391850551025 ], [ 78.433040615387199, 11.862141307085889 ], [ 78.44061953359784, 11.839640220155612 ], [ 78.481429093193611, 11.817701660398594 ], [ 78.546724388546863, 11.807013644106714 ], [ 78.595695860061809, 11.822764404957907 ], [ 78.626594526612891, 11.869454160338227 ], [ 78.693638803091673, 11.851453290794007 ], [ 78.692472815674662, 11.80420100824043 ], [ 78.665072111374627, 11.796888154988091 ], [ 78.642918350451211, 11.768199269151991 ], [ 78.637671407074606, 11.721509513771672 ], [ 78.652829243495901, 11.715884242039103 ], [ 78.649331281244827, 11.66750690513901 ], [ 78.659242174289517, 11.64781845407502 ], [ 78.700634727593808, 11.691695573589056 ], [ 78.718124538849153, 11.683257665990205 ], [ 78.780504865659836, 11.703508644227451 ], [ 78.804407607708796, 11.688320410549515 ], [ 78.806156588834327, 11.661319106233186 ], [ 78.787500790161971, 11.648943508421535 ], [ 78.78633480274496, 11.613504296506353 ], [ 78.827727356049252, 11.576940030244655 ], [ 78.816650475587537, 11.560626742220206 ], [ 78.842885192470533, 11.522937421611996 ], [ 78.810237544793907, 11.50774918793406 ], [ 78.789249771287516, 11.453746579301402 ], [ 78.819565444130092, 11.439683399969979 ], [ 78.799160664332206, 11.385118264164063 ], [ 78.785751809036441, 11.391868590243146 ], [ 78.741444287189594, 11.449808889088603 ], [ 78.699468740176798, 11.455996687994428 ], [ 78.688391859715082, 11.435745709757182 ], [ 78.651080262370371, 11.422245057599017 ], [ 78.663323130249097, 11.373867720698925 ], [ 78.641169369325681, 11.34236619899654 ], [ 78.604440765689475, 11.338991035957001 ], [ 78.571210124304343, 11.315364894680211 ], [ 78.553137319340493, 11.319865112066267 ], [ 78.553137319340493, 11.358679487020989 ], [ 78.523404640206422, 11.370492557659384 ], [ 78.509995784910672, 11.396931334802456 ], [ 78.486093042861711, 11.407619351094338 ], [ 78.447615458099975, 11.400306497841999 ], [ 78.448781445517, 11.431245492371126 ], [ 78.43245762167868, 11.476247666231675 ], [ 78.44236851472337, 11.498748753161951 ], [ 78.473267181274466, 11.520124785745711 ], [ 78.455777370019121, 11.543750927022501 ], [ 78.451696414059555, 11.597191008481904 ], [ 78.365413345199897, 11.57806508459117 ], [ 78.329850728980716, 11.531937856384106 ], [ 78.3030330183892, 11.58875310088305 ], [ 78.272134351838105, 11.578627611764425 ], [ 78.243567660121059, 11.552751361794609 ], [ 78.209754025027422, 11.564564432433004 ], [ 78.160782553512476, 11.538688182463188 ], [ 78.079746428029424, 11.548251144408555 ], [ 78.075082478361338, 11.522374894438739 ], [ 78.043600818101737, 11.5150620411864 ], [ 78.026694000554912, 11.530250274864336 ], [ 77.97772252903998, 11.530812802037591 ], [ 77.97189259195487, 11.46837228580608 ], [ 77.918840164480343, 11.452058997781631 ], [ 77.898435384682458, 11.420557476079246 ], [ 77.852378881710081, 11.414932204346677 ], [ 77.82089722145048, 11.449246361915346 ], [ 77.760848869473833, 11.450933943435118 ], [ 77.731699184048267, 11.44474614452929 ], [ 77.696719561537591, 11.464434595593282 ], [ 77.731116190339762, 11.509999296627088 ], [ 77.723537272129107, 11.534187965077134 ], [ 77.746274026761043, 11.57075223133883 ], [ 77.736363133716353, 11.603378807387728 ], [ 77.761431863182338, 11.650068562768048 ], [ 77.748606001595093, 11.664131742099471 ], [ 77.714792366501442, 11.649506035594792 ], [ 77.689140643326951, 11.652318671461076 ], [ 77.697302555246111, 11.735572693103093 ], [ 77.722371284712096, 11.795200573468321 ], [ 77.710711410541862, 11.810388807146255 ], [ 77.66582089498651, 11.824451986477678 ], [ 77.66173993902693, 11.878454595110338 ], [ 77.685059687367371, 11.877329540763823 ], [ 77.6757317880312, 11.952145654806987 ] ] ] } },
{ "type": "Feature", "properties": { "district": "Erode", "st_code": "33", "dt_code": "610", "year": "2011_c", "st_nm": "Tamil Nadu" }, "geometry": { "type": "Polygon", "coordinates": [ [ [ 77.6757317880312, 11.952145654806987 ], [ 77.685059687367371, 11.877329540763823 ], [ 77.66173993902693, 11.878454595110338 ], [ 77.66582089498651, 11.824451986477678 ], [ 77.710711410541862, 11.810388807146255 ], [ 77.722371284712096, 11.795200573468321 ], [ 77.697302555246111, 11.735572693103093 ], [ 77.689140643326951, 11.652318671461076 ], [ 77.714792366501442, 11.649506035594792 ], [ 77.748606001595093, 11.664131742099471 ], [ 77.761431863182338, 11.650068562768048 ], [ 77.736363133716353, 11.603378807387728 ], [ 77.746274026761043, 11.57075223133883 ], [ 77.723537272129107, 11.534187965077134 ], [ 77.731116190339762, 11.509999296627088 ], [ 77.696719561537591, 11.464434595593282 ], [ 77.682727712533335, 11.42337011194553 ], [ 77.717707335043997, 11.378367938084981 ], [ 77.742776064509982, 11.364304758753558 ], [ 77.809237347280245, 11.266425030606865 ], [ 77.838970026414316, 11.261362286047552 ], [ 77.865787737005832, 11.23998625346379 ], [ 77.861706781046252, 11.189358807870672 ], [ 77.884443535678187, 11.156169704648518 ], [ 77.891439460180322, 11.079666009085583 ], [ 77.932832013484614, 11.070103047140217 ], [ 77.922338126731418, 11.04985206890297 ], [ 77.880945573427127, 11.024538346106411 ], [ 77.83022512078665, 11.047601960209942 ], [ 77.817982252907925, 11.070103047140217 ], [ 77.776589699603633, 11.058289976501822 ], [ 77.738112114841897, 11.085291280818153 ], [ 77.661156945318425, 11.103854677535629 ], [ 77.616266429763058, 11.126918291639161 ], [ 77.558550052620447, 11.10891742209494 ], [ 77.500250681769344, 11.107229840575171 ], [ 77.486841826473579, 11.179233318752049 ], [ 77.51074456852254, 11.187108699177646 ], [ 77.500250681769344, 11.225923074132369 ], [ 77.463522078133138, 11.258549650181267 ], [ 77.475181952303359, 11.301864242522047 ], [ 77.418631562577772, 11.310302150120901 ], [ 77.385983914901146, 11.322115220759294 ], [ 77.334680468552165, 11.317052476199983 ], [ 77.346340342722385, 11.277113046898744 ], [ 77.286291990745738, 11.29230128057668 ], [ 77.218081726849931, 11.351929160941907 ], [ 77.167361274209469, 11.317052476199983 ], [ 77.146956494411569, 11.336178400090716 ], [ 77.114891840443462, 11.378930465258238 ], [ 77.04551558913063, 11.402556606535025 ], [ 77.013450935162524, 11.368804976139614 ], [ 76.963313476230567, 11.385118264164063 ], [ 76.980803287485898, 11.401431552188512 ], [ 76.983135262319934, 11.440245927143236 ], [ 77.012284947745499, 11.452058997781631 ], [ 76.991297174239094, 11.481310410790988 ], [ 77.012867941454004, 11.524062475958509 ], [ 76.960398507687998, 11.571314758512086 ], [ 76.904431111670931, 11.580315193284196 ], [ 76.853710659030469, 11.577502557417912 ], [ 76.846714734528334, 11.594378372615619 ], [ 76.834471866649594, 11.639943073649425 ], [ 76.850212696779394, 11.686632829029744 ], [ 76.888107287832625, 11.733885111583321 ], [ 76.908512067630511, 11.795200573468321 ], [ 76.969726407024183, 11.777199703924101 ], [ 76.983135262319934, 11.800825845200889 ], [ 77.012867941454004, 11.814889024532311 ], [ 77.038519664628495, 11.794075519121806 ], [ 77.082827186475342, 11.740072910489147 ], [ 77.111976871900907, 11.742323019182175 ], [ 77.110810884483882, 11.77382454088456 ], [ 77.18893204142438, 11.792387937602037 ], [ 77.238486506647831, 11.794638046295063 ], [ 77.249563387109532, 11.81320144301254 ], [ 77.293870908956393, 11.809263752799742 ], [ 77.335263462260684, 11.771574432191532 ], [ 77.395311814237331, 11.786200138696211 ], [ 77.427959461913957, 11.767074214805477 ], [ 77.449530229128868, 11.796325627814834 ], [ 77.465271059258669, 11.875079432070795 ], [ 77.490339788724654, 11.908831062466207 ], [ 77.49267176355869, 11.941457638515107 ], [ 77.538145272822561, 11.932457203742995 ], [ 77.560882027454497, 11.942020165688362 ], [ 77.604606555592838, 11.938082475475564 ], [ 77.6757317880312, 11.952145654806987 ] ] ] } },
{ "type": "Feature", "properties": { "district": "Nilgiris", "st_code": "33", "dt_code": "611", "year": "2011_c", "st_nm": "Tamil Nadu" }, "geometry": { "type": "Polygon", "coordinates": [ [ [ 76.846714734528334, 11.594378372615619 ], [ 76.853710659030469, 11.577502557417912 ], [ 76.904431111670931, 11.580315193284196 ], [ 76.960398507687998, 11.571314758512086 ], [ 77.012867941454004, 11.524062475958509 ], [ 76.991297174239094, 11.481310410790988 ], [ 77.012284947745499, 11.452058997781631 ], [ 76.983135262319934, 11.440245927143236 ], [ 76.980803287485898, 11.401431552188512 ], [ 76.963313476230567, 11.385118264164063 ], [ 76.937078759347557, 11.359242014194248 ], [ 76.902099136836895, 11.350804106595394 ], [ 76.89102225637518, 11.36599234027333 ], [ 76.850212696779394, 11.340116090303514 ], [ 76.861872570949615, 11.306926987081358 ], [ 76.842050784860234, 11.287801063190624 ], [ 76.798326256721907, 11.29230128057668 ], [ 76.788415363677217, 11.278238101245257 ], [ 76.732447967660136, 11.246174052369616 ], [ 76.705630257068634, 11.240548780637049 ], [ 76.628675087545162, 11.194421552429985 ], [ 76.600691389536621, 11.197796715469526 ], [ 76.533647113057839, 11.185421117657874 ], [ 76.499250484255683, 11.21129736762769 ], [ 76.449113025323712, 11.205672095895121 ], [ 76.453193981283292, 11.239423726290534 ], [ 76.521404245179099, 11.270925247992919 ], [ 76.542392018685504, 11.296801497962734 ], [ 76.547638962062109, 11.359242014194248 ], [ 76.460189905785427, 11.389055954376861 ], [ 76.368659893549179, 11.456559215167685 ], [ 76.326101352827862, 11.454309106474657 ], [ 76.284125805815066, 11.482997992310757 ], [ 76.264887013434191, 11.481310410790988 ], [ 76.240401277676725, 11.52575005747828 ], [ 76.233405353174589, 11.567939595472545 ], [ 76.278878862438461, 11.601128698694701 ], [ 76.302198610778902, 11.571314758512086 ], [ 76.336012245872553, 11.596065954135389 ], [ 76.377987792885364, 11.602253753041214 ], [ 76.38789868593004, 11.629817584530802 ], [ 76.426959264400296, 11.633755274743599 ], [ 76.456691943534366, 11.664694269272726 ], [ 76.511493352134408, 11.705196225747221 ], [ 76.538894056434444, 11.689445464896028 ], [ 76.569792722985525, 11.618004513892407 ], [ 76.613517251123866, 11.607879024773784 ], [ 76.671233628266464, 11.615754405199379 ], [ 76.822811992479373, 11.60844155194704 ], [ 76.846714734528334, 11.594378372615619 ] ] ] } },
{ "type": "Feature", "properties": { "district": "Namakkal", "st_code": "33", "dt_code": "609", "year": "2011_c", "st_nm": "Tamil Nadu" }, "geometry": { "type": "Polygon", "coordinates": [ [ [ 77.696719561537591, 11.464434595593282 ], [ 77.731699184048267, 11.44474614452929 ], [ 77.760848869473833, 11.450933943435118 ], [ 77.82089722145048, 11.449246361915346 ], [ 77.852378881710081, 11.414932204346677 ], [ 77.898435384682458, 11.420557476079246 ], [ 77.918840164480343, 11.452058997781631 ], [ 77.97189259195487, 11.46837228580608 ], [ 77.97772252903998, 11.530812802037591 ], [ 78.026694000554912, 11.530250274864336 ], [ 78.043600818101737, 11.5150620411864 ], [ 78.075082478361338, 11.522374894438739 ], [ 78.079746428029424, 11.548251144408555 ], [ 78.160782553512476, 11.538688182463188 ], [ 78.209754025027422, 11.564564432433004 ], [ 78.243567660121059, 11.552751361794609 ], [ 78.272134351838105, 11.578627611764425 ], [ 78.3030330183892, 11.58875310088305 ], [ 78.329850728980716, 11.531937856384106 ], [ 78.365413345199897, 11.57806508459117 ], [ 78.451696414059555, 11.597191008481904 ], [ 78.455777370019121, 11.543750927022501 ], [ 78.473267181274466, 11.520124785745711 ], [ 78.44236851472337, 11.498748753161951 ], [ 78.43245762167868, 11.476247666231675 ], [ 78.448781445517, 11.431245492371126 ], [ 78.447615458099975, 11.400306497841999 ], [ 78.486093042861711, 11.407619351094338 ], [ 78.4645222756468, 11.377242883738468 ], [ 78.447032464391455, 11.332240709877917 ], [ 78.461024313395725, 11.324365329452322 ], [ 78.421963734925484, 11.211859894800948 ], [ 78.381154175329698, 11.187108699177646 ], [ 78.381154175329698, 11.142106525317097 ], [ 78.345591559110517, 11.134231144891499 ], [ 78.336846653482851, 11.104979731882143 ], [ 78.350838502487122, 11.06954051996696 ], [ 78.324020791895606, 11.057727449328565 ], [ 78.229575811116803, 11.094854242763519 ], [ 78.235405748201913, 11.064477775407648 ], [ 78.182936314435906, 11.06954051996696 ], [ 78.194596188606127, 11.022288237413383 ], [ 78.164863509472056, 11.013287802641273 ], [ 78.101900188952854, 11.075728318872786 ], [ 78.054677698563452, 11.074040737353014 ], [ 78.027276994263431, 11.09091655255072 ], [ 77.990548390627225, 11.096541824283289 ], [ 77.946240868780379, 11.065602829754162 ], [ 77.932832013484614, 11.070103047140217 ], [ 77.891439460180322, 11.079666009085583 ], [ 77.884443535678187, 11.156169704648518 ], [ 77.861706781046252, 11.189358807870672 ], [ 77.865787737005832, 11.23998625346379 ], [ 77.838970026414316, 11.261362286047552 ], [ 77.809237347280245, 11.266425030606865 ], [ 77.742776064509982, 11.364304758753558 ], [ 77.717707335043997, 11.378367938084981 ], [ 77.682727712533335, 11.42337011194553 ], [ 77.696719561537591, 11.464434595593282 ] ] ] } },
{ "type": "Feature", "properties": { "district": "Perambalur", "st_code": "33", "dt_code": "615", "year": "2011_c", "st_nm": "Tamil Nadu" }, "geometry": { "type": "Polygon", "coordinates": [ [ [ 78.663323130249097, 11.373867720698925 ], [ 78.651080262370371, 11.422245057599017 ], [ 78.688391859715082, 11.435745709757182 ], [ 78.699468740176798, 11.455996687994428 ], [ 78.741444287189594, 11.449808889088603 ], [ 78.785751809036441, 11.391868590243146 ], [ 78.799160664332206, 11.385118264164063 ], [ 78.819565444130092, 11.439683399969979 ], [ 78.789249771287516, 11.453746579301402 ], [ 78.810237544793907, 11.50774918793406 ], [ 78.842885192470533, 11.522937421611996 ], [ 78.877281821272689, 11.50774918793406 ], [ 78.961815909006816, 11.40536924240131 ], [ 79.032358147736659, 11.393556171762917 ], [ 79.055677896077114, 11.402556606535025 ], [ 79.120973191430366, 11.396368807629202 ], [ 79.168195681819768, 11.378367938084981 ], [ 79.157118801358052, 11.338428508783743 ], [ 79.130884084475042, 11.332240709877917 ], [ 79.108730323551626, 11.270362720819662 ], [ 79.122139178847377, 11.248986688235901 ], [ 79.098819430506936, 11.230985818691682 ], [ 79.093572487130331, 11.200046824162554 ], [ 79.055094902368594, 11.129730927505445 ], [ 79.069086751372865, 11.110042476441453 ], [ 79.054511908660089, 11.085291280818153 ], [ 79.031775154028153, 11.083603699298381 ], [ 79.006123430853663, 11.05885250367508 ], [ 78.974058776885542, 11.094291715590263 ], [ 78.92683628649614, 11.089791498204207 ], [ 78.895937619945059, 11.099916987322832 ], [ 78.807322576251352, 11.079103481912327 ], [ 78.810820538502426, 11.111730057961225 ], [ 78.76068307957047, 11.120167965560078 ], [ 78.735031356395979, 11.105542259055399 ], [ 78.742610274606619, 11.075728318872786 ], [ 78.701217721302328, 11.068415465620447 ], [ 78.680812941504428, 11.130293454678702 ], [ 78.674983004419317, 11.194421552429985 ], [ 78.698302752759773, 11.191046389390443 ], [ 78.712877595472548, 11.214110003493975 ], [ 78.709962626929993, 11.248986688235901 ], [ 78.738529318647039, 11.29398886209645 ], [ 78.733282375270434, 11.323240275105807 ], [ 78.656327205746962, 11.333928291397688 ], [ 78.663323130249097, 11.373867720698925 ] ] ] } },
{ "type": "Feature", "properties": { "district": "Coimbatore", "st_code": "33", "dt_code": "632", "year": "2011_c", "st_nm": "Tamil Nadu" }, "geometry": { "type": "Polygon", "coordinates": [ [ [ 76.963313476230567, 11.385118264164063 ], [ 77.013450935162524, 11.368804976139614 ], [ 77.04551558913063, 11.402556606535025 ], [ 77.114891840443462, 11.378930465258238 ], [ 77.146956494411569, 11.336178400090716 ], [ 77.150454456662644, 11.306364459908101 ], [ 77.119555790111548, 11.290051171883652 ], [ 77.164446305666914, 11.268112612126634 ], [ 77.160948343415839, 11.167982775286912 ], [ 77.20875382751376, 11.140418943797325 ], [ 77.243150456315917, 11.137606307931041 ], [ 77.262972242405297, 11.113980166654253 ], [ 77.168527261626494, 11.067290411273932 ], [ 77.17902114837969, 11.035788889571547 ], [ 77.153952418913704, 10.99753704179008 ], [ 77.17902114837969, 10.926658617959715 ], [ 77.211085802347796, 10.902469949509669 ], [ 77.247814405984002, 10.904720058202697 ], [ 77.259474280154222, 10.851279976743296 ], [ 77.285126003328713, 10.839466906104901 ], [ 77.294453902664898, 10.813028128961829 ], [ 77.254227336777632, 10.776463862700131 ], [ 77.230324594728671, 10.777588917046645 ], [ 77.19651095963502, 10.802902639843204 ], [ 77.160948343415839, 10.793339677897837 ], [ 77.134130632824323, 10.750025085557059 ], [ 77.141126557326459, 10.680271716073207 ], [ 77.152203437788174, 10.650457775890594 ], [ 77.181353123213739, 10.64370744981151 ], [ 77.158033374873284, 10.584079569446283 ], [ 77.102065978856217, 10.586329678139309 ], [ 77.081078205349812, 10.572266498807888 ], [ 77.072916293430652, 10.540202449932247 ], [ 77.078163236807256, 10.503075656497293 ], [ 77.058924444426395, 10.477761933700734 ], [ 77.073499287139171, 10.463136227196056 ], [ 77.04143463317105, 10.427134488107615 ], [ 77.086325148726417, 10.378194624034268 ], [ 77.076414255681726, 10.33656761321326 ], [ 77.090406104685997, 10.314629053456242 ], [ 77.05600947588384, 10.287065221966657 ], [ 77.051345526215741, 10.264001607863124 ], [ 76.984301249736959, 10.222374597042116 ], [ 76.939410734181607, 10.238125357893308 ], [ 76.910261048756041, 10.235312722027023 ], [ 76.89685219346029, 10.262314026343354 ], [ 76.829807916981508, 10.303378509991106 ], [ 76.848463715653864, 10.367506607742389 ], [ 76.823394986187878, 10.394507912058717 ], [ 76.815816067977238, 10.423196797894818 ], [ 76.828058935855978, 10.449635575037892 ], [ 76.838552822609174, 10.595892640084676 ], [ 76.817565049102768, 10.60264296616376 ], [ 76.814067086851708, 10.635269542212658 ], [ 76.882277350747515, 10.639207232425456 ], [ 76.865953526909195, 10.684209406286005 ], [ 76.903848117962426, 10.762963210541967 ], [ 76.90093314941987, 10.807965384402516 ], [ 76.870034482868775, 10.809090438749029 ], [ 76.830973904398533, 10.870405900634029 ], [ 76.779670458049551, 10.891219406044533 ], [ 76.739443892162271, 10.894594569084074 ], [ 76.658990760387738, 10.930596308172513 ], [ 76.666569678598378, 10.968285628780723 ], [ 76.71612414382183, 11.040289106957603 ], [ 76.746439816664406, 11.056602394982052 ], [ 76.748188797789936, 11.134793672064756 ], [ 76.705630257068634, 11.142106525317097 ], [ 76.695136370315424, 11.166857720940399 ], [ 76.7301159928261, 11.193859025256728 ], [ 76.735362936202691, 11.215797585013746 ], [ 76.705630257068634, 11.240548780637049 ], [ 76.732447967660136, 11.246174052369616 ], [ 76.788415363677217, 11.278238101245257 ], [ 76.798326256721907, 11.29230128057668 ], [ 76.842050784860234, 11.287801063190624 ], [ 76.861872570949615, 11.306926987081358 ], [ 76.850212696779394, 11.340116090303514 ], [ 76.89102225637518, 11.36599234027333 ], [ 76.902099136836895, 11.350804106595394 ], [ 76.937078759347557, 11.359242014194248 ], [ 76.963313476230567, 11.385118264164063 ] ] ] } },
{ "type": "Feature", "properties": { "district": "Tiruchirappalli", "st_code": "33", "dt_code": "614", "year": "2011_c", "st_nm": "Tamil Nadu" }, "geometry": { "type": "Polygon", "coordinates": [ [ [ 78.486093042861711, 11.407619351094338 ], [ 78.509995784910672, 11.396931334802456 ], [ 78.523404640206422, 11.370492557659384 ], [ 78.553137319340493, 11.358679487020989 ], [ 78.553137319340493, 11.319865112066267 ], [ 78.571210124304343, 11.315364894680211 ], [ 78.604440765689475, 11.338991035957001 ], [ 78.641169369325681, 11.34236619899654 ], [ 78.663323130249097, 11.373867720698925 ], [ 78.656327205746962, 11.333928291397688 ], [ 78.733282375270434, 11.323240275105807 ], [ 78.738529318647039, 11.29398886209645 ], [ 78.709962626929993, 11.248986688235901 ], [ 78.712877595472548, 11.214110003493975 ], [ 78.698302752759773, 11.191046389390443 ], [ 78.674983004419317, 11.194421552429985 ], [ 78.680812941504428, 11.130293454678702 ], [ 78.701217721302328, 11.068415465620447 ], [ 78.742610274606619, 11.075728318872786 ], [ 78.735031356395979, 11.105542259055399 ], [ 78.76068307957047, 11.120167965560078 ], [ 78.810820538502426, 11.111730057961225 ], [ 78.807322576251352, 11.079103481912327 ], [ 78.895937619945059, 11.099916987322832 ], [ 78.92683628649614, 11.089791498204207 ], [ 78.974058776885542, 11.094291715590263 ], [ 79.006123430853663, 11.05885250367508 ], [ 79.012536361647278, 11.009912639601731 ], [ 78.986301644764282, 11.000912204829621 ], [ 78.978722726553642, 10.970535737473751 ], [ 78.941994122917436, 10.973348373340036 ], [ 79.002042474894083, 10.922158400573661 ], [ 79.004374449728132, 10.894032041910817 ], [ 78.944326097751485, 10.888969297351505 ], [ 78.92333832424508, 10.865905683247973 ], [ 78.852213091806718, 10.842842069144442 ], [ 78.868536915645024, 10.825403726773478 ], [ 78.865038953393963, 10.720773672547701 ], [ 78.873200865313123, 10.705585438869766 ], [ 78.872034877896098, 10.688147096498803 ], [ 78.820148437838597, 10.694897422577885 ], [ 78.790415758704526, 10.649895248717336 ], [ 78.75835110473642, 10.653270411756877 ], [ 78.735614350104484, 10.714585873641877 ], [ 78.688974853423588, 10.734836851879123 ], [ 78.693055809383168, 10.691522259538344 ], [ 78.666238098791652, 10.67239633564761 ], [ 78.658659180581012, 10.70502291169651 ], [ 78.62717752032141, 10.703897857349995 ], [ 78.592780891519254, 10.658895683489446 ], [ 78.565380187219219, 10.660583265009215 ], [ 78.550805344506443, 10.686459514979033 ], [ 78.522821646497917, 10.674083917167382 ], [ 78.526902602457483, 10.629081743306832 ], [ 78.482595080610636, 10.638644705252199 ], [ 78.459275332270195, 10.611643400935868 ], [ 78.469186225314886, 10.54132750427876 ], [ 78.486093042861711, 10.539077395585732 ], [ 78.519323684246842, 10.482824678260046 ], [ 78.549639357089418, 10.514326199962431 ], [ 78.58928292926818, 10.474386770661193 ], [ 78.582869998474564, 10.446822939171607 ], [ 78.561299231259653, 10.431634705493671 ], [ 78.522821646497917, 10.436697450052982 ], [ 78.505331835242572, 10.37594451534124 ], [ 78.505914828951092, 10.388320113152892 ], [ 78.449364439225505, 10.409696145736653 ], [ 78.43653857763826, 10.363006390356333 ], [ 78.415550804131854, 10.363006390356333 ], [ 78.378822200495648, 10.310128836070188 ], [ 78.333348691231777, 10.300565874124821 ], [ 78.338012640899876, 10.325317069748124 ], [ 78.27913027634024, 10.372569352301699 ], [ 78.315275886267941, 10.439510085919267 ], [ 78.234239760784888, 10.470449080448395 ], [ 78.206256062776347, 10.473824243487936 ], [ 78.191681220063572, 10.500825547804265 ], [ 78.199843131982732, 10.546952776011329 ], [ 78.242984666412553, 10.554265629263668 ], [ 78.262806452501934, 10.57901682488697 ], [ 78.265138427335984, 10.626269107440548 ], [ 78.292539131636005, 10.701647748656967 ], [ 78.316441873684965, 10.701647748656967 ], [ 78.345008565402011, 10.721336199720959 ], [ 78.377656213078637, 10.725836417107013 ], [ 78.406805898504189, 10.674083917167382 ], [ 78.475016162399996, 10.703897857349995 ], [ 78.516991709412792, 10.707273020389536 ], [ 78.566546174636244, 10.740462123611692 ], [ 78.578789042514984, 10.850154922396781 ], [ 78.550805344506443, 10.877718753886368 ], [ 78.502416866700017, 10.887281715831735 ], [ 78.428376665719099, 10.947472123370218 ], [ 78.402724942544609, 10.960972775528385 ], [ 78.341510603150937, 10.960972775528385 ], [ 78.249980590914689, 10.96884815595398 ], [ 78.206839056484867, 10.958722666835357 ], [ 78.181187333310376, 10.981223753765631 ], [ 78.164863509472056, 11.013287802641273 ], [ 78.194596188606127, 11.022288237413383 ], [ 78.182936314435906, 11.06954051996696 ], [ 78.235405748201913, 11.064477775407648 ], [ 78.229575811116803, 11.094854242763519 ], [ 78.324020791895606, 11.057727449328565 ], [ 78.350838502487122, 11.06954051996696 ], [ 78.336846653482851, 11.104979731882143 ], [ 78.345591559110517, 11.134231144891499 ], [ 78.381154175329698, 11.142106525317097 ], [ 78.381154175329698, 11.187108699177646 ], [ 78.421963734925484, 11.211859894800948 ], [ 78.461024313395725, 11.324365329452322 ], [ 78.447032464391455, 11.332240709877917 ], [ 78.4645222756468, 11.377242883738468 ], [ 78.486093042861711, 11.407619351094338 ] ] ] } },
{ "type": "Feature", "properties": { "district": "Ariyalur", "st_code": "33", "dt_code": "616", "year": "2011_c", "st_nm": "Tamil Nadu" }, "geometry": { "type": "Polygon", "coordinates": [ [ [ 79.006123430853663, 11.05885250367508 ], [ 79.031775154028153, 11.083603699298381 ], [ 79.054511908660089, 11.085291280818153 ], [ 79.069086751372865, 11.110042476441453 ], [ 79.055094902368594, 11.129730927505445 ], [ 79.093572487130331, 11.200046824162554 ], [ 79.098819430506936, 11.230985818691682 ], [ 79.122139178847377, 11.248986688235901 ], [ 79.108730323551626, 11.270362720819662 ], [ 79.130884084475042, 11.332240709877917 ], [ 79.157118801358052, 11.338428508783743 ], [ 79.168195681819768, 11.378367938084981 ], [ 79.22474607154534, 11.391868590243146 ], [ 79.296454297692222, 11.381743101124522 ], [ 79.292373341732642, 11.412119568480392 ], [ 79.366996536422064, 11.418307367386218 ], [ 79.385069341385915, 11.409306932614108 ], [ 79.389150297345495, 11.367117394619843 ], [ 79.473684385079608, 11.314239840333698 ], [ 79.498170120837074, 11.31367731316044 ], [ 79.510412988715814, 11.228173182825397 ], [ 79.501668083088148, 11.203421987202095 ], [ 79.458526548658327, 11.150544432915948 ], [ 79.431125844358291, 11.121293019906592 ], [ 79.399061190390185, 11.066727884100676 ], [ 79.357668637085894, 11.049289541729713 ], [ 79.311612134113503, 11.017788020027329 ], [ 79.291207354315617, 11.014412856987786 ], [ 79.222414096711304, 10.946347069023705 ], [ 79.141377971228252, 10.94015927011788 ], [ 79.076082675875, 10.922158400573661 ], [ 79.063256814287755, 10.897969732123615 ], [ 79.032358147736659, 10.886719188658478 ], [ 79.004374449728132, 10.894032041910817 ], [ 79.002042474894083, 10.922158400573661 ], [ 78.941994122917436, 10.973348373340036 ], [ 78.978722726553642, 10.970535737473751 ], [ 78.986301644764282, 11.000912204829621 ], [ 79.012536361647278, 11.009912639601731 ], [ 79.006123430853663, 11.05885250367508 ] ] ] } },
{ "type": "Feature", "properties": { "district": "Tiruppur", "st_code": "33", "dt_code": "633", "year": "2011_c", "st_nm": "Tamil Nadu" }, "geometry": { "type": "Polygon", "coordinates": [ [ [ 77.146956494411569, 11.336178400090716 ], [ 77.167361274209469, 11.317052476199983 ], [ 77.218081726849931, 11.351929160941907 ], [ 77.286291990745738, 11.29230128057668 ], [ 77.346340342722385, 11.277113046898744 ], [ 77.334680468552165, 11.317052476199983 ], [ 77.385983914901146, 11.322115220759294 ], [ 77.418631562577772, 11.310302150120901 ], [ 77.475181952303359, 11.301864242522047 ], [ 77.463522078133138, 11.258549650181267 ], [ 77.500250681769344, 11.225923074132369 ], [ 77.51074456852254, 11.187108699177646 ], [ 77.486841826473579, 11.179233318752049 ], [ 77.500250681769344, 11.107229840575171 ], [ 77.558550052620447, 11.10891742209494 ], [ 77.616266429763058, 11.126918291639161 ], [ 77.661156945318425, 11.103854677535629 ], [ 77.738112114841897, 11.085291280818153 ], [ 77.776589699603633, 11.058289976501822 ], [ 77.791747536024914, 11.032976253705264 ], [ 77.781253649271719, 10.998662096136595 ], [ 77.750937976429142, 10.981223753765631 ], [ 77.770176768810003, 10.962097829874898 ], [ 77.760265875765313, 10.903595003856184 ], [ 77.772508743644053, 10.877156226713112 ], [ 77.833140089329206, 10.837216797411873 ], [ 77.871034680382436, 10.840029433278158 ], [ 77.878030604884572, 10.789401987685039 ], [ 77.871034680382436, 10.771963645314077 ], [ 77.798743460527049, 10.805715275709488 ], [ 77.770759762518509, 10.767463427928021 ], [ 77.827310152244095, 10.749462558383801 ], [ 77.82439518370154, 10.71571092798839 ], [ 77.808071359863234, 10.680834243246464 ], [ 77.788832567482359, 10.685334460632518 ], [ 77.753269951263178, 10.667896118261556 ], [ 77.728201221797207, 10.630206797653345 ], [ 77.698468542663136, 10.662270846528987 ], [ 77.706047460873776, 10.716273455161646 ], [ 77.695553574120581, 10.73539937905238 ], [ 77.664654907569485, 10.716273455161646 ], [ 77.65591000194182, 10.673521389994125 ], [ 77.636671209560944, 10.669021172608069 ], [ 77.585950756920482, 10.683646879112748 ], [ 77.549222153284276, 10.639207232425456 ], [ 77.542809222490646, 10.609955819416099 ], [ 77.515991511899145, 10.612768455282382 ], [ 77.50433163772891, 10.642582395464997 ], [ 77.482177876805494, 10.649895248717336 ], [ 77.417465575160747, 10.625706580267291 ], [ 77.384234933775616, 10.590267368352109 ], [ 77.368494103645816, 10.55032793905087 ], [ 77.377822002982001, 10.525576743427568 ], [ 77.385400921192641, 10.449635575037892 ], [ 77.332931487426634, 10.455823373943716 ], [ 77.320105625839389, 10.417008998988992 ], [ 77.316024669879809, 10.355131009930737 ], [ 77.35217027980751, 10.275252151328262 ], [ 77.329433525175574, 10.271876988288721 ], [ 77.288040971871283, 10.232500086160739 ], [ 77.264721223530827, 10.235312722027023 ], [ 77.263555236113802, 10.264001607863124 ], [ 77.227992619894621, 10.315191580629499 ], [ 77.234988544396757, 10.352880901237709 ], [ 77.176106179837134, 10.358506172970278 ], [ 77.120138783820067, 10.318004216495783 ], [ 77.090406104685997, 10.314629053456242 ], [ 77.076414255681726, 10.33656761321326 ], [ 77.086325148726417, 10.378194624034268 ], [ 77.04143463317105, 10.427134488107615 ], [ 77.073499287139171, 10.463136227196056 ], [ 77.058924444426395, 10.477761933700734 ], [ 77.078163236807256, 10.503075656497293 ], [ 77.072916293430652, 10.540202449932247 ], [ 77.081078205349812, 10.572266498807888 ], [ 77.102065978856217, 10.586329678139309 ], [ 77.158033374873284, 10.584079569446283 ], [ 77.181353123213739, 10.64370744981151 ], [ 77.152203437788174, 10.650457775890594 ], [ 77.141126557326459, 10.680271716073207 ], [ 77.134130632824323, 10.750025085557059 ], [ 77.160948343415839, 10.793339677897837 ], [ 77.19651095963502, 10.802902639843204 ], [ 77.230324594728671, 10.777588917046645 ], [ 77.254227336777632, 10.776463862700131 ], [ 77.294453902664898, 10.813028128961829 ], [ 77.285126003328713, 10.839466906104901 ], [ 77.259474280154222, 10.851279976743296 ], [ 77.247814405984002, 10.904720058202697 ], [ 77.211085802347796, 10.902469949509669 ], [ 77.17902114837969, 10.926658617959715 ], [ 77.153952418913704, 10.99753704179008 ], [ 77.17902114837969, 11.035788889571547 ], [ 77.168527261626494, 11.067290411273932 ], [ 77.262972242405297, 11.113980166654253 ], [ 77.243150456315917, 11.137606307931041 ], [ 77.20875382751376, 11.140418943797325 ], [ 77.160948343415839, 11.167982775286912 ], [ 77.164446305666914, 11.268112612126634 ], [ 77.119555790111548, 11.290051171883652 ], [ 77.150454456662644, 11.306364459908101 ], [ 77.146956494411569, 11.336178400090716 ] ] ] } },
{ "type": "Feature", "properties": { "district": "Thanjavur", "st_code": "33", "dt_code": "620", "year": "2011_c", "st_nm": "Tamil Nadu" }, "geometry": { "type": "Polygon", "coordinates": [ [ [ 78.873200865313123, 10.705585438869766 ], [ 78.865038953393963, 10.720773672547701 ], [ 78.868536915645024, 10.825403726773478 ], [ 78.852213091806718, 10.842842069144442 ], [ 78.92333832424508, 10.865905683247973 ], [ 78.944326097751485, 10.888969297351505 ], [ 79.004374449728132, 10.894032041910817 ], [ 79.032358147736659, 10.886719188658478 ], [ 79.063256814287755, 10.897969732123615 ], [ 79.076082675875, 10.922158400573661 ], [ 79.141377971228252, 10.94015927011788 ], [ 79.222414096711304, 10.946347069023705 ], [ 79.291207354315617, 11.014412856987786 ], [ 79.311612134113503, 11.017788020027329 ], [ 79.357668637085894, 11.049289541729713 ], [ 79.399061190390185, 11.066727884100676 ], [ 79.431125844358291, 11.121293019906592 ], [ 79.458526548658327, 11.150544432915948 ], [ 79.52673681255412, 11.183733536138105 ], [ 79.55297152943713, 11.127480818812417 ], [ 79.529651781096675, 11.056039867808796 ], [ 79.510995982424319, 11.041976688477373 ], [ 79.531400762222219, 11.011037693948246 ], [ 79.515659932092419, 10.969973210300495 ], [ 79.501085089379629, 10.941846851637651 ], [ 79.485927252958348, 10.869280846287515 ], [ 79.455611580115772, 10.864218101728202 ], [ 79.389733291054, 10.896282150603845 ], [ 79.358834624502919, 10.900219840816643 ], [ 79.291790348024122, 10.937909161424852 ], [ 79.271968561934756, 10.89909478647013 ], [ 79.273717543060286, 10.873218536500312 ], [ 79.295288310275197, 10.864218101728202 ], [ 79.301701241068812, 10.82877888981302 ], [ 79.353587681126314, 10.793902205071095 ], [ 79.343676788081623, 10.739899596438434 ], [ 79.308114171862442, 10.716835982334903 ], [ 79.318025064907133, 10.660583265009215 ], [ 79.357668637085894, 10.644832504158025 ], [ 79.346591756624179, 10.592517477045135 ], [ 79.361166599336954, 10.57901682488697 ], [ 79.39964418409869, 10.577329243367199 ], [ 79.439287756277452, 10.523889161907798 ], [ 79.469020435411522, 10.511513564096147 ], [ 79.483012284415793, 10.489575004339128 ], [ 79.471935403954078, 10.433884814186698 ], [ 79.454445592698747, 10.433884814186698 ], [ 79.475433366205138, 10.372006825128443 ], [ 79.501085089379629, 10.369194189262158 ], [ 79.476599353622163, 10.35119331971794 ], [ 79.471935403954078, 10.315754107802757 ], [ 79.37982239800931, 10.315754107802757 ], [ 79.366413542713559, 10.293815548045739 ], [ 79.300535253651802, 10.265126662209639 ], [ 79.266721618558151, 10.229124923121198 ], [ 79.278381492728371, 10.215624270963033 ], [ 79.246316838760265, 10.18749791230019 ], [ 79.22707804637939, 10.136870466707071 ], [ 79.202592310621924, 10.158246499290833 ], [ 79.151288864272942, 10.159934080810604 ], [ 79.160616763609113, 10.195373292725787 ], [ 79.150122876855917, 10.21618679813629 ], [ 79.115726248053761, 10.23418766768051 ], [ 79.132633065600587, 10.265126662209639 ], [ 79.118641216596316, 10.288752803486426 ], [ 79.132633065600587, 10.309003781723673 ], [ 79.120973191430366, 10.337692667559773 ], [ 79.152454851689967, 10.349505738198168 ], [ 79.132050071892067, 10.424321852241331 ], [ 79.158867782483583, 10.473824243487936 ], [ 79.140211983811227, 10.51263861844266 ], [ 79.158284788775077, 10.533452123853165 ], [ 79.184519505658074, 10.537952341239219 ], [ 79.176940587447433, 10.585767150966053 ], [ 79.141377971228252, 10.588017259659081 ], [ 79.129718097058031, 10.6347070150394 ], [ 79.100568411632466, 10.629644270480089 ], [ 79.065588789121804, 10.648207667197566 ], [ 79.06617178283031, 10.670146226954582 ], [ 79.028860185485598, 10.68139677041972 ], [ 78.993297569266417, 10.721898726894215 ], [ 78.986884638472787, 10.679146661726694 ], [ 78.918674374576995, 10.67070875412784 ], [ 78.873200865313123, 10.705585438869766 ] ] ] } },
{ "type": "Feature", "properties": { "district": "Karur", "st_code": "33", "dt_code": "613", "year": "2011_c", "st_nm": "Tamil Nadu" }, "geometry": { "type": "Polygon", "coordinates": [ [ [ 77.776589699603633, 11.058289976501822 ], [ 77.817982252907925, 11.070103047140217 ], [ 77.83022512078665, 11.047601960209942 ], [ 77.880945573427127, 11.024538346106411 ], [ 77.922338126731418, 11.04985206890297 ], [ 77.932832013484614, 11.070103047140217 ], [ 77.946240868780379, 11.065602829754162 ], [ 77.990548390627225, 11.096541824283289 ], [ 78.027276994263431, 11.09091655255072 ], [ 78.054677698563452, 11.074040737353014 ], [ 78.101900188952854, 11.075728318872786 ], [ 78.164863509472056, 11.013287802641273 ], [ 78.181187333310376, 10.981223753765631 ], [ 78.206839056484867, 10.958722666835357 ], [ 78.249980590914689, 10.96884815595398 ], [ 78.341510603150937, 10.960972775528385 ], [ 78.402724942544609, 10.960972775528385 ], [ 78.428376665719099, 10.947472123370218 ], [ 78.502416866700017, 10.887281715831735 ], [ 78.550805344506443, 10.877718753886368 ], [ 78.578789042514984, 10.850154922396781 ], [ 78.566546174636244, 10.740462123611692 ], [ 78.516991709412792, 10.707273020389536 ], [ 78.475016162399996, 10.703897857349995 ], [ 78.406805898504189, 10.674083917167382 ], [ 78.377656213078637, 10.725836417107013 ], [ 78.345008565402011, 10.721336199720959 ], [ 78.316441873684965, 10.701647748656967 ], [ 78.292539131636005, 10.701647748656967 ], [ 78.265138427335984, 10.626269107440548 ], [ 78.262806452501934, 10.57901682488697 ], [ 78.242984666412553, 10.554265629263668 ], [ 78.199843131982732, 10.546952776011329 ], [ 78.180021345893351, 10.559890900996237 ], [ 78.139211786297565, 10.562703536862522 ], [ 78.13629681775501, 10.597017694431191 ], [ 78.165446503180576, 10.613893509628896 ], [ 78.145624717091195, 10.649895248717336 ], [ 78.151454654176305, 10.740462123611692 ], [ 78.180604339601857, 10.811340547442057 ], [ 78.104815157495409, 10.805152748536232 ], [ 78.097819232993274, 10.766900900754765 ], [ 78.069835534984733, 10.775901335526875 ], [ 77.998710302546385, 10.774213754007103 ], [ 77.982969472416571, 10.759588047502426 ], [ 77.946240868780379, 10.768025955101278 ], [ 77.930500038650578, 10.743837286651233 ], [ 77.998127308837866, 10.742712232304719 ], [ 78.015034126384691, 10.719648618201187 ], [ 78.005706227048506, 10.675771498687151 ], [ 77.96956061712082, 10.67239633564761 ], [ 77.959649724076129, 10.639769759598712 ], [ 77.882111560844152, 10.649332721544079 ], [ 77.872200667799461, 10.6347070150394 ], [ 77.83080811449517, 10.63301943351963 ], [ 77.808071359863234, 10.680834243246464 ], [ 77.82439518370154, 10.71571092798839 ], [ 77.827310152244095, 10.749462558383801 ], [ 77.770759762518509, 10.767463427928021 ], [ 77.798743460527049, 10.805715275709488 ], [ 77.871034680382436, 10.771963645314077 ], [ 77.878030604884572, 10.789401987685039 ], [ 77.871034680382436, 10.840029433278158 ], [ 77.833140089329206, 10.837216797411873 ], [ 77.772508743644053, 10.877156226713112 ], [ 77.760265875765313, 10.903595003856184 ], [ 77.770176768810003, 10.962097829874898 ], [ 77.750937976429142, 10.981223753765631 ], [ 77.781253649271719, 10.998662096136595 ], [ 77.791747536024914, 11.032976253705264 ], [ 77.776589699603633, 11.058289976501822 ] ] ] } },
{ "type": "Feature", "properties": { "district": "Thiruvarur", "st_code": "33", "dt_code": "619", "year": "2011_c", "st_nm": "Tamil Nadu" }, "geometry": { "type": "Polygon", "coordinates": [ [ [ 79.501085089379629, 10.369194189262158 ], [ 79.475433366205138, 10.372006825128443 ], [ 79.454445592698747, 10.433884814186698 ], [ 79.471935403954078, 10.433884814186698 ], [ 79.483012284415793, 10.489575004339128 ], [ 79.469020435411522, 10.511513564096147 ], [ 79.439287756277452, 10.523889161907798 ], [ 79.39964418409869, 10.577329243367199 ], [ 79.361166599336954, 10.57901682488697 ], [ 79.346591756624179, 10.592517477045135 ], [ 79.357668637085894, 10.644832504158025 ], [ 79.318025064907133, 10.660583265009215 ], [ 79.308114171862442, 10.716835982334903 ], [ 79.343676788081623, 10.739899596438434 ], [ 79.353587681126314, 10.793902205071095 ], [ 79.301701241068812, 10.82877888981302 ], [ 79.295288310275197, 10.864218101728202 ], [ 79.273717543060286, 10.873218536500312 ], [ 79.271968561934756, 10.89909478647013 ], [ 79.291790348024122, 10.937909161424852 ], [ 79.358834624502919, 10.900219840816643 ], [ 79.389733291054, 10.896282150603845 ], [ 79.455611580115772, 10.864218101728202 ], [ 79.485927252958348, 10.869280846287515 ], [ 79.501085089379629, 10.941846851637651 ], [ 79.515659932092419, 10.969973210300495 ], [ 79.54480961751797, 10.965472992914439 ], [ 79.590866120490347, 10.982911335285403 ], [ 79.621181793332937, 10.971660791820264 ], [ 79.646833516507428, 11.011600221121503 ], [ 79.700468937690445, 11.015537911334301 ], [ 79.748274421788366, 10.996411987443567 ], [ 79.759351302250082, 10.960972775528385 ], [ 79.720873717488345, 10.969410683127236 ], [ 79.724371679739406, 10.929471253826 ], [ 79.668404283722339, 10.914283020148064 ], [ 79.652663453592538, 10.88615666148522 ], [ 79.654995428426588, 10.83777932458513 ], [ 79.728452635698986, 10.828216362639763 ], [ 79.729618623116011, 10.79840242245715 ], [ 79.703383906233, 10.783214188779214 ], [ 79.666655302596808, 10.650457775890594 ], [ 79.673651227098944, 10.624581525920776 ], [ 79.667821290013819, 10.574516607500916 ], [ 79.714460786694715, 10.525576743427568 ], [ 79.68997505093725, 10.450198102211148 ], [ 79.630509692669108, 10.445697884825092 ], [ 79.634007654920183, 10.378757151207525 ], [ 79.559967453939265, 10.386070004459864 ], [ 79.535481718181799, 10.359068700143535 ], [ 79.501085089379629, 10.369194189262158 ] ] ] } },
{ "type": "Feature", "properties": { "district": "Dindigul", "st_code": "33", "dt_code": "612", "year": "2011_c", "st_nm": "Tamil Nadu" }, "geometry": { "type": "Polygon", "coordinates": [ [ [ 78.199843131982732, 10.546952776011329 ], [ 78.191681220063572, 10.500825547804265 ], [ 78.206256062776347, 10.473824243487936 ], [ 78.234239760784888, 10.470449080448395 ], [ 78.315275886267941, 10.439510085919267 ], [ 78.27913027634024, 10.372569352301699 ], [ 78.338012640899876, 10.325317069748124 ], [ 78.333348691231777, 10.300565874124821 ], [ 78.328684741563691, 10.228562395947941 ], [ 78.272134351838105, 10.183560222087392 ], [ 78.280879257465784, 10.129557613454732 ], [ 78.258142502833849, 10.086805548287211 ], [ 78.212668993569977, 10.075555004822073 ], [ 78.156118603844391, 10.107619053697714 ], [ 78.161365547220996, 10.154871336251292 ], [ 78.143292742257145, 10.182435167740879 ], [ 78.119972993916704, 10.189185493819961 ], [ 78.019698076052777, 10.184685276433905 ], [ 77.972475585663375, 10.131245194974504 ], [ 77.933415007193133, 10.11380685260354 ], [ 77.914176214812258, 10.075555004822073 ], [ 77.892605447597347, 10.078367640688358 ], [ 77.80457339761216, 10.067117097223221 ], [ 77.763763838016388, 10.055866553758083 ], [ 77.712460391667406, 10.02605261357547 ], [ 77.702549498622716, 10.102556309138404 ], [ 77.724703259546132, 10.153746281904779 ], [ 77.696719561537591, 10.206061309017667 ], [ 77.662905926443955, 10.189185493819961 ], [ 77.625594329099243, 10.211124053576979 ], [ 77.567294958248127, 10.182997694914135 ], [ 77.535813297988511, 10.179060004701338 ], [ 77.464688065550163, 10.130682667801246 ], [ 77.35974919801815, 10.150933646038494 ], [ 77.342842380471325, 10.136307939533815 ], [ 77.302615814584058, 10.136307939533815 ], [ 77.267636192073383, 10.122244760202394 ], [ 77.274632116575518, 10.184685276433905 ], [ 77.288040971871283, 10.232500086160739 ], [ 77.329433525175574, 10.271876988288721 ], [ 77.35217027980751, 10.275252151328262 ], [ 77.316024669879809, 10.355131009930737 ], [ 77.320105625839389, 10.417008998988992 ], [ 77.332931487426634, 10.455823373943716 ], [ 77.385400921192641, 10.449635575037892 ], [ 77.377822002982001, 10.525576743427568 ], [ 77.368494103645816, 10.55032793905087 ], [ 77.384234933775616, 10.590267368352109 ], [ 77.417465575160747, 10.625706580267291 ], [ 77.482177876805494, 10.649895248717336 ], [ 77.50433163772891, 10.642582395464997 ], [ 77.515991511899145, 10.612768455282382 ], [ 77.542809222490646, 10.609955819416099 ], [ 77.549222153284276, 10.639207232425456 ], [ 77.585950756920482, 10.683646879112748 ], [ 77.636671209560944, 10.669021172608069 ], [ 77.65591000194182, 10.673521389994125 ], [ 77.664654907569485, 10.716273455161646 ], [ 77.695553574120581, 10.73539937905238 ], [ 77.706047460873776, 10.716273455161646 ], [ 77.698468542663136, 10.662270846528987 ], [ 77.728201221797207, 10.630206797653345 ], [ 77.753269951263178, 10.667896118261556 ], [ 77.788832567482359, 10.685334460632518 ], [ 77.808071359863234, 10.680834243246464 ], [ 77.83080811449517, 10.63301943351963 ], [ 77.872200667799461, 10.6347070150394 ], [ 77.882111560844152, 10.649332721544079 ], [ 77.959649724076129, 10.639769759598712 ], [ 77.96956061712082, 10.67239633564761 ], [ 78.005706227048506, 10.675771498687151 ], [ 78.015034126384691, 10.719648618201187 ], [ 77.998127308837866, 10.742712232304719 ], [ 77.930500038650578, 10.743837286651233 ], [ 77.946240868780379, 10.768025955101278 ], [ 77.982969472416571, 10.759588047502426 ], [ 77.998710302546385, 10.774213754007103 ], [ 78.069835534984733, 10.775901335526875 ], [ 78.097819232993274, 10.766900900754765 ], [ 78.104815157495409, 10.805152748536232 ], [ 78.180604339601857, 10.811340547442057 ], [ 78.151454654176305, 10.740462123611692 ], [ 78.145624717091195, 10.649895248717336 ], [ 78.165446503180576, 10.613893509628896 ], [ 78.13629681775501, 10.597017694431191 ], [ 78.139211786297565, 10.562703536862522 ], [ 78.180021345893351, 10.559890900996237 ], [ 78.199843131982732, 10.546952776011329 ] ] ] } },
{ "type": "Feature", "properties": { "district": "Madurai", "st_code": "33", "dt_code": "623", "year": "2011_c", "st_nm": "Tamil Nadu" }, "geometry": { "type": "Polygon", "coordinates": [ [ [ 78.333348691231777, 10.300565874124821 ], [ 78.378822200495648, 10.310128836070188 ], [ 78.387567106123328, 10.270189406768949 ], [ 78.412635835589299, 10.213374162270005 ], [ 78.394563030625449, 10.173997260142025 ], [ 78.401558955127584, 10.138558048226843 ], [ 78.437121571346765, 10.132370249321017 ], [ 78.457526351144665, 10.101431254791889 ], [ 78.452862401476565, 10.059241716797624 ], [ 78.427793672010594, 10.053616445065055 ], [ 78.455777370019121, 10.018177233149872 ], [ 78.45636036372764, 9.968674841903269 ], [ 78.388733093540338, 9.95236155387882 ], [ 78.366579332616922, 9.933798157161343 ], [ 78.317024867393471, 9.926485303909002 ], [ 78.30944594918283, 9.865169842024004 ], [ 78.263972439918959, 9.869670059410058 ], [ 78.241235685287023, 9.859544570291435 ], [ 78.209754025027422, 9.874732803969371 ], [ 78.151454654176305, 9.874732803969371 ], [ 78.125219937293295, 9.854481825732124 ], [ 78.13454783662948, 9.811167233391345 ], [ 78.164863509472056, 9.828043048589052 ], [ 78.193430201189102, 9.80666701600529 ], [ 78.145624717091195, 9.794291418193639 ], [ 78.13687981146353, 9.761664842144741 ], [ 78.107147132329459, 9.786416037768042 ], [ 78.100734201535829, 9.755477043238916 ], [ 78.061090629357068, 9.741413863907493 ], [ 78.086742352531559, 9.682348510715522 ], [ 78.059341648231538, 9.662097532478274 ], [ 78.040685849559182, 9.678410820502723 ], [ 78.016200113801716, 9.647471825973597 ], [ 77.97539055420593, 9.629470956429376 ], [ 77.953819786991019, 9.649159407493366 ], [ 77.842467988665391, 9.636221282508458 ], [ 77.776006705895114, 9.640721499894514 ], [ 77.759099888348288, 9.681785983542266 ], [ 77.714792366501442, 9.700349380259741 ], [ 77.668152869820545, 9.67728576615621 ], [ 77.64366713406308, 9.704849597645797 ], [ 77.605189549301343, 9.69528663570043 ], [ 77.585950756920482, 9.667160277037587 ], [ 77.536979285405536, 9.659847423785248 ], [ 77.475181952303359, 9.563092749985065 ], [ 77.464105071841644, 9.578843510836258 ], [ 77.527068392360846, 9.663222586824789 ], [ 77.567294958248127, 9.745914081293549 ], [ 77.600525599633258, 9.780790766035475 ], [ 77.623845347973699, 9.824105358376253 ], [ 77.618598404597108, 9.858419515944922 ], [ 77.64541611518861, 9.88935851047405 ], [ 77.654161020816289, 9.918609923483407 ], [ 77.679229750282261, 9.932673102814828 ], [ 77.700217523788666, 10.014239542937075 ], [ 77.712460391667406, 10.02605261357547 ], [ 77.763763838016388, 10.055866553758083 ], [ 77.80457339761216, 10.067117097223221 ], [ 77.892605447597347, 10.078367640688358 ], [ 77.914176214812258, 10.075555004822073 ], [ 77.933415007193133, 10.11380685260354 ], [ 77.972475585663375, 10.131245194974504 ], [ 78.019698076052777, 10.184685276433905 ], [ 78.119972993916704, 10.189185493819961 ], [ 78.143292742257145, 10.182435167740879 ], [ 78.161365547220996, 10.154871336251292 ], [ 78.156118603844391, 10.107619053697714 ], [ 78.212668993569977, 10.075555004822073 ], [ 78.258142502833849, 10.086805548287211 ], [ 78.280879257465784, 10.129557613454732 ], [ 78.272134351838105, 10.183560222087392 ], [ 78.328684741563691, 10.228562395947941 ], [ 78.333348691231777, 10.300565874124821 ] ] ] } },
{ "type": "Feature", "properties": { "district": "Theni", "st_code": "33", "dt_code": "624", "year": "2011_c", "st_nm": "Tamil Nadu" }, "geometry": { "type": "Polygon", "coordinates": [ [ [ 77.267636192073383, 10.122244760202394 ], [ 77.302615814584058, 10.136307939533815 ], [ 77.342842380471325, 10.136307939533815 ], [ 77.35974919801815, 10.150933646038494 ], [ 77.464688065550163, 10.130682667801246 ], [ 77.535813297988511, 10.179060004701338 ], [ 77.567294958248127, 10.182997694914135 ], [ 77.625594329099243, 10.211124053576979 ], [ 77.662905926443955, 10.189185493819961 ], [ 77.696719561537591, 10.206061309017667 ], [ 77.724703259546132, 10.153746281904779 ], [ 77.702549498622716, 10.102556309138404 ], [ 77.712460391667406, 10.02605261357547 ], [ 77.700217523788666, 10.014239542937075 ], [ 77.679229750282261, 9.932673102814828 ], [ 77.654161020816289, 9.918609923483407 ], [ 77.64541611518861, 9.88935851047405 ], [ 77.618598404597108, 9.858419515944922 ], [ 77.623845347973699, 9.824105358376253 ], [ 77.600525599633258, 9.780790766035475 ], [ 77.567294958248127, 9.745914081293549 ], [ 77.527068392360846, 9.663222586824789 ], [ 77.464105071841644, 9.578843510836258 ], [ 77.475181952303359, 9.563092749985065 ], [ 77.454777172505473, 9.541716717401306 ], [ 77.427959461913957, 9.546779461960616 ], [ 77.402307738739466, 9.525403429376855 ], [ 77.384817927484121, 9.519215630471031 ], [ 77.36557913510326, 9.551279679346672 ], [ 77.303781802001083, 9.599094489073506 ], [ 77.269385173198913, 9.572655711930432 ], [ 77.234405550688251, 9.581656146702542 ], [ 77.198259940760551, 9.61428272275144 ], [ 77.167944267917974, 9.614845249924699 ], [ 77.179604142088195, 9.656472260745707 ], [ 77.223328670226536, 9.730163320442356 ], [ 77.246648418566977, 9.798229108406437 ], [ 77.226826632477611, 9.821855249683225 ], [ 77.236154531813781, 9.860107097464692 ], [ 77.219830707975476, 9.865169842024004 ], [ 77.218081726849931, 9.905109271325243 ], [ 77.272883135449987, 9.976550222328864 ], [ 77.255393324194657, 10.01142690707079 ], [ 77.261806254988272, 10.033365466827808 ], [ 77.204089877845675, 10.088493129806981 ], [ 77.20117490930312, 10.107056526524458 ], [ 77.244316443732941, 10.13180772214776 ], [ 77.267636192073383, 10.122244760202394 ] ] ] } },
{ "type": "Feature", "properties": { "district": "Virudhunagar", "st_code": "33", "dt_code": "625", "year": "2011_c", "st_nm": "Tamil Nadu" }, "geometry": { "type": "Polygon", "coordinates": [ [ [ 77.475181952303359, 9.563092749985065 ], [ 77.536979285405536, 9.659847423785248 ], [ 77.585950756920482, 9.667160277037587 ], [ 77.605189549301343, 9.69528663570043 ], [ 77.64366713406308, 9.704849597645797 ], [ 77.668152869820545, 9.67728576615621 ], [ 77.714792366501442, 9.700349380259741 ], [ 77.759099888348288, 9.681785983542266 ], [ 77.776006705895114, 9.640721499894514 ], [ 77.842467988665391, 9.636221282508458 ], [ 77.953819786991019, 9.649159407493366 ], [ 77.97539055420593, 9.629470956429376 ], [ 78.016200113801716, 9.647471825973597 ], [ 78.040685849559182, 9.678410820502723 ], [ 78.059341648231538, 9.662097532478274 ], [ 78.086742352531559, 9.682348510715522 ], [ 78.061090629357068, 9.741413863907493 ], [ 78.100734201535829, 9.755477043238916 ], [ 78.107147132329459, 9.786416037768042 ], [ 78.13687981146353, 9.761664842144741 ], [ 78.184685295561437, 9.757727151931942 ], [ 78.208005043901878, 9.781353293208731 ], [ 78.240652691578504, 9.756039570412172 ], [ 78.27738129521471, 9.74028880956098 ], [ 78.27330033925513, 9.68628620092832 ], [ 78.286709194550895, 9.676160711809697 ], [ 78.311777924016866, 9.722850467190018 ], [ 78.358417420697762, 9.654784679225935 ], [ 78.393980036916943, 9.645784244453825 ], [ 78.399809974002054, 9.612032614058414 ], [ 78.429542653136124, 9.608657451018873 ], [ 78.411469848172274, 9.587843945608368 ], [ 78.372992263410538, 9.573218239103689 ], [ 78.375324238244588, 9.507965087005893 ], [ 78.347340540236047, 9.511340250045434 ], [ 78.328684741563691, 9.495026962020985 ], [ 78.30128403726367, 9.442149407734838 ], [ 78.218498930655088, 9.447774679467408 ], [ 78.222579886614668, 9.410085358859197 ], [ 78.242984666412553, 9.381396473023097 ], [ 78.30361601209772, 9.384209108889381 ], [ 78.304781999514731, 9.342582098068373 ], [ 78.337429647191357, 9.354395168706768 ], [ 78.362498376657342, 9.349332424147455 ], [ 78.353170477321157, 9.308830467672962 ], [ 78.322271810770076, 9.277328945970577 ], [ 78.280879257465784, 9.284079272049659 ], [ 78.211503006152952, 9.305455304633419 ], [ 78.208588037610397, 9.327393864390437 ], [ 78.171276440265686, 9.342582098068373 ], [ 78.167778478014611, 9.368458348038189 ], [ 78.057009673397488, 9.36283307630562 ], [ 78.010370176716606, 9.308267940499704 ], [ 78.009204189299581, 9.26776598402521 ], [ 77.956734755533574, 9.248640060134477 ], [ 77.918257170771838, 9.201950304754156 ], [ 77.878030604884572, 9.208138103659982 ], [ 77.880362579718607, 9.245264897094936 ], [ 77.847131938333476, 9.244139842748421 ], [ 77.789415561190879, 9.251452696000761 ], [ 77.711877397958887, 9.291392125301998 ], [ 77.644833121480104, 9.288579489435714 ], [ 77.590614706588568, 9.308830467672962 ], [ 77.591197700297073, 9.343707152414886 ], [ 77.530566354611921, 9.375771201290529 ], [ 77.52065546156723, 9.334706717642778 ], [ 77.50666361256296, 9.331894081776493 ], [ 77.441368317209708, 9.354395168706768 ], [ 77.450696216545893, 9.37014592955796 ], [ 77.419797549994797, 9.399397342567317 ], [ 77.388315889735196, 9.392647016488235 ], [ 77.339344418220264, 9.42021084797782 ], [ 77.366162128811766, 9.460150277279059 ], [ 77.392396845694776, 9.459587750105802 ], [ 77.402307738739466, 9.525403429376855 ], [ 77.427959461913957, 9.546779461960616 ], [ 77.454777172505473, 9.541716717401306 ], [ 77.475181952303359, 9.563092749985065 ] ] ] } },
{ "type": "Feature", "properties": { "district": "Thoothukkudi", "st_code": "33", "dt_code": "627", "year": "2011_c", "st_nm": "Tamil Nadu" }, "geometry": { "type": "Polygon", "coordinates": [ [ [ 77.847131938333476, 9.244139842748421 ], [ 77.880362579718607, 9.245264897094936 ], [ 77.878030604884572, 9.208138103659982 ], [ 77.918257170771838, 9.201950304754156 ], [ 77.956734755533574, 9.248640060134477 ], [ 78.009204189299581, 9.26776598402521 ], [ 78.010370176716606, 9.308267940499704 ], [ 78.057009673397488, 9.36283307630562 ], [ 78.167778478014611, 9.368458348038189 ], [ 78.171276440265686, 9.342582098068373 ], [ 78.208588037610397, 9.327393864390437 ], [ 78.211503006152952, 9.305455304633419 ], [ 78.280879257465784, 9.284079272049659 ], [ 78.26921938329555, 9.201950304754156 ], [ 78.296037093887065, 9.205325467793697 ], [ 78.275049320380674, 9.148510223294753 ], [ 78.350255508778602, 9.117571228765627 ], [ 78.385235131289278, 9.093945087488837 ], [ 78.272134351838105, 9.003378212594482 ], [ 78.226077848865728, 8.971876690892097 ], [ 78.198677144565707, 8.938687587669943 ], [ 78.171859433974191, 8.883559924690768 ], [ 78.160782553512476, 8.805368647608065 ], [ 78.169527459140141, 8.775554707425449 ], [ 78.195179182314632, 8.751928566148662 ], [ 78.163697522055031, 8.723802207485818 ], [ 78.13862879258906, 8.679925087971782 ], [ 78.135130830337985, 8.616359517393755 ], [ 78.14445872967417, 8.59779612067628 ], [ 78.1304668806699, 8.547731202256418 ], [ 78.143292742257145, 8.501603974049354 ], [ 78.125802931001814, 8.474602669733025 ], [ 78.063422604191118, 8.412162153501512 ], [ 78.065171585316648, 8.372785251373532 ], [ 77.99171437804425, 8.350284164443257 ], [ 77.970726604537845, 8.335095930765322 ], [ 77.889690479054792, 8.324407914473442 ], [ 77.858791812503696, 8.340721202497891 ], [ 77.848297925750501, 8.423975224139907 ], [ 77.831974101912181, 8.432413131738761 ], [ 77.839553020122835, 8.484728158851649 ], [ 77.815650278073875, 8.563481963107611 ], [ 77.781253649271719, 8.583170414171601 ], [ 77.785917598939804, 8.61917215326004 ], [ 77.81856524661643, 8.630985223898435 ], [ 77.812152315822814, 8.681050142318297 ], [ 77.827310152244095, 8.7305525335649 ], [ 77.82089722145048, 8.778367343291734 ], [ 77.850629900584551, 8.80424359326155 ], [ 77.801075435361099, 8.879622234477971 ], [ 77.760848869473833, 8.890872777943109 ], [ 77.759682882056808, 8.927999571378061 ], [ 77.694970580412061, 8.927437044204805 ], [ 77.690306630743976, 8.957813511560676 ], [ 77.729367209214217, 8.983127234357234 ], [ 77.721788291003577, 9.002815685421226 ], [ 77.687974655909926, 9.014628756059619 ], [ 77.711294404250381, 9.050630495148059 ], [ 77.701383511205691, 9.063006092959711 ], [ 77.743359058218488, 9.077631799464388 ], [ 77.741027083384452, 9.104633103780717 ], [ 77.686225674784396, 9.102382995087691 ], [ 77.67398280690567, 9.13838473417613 ], [ 77.736363133716353, 9.187324598249479 ], [ 77.743942051927007, 9.162573402626176 ], [ 77.783585624105754, 9.164260984145946 ], [ 77.798743460527049, 9.177199109130854 ], [ 77.83838703270581, 9.168198674358745 ], [ 77.859374806212216, 9.202512831927413 ], [ 77.847131938333476, 9.244139842748421 ] ] ] } },
{ "type": "Feature", "properties": { "district": "Kanyakumari", "st_code": "33", "dt_code": "629", "year": "2011_c", "st_nm": "Tamil Nadu" }, "geometry": { "type": "Polygon", "coordinates": [ [ [ 77.589448719171543, 8.139899001645189 ], [ 77.566711964539607, 8.118522969061427 ], [ 77.556218077786411, 8.076895958240419 ], [ 77.533481323154476, 8.076333431067162 ], [ 77.444866279460783, 8.094896827784639 ], [ 77.331182506301104, 8.127523403833537 ], [ 77.248980393401027, 8.170837996174317 ], [ 77.18310210433927, 8.219777860247664 ], [ 77.152203437788174, 8.251841909123305 ], [ 77.097985022896637, 8.2923438655978 ], [ 77.118972796403042, 8.321032751433901 ], [ 77.158616368581804, 8.327783077512983 ], [ 77.174940192420109, 8.350284164443257 ], [ 77.159782355998814, 8.368285033987478 ], [ 77.19709395334354, 8.419475006753853 ], [ 77.21283478347334, 8.470664979520228 ], [ 77.262389248696792, 8.506666718608667 ], [ 77.283960015911703, 8.546606147909905 ], [ 77.268802179490407, 8.578670196785547 ], [ 77.337012443386214, 8.552793946815729 ], [ 77.374907034439445, 8.518479789247062 ], [ 77.388315889735196, 8.524105060979629 ], [ 77.438453348667153, 8.507229245781923 ], [ 77.444283285752263, 8.476290251252795 ], [ 77.472266983760804, 8.455476745842292 ], [ 77.461773097007608, 8.428475441525961 ], [ 77.472266983760804, 8.400911610036376 ], [ 77.533481323154476, 8.368285033987478 ], [ 77.541643235073636, 8.310907262315277 ], [ 77.563214002288547, 8.275468050400093 ], [ 77.541643235073636, 8.231590930886059 ], [ 77.548639159575771, 8.18996392006505 ], [ 77.539894253948091, 8.16127503422895 ], [ 77.589448719171543, 8.139899001645189 ] ] ] } },
{ "type": "Feature", "properties": { "district": "Viluppuram", "st_code": "33", "dt_code": "607", "year": "2019", "st_nm": "Tamil Nadu" }, "geometry": { "type": "Polygon", "coordinates": [ [ [ 79.172859631487853, 12.030336931889691 ], [ 79.200843329496394, 12.069713834017673 ], [ 79.23523995829855, 12.061275926418819 ], [ 79.260308687764521, 12.082089431829324 ], [ 79.278381492728371, 12.124841496996845 ], [ 79.210754222541084, 12.165905980644597 ], [ 79.23349097717302, 12.19740750234698 ], [ 79.24515085134324, 12.273911197909914 ], [ 79.260891681473041, 12.276723833776199 ], [ 79.289458373190087, 12.31778831742395 ], [ 79.249814801011325, 12.322288534810006 ], [ 79.23523995829855, 12.368978290190327 ], [ 79.248648813594301, 12.383041469521748 ], [ 79.226495052670884, 12.411167828184592 ], [ 79.243401870217696, 12.445481985753261 ], [ 79.308697165570948, 12.438731659674179 ], [ 79.325020989409268, 12.450544730312572 ], [ 79.396729215556135, 12.435919023807894 ], [ 79.415385014228491, 12.406667610798536 ], [ 79.448032661905117, 12.395979594506656 ], [ 79.450947630447672, 12.374041034749638 ], [ 79.506915026464753, 12.345914676086796 ], [ 79.528485793679664, 12.37010334453684 ], [ 79.597279051283977, 12.350414893472848 ], [ 79.640420585713798, 12.344789621740281 ], [ 79.673651227098944, 12.316663263077437 ], [ 79.69988594398194, 12.333539078275145 ], [ 79.750023402913897, 12.325101170676291 ], [ 79.798994874428843, 12.337476768487942 ], [ 79.827561566145889, 12.31272557286464 ], [ 79.873618069118265, 12.242972203380788 ], [ 79.901018773418286, 12.229471551222623 ], [ 79.927836484009802, 12.248034947940099 ], [ 79.973309993273674, 12.233409241435421 ], [ 80.00770662207583, 12.254785274019181 ], [ 79.884694949579981, 12.06465108945836 ], [ 79.849715327069305, 12.051712964473452 ], [ 79.840387427733134, 12.013461116691985 ], [ 79.857294245279959, 12.006710790612903 ], [ 79.840387427733134, 11.956083345019785 ], [ 79.806573792639483, 11.96789641565818 ], [ 79.784420031716053, 11.960021035232582 ], [ 79.749440409205391, 11.922331714624374 ], [ 79.743027478411761, 11.978021904776803 ], [ 79.720290723779826, 11.99264761128148 ], [ 79.696970975439385, 11.942020165688362 ], [ 79.740695503577726, 11.905455899426666 ], [ 79.684728107560645, 11.881267230976622 ], [ 79.699302950273434, 11.831764839730017 ], [ 79.68589409497767, 11.812638915839283 ], [ 79.674817214515954, 11.807013644106714 ], [ 79.634590648628688, 11.801950899547403 ], [ 79.590866120490347, 11.841327801675384 ], [ 79.565214397315856, 11.84020274732887 ], [ 79.529068787388169, 11.857078562526576 ], [ 79.467854447994497, 11.871704269031255 ], [ 79.481263303290262, 11.829514731036989 ], [ 79.477765341039188, 11.806451116933458 ], [ 79.441619731111501, 11.808138698453227 ], [ 79.431708838066811, 11.78282497565667 ], [ 79.366996536422064, 11.818264187571852 ], [ 79.366996536422064, 11.847515600581209 ], [ 79.345425769207154, 11.873391850551025 ], [ 79.327352964243303, 11.853703399487035 ], [ 79.304033215902862, 11.875079432070795 ], [ 79.267887605975176, 11.838515165809099 ], [ 79.21891613446023, 11.875079432070795 ], [ 79.213669191083639, 11.910518643985979 ], [ 79.23698893942408, 11.952145654806987 ], [ 79.209005241415539, 11.974646741737262 ], [ 79.171110650362323, 11.988709921068683 ], [ 79.172859631487853, 12.030336931889691 ] ], [ [ 79.692890019479805, 12.035399676449003 ], [ 79.656744409552118, 11.992085084108224 ], [ 79.693473013188324, 11.989834975415196 ], [ 79.692890019479805, 12.035399676449003 ] ], [ [ 79.638671604588268, 11.986459812375656 ], [ 79.618266824790382, 11.926269404837171 ], [ 79.625262749292517, 11.90320579073364 ], [ 79.656161415843599, 11.907706008119694 ], [ 79.669570271139364, 11.937519948302308 ], [ 79.647416510215933, 11.9532707091535 ], [ 79.638671604588268, 11.986459812375656 ] ] ] } },
{ "type": "Feature", "properties": { "district": "Cuddalore", "st_code": "33", "dt_code": "617", "year": "2011_c", "st_nm": "Tamil Nadu" }, "geometry": { "type": "Polygon", "coordinates": [ [ [ 79.168195681819768, 11.378367938084981 ], [ 79.120973191430366, 11.396368807629202 ], [ 79.055677896077114, 11.402556606535025 ], [ 79.032358147736659, 11.393556171762917 ], [ 78.961815909006816, 11.40536924240131 ], [ 78.877281821272689, 11.50774918793406 ], [ 78.904682525572724, 11.505499079241034 ], [ 78.923921317953585, 11.567377068299288 ], [ 79.004374449728132, 11.574689921551627 ], [ 79.018366298732388, 11.60675397042727 ], [ 79.071418726206915, 11.59944111717493 ], [ 79.08424458779416, 11.634317801916856 ], [ 79.116309241762266, 11.59944111717493 ], [ 79.183353518241049, 11.585940465016765 ], [ 79.209588235124059, 11.61912956823892 ], [ 79.235822952007055, 11.629255057357543 ], [ 79.250397794719831, 11.652318671461076 ], [ 79.296454297692222, 11.636567910609884 ], [ 79.332016913911403, 11.660756579059928 ], [ 79.385069341385915, 11.681007557297177 ], [ 79.443951705945537, 11.665819323619241 ], [ 79.435789794026391, 11.723759622464698 ], [ 79.462607504617893, 11.743448073528688 ], [ 79.462024510909387, 11.765386633285706 ], [ 79.431708838066811, 11.78282497565667 ], [ 79.441619731111501, 11.808138698453227 ], [ 79.477765341039188, 11.806451116933458 ], [ 79.481263303290262, 11.829514731036989 ], [ 79.467854447994497, 11.871704269031255 ], [ 79.529068787388169, 11.857078562526576 ], [ 79.565214397315856, 11.84020274732887 ], [ 79.590866120490347, 11.841327801675384 ], [ 79.634590648628688, 11.801950899547403 ], [ 79.674817214515954, 11.807013644106714 ], [ 79.68589409497767, 11.812638915839283 ], [ 79.699302950273434, 11.831764839730017 ], [ 79.684728107560645, 11.881267230976622 ], [ 79.740112509869206, 11.864391415778915 ], [ 79.769845189003277, 11.87451690489754 ], [ 79.798411880720323, 11.827827149517219 ], [ 79.736614547618146, 11.842452856021897 ], [ 79.735448560201121, 11.809263752799742 ], [ 79.71970773007132, 11.785075084349696 ], [ 79.795496912177768, 11.77382454088456 ], [ 79.761100283375612, 11.623629785624976 ], [ 79.757019327416032, 11.557251579180665 ], [ 79.766347226752217, 11.521812367265483 ], [ 79.803075830388408, 11.454309106474657 ], [ 79.812986723433099, 11.423932639118787 ], [ 79.803075830388408, 11.381180573951266 ], [ 79.764598245626672, 11.382305628297779 ], [ 79.759351302250082, 11.352491688115165 ], [ 79.724371679739406, 11.345741362036083 ], [ 79.690558044645755, 11.316489949026725 ], [ 79.656161415843599, 11.303551824041817 ], [ 79.596113063866952, 11.217485166533516 ], [ 79.561716435064795, 11.208484731761406 ], [ 79.52673681255412, 11.183733536138105 ], [ 79.458526548658327, 11.150544432915948 ], [ 79.501668083088148, 11.203421987202095 ], [ 79.510412988715814, 11.228173182825397 ], [ 79.498170120837074, 11.31367731316044 ], [ 79.473684385079608, 11.314239840333698 ], [ 79.389150297345495, 11.367117394619843 ], [ 79.385069341385915, 11.409306932614108 ], [ 79.366996536422064, 11.418307367386218 ], [ 79.292373341732642, 11.412119568480392 ], [ 79.296454297692222, 11.381743101124522 ], [ 79.22474607154534, 11.391868590243146 ], [ 79.168195681819768, 11.378367938084981 ] ] ] } },
{ "type": "Feature", "properties": { "district": "Pudukkottai", "st_code": "33", "dt_code": "621", "year": "2011_c", "st_nm": "Tamil Nadu" }, "geometry": { "type": "Polygon", "coordinates": [ [ [ 78.505331835242572, 10.37594451534124 ], [ 78.522821646497917, 10.436697450052982 ], [ 78.561299231259653, 10.431634705493671 ], [ 78.582869998474564, 10.446822939171607 ], [ 78.58928292926818, 10.474386770661193 ], [ 78.549639357089418, 10.514326199962431 ], [ 78.519323684246842, 10.482824678260046 ], [ 78.486093042861711, 10.539077395585732 ], [ 78.469186225314886, 10.54132750427876 ], [ 78.459275332270195, 10.611643400935868 ], [ 78.482595080610636, 10.638644705252199 ], [ 78.526902602457483, 10.629081743306832 ], [ 78.522821646497917, 10.674083917167382 ], [ 78.550805344506443, 10.686459514979033 ], [ 78.565380187219219, 10.660583265009215 ], [ 78.592780891519254, 10.658895683489446 ], [ 78.62717752032141, 10.703897857349995 ], [ 78.658659180581012, 10.70502291169651 ], [ 78.666238098791652, 10.67239633564761 ], [ 78.693055809383168, 10.691522259538344 ], [ 78.688974853423588, 10.734836851879123 ], [ 78.735614350104484, 10.714585873641877 ], [ 78.75835110473642, 10.653270411756877 ], [ 78.790415758704526, 10.649895248717336 ], [ 78.820148437838597, 10.694897422577885 ], [ 78.872034877896098, 10.688147096498803 ], [ 78.873200865313123, 10.705585438869766 ], [ 78.918674374576995, 10.67070875412784 ], [ 78.986884638472787, 10.679146661726694 ], [ 78.993297569266417, 10.721898726894215 ], [ 79.028860185485598, 10.68139677041972 ], [ 79.06617178283031, 10.670146226954582 ], [ 79.065588789121804, 10.648207667197566 ], [ 79.100568411632466, 10.629644270480089 ], [ 79.129718097058031, 10.6347070150394 ], [ 79.141377971228252, 10.588017259659081 ], [ 79.176940587447433, 10.585767150966053 ], [ 79.184519505658074, 10.537952341239219 ], [ 79.158284788775077, 10.533452123853165 ], [ 79.140211983811227, 10.51263861844266 ], [ 79.158867782483583, 10.473824243487936 ], [ 79.132050071892067, 10.424321852241331 ], [ 79.152454851689967, 10.349505738198168 ], [ 79.120973191430366, 10.337692667559773 ], [ 79.132633065600587, 10.309003781723673 ], [ 79.118641216596316, 10.288752803486426 ], [ 79.132633065600587, 10.265126662209639 ], [ 79.115726248053761, 10.23418766768051 ], [ 79.150122876855917, 10.21618679813629 ], [ 79.160616763609113, 10.195373292725787 ], [ 79.151288864272942, 10.159934080810604 ], [ 79.202592310621924, 10.158246499290833 ], [ 79.22707804637939, 10.136870466707071 ], [ 79.225912058962365, 10.101431254791889 ], [ 79.251563782136856, 10.05080380919877 ], [ 79.244567857634721, 10.027177667921983 ], [ 79.152454851689967, 9.928172885428774 ], [ 79.123888159972921, 9.883733238741481 ], [ 79.121556185138871, 9.88035807570194 ], [ 79.119224210304822, 9.852794244212353 ], [ 79.116892235470786, 9.850544135519325 ], [ 79.066754776538815, 9.851106662692583 ], [ 79.041103053364324, 9.864607314850748 ], [ 78.990965594432367, 9.943923646279966 ], [ 78.998544512643022, 9.988925820140516 ], [ 78.930334248747215, 10.02211492336267 ], [ 78.935581192123806, 10.073304896129045 ], [ 78.960066927881286, 10.095243455886063 ], [ 78.881945770940789, 10.154871336251292 ], [ 78.847549142138632, 10.126182450415191 ], [ 78.816650475587537, 10.170059569929228 ], [ 78.810237544793907, 10.212811635096749 ], [ 78.769427985198135, 10.199310982938584 ], [ 78.767096010364085, 10.163309243850145 ], [ 78.729201419310854, 10.160496607983861 ], [ 78.708796639512968, 10.175684841661795 ], [ 78.686642878589552, 10.145870901479181 ], [ 78.667987079917182, 10.154308809078035 ], [ 78.673234023293787, 10.204936254671154 ], [ 78.646999306410791, 10.225749760081657 ], [ 78.651663256078876, 10.253313591571244 ], [ 78.577623055097959, 10.287065221966657 ], [ 78.570627130595824, 10.256688754610785 ], [ 78.533898526959618, 10.254438645917757 ], [ 78.498335910740437, 10.188622966646705 ], [ 78.472684187565946, 10.207748890537438 ], [ 78.487842023987241, 10.234750194853767 ], [ 78.457526351144665, 10.240375466586336 ], [ 78.452862401476565, 10.267376770902665 ], [ 78.507080816368102, 10.26456413503638 ], [ 78.521072665372373, 10.326442124094637 ], [ 78.497752917031931, 10.352318374064453 ], [ 78.505331835242572, 10.37594451534124 ] ] ] } },
{ "type": "Feature", "properties": { "district": "Sivaganga", "st_code": "33", "dt_code": "622", "year": "2011_c", "st_nm": "Tamil Nadu" }, "geometry": { "type": "Polygon", "coordinates": [ [ [ 78.378822200495648, 10.310128836070188 ], [ 78.415550804131854, 10.363006390356333 ], [ 78.43653857763826, 10.363006390356333 ], [ 78.449364439225505, 10.409696145736653 ], [ 78.505914828951092, 10.388320113152892 ], [ 78.505331835242572, 10.37594451534124 ], [ 78.497752917031931, 10.352318374064453 ], [ 78.521072665372373, 10.326442124094637 ], [ 78.507080816368102, 10.26456413503638 ], [ 78.452862401476565, 10.267376770902665 ], [ 78.457526351144665, 10.240375466586336 ], [ 78.487842023987241, 10.234750194853767 ], [ 78.472684187565946, 10.207748890537438 ], [ 78.498335910740437, 10.188622966646705 ], [ 78.533898526959618, 10.254438645917757 ], [ 78.570627130595824, 10.256688754610785 ], [ 78.577623055097959, 10.287065221966657 ], [ 78.651663256078876, 10.253313591571244 ], [ 78.646999306410791, 10.225749760081657 ], [ 78.673234023293787, 10.204936254671154 ], [ 78.667987079917182, 10.154308809078035 ], [ 78.686642878589552, 10.145870901479181 ], [ 78.708796639512968, 10.175684841661795 ], [ 78.729201419310854, 10.160496607983861 ], [ 78.767096010364085, 10.163309243850145 ], [ 78.769427985198135, 10.199310982938584 ], [ 78.810237544793907, 10.212811635096749 ], [ 78.816650475587537, 10.170059569929228 ], [ 78.847549142138632, 10.126182450415191 ], [ 78.881945770940789, 10.154871336251292 ], [ 78.960066927881286, 10.095243455886063 ], [ 78.935581192123806, 10.073304896129045 ], [ 78.930334248747215, 10.02211492336267 ], [ 78.998544512643022, 9.988925820140516 ], [ 78.990965594432367, 9.943923646279966 ], [ 78.967062852383407, 9.94336111910671 ], [ 78.943743104042966, 9.916922341963636 ], [ 78.895937619945059, 9.933235629988086 ], [ 78.90118456332165, 9.895546309379876 ], [ 78.868536915645024, 9.853356771385609 ], [ 78.866204940810988, 9.789228673634327 ], [ 78.886609720608874, 9.7869785649413 ], [ 78.883111758357813, 9.747601662813318 ], [ 78.830642324591807, 9.77966571168896 ], [ 78.827727356049252, 9.844356336613501 ], [ 78.808488563668377, 9.844356336613501 ], [ 78.793330727247081, 9.889921037647307 ], [ 78.775257922283245, 9.873045222449601 ], [ 78.726286450768299, 9.87135764092983 ], [ 78.711128614347018, 9.834793374668134 ], [ 78.708213645804463, 9.799354162752952 ], [ 78.734448362687459, 9.766165059530795 ], [ 78.725120463351288, 9.711037396551623 ], [ 78.780504865659836, 9.718350249803962 ], [ 78.798577670623686, 9.6969742172202 ], [ 78.794496714664106, 9.625533266216578 ], [ 78.821314425255622, 9.599657016246763 ], [ 78.77234295374069, 9.588406472781625 ], [ 78.727452438185324, 9.589531527128139 ], [ 78.693638803091673, 9.576593402143232 ], [ 78.655744212038456, 9.520340684817544 ], [ 78.61493465244267, 9.537779027188506 ], [ 78.61143669019161, 9.55690495107924 ], [ 78.575874073972429, 9.576030874969973 ], [ 78.519906677955362, 9.578843510836258 ], [ 78.476765143525526, 9.613157668404927 ], [ 78.429542653136124, 9.608657451018873 ], [ 78.399809974002054, 9.612032614058414 ], [ 78.393980036916943, 9.645784244453825 ], [ 78.358417420697762, 9.654784679225935 ], [ 78.311777924016866, 9.722850467190018 ], [ 78.286709194550895, 9.676160711809697 ], [ 78.27330033925513, 9.68628620092832 ], [ 78.27738129521471, 9.74028880956098 ], [ 78.240652691578504, 9.756039570412172 ], [ 78.208005043901878, 9.781353293208731 ], [ 78.184685295561437, 9.757727151931942 ], [ 78.13687981146353, 9.761664842144741 ], [ 78.145624717091195, 9.794291418193639 ], [ 78.193430201189102, 9.80666701600529 ], [ 78.164863509472056, 9.828043048589052 ], [ 78.13454783662948, 9.811167233391345 ], [ 78.125219937293295, 9.854481825732124 ], [ 78.151454654176305, 9.874732803969371 ], [ 78.209754025027422, 9.874732803969371 ], [ 78.241235685287023, 9.859544570291435 ], [ 78.263972439918959, 9.869670059410058 ], [ 78.30944594918283, 9.865169842024004 ], [ 78.317024867393471, 9.926485303909002 ], [ 78.366579332616922, 9.933798157161343 ], [ 78.388733093540338, 9.95236155387882 ], [ 78.45636036372764, 9.968674841903269 ], [ 78.455777370019121, 10.018177233149872 ], [ 78.427793672010594, 10.053616445065055 ], [ 78.452862401476565, 10.059241716797624 ], [ 78.457526351144665, 10.101431254791889 ], [ 78.437121571346765, 10.132370249321017 ], [ 78.401558955127584, 10.138558048226843 ], [ 78.394563030625449, 10.173997260142025 ], [ 78.412635835589299, 10.213374162270005 ], [ 78.387567106123328, 10.270189406768949 ], [ 78.378822200495648, 10.310128836070188 ] ] ] } },
{ "type": "Feature", "properties": { "district": "Ramanathapuram", "st_code": "33", "dt_code": "626", "year": "2011_c", "st_nm": "Tamil Nadu" }, "geometry": { "type": "Polygon", "coordinates": [ [ [ 78.280879257465784, 9.284079272049659 ], [ 78.322271810770076, 9.277328945970577 ], [ 78.353170477321157, 9.308830467672962 ], [ 78.362498376657342, 9.349332424147455 ], [ 78.337429647191357, 9.354395168706768 ], [ 78.304781999514731, 9.342582098068373 ], [ 78.30361601209772, 9.384209108889381 ], [ 78.242984666412553, 9.381396473023097 ], [ 78.222579886614668, 9.410085358859197 ], [ 78.218498930655088, 9.447774679467408 ], [ 78.30128403726367, 9.442149407734838 ], [ 78.328684741563691, 9.495026962020985 ], [ 78.347340540236047, 9.511340250045434 ], [ 78.375324238244588, 9.507965087005893 ], [ 78.372992263410538, 9.573218239103689 ], [ 78.411469848172274, 9.587843945608368 ], [ 78.429542653136124, 9.608657451018873 ], [ 78.476765143525526, 9.613157668404927 ], [ 78.519906677955362, 9.578843510836258 ], [ 78.575874073972429, 9.576030874969973 ], [ 78.61143669019161, 9.55690495107924 ], [ 78.61493465244267, 9.537779027188506 ], [ 78.655744212038456, 9.520340684817544 ], [ 78.693638803091673, 9.576593402143232 ], [ 78.727452438185324, 9.589531527128139 ], [ 78.77234295374069, 9.588406472781625 ], [ 78.821314425255622, 9.599657016246763 ], [ 78.794496714664106, 9.625533266216578 ], [ 78.798577670623686, 9.6969742172202 ], [ 78.780504865659836, 9.718350249803962 ], [ 78.725120463351288, 9.711037396551623 ], [ 78.734448362687459, 9.766165059530795 ], [ 78.708213645804463, 9.799354162752952 ], [ 78.711128614347018, 9.834793374668134 ], [ 78.726286450768299, 9.87135764092983 ], [ 78.775257922283245, 9.873045222449601 ], [ 78.793330727247081, 9.889921037647307 ], [ 78.808488563668377, 9.844356336613501 ], [ 78.827727356049252, 9.844356336613501 ], [ 78.830642324591807, 9.77966571168896 ], [ 78.883111758357813, 9.747601662813318 ], [ 78.886609720608874, 9.7869785649413 ], [ 78.866204940810988, 9.789228673634327 ], [ 78.868536915645024, 9.853356771385609 ], [ 78.90118456332165, 9.895546309379876 ], [ 78.895937619945059, 9.933235629988086 ], [ 78.943743104042966, 9.916922341963636 ], [ 78.967062852383407, 9.94336111910671 ], [ 78.990965594432367, 9.943923646279966 ], [ 79.041103053364324, 9.864607314850748 ], [ 79.066754776538815, 9.851106662692583 ], [ 79.116892235470786, 9.850544135519325 ], [ 79.08249560666863, 9.815667450777401 ], [ 79.059175858328175, 9.772915385609878 ], [ 79.041103053364324, 9.766165059530795 ], [ 78.980471707679172, 9.689661363967861 ], [ 78.960066927881286, 9.632283592295661 ], [ 78.93091724245572, 9.595719326033965 ], [ 78.914593418617414, 9.492776853327957 ], [ 78.90293354444718, 9.4635254403186 ], [ 78.933832210998276, 9.411772940378968 ], [ 79.016034323898353, 9.33076902742998 ], [ 79.066754776538815, 9.29814245138108 ], [ 79.161199757317632, 9.284079272049659 ], [ 79.212503203666614, 9.283516744876403 ], [ 79.264972637432621, 9.292517179648513 ], [ 79.311612134113503, 9.327956391563696 ], [ 79.334931882453958, 9.308830467672962 ], [ 79.313944108947553, 9.279016527490347 ], [ 79.346591756624179, 9.220513701471633 ], [ 79.299952259943282, 9.245827424268192 ], [ 79.256227731804955, 9.2587655492531 ], [ 79.223580084128329, 9.258203022079844 ], [ 79.190349442743184, 9.281829163356631 ], [ 79.090657518587776, 9.26045313077287 ], [ 78.979888713970652, 9.274516310104293 ], [ 78.925670299079115, 9.267203456851952 ], [ 78.908180487823785, 9.24976511448099 ], [ 78.874949846438653, 9.257640494906585 ], [ 78.727452438185324, 9.209263158006495 ], [ 78.715209570306598, 9.189012179769248 ], [ 78.685476891172527, 9.195199978675074 ], [ 78.646999306410791, 9.184511962383194 ], [ 78.649914274953346, 9.161448348279661 ], [ 78.579372036223489, 9.131071880923791 ], [ 78.536230501793668, 9.137822207002873 ], [ 78.414967810423349, 9.114196065726084 ], [ 78.385235131289278, 9.093945087488837 ], [ 78.350255508778602, 9.117571228765627 ], [ 78.275049320380674, 9.148510223294753 ], [ 78.296037093887065, 9.205325467793697 ], [ 78.26921938329555, 9.201950304754156 ], [ 78.280879257465784, 9.284079272049659 ] ] ] } },
{ "type": "Feature", "properties": { "district": "Nagapattinam", "st_code": "33", "dt_code": "618", "year": "2011_c", "st_nm": "Tamil Nadu" }, "geometry": { "type": "MultiPolygon", "coordinates": [ [ [ [ 79.471935403954078, 10.315754107802757 ], [ 79.476599353622163, 10.35119331971794 ], [ 79.501085089379629, 10.369194189262158 ], [ 79.535481718181799, 10.359068700143535 ], [ 79.559967453939265, 10.386070004459864 ], [ 79.634007654920183, 10.378757151207525 ], [ 79.630509692669108, 10.445697884825092 ], [ 79.68997505093725, 10.450198102211148 ], [ 79.714460786694715, 10.525576743427568 ], [ 79.667821290013819, 10.574516607500916 ], [ 79.673651227098944, 10.624581525920776 ], [ 79.666655302596808, 10.650457775890594 ], [ 79.703383906233, 10.783214188779214 ], [ 79.729618623116011, 10.79840242245715 ], [ 79.728452635698986, 10.828216362639763 ], [ 79.654995428426588, 10.83777932458513 ], [ 79.652663453592538, 10.88615666148522 ], [ 79.668404283722339, 10.914283020148064 ], [ 79.724371679739406, 10.929471253826 ], [ 79.776841113505412, 10.896844677777102 ], [ 79.824063603894814, 10.88446907996545 ], [ 79.821148635352259, 10.845654705010727 ], [ 79.85088131448633, 10.827653835466506 ], [ 79.853213289320379, 10.635832069385915 ], [ 79.871286094284216, 10.367506607742389 ], [ 79.882362974745931, 10.323066961055096 ], [ 79.860209213822515, 10.282565004580601 ], [ 79.768679201586252, 10.271876988288721 ], [ 79.680064157892559, 10.282002477407344 ], [ 79.636339629754218, 10.294378075218996 ], [ 79.471935403954078, 10.315754107802757 ] ] ], [ [ [ 79.515659932092419, 10.969973210300495 ], [ 79.531400762222219, 11.011037693948246 ], [ 79.510995982424319, 11.041976688477373 ], [ 79.529651781096675, 11.056039867808796 ], [ 79.55297152943713, 11.127480818812417 ], [ 79.52673681255412, 11.183733536138105 ], [ 79.561716435064795, 11.208484731761406 ], [ 79.596113063866952, 11.217485166533516 ], [ 79.656161415843599, 11.303551824041817 ], [ 79.690558044645755, 11.316489949026725 ], [ 79.724371679739406, 11.345741362036083 ], [ 79.759351302250082, 11.352491688115165 ], [ 79.764598245626672, 11.382305628297779 ], [ 79.803075830388408, 11.381180573951266 ], [ 79.812986723433099, 11.423932639118787 ], [ 79.823480610186309, 11.378930465258238 ], [ 79.843302396275689, 11.351366633768651 ], [ 79.834557490648024, 11.321552693586037 ], [ 79.856128257862935, 11.176420682885766 ], [ 79.855545264154415, 11.00147473200288 ], [ 79.748274421788366, 10.996411987443567 ], [ 79.700468937690445, 11.015537911334301 ], [ 79.646833516507428, 11.011600221121503 ], [ 79.621181793332937, 10.971660791820264 ], [ 79.590866120490347, 10.982911335285403 ], [ 79.54480961751797, 10.965472992914439 ], [ 79.515659932092419, 10.969973210300495 ] ] ] ] } },
{ "type": "Feature", "properties": { "district": "Kallakurichi", "st_code": "33", "dt_code": "729", "year": "2019", "st_nm": "Tamil Nadu" }, "geometry": { "type": "Polygon", "coordinates": [ [ [ 78.717541545140634, 11.984209703682629 ], [ 78.803824614000291, 12.019648915597811 ], [ 78.834723280551387, 12.00727331778616 ], [ 78.873200865313123, 12.026399241676893 ], [ 78.91342743120039, 12.014586171038498 ], [ 78.959483934172766, 12.068588779671158 ], [ 79.031192160319648, 12.06465108945836 ], [ 79.052179933826039, 12.036524730795517 ], [ 79.085410575211185, 12.080964377482809 ], [ 79.09823643679843, 12.069151306844415 ], [ 79.078997644417555, 12.031461986236206 ], [ 79.125637141098451, 12.019086388424554 ], [ 79.147207908313362, 12.044400111221114 ], [ 79.172859631487853, 12.030336931889691 ], [ 79.171110650362323, 11.988709921068683 ], [ 79.209005241415539, 11.974646741737262 ], [ 79.23698893942408, 11.952145654806987 ], [ 79.213669191083639, 11.910518643985979 ], [ 79.21891613446023, 11.875079432070795 ], [ 79.267887605975176, 11.838515165809099 ], [ 79.304033215902862, 11.875079432070795 ], [ 79.327352964243303, 11.853703399487035 ], [ 79.345425769207154, 11.873391850551025 ], [ 79.366996536422064, 11.847515600581209 ], [ 79.366996536422064, 11.818264187571852 ], [ 79.431708838066811, 11.78282497565667 ], [ 79.462024510909387, 11.765386633285706 ], [ 79.462607504617893, 11.743448073528688 ], [ 79.435789794026391, 11.723759622464698 ], [ 79.443951705945537, 11.665819323619241 ], [ 79.385069341385915, 11.681007557297177 ], [ 79.332016913911403, 11.660756579059928 ], [ 79.296454297692222, 11.636567910609884 ], [ 79.250397794719831, 11.652318671461076 ], [ 79.235822952007055, 11.629255057357543 ], [ 79.209588235124059, 11.61912956823892 ], [ 79.183353518241049, 11.585940465016765 ], [ 79.116309241762266, 11.59944111717493 ], [ 79.08424458779416, 11.634317801916856 ], [ 79.071418726206915, 11.59944111717493 ], [ 79.018366298732388, 11.60675397042727 ], [ 79.004374449728132, 11.574689921551627 ], [ 78.923921317953585, 11.567377068299288 ], [ 78.904682525572724, 11.505499079241034 ], [ 78.877281821272689, 11.50774918793406 ], [ 78.842885192470533, 11.522937421611996 ], [ 78.816650475587537, 11.560626742220206 ], [ 78.827727356049252, 11.576940030244655 ], [ 78.78633480274496, 11.613504296506353 ], [ 78.787500790161971, 11.648943508421535 ], [ 78.806156588834327, 11.661319106233186 ], [ 78.804407607708796, 11.688320410549515 ], [ 78.780504865659836, 11.703508644227451 ], [ 78.718124538849153, 11.683257665990205 ], [ 78.700634727593808, 11.691695573589056 ], [ 78.659242174289517, 11.64781845407502 ], [ 78.649331281244827, 11.66750690513901 ], [ 78.652829243495901, 11.715884242039103 ], [ 78.637671407074606, 11.721509513771672 ], [ 78.642918350451211, 11.768199269151991 ], [ 78.665072111374627, 11.796888154988091 ], [ 78.692472815674662, 11.80420100824043 ], [ 78.693638803091673, 11.851453290794007 ], [ 78.626594526612891, 11.869454160338227 ], [ 78.660408161706542, 11.895330410308043 ], [ 78.708213645804463, 11.898143046174328 ], [ 78.723954475934264, 11.919519078758089 ], [ 78.704715683553388, 11.939207529822079 ], [ 78.717541545140634, 11.984209703682629 ] ] ] } },
{ "type": "Feature", "properties": { "district": "Tenkasi", "st_code": "33", "dt_code": "0", "year": "2019", "st_nm": "Tamil Nadu" }, "geometry": { "type": "Polygon", "coordinates": [ [ [ 77.339344418220264, 9.42021084797782 ], [ 77.388315889735196, 9.392647016488235 ], [ 77.419797549994797, 9.399397342567317 ], [ 77.450696216545893, 9.37014592955796 ], [ 77.441368317209708, 9.354395168706768 ], [ 77.50666361256296, 9.331894081776493 ], [ 77.52065546156723, 9.334706717642778 ], [ 77.530566354611921, 9.375771201290529 ], [ 77.591197700297073, 9.343707152414886 ], [ 77.590614706588568, 9.308830467672962 ], [ 77.644833121480104, 9.288579489435714 ], [ 77.711877397958887, 9.291392125301998 ], [ 77.789415561190879, 9.251452696000761 ], [ 77.847131938333476, 9.244139842748421 ], [ 77.859374806212216, 9.202512831927413 ], [ 77.83838703270581, 9.168198674358745 ], [ 77.798743460527049, 9.177199109130854 ], [ 77.783585624105754, 9.164260984145946 ], [ 77.743942051927007, 9.162573402626176 ], [ 77.736363133716353, 9.187324598249479 ], [ 77.67398280690567, 9.13838473417613 ], [ 77.686225674784396, 9.102382995087691 ], [ 77.741027083384452, 9.104633103780717 ], [ 77.743359058218488, 9.077631799464388 ], [ 77.701383511205691, 9.063006092959711 ], [ 77.686225674784396, 9.068631364692278 ], [ 77.624428341682219, 9.056818294053885 ], [ 77.609853498969429, 8.951063185481592 ], [ 77.592946681422617, 8.911123756180356 ], [ 77.564379989705571, 8.895372995329163 ], [ 77.594112668839628, 8.868371691012833 ], [ 77.568460945665137, 8.789055359583616 ], [ 77.520072467858711, 8.786805250890588 ], [ 77.468186027801224, 8.81155644651389 ], [ 77.444283285752263, 8.742365604203295 ], [ 77.397060795362862, 8.740678022683523 ], [ 77.35974919801815, 8.751928566148662 ], [ 77.303781802001083, 8.791867995449898 ], [ 77.323020594381944, 8.828432261711596 ], [ 77.313109701337254, 8.872309381225632 ], [ 77.295036896373404, 8.882434870344255 ], [ 77.255976317903162, 8.879059707304714 ], [ 77.220996695392486, 8.903810902928017 ], [ 77.173191211294579, 8.991565141956087 ], [ 77.149288469245619, 9.009566011500308 ], [ 77.166778280500949, 9.04500522341549 ], [ 77.19243000367544, 9.043317641895719 ], [ 77.205838858971205, 9.083819598370214 ], [ 77.267636192073383, 9.153572967854066 ], [ 77.256559311611667, 9.196887560194845 ], [ 77.275215110284037, 9.234576880803054 ], [ 77.283377022203183, 9.292517179648513 ], [ 77.338178430803239, 9.368458348038189 ], [ 77.339344418220264, 9.42021084797782 ] ] ] } },
{ "type": "Feature", "properties": { "district": "Tirunelveli", "st_code": "33", "dt_code": "628", "year": "2019", "st_nm": "Tamil Nadu" }, "geometry": { "type": "Polygon", "coordinates": [ [ [ 77.701383511205691, 9.063006092959711 ], [ 77.711294404250381, 9.050630495148059 ], [ 77.687974655909926, 9.014628756059619 ], [ 77.721788291003577, 9.002815685421226 ], [ 77.729367209214217, 8.983127234357234 ], [ 77.690306630743976, 8.957813511560676 ], [ 77.694970580412061, 8.927437044204805 ], [ 77.759682882056808, 8.927999571378061 ], [ 77.760848869473833, 8.890872777943109 ], [ 77.801075435361099, 8.879622234477971 ], [ 77.850629900584551, 8.80424359326155 ], [ 77.82089722145048, 8.778367343291734 ], [ 77.827310152244095, 8.7305525335649 ], [ 77.812152315822814, 8.681050142318297 ], [ 77.81856524661643, 8.630985223898435 ], [ 77.785917598939804, 8.61917215326004 ], [ 77.781253649271719, 8.583170414171601 ], [ 77.815650278073875, 8.563481963107611 ], [ 77.839553020122835, 8.484728158851649 ], [ 77.831974101912181, 8.432413131738761 ], [ 77.848297925750501, 8.423975224139907 ], [ 77.858791812503696, 8.340721202497891 ], [ 77.889690479054792, 8.324407914473442 ], [ 77.970726604537845, 8.335095930765322 ], [ 77.949155837322934, 8.311469789488534 ], [ 77.890856466471817, 8.270405305840782 ], [ 77.841302001248366, 8.251841909123305 ], [ 77.80457339761216, 8.202902045049958 ], [ 77.793496517150444, 8.162400088575463 ], [ 77.757933900931263, 8.145524273377758 ], [ 77.732865171465292, 8.164087670095235 ], [ 77.634922228435414, 8.152837126630097 ], [ 77.589448719171543, 8.139899001645189 ], [ 77.539894253948091, 8.16127503422895 ], [ 77.548639159575771, 8.18996392006505 ], [ 77.541643235073636, 8.231590930886059 ], [ 77.563214002288547, 8.275468050400093 ], [ 77.541643235073636, 8.310907262315277 ], [ 77.533481323154476, 8.368285033987478 ], [ 77.472266983760804, 8.400911610036376 ], [ 77.461773097007608, 8.428475441525961 ], [ 77.472266983760804, 8.455476745842292 ], [ 77.444283285752263, 8.476290251252795 ], [ 77.438453348667153, 8.507229245781923 ], [ 77.388315889735196, 8.524105060979629 ], [ 77.374907034439445, 8.518479789247062 ], [ 77.337012443386214, 8.552793946815729 ], [ 77.268802179490407, 8.578670196785547 ], [ 77.251312368235077, 8.620297207606555 ], [ 77.214000770890365, 8.648986093442655 ], [ 77.20700484638823, 8.681050142318297 ], [ 77.17902114837969, 8.7305525335649 ], [ 77.200008921886095, 8.762616582440542 ], [ 77.229741601020166, 8.78455514219756 ], [ 77.232073575854201, 8.807056229127834 ], [ 77.264138229822322, 8.84193291386976 ], [ 77.255976317903162, 8.879059707304714 ], [ 77.295036896373404, 8.882434870344255 ], [ 77.313109701337254, 8.872309381225632 ], [ 77.323020594381944, 8.828432261711596 ], [ 77.303781802001083, 8.791867995449898 ], [ 77.35974919801815, 8.751928566148662 ], [ 77.397060795362862, 8.740678022683523 ], [ 77.444283285752263, 8.742365604203295 ], [ 77.468186027801224, 8.81155644651389 ], [ 77.520072467858711, 8.786805250890588 ], [ 77.568460945665137, 8.789055359583616 ], [ 77.594112668839628, 8.868371691012833 ], [ 77.564379989705571, 8.895372995329163 ], [ 77.592946681422617, 8.911123756180356 ], [ 77.609853498969429, 8.951063185481592 ], [ 77.624428341682219, 9.056818294053885 ], [ 77.686225674784396, 9.068631364692278 ], [ 77.701383511205691, 9.063006092959711 ] ] ] } },
{ "type": "Feature", "properties": { "district": "Vellore", "st_code": "33", "dt_code": "605", "year": "2019", "st_nm": "Tamil Nadu" }, "geometry": { "type": "Polygon", "coordinates": [ [ [ 79.208422247707034, 12.784685871227152 ], [ 79.206090272872984, 12.745871496272429 ], [ 79.172276637779348, 12.744746441925916 ], [ 79.132050071892067, 12.762184784296878 ], [ 79.065005795413285, 12.746434023445685 ], [ 79.023613242108993, 12.692431414813026 ], [ 79.006706424562168, 12.702556903931649 ], [ 78.971726802051506, 12.671617909402521 ], [ 78.911678450074859, 12.687368670253715 ], [ 78.891856663985479, 12.67724318113509 ], [ 78.858043028891828, 12.633366061621054 ], [ 78.808488563668377, 12.636178697487338 ], [ 78.76826199778111, 12.680618344174633 ], [ 78.785751809036441, 12.741371278886373 ], [ 78.803824614000291, 12.752059295178253 ], [ 78.807322576251352, 12.805499376637655 ], [ 78.851047104389693, 12.816187392929537 ], [ 78.899435582196119, 12.856689349404032 ], [ 78.91284443749187, 12.894941197185499 ], [ 78.887192714317379, 12.893816142838984 ], [ 78.810820538502426, 12.853876713537748 ], [ 78.782836840493886, 12.847126387458665 ], [ 78.749023205400235, 12.817874974449307 ], [ 78.715792564015103, 12.857814403750545 ], [ 78.659825167998036, 12.865127257002884 ], [ 78.602691784563945, 12.844876278765637 ], [ 78.633590451115026, 12.931505463447195 ], [ 78.620764589527781, 12.991133343812422 ], [ 78.655744212038456, 13.01532201226247 ], [ 78.705298677261908, 13.01532201226247 ], [ 78.714626576598079, 13.068762093721871 ], [ 78.751355180234285, 13.055261441563706 ], [ 78.787500790161971, 13.064261876335816 ], [ 78.813152513336462, 13.089013071959119 ], [ 78.842302198762027, 13.078887582840494 ], [ 78.891273670276959, 13.097450979557971 ], [ 78.891856663985479, 13.032760354633432 ], [ 78.92333832424508, 13.080012637187007 ], [ 78.955402978213186, 13.076074946974209 ], [ 78.982220688804702, 13.086200436092835 ], [ 79.034690122570709, 13.069887148068386 ], [ 79.064422801704779, 13.051323751350907 ], [ 79.080746625543085, 13.026010028554349 ], [ 79.108730323551626, 13.038948153539256 ], [ 79.162948738443163, 13.02038475682178 ], [ 79.192098423868714, 13.048511115484622 ], [ 79.188600461617654, 13.087888017612604 ], [ 79.23465696459003, 13.105326359983568 ], [ 79.22882702750492, 13.1570788599232 ], [ 79.264972637432621, 13.109826577369622 ], [ 79.293539329149667, 13.051886278524165 ], [ 79.267304612266656, 12.984945544906598 ], [ 79.269053593392186, 12.956819186243754 ], [ 79.216584159626194, 12.955131604723984 ], [ 79.186268486783604, 12.91800481128903 ], [ 79.191515430160209, 12.883690653720361 ], [ 79.178106574864458, 12.820125083142335 ], [ 79.208422247707034, 12.784685871227152 ] ] ] } },
{ "type": "Feature", "properties": { "district": "Ranipet", "st_code": "33", "dt_code": "0", "year": "2019", "st_nm": "Tamil Nadu" }, "geometry": { "type": "Polygon", "coordinates": [ [ [ 79.284211429813482, 13.12276470235453 ], [ 79.303450222194357, 13.08338780022655 ], [ 79.334931882453958, 13.060324186123019 ], [ 79.40372514005827, 13.080575164360265 ], [ 79.401393165224221, 13.104201305637053 ], [ 79.434040812900847, 13.136265354512695 ], [ 79.450947630447672, 13.093513289345173 ], [ 79.475433366205138, 13.107576468676594 ], [ 79.481846296998768, 13.139640517552237 ], [ 79.517408913217949, 13.143578207765035 ], [ 79.569295353275436, 13.137390408859208 ], [ 79.631092686377627, 13.145828316458061 ], [ 79.647999503924453, 13.199268397917464 ], [ 79.69172403206278, 13.177329838160446 ], [ 79.694639000605335, 13.159328968616226 ], [ 79.736614547618146, 13.167204349041823 ], [ 79.738363528743676, 13.06538693068233 ], [ 79.746525440662836, 13.051323751350907 ], [ 79.787917993967127, 13.056386495910219 ], [ 79.789666975092658, 13.024322447034578 ], [ 79.659076384386154, 12.950631387337928 ], [ 79.661991352928709, 12.929817881927423 ], [ 79.567546372149906, 12.898878887398297 ], [ 79.559384460230746, 12.853314186364489 ], [ 79.511578976132839, 12.856689349404032 ], [ 79.472518397662583, 12.874127691774994 ], [ 79.456777567532782, 12.844313751592381 ], [ 79.459692536075337, 12.783560816880637 ], [ 79.469020435411522, 12.770622691895731 ], [ 79.464939479451942, 12.699744268065366 ], [ 79.450947630447672, 12.671055382229266 ], [ 79.382737366551865, 12.628303317061743 ], [ 79.356502649668869, 12.672180436575779 ], [ 79.394980234430605, 12.689618778946741 ], [ 79.343093794373118, 12.731808316941006 ], [ 79.295871303983702, 12.746996550618942 ], [ 79.288292385773062, 12.775685436455042 ], [ 79.252146775845375, 12.80831201250394 ], [ 79.208422247707034, 12.784685871227152 ], [ 79.178106574864458, 12.820125083142335 ], [ 79.191515430160209, 12.883690653720361 ], [ 79.186268486783604, 12.91800481128903 ], [ 79.216584159626194, 12.955131604723984 ], [ 79.269053593392186, 12.956819186243754 ], [ 79.267304612266656, 12.984945544906598 ], [ 79.293539329149667, 13.051886278524165 ], [ 79.264972637432621, 13.109826577369622 ], [ 79.22882702750492, 13.1570788599232 ], [ 79.284211429813482, 13.12276470235453 ] ] ] } },
{ "type": "Feature", "properties": { "district": "Tirupathur", "st_code": "33", "dt_code": "0", "year": "2019", "st_nm": "Tamil Nadu" }, "geometry": { "type": "Polygon", "coordinates": [ [ [ 78.648165293827816, 12.258160437058724 ], [ 78.60152579714692, 12.267160871830832 ], [ 78.61318567131714, 12.294724703320419 ], [ 78.61726662727672, 12.347602257606566 ], [ 78.584618979600094, 12.360540382591473 ], [ 78.568878149470294, 12.387541686907802 ], [ 78.507663810076622, 12.399354757546197 ], [ 78.459275332270195, 12.384729051041518 ], [ 78.435955583929754, 12.39372948581363 ], [ 78.44994743293401, 12.449419675966059 ], [ 78.415550804131854, 12.488234050920783 ], [ 78.421380741216964, 12.570363018216284 ], [ 78.407388892212708, 12.601864539918669 ], [ 78.412052841880794, 12.626615735541971 ], [ 78.412635835589299, 12.62717826271523 ], [ 78.471518200148921, 12.632241007274541 ], [ 78.468020237897861, 12.676118126788577 ], [ 78.503582854117042, 12.681743398521146 ], [ 78.504165847825547, 12.725057990861924 ], [ 78.554886300466023, 12.699181740892108 ], [ 78.557218275300073, 12.757122039737567 ], [ 78.592780891519254, 12.782435762534124 ], [ 78.607938727940535, 12.821812664662104 ], [ 78.602691784563945, 12.844876278765637 ], [ 78.659825167998036, 12.865127257002884 ], [ 78.715792564015103, 12.857814403750545 ], [ 78.749023205400235, 12.817874974449307 ], [ 78.782836840493886, 12.847126387458665 ], [ 78.810820538502426, 12.853876713537748 ], [ 78.887192714317379, 12.893816142838984 ], [ 78.91284443749187, 12.894941197185499 ], [ 78.899435582196119, 12.856689349404032 ], [ 78.851047104389693, 12.816187392929537 ], [ 78.807322576251352, 12.805499376637655 ], [ 78.803824614000291, 12.752059295178253 ], [ 78.785751809036441, 12.741371278886373 ], [ 78.76826199778111, 12.680618344174633 ], [ 78.808488563668377, 12.636178697487338 ], [ 78.858043028891828, 12.633366061621054 ], [ 78.821897418964141, 12.539424023687157 ], [ 78.7781728908258, 12.46517043681725 ], [ 78.75835110473642, 12.442669349886977 ], [ 78.76826199778111, 12.421293317303215 ], [ 78.75193817394279, 12.386979159734546 ], [ 78.729201419310854, 12.374041034749638 ], [ 78.709962626929993, 12.304287665265786 ], [ 78.675565998127837, 12.269973507697117 ], [ 78.648165293827816, 12.258160437058724 ] ] ] } },
{ "type": "Feature", "properties": { "district": "Kancheepuram", "st_code": "33", "dt_code": "604", "year": "2019", "st_nm": "Tamil Nadu" }, "geometry": { "type": "Polygon", "coordinates": [ [ [ 79.789666975092658, 13.024322447034578 ], [ 79.818233666809704, 13.004633995970588 ], [ 79.821148635352259, 12.96300698514958 ], [ 79.85263029561186, 12.948943805818157 ], [ 79.890524886665091, 12.945006115605359 ], [ 79.941828333014072, 13.008571686183386 ], [ 79.936581389637468, 13.032760354633432 ], [ 79.994297766780079, 13.046823533964853 ], [ 80.02344745220563, 13.040635735059027 ], [ 80.04385223200353, 13.019822229648522 ], [ 80.079997841931217, 13.015884539435724 ], [ 80.063091024384391, 13.008571686183386 ], [ 80.071835930012057, 12.969194784055405 ], [ 80.105066571397202, 12.954569077550726 ], [ 80.054929112465231, 12.883128126547104 ], [ 80.053180131339701, 12.839251007033068 ], [ 79.956403175726848, 12.79031114295972 ], [ 79.909763679045952, 12.799311577731832 ], [ 79.882362974745931, 12.766685001682934 ], [ 79.919091578382137, 12.751496768004998 ], [ 79.951739226058763, 12.709869757183988 ], [ 79.916759603548087, 12.682305925694402 ], [ 79.928419477718307, 12.637303751833851 ], [ 79.823480610186309, 12.620427936636148 ], [ 79.820565641643753, 12.578800925815138 ], [ 79.743610472120281, 12.532111170434817 ], [ 79.714460786694715, 12.549549512805781 ], [ 79.724371679739406, 12.587238833413991 ], [ 79.690558044645755, 12.601302012745414 ], [ 79.665489315179784, 12.593426632319817 ], [ 79.630509692669108, 12.631115952928027 ], [ 79.646250522798908, 12.670492855056008 ], [ 79.670736258556389, 12.66655516484321 ], [ 79.741278497286231, 12.694118996332797 ], [ 79.744776459537306, 12.743621387579401 ], [ 79.69813696285641, 12.775685436455042 ], [ 79.646250522798908, 12.772310273415501 ], [ 79.639254598296773, 12.813937284236509 ], [ 79.585619177113756, 12.834750789647014 ], [ 79.559384460230746, 12.853314186364489 ], [ 79.567546372149906, 12.898878887398297 ], [ 79.661991352928709, 12.929817881927423 ], [ 79.659076384386154, 12.950631387337928 ], [ 79.789666975092658, 13.024322447034578 ] ] ] } },
{ "type": "Feature", "properties": { "district": "Chengalpattu", "st_code": "33", "dt_code": "0", "year": "2019", "st_nm": "Tamil Nadu" }, "geometry": { "type": "Polygon", "coordinates": [ [ [ 80.079997841931217, 13.015884539435724 ], [ 80.082912810473772, 13.036135517672973 ], [ 80.127803326029124, 13.034447936153203 ], [ 80.137714219073814, 12.98269543621357 ], [ 80.17094486045896, 12.966944675362377 ], [ 80.18843467171429, 12.920817447155315 ], [ 80.183187728337685, 12.867377365695912 ], [ 80.208839451512176, 12.871877583081968 ], [ 80.249649011107962, 12.857251876577287 ], [ 80.254895954484567, 12.782998289707383 ], [ 80.16861288562491, 12.537173914994131 ], [ 80.156370017746184, 12.460107692257939 ], [ 80.137714219073814, 12.410605301011334 ], [ 80.056678093590776, 12.326226225022804 ], [ 80.00770662207583, 12.254785274019181 ], [ 79.973309993273674, 12.233409241435421 ], [ 79.927836484009802, 12.248034947940099 ], [ 79.901018773418286, 12.229471551222623 ], [ 79.873618069118265, 12.242972203380788 ], [ 79.827561566145889, 12.31272557286464 ], [ 79.798994874428843, 12.337476768487942 ], [ 79.750023402913897, 12.325101170676291 ], [ 79.69988594398194, 12.333539078275145 ], [ 79.673651227098944, 12.316663263077437 ], [ 79.640420585713798, 12.344789621740281 ], [ 79.663740334054253, 12.367853235843812 ], [ 79.669570271139364, 12.39372948581363 ], [ 79.69755396914789, 12.402167393412482 ], [ 79.708630849609605, 12.428043643382297 ], [ 79.749440409205391, 12.456732529218398 ], [ 79.755853339999007, 12.515235355237113 ], [ 79.743610472120281, 12.532111170434817 ], [ 79.820565641643753, 12.578800925815138 ], [ 79.823480610186309, 12.620427936636148 ], [ 79.928419477718307, 12.637303751833851 ], [ 79.916759603548087, 12.682305925694402 ], [ 79.951739226058763, 12.709869757183988 ], [ 79.919091578382137, 12.751496768004998 ], [ 79.882362974745931, 12.766685001682934 ], [ 79.909763679045952, 12.799311577731832 ], [ 79.956403175726848, 12.79031114295972 ], [ 80.053180131339701, 12.839251007033068 ], [ 80.054929112465231, 12.883128126547104 ], [ 80.105066571397202, 12.954569077550726 ], [ 80.071835930012057, 12.969194784055405 ], [ 80.063091024384391, 13.008571686183386 ], [ 80.079997841931217, 13.015884539435724 ] ] ] } }
]
}
