{
"type": "FeatureCollection",
"name": "telangana",
"crs": { "type": "name", "properties": { "name": "urn:ogc:def:crs:OGC:1.3:CRS84" } },
"features": [
{ "type": "Feature", "properties": { "dt_code": "532", "district": "Adilabad", "st_code": "36", "year": "2016_c", "st_nm": "Telangana" }, "geometry": { "type": "Polygon", "coordinates": [ [ [ 78.950122987425488, 19.533309826224464 ], [ 78.942132219448581, 19.513787572356613 ], [ 78.948981449143076, 19.501237552012995 ], [ 78.974475804116992, 19.490779201726646 ], [ 78.926911709016395, 19.462193044277289 ], [ 78.903700430607302, 19.474045841268484 ], [ 78.884674792567068, 19.445459683819131 ], [ 78.85309223342027, 19.44720274220019 ], [ 78.820748648751859, 19.387938757244211 ], [ 78.809713778688518, 19.386544310539364 ], [ 78.854233771702681, 19.368416503376359 ], [ 78.854614284463494, 19.303923343277205 ], [ 78.854614284463494, 19.278823302589966 ], [ 78.855755822745905, 19.278474690913754 ], [ 78.853853258941882, 19.278126079237545 ], [ 78.849667618573022, 19.267667728951192 ], [ 78.84890659305141, 19.26278716548423 ], [ 78.847004029247387, 19.261741330455596 ], [ 78.819607110469448, 19.246751028378494 ], [ 78.811996855253355, 19.221650987691255 ], [ 78.800961985190014, 19.214678754167025 ], [ 78.800200959668402, 19.214330142490812 ], [ 78.799820446907603, 19.2139815308146 ], [ 78.758725068740688, 19.278126079237545 ], [ 78.719912767138595, 19.296602498076759 ], [ 78.722576356464231, 19.326583102230963 ], [ 78.675012261363634, 19.316124751944614 ], [ 78.615271757917284, 19.261044107103174 ], [ 78.587874839139346, 19.287887206171469 ], [ 78.570371252142323, 19.286492759466622 ], [ 78.521665618759314, 19.250585756816822 ], [ 78.509489210413562, 19.214678754167025 ], [ 78.456597936661694, 19.226880162834433 ], [ 78.448607168684802, 19.180166198222071 ], [ 78.448607168684802, 19.178771751517225 ], [ 78.433386658252601, 19.178074528164803 ], [ 78.396857433215345, 19.176331469783744 ], [ 78.38848615247764, 19.175982858107531 ], [ 78.369460514437407, 19.18225786827934 ], [ 78.362991797503724, 19.199688452089923 ], [ 78.318091291728763, 19.215375977519447 ], [ 78.317330266207151, 19.215724589195659 ], [ 78.299446166449329, 19.259301048722115 ], [ 78.275473862518623, 19.265924670570136 ], [ 78.266722069020119, 19.284401089409354 ], [ 78.230192843982863, 19.308803906744167 ], [ 78.201654386922499, 19.30915251842038 ], [ 78.197468746553653, 19.30915251842038 ], [ 78.19556618274963, 19.314730305239767 ], [ 78.192141567902382, 19.325885878878537 ], [ 78.176160031948584, 19.33494978246004 ], [ 78.171974391579724, 19.359701211471066 ], [ 78.187575414772724, 19.394562379092232 ], [ 78.176160031948584, 19.412341574579024 ], [ 78.195185669988817, 19.40676378775964 ], [ 78.211547718703429, 19.42837771168476 ], [ 78.244652328893437, 19.428726323360973 ], [ 78.270527196628166, 19.456266645781692 ], [ 78.286889245342778, 19.448597188905037 ], [ 78.304392832339786, 19.456615257457905 ], [ 78.309339498230258, 19.481018074792718 ], [ 78.293357962276446, 19.542373729805966 ], [ 78.274332324236212, 19.553877915120953 ], [ 78.275093349757825, 19.562593207026243 ], [ 78.293738475037259, 19.559107090264128 ], [ 78.303631806818174, 19.569216828874264 ], [ 78.305534370622212, 19.607215501581333 ], [ 78.290313860190011, 19.645911397640827 ], [ 78.262536428651259, 19.665085039832466 ], [ 78.276234888040236, 19.692276750576973 ], [ 78.31200308755588, 19.690882303872126 ], [ 78.318852317250375, 19.705523994273015 ], [ 78.343205133941879, 19.713193451149671 ], [ 78.341302570137856, 19.735853210103429 ], [ 78.364513848546949, 19.780824116334731 ], [ 78.358806157134879, 19.802786651936064 ], [ 78.334072827682562, 19.814639448927259 ], [ 78.336355904247398, 19.837996431233442 ], [ 78.299826679210128, 19.841133936319345 ], [ 78.285367194299553, 19.856472850072656 ], [ 78.307056421665422, 19.914342388323789 ], [ 78.330648212835314, 19.914691 ], [ 78.324560008662445, 19.894820134455937 ], [ 78.335594878725786, 19.883664560817166 ], [ 78.380875897261546, 19.88052705573126 ], [ 78.385822563152004, 19.846014499786307 ], [ 78.400282048062593, 19.834161702795111 ], [ 78.431864607209391, 19.814988060603472 ], [ 78.472579472615493, 19.817428342336953 ], [ 78.490083059612516, 19.792676913325927 ], [ 78.507206133848726, 19.797557476792889 ], [ 78.515196901825632, 19.8188227890418 ], [ 78.552106639623702, 19.824051964184974 ], [ 78.692896361121456, 19.790933854944868 ], [ 78.719151741616983, 19.766531037610054 ], [ 78.740079943461254, 19.783264398068212 ], [ 78.756441992175851, 19.77245743610565 ], [ 78.78231685991058, 19.77838383460125 ], [ 78.802103523472425, 19.756421298999918 ], [ 78.840915825074518, 19.761999085819301 ], [ 78.859941463114751, 19.689487857167279 ], [ 78.851950695137859, 19.658461417984444 ], [ 78.886577356371092, 19.654975301222329 ], [ 78.903700430607302, 19.669965603299428 ], [ 78.955450166076758, 19.656021136250963 ], [ 78.955450166076758, 19.600243268057099 ], [ 78.972953753073767, 19.582464072570307 ], [ 78.937566066318922, 19.561895983673821 ], [ 78.936044015275712, 19.550043186682622 ], [ 78.9352829897541, 19.550043186682622 ], [ 78.936044015275712, 19.5493459633302 ], [ 78.950122987425488, 19.533309826224464 ] ] ] } },
{ "type": "Feature", "properties": { "dt_code": "536", "district": "Hyderabad", "st_code": "36", "year": "2016_c", "st_nm": "Telangana" }, "geometry": { "type": "Polygon", "coordinates": [ [ [ 78.476004087462741, 17.463602304555945 ], [ 78.485516906482857, 17.456281459355502 ], [ 78.504923057283904, 17.46848286802291 ], [ 78.500356904154245, 17.483124558423796 ], [ 78.522426644280927, 17.482427335071375 ], [ 78.517860491151268, 17.440593933925978 ], [ 78.549062537537253, 17.437456428840072 ], [ 78.526231771888973, 17.422117515086761 ], [ 78.534222539865866, 17.40503554295239 ], [ 78.522426644280927, 17.402595261218909 ], [ 78.522426644280927, 17.402246649542697 ], [ 78.523187669802539, 17.398411921104369 ], [ 78.527753822932198, 17.374009103769552 ], [ 78.528514848453796, 17.374009103769552 ], [ 78.529275873975408, 17.371568822036071 ], [ 78.540691256799548, 17.371568822036071 ], [ 78.531939463301043, 17.345771557996411 ], [ 78.506825621087927, 17.348560451406104 ], [ 78.506064595566315, 17.348909063082317 ], [ 78.507206133848726, 17.318579847251904 ], [ 78.477145625745152, 17.317534012223266 ], [ 78.464208191877788, 17.302195098469955 ], [ 78.454695372857671, 17.31579095384221 ], [ 78.451651270771237, 17.323809022395078 ], [ 78.447085117641578, 17.326597915804768 ], [ 78.423493326471686, 17.340542382853236 ], [ 78.427298454079732, 17.351000733139585 ], [ 78.44213845175112, 17.348909063082317 ], [ 78.426917941318919, 17.360064636721088 ], [ 78.428439992362144, 17.372614657064705 ], [ 78.369460514437407, 17.377495220531671 ], [ 78.394954869411322, 17.386210512436961 ], [ 78.3926717928465, 17.401898037866484 ], [ 78.404087175670639, 17.407824436362084 ], [ 78.394954869411322, 17.423163350115395 ], [ 78.409794867082709, 17.435016147106591 ], [ 78.406750764996275, 17.438502263868706 ], [ 78.40941435432191, 17.441988380630825 ], [ 78.421590762667662, 17.446520332421574 ], [ 78.453934347336059, 17.444777274040518 ], [ 78.455836911140082, 17.447217555773999 ], [ 78.461925115312965, 17.457327294384136 ], [ 78.475623574701942, 17.479987053337894 ], [ 78.477145625745152, 17.480684276690315 ], [ 78.476004087462741, 17.463602304555945 ] ] ] } },
{ "type": "Feature", "properties": { "dt_code": "737", "district": "Jagtial", "st_code": "36", "year": "2016_c", "st_nm": "Telangana" }, "geometry": { "type": "Polygon", "coordinates": [ [ [ 79.065798866710139, 19.049436819642708 ], [ 79.085585530271985, 19.023290943926831 ], [ 79.112982449049923, 18.939624141636038 ], [ 79.182235771516389, 18.868507359688863 ], [ 79.237410121833079, 18.857700397726301 ], [ 79.271275757544714, 18.828068405248313 ], [ 79.2785055, 18.82527951183862 ], [ 79.281549602086443, 18.822839230105139 ], [ 79.2868767807377, 18.822142006752713 ], [ 79.301716778409087, 18.81656421993333 ], [ 79.296009086997017, 18.801225306180015 ], [ 79.282691140368854, 18.795647519360632 ], [ 79.270895244783901, 18.782748887340798 ], [ 79.270514732023102, 18.77891415890247 ], [ 79.261762938524598, 18.772290537054449 ], [ 79.234366019746645, 18.752419671510388 ], [ 79.230180379377799, 18.749282166424482 ], [ 79.227897302812963, 18.749630778100695 ], [ 79.162829620715357, 18.755557176596291 ], [ 79.150272699608792, 18.72557657244209 ], [ 79.130105523286147, 18.708843211983933 ], [ 79.112221423528311, 18.710237658688779 ], [ 79.125539370156488, 18.683743171296694 ], [ 79.110318859724288, 18.660386188990515 ], [ 79.103089117269008, 18.649579227027953 ], [ 79.065418353949326, 18.653413955466281 ], [ 79.065418353949326, 18.653413955466281 ], [ 79.065037841188527, 18.653413955466281 ], [ 79.064657328427714, 18.653762567142493 ], [ 79.059710662537256, 18.665615364133686 ], [ 79.049817330756341, 18.647138945294472 ], [ 79.036118871367364, 18.644698663560987 ], [ 79.017854258848729, 18.654111178818702 ], [ 79.006438876024589, 18.675376491067613 ], [ 78.998448108047697, 18.674330656038979 ], [ 78.987413237984356, 18.667009810838536 ], [ 78.98474964865872, 18.65968896563809 ], [ 78.967626574422511, 18.609140272587403 ], [ 78.989315801788379, 18.576370775023506 ], [ 78.988554776266767, 18.575324939994871 ], [ 78.987793750745155, 18.573930493290025 ], [ 78.983227597615496, 18.56870131814685 ], [ 78.960396831967216, 18.576370775023506 ], [ 78.956972217119969, 18.576719386699718 ], [ 78.939088117362147, 18.583691620223952 ], [ 78.928814272820418, 18.566261036413369 ], [ 78.927292221777194, 18.566958259765794 ], [ 78.924628632451572, 18.567655483118216 ], [ 78.914354787909843, 18.571490211556544 ], [ 78.902939405085689, 18.549876287631424 ], [ 78.893426586065573, 18.596938863919995 ], [ 78.850809156855433, 18.588223572014702 ], [ 78.791449166169897, 18.620993069578596 ], [ 78.760627632544711, 18.618901399521327 ], [ 78.754539428371828, 18.630405584836311 ], [ 78.705453282228021, 18.64086393512266 ], [ 78.670065595473176, 18.62343335131208 ], [ 78.631633806631896, 18.677468161124885 ], [ 78.639624574608789, 18.720347397298916 ], [ 78.636960985283153, 18.72139323232755 ], [ 78.614891245156485, 18.73010852423284 ], [ 78.581786634966463, 18.722787679032397 ], [ 78.571132277663935, 18.738126592785708 ], [ 78.5528676651453, 18.742658544576461 ], [ 78.563522022447842, 18.77891415890247 ], [ 78.550965101341276, 18.813426714847424 ], [ 78.541832795081973, 18.815169773228483 ], [ 78.543354846125183, 18.859792067783573 ], [ 78.536125103669889, 18.884194885118387 ], [ 78.514055363543221, 18.892212953671255 ], [ 78.527373310171384, 18.939624141636038 ], [ 78.533461514344268, 18.943807481750579 ], [ 78.536886129191501, 18.945899151807847 ], [ 78.534983565387478, 18.947642210188906 ], [ 78.54563792269002, 18.945899151807847 ], [ 78.546779460972431, 18.945550540131634 ], [ 78.546779460972431, 18.945899151807847 ], [ 78.554389716188524, 18.970650580818873 ], [ 78.556672792753346, 18.977622814343107 ], [ 78.588635864660958, 19.005511748440039 ], [ 78.60651996441878, 18.985640882895975 ], [ 78.636199959761555, 18.97797142601932 ], [ 78.636199959761555, 18.97797142601932 ], [ 78.636199959761555, 18.97797142601932 ], [ 78.685286105905362, 19.026428449012737 ], [ 78.69441841216468, 19.032006235832124 ], [ 78.762149683587936, 19.011438146935635 ], [ 78.778892245063332, 19.037584022651508 ], [ 78.821129161512673, 19.049088207966495 ], [ 78.844720952682565, 19.070353520215406 ], [ 78.91397427514903, 19.030611789127278 ], [ 78.947459398099852, 19.072793801948887 ], [ 78.947459398099852, 19.072793801948887 ], [ 79.019756822652752, 19.07558269535858 ], [ 79.022420411978388, 19.075234083682368 ], [ 79.065798866710139, 19.049436819642708 ] ] ] } },
{ "type": "Feature", "properties": { "dt_code": "752", "district": "Jangaon", "st_code": "36", "year": "2016_c", "st_nm": "Telangana" }, "geometry": { "type": "Polygon", "coordinates": [ [ [ 79.263284989567808, 17.983730925463714 ], [ 79.270895244783901, 17.97850175032054 ], [ 79.267470629936668, 17.952704486280879 ], [ 79.324167031296568, 17.94398919437559 ], [ 79.342812156576002, 17.921329435421832 ], [ 79.388854200633389, 17.900761346525343 ], [ 79.394561892045459, 17.908082191725789 ], [ 79.420056247019374, 17.895880783058381 ], [ 79.442887012667669, 17.911219696811695 ], [ 79.443267525428467, 17.911219696811695 ], [ 79.443267525428467, 17.910871085135483 ], [ 79.448975216840537, 17.879147422600223 ], [ 79.459249061382266, 17.874964082485683 ], [ 79.4778941866617, 17.887862714505513 ], [ 79.481699314269747, 17.892046054620053 ], [ 79.482460339791359, 17.891000219591419 ], [ 79.490831620529065, 17.88054186930507 ], [ 79.503388541635616, 17.864505732199333 ], [ 79.503008028874817, 17.862762673818274 ], [ 79.490831620529065, 17.82127788434909 ], [ 79.514423411698957, 17.818837602615609 ], [ 79.514423411698957, 17.794783396957005 ], [ 79.514423411698957, 17.794783396957005 ], [ 79.514423411698957, 17.774215308060519 ], [ 79.505291105439639, 17.748766655697068 ], [ 79.490451107768251, 17.754344442516455 ], [ 79.480938288748135, 17.745280538934953 ], [ 79.504149567157228, 17.724363838362255 ], [ 79.480938288748135, 17.705190196170612 ], [ 79.490451107768251, 17.69612629258911 ], [ 79.481318801508948, 17.674860980340199 ], [ 79.489690082246653, 17.663008183349003 ], [ 79.522414179675863, 17.661265124967947 ], [ 79.524316743479886, 17.633027579194803 ], [ 79.540298279433685, 17.637908142661768 ], [ 79.563890070603577, 17.618385888793913 ], [ 79.572641864102081, 17.621523393879819 ], [ 79.553996738822661, 17.597469188221215 ], [ 79.537254177347251, 17.600606693307121 ], [ 79.510998796851709, 17.587359449611078 ], [ 79.515945462742181, 17.562956632276265 ], [ 79.51632597550298, 17.559819127190359 ], [ 79.533068536978391, 17.556681622104453 ], [ 79.533829562500003, 17.529141299683733 ], [ 79.539537253912073, 17.523563512864349 ], [ 79.521653154154251, 17.494628743738783 ], [ 79.472567008010429, 17.514499609282844 ], [ 79.430330091561103, 17.516591279340116 ], [ 79.412445991803281, 17.498463472177111 ], [ 79.383146509221319, 17.511710715873154 ], [ 79.380863432656483, 17.510316269168307 ], [ 79.375916766766025, 17.507875987434822 ], [ 79.362979332898661, 17.500903753910592 ], [ 79.364501383941885, 17.493931520386358 ], [ 79.366023434985095, 17.486262063509702 ], [ 79.369828562593142, 17.482427335071375 ], [ 79.359174205290614, 17.482427335071375 ], [ 79.327972158904615, 17.450703672536115 ], [ 79.28535472969449, 17.469180091375332 ], [ 79.293726010432195, 17.486610675185915 ], [ 79.274700372391948, 17.497766248824686 ], [ 79.255294221590916, 17.471968984785025 ], [ 79.253772170547691, 17.472666208137447 ], [ 79.229799866616986, 17.496720413796051 ], [ 79.242356787723551, 17.501600977263013 ], [ 79.232463455942622, 17.527746852978886 ], [ 79.19745628194859, 17.521123231130865 ], [ 79.184138335320412, 17.530187134712371 ], [ 79.185279873602838, 17.540994096674929 ], [ 79.172342439735473, 17.542388543379776 ], [ 79.167776286605815, 17.575506652619882 ], [ 79.151414237891203, 17.587359449611078 ], [ 79.157502442064086, 17.621872005556032 ], [ 79.134671676415792, 17.64278870612873 ], [ 79.130105523286147, 17.672072086930509 ], [ 79.09966450242176, 17.677649873749893 ], [ 79.068842968796574, 17.71913466321908 ], [ 79.046012203148294, 17.72610689674331 ], [ 79.037640922410588, 17.709373536285153 ], [ 79.025084001304023, 17.712859653047268 ], [ 78.995784518722061, 17.75085832575434 ], [ 79.001492210134131, 17.7707291912984 ], [ 78.990837852831589, 17.793737561928371 ], [ 78.99045734007079, 17.793737561928371 ], [ 78.948600936382263, 17.788159775108983 ], [ 78.907505558215348, 17.8125625924438 ], [ 78.899514790238456, 17.804893135567141 ], [ 78.866410180048433, 17.810122310710319 ], [ 78.867551718330844, 17.825112612787418 ], [ 78.888860432935914, 17.841497361569367 ], [ 78.922345555886736, 17.836616798102401 ], [ 78.921204017604325, 17.864854343875546 ], [ 78.928053247298806, 17.874964082485683 ], [ 78.934521964232488, 17.876707140866742 ], [ 78.958494268163193, 17.871129354047355 ], [ 78.998828620808496, 17.844983478331482 ], [ 79.020137335413565, 17.876009917514317 ], [ 79.039162973453799, 17.872175189075989 ], [ 79.043729126583457, 17.861019615437218 ], [ 79.065037841188527, 17.873569635780836 ], [ 79.092054247205667, 17.873221024104623 ], [ 79.124397831874063, 17.902155793230193 ], [ 79.102328091747395, 17.914357201897598 ], [ 79.131627574329357, 17.946778087785283 ], [ 79.143803982675109, 17.965951729976922 ], [ 79.138857316784652, 17.978153138644331 ], [ 79.153316801695226, 17.992097605692795 ], [ 79.203924998882272, 17.997326780835969 ], [ 79.229038841095388, 17.991400382340373 ], [ 79.263284989567808, 17.983730925463714 ] ] ] } },
{ "type": "Feature", "properties": { "dt_code": "780", "district": "Mulugu", "st_code": "36", "year": "2019", "st_nm": "Telangana" }, "geometry": { "type": "Polygon", "coordinates": [ [ [ 79.842044898751865, 18.132588111206086 ], [ 79.858787460227276, 18.150367306692882 ], [ 79.844327975316688, 18.15838537524575 ], [ 79.836337207339795, 18.186274309342679 ], [ 79.862973100596122, 18.20300766980084 ], [ 79.844327975316688, 18.214511855115823 ], [ 79.853460281576005, 18.259831373023335 ], [ 79.889228481091664, 18.285280025386786 ], [ 79.881998738636369, 18.299224492435251 ], [ 79.89303360869971, 18.317003687922046 ], [ 79.944402831408354, 18.318398134626893 ], [ 79.95391565042847, 18.339663446875804 ], [ 79.899502325633392, 18.371038497734851 ], [ 79.891131044895687, 18.399276043507992 ], [ 79.922333091281672, 18.406248277032226 ], [ 79.989683849944115, 18.386377411488162 ], [ 80.042194610935169, 18.404156606974958 ], [ 80.073777170081968, 18.388120469869222 ], [ 80.112589471684061, 18.392652421659971 ], [ 80.172710487891209, 18.349424573809728 ], [ 80.216849968144558, 18.389514916574068 ], [ 80.232070478576759, 18.55580268612702 ], [ 80.232070478576759, 18.556151297803233 ], [ 80.267838678092403, 18.589966630395761 ], [ 80.352693023751868, 18.595195805538935 ], [ 80.373621225596125, 18.611580554320884 ], [ 80.388080710506713, 18.595893028891361 ], [ 80.454670443647544, 18.630405584836311 ], [ 80.487014028315954, 18.631800031541157 ], [ 80.514791459854706, 18.61925001119754 ], [ 80.534578123416551, 18.588223572014702 ], [ 80.637697081594638, 18.522684576886913 ], [ 80.636936056073026, 18.504905381400121 ], [ 80.655200668591661, 18.475970612274555 ], [ 80.705428353017894, 18.439714997948542 ], [ 80.696296046758576, 18.424027472519018 ], [ 80.718365786885258, 18.409734393794341 ], [ 80.734727835599855, 18.412871898880248 ], [ 80.719507325167669, 18.391257974955124 ], [ 80.748806807749631, 18.308288396016756 ], [ 80.794087826285406, 18.260179984699548 ], [ 80.737010912164692, 18.222181311992479 ], [ 80.737010912164692, 18.177210405761176 ], [ 80.756036550204925, 18.171632618941789 ], [ 80.755656037444112, 18.169540948884521 ], [ 80.754514499161701, 18.169540948884521 ], [ 80.754514499161701, 18.161522880331653 ], [ 80.754895011922514, 18.073672737926319 ], [ 80.714560659277197, 18.12666171271049 ], [ 80.698579123323398, 18.127010324386699 ], [ 80.682217074608801, 18.147927024959401 ], [ 80.696296046758576, 18.15838537524575 ], [ 80.681456049087188, 18.165706220446193 ], [ 80.66128887276453, 18.131193664501239 ], [ 80.632369902943367, 18.142349238140014 ], [ 80.623237596684064, 18.12945060612018 ], [ 80.643024260245909, 18.125267266005643 ], [ 80.635033492269002, 18.10957974057612 ], [ 80.616388366989568, 18.118295032481409 ], [ 80.602309394839793, 18.082736641507822 ], [ 80.586327858885994, 18.067049116078298 ], [ 80.571107348453808, 18.055196319087102 ], [ 80.563877605998513, 18.056242154115736 ], [ 80.542188378632645, 18.116203362424141 ], [ 80.486253002794342, 18.073672737926319 ], [ 80.465324800950086, 18.090406098384477 ], [ 80.456573007451567, 18.060425494230277 ], [ 80.445157624627427, 18.067049116078298 ], [ 80.431459165238451, 18.060076882554064 ], [ 80.39188583811476, 18.081690806479187 ], [ 80.346604819578985, 18.036719900247885 ], [ 80.341277640927728, 18.01440875297034 ], [ 80.316163798714612, 17.995932334131123 ], [ 80.30969508178093, 17.975364245234637 ], [ 80.294474571348744, 17.964557283272075 ], [ 80.275068420547697, 17.966300341653135 ], [ 80.270502267418038, 17.943291971023164 ], [ 80.270121754657225, 17.947126699461492 ], [ 80.240061246553651, 17.992097605692795 ], [ 80.215327917101348, 17.994886499102488 ], [ 80.220274582991806, 18.006739296093684 ], [ 80.209239712928465, 18.023821268228055 ], [ 80.219894070231007, 18.0461324155056 ], [ 80.149499209482116, 18.083782476536456 ], [ 80.144933056352457, 18.09493805017523 ], [ 80.079484861494038, 18.070535232840413 ], [ 80.044477687500006, 18.101910283699461 ], [ 80.028496151546207, 18.116203362424141 ], [ 80.027354613263782, 18.116203362424141 ], [ 80.016319743200455, 18.115157527395503 ], [ 79.991966926508951, 18.107488070518848 ], [ 79.979410005402386, 18.112020022309601 ], [ 79.957720778036517, 18.089360263355843 ], [ 79.936412063431447, 18.083782476536456 ], [ 79.884662327962005, 18.085874146593728 ], [ 79.88732591728764, 18.098075555261133 ], [ 79.814647979973927, 18.091800545089324 ], [ 79.819594645864385, 18.113065857338235 ], [ 79.83938130942623, 18.133285334558511 ], [ 79.842044898751865, 18.132588111206086 ] ] ] } },
{ "type": "Feature", "properties": { "dt_code": "744", "district": "Jogulamba Gadwal", "st_code": "36", "year": "2016_c", "st_nm": "Telangana" }, "geometry": { "type": "Polygon", "coordinates": [ [ [ 77.775099582060349, 16.306908762885715 ], [ 77.912464688710884, 16.212783610308573 ], [ 77.931870839511916, 16.193261356440722 ], [ 77.947091349944117, 16.11900706940764 ], [ 78.029282106277947, 16.059743084451661 ], [ 78.06961645892325, 16.014423566544149 ], [ 78.13049850065201, 15.99769020608599 ], [ 78.13620619206408, 15.996295759381143 ], [ 78.14609952384501, 15.971544330370117 ], [ 78.157895419429948, 15.950976241473629 ], [ 78.221441050484344, 15.944004007949397 ], [ 78.248076943740685, 15.971544330370117 ], [ 78.251121045827119, 15.975030447132234 ], [ 78.251501558587933, 15.935288716044106 ], [ 78.184531312686289, 15.909840063680656 ], [ 78.179584646795831, 15.901821995127788 ], [ 78.18985849133756, 15.892409479870075 ], [ 78.175399006426971, 15.858245535601334 ], [ 78.135445166542468, 15.854759418839217 ], [ 78.133923115499258, 15.836283 ], [ 78.083695431073025, 15.840814951790751 ], [ 78.071519022727273, 15.861731652363449 ], [ 78.046785693274956, 15.874978896059492 ], [ 78.044883129470932, 15.904262276861271 ], [ 78.031945695603582, 15.907399781947175 ], [ 78.008734417194489, 15.861731652363449 ], [ 77.975249294243667, 15.883345576288571 ], [ 77.936817505402388, 15.883345576288571 ], [ 77.888111872019365, 15.906005335242329 ], [ 77.858431876676605, 15.883694187964783 ], [ 77.803638039120713, 15.874281672707069 ], [ 77.724110872112519, 15.89589559663219 ], [ 77.692908825726519, 15.883345576288571 ], [ 77.659423702775712, 15.885437246345841 ], [ 77.611479094914301, 15.917858132233524 ], [ 77.59321448239568, 15.911931733737926 ], [ 77.513306802626673, 15.926922035815027 ], [ 77.514067828148285, 16.00814855637234 ], [ 77.493900651825626, 16.037083325497907 ], [ 77.506838085692991, 16.079613949995725 ], [ 77.493520139064827, 16.086237571843746 ], [ 77.501130394280921, 16.10610843738781 ], [ 77.513306802626673, 16.108200107445082 ], [ 77.489715011456781, 16.119704292760066 ], [ 77.486290396609533, 16.162932140610309 ], [ 77.501130394280921, 16.221847513890076 ], [ 77.515589879191509, 16.227773912385675 ], [ 77.492378600782416, 16.229168359090522 ], [ 77.49009552421758, 16.255314234806395 ], [ 77.504935521888967, 16.275882323702881 ], [ 77.522058596125177, 16.277973993760149 ], [ 77.536898593796565, 16.266818420121378 ], [ 77.54526987453427, 16.291569849132404 ], [ 77.563153974292092, 16.301679587742541 ], [ 77.597780635525339, 16.292964295837251 ], [ 77.588648329266022, 16.334100473630226 ], [ 77.642300628539488, 16.36268663107958 ], [ 77.643822679582712, 16.363383854432001 ], [ 77.660945753818922, 16.36268663107958 ], [ 77.667794983513417, 16.361989407727155 ], [ 77.67540523872951, 16.361640796050946 ], [ 77.681493442902379, 16.355017174202924 ], [ 77.775099582060349, 16.306908762885715 ] ] ] } },
{ "type": "Feature", "properties": { "dt_code": "736", "district": "Kamareddy", "st_code": "36", "year": "2016_c", "st_nm": "Telangana" }, "geometry": { "type": "Polygon", "coordinates": [ [ [ 77.761401122671387, 18.525473470296607 ], [ 77.756834969541728, 18.50246509966664 ], [ 77.778524196907597, 18.505602604752543 ], [ 77.789559066970938, 18.497235924523466 ], [ 77.864900593610287, 18.508042886486024 ], [ 77.889253410301791, 18.4923553610565 ], [ 77.937578530923986, 18.491309526027866 ], [ 77.974868781482854, 18.470392825455168 ], [ 77.98171801117735, 18.459237251816397 ], [ 77.974868781482854, 18.446338619796563 ], [ 78.022052363822652, 18.436228881186427 ], [ 78.038033899776451, 18.464815038635781 ], [ 78.039555950819675, 18.517804013419951 ], [ 78.069996971684049, 18.508391498162236 ], [ 78.076085175856932, 18.514666508334045 ], [ 78.10348209463487, 18.504208158047696 ], [ 78.105765171199707, 18.491658137704079 ], [ 78.159797983233972, 18.477365058979402 ], [ 78.192141567902382, 18.508740109838449 ], [ 78.249979507544708, 18.486428962560904 ], [ 78.258731301043213, 18.456099746730491 ], [ 78.259872839325638, 18.452613629968376 ], [ 78.265200017976895, 18.452962241644585 ], [ 78.271668734910577, 18.452962241644585 ], [ 78.307436934426235, 18.454008076673219 ], [ 78.329506674552903, 18.466906708693053 ], [ 78.38277846106557, 18.45365946499701 ], [ 78.398759997019368, 18.481897010770151 ], [ 78.424634864754097, 18.474924777245921 ], [ 78.445182553837554, 18.483291457474998 ], [ 78.46915485776826, 18.445990008120354 ], [ 78.491985623416539, 18.437623327891274 ], [ 78.53003689949702, 18.465512261988206 ], [ 78.53993023127795, 18.461328921873665 ], [ 78.543354846125183, 18.459585863492606 ], [ 78.543735358885996, 18.458540028463972 ], [ 78.554009203427725, 18.430999706043252 ], [ 78.541832795081973, 18.412523287204035 ], [ 78.565044073491052, 18.390560751602703 ], [ 78.531558950540244, 18.387423246516796 ], [ 78.533461514344268, 18.360580147448502 ], [ 78.549443050298066, 18.336525941789898 ], [ 78.537266641952314, 18.317700911274468 ], [ 78.541071769560361, 18.299921715787676 ], [ 78.521285105998516, 18.278656403538765 ], [ 78.526992797410585, 18.27517028677665 ], [ 78.5528676651453, 18.258436926318488 ], [ 78.553248177906113, 18.258088314642279 ], [ 78.567707662816687, 18.223227147021113 ], [ 78.567327150055888, 18.222878535344901 ], [ 78.561619458643818, 18.208236844944015 ], [ 78.561238945883005, 18.207191009915377 ], [ 78.561238945883005, 18.207191009915377 ], [ 78.5680881755775, 18.183136804256776 ], [ 78.568849201099113, 18.17999929917087 ], [ 78.566946637295075, 18.180347910847082 ], [ 78.54563792269002, 18.183136804256776 ], [ 78.531178437779431, 18.184879862637832 ], [ 78.52585125912816, 18.183485415932985 ], [ 78.515957927347245, 18.166403443798615 ], [ 78.502259467958268, 18.17546734738012 ], [ 78.483614342678834, 18.14827563663561 ], [ 78.49160511065574, 18.132588111206086 ], [ 78.479809215070787, 18.125964489358065 ], [ 78.458119987704919, 18.12073531421489 ], [ 78.441757938990307, 18.130147829472605 ], [ 78.445563066598353, 18.145138131549707 ], [ 78.433006145491802, 18.162917327036499 ], [ 78.412077943647546, 18.13084505282503 ], [ 78.384681024869593, 18.123524207624584 ], [ 78.374407180327864, 18.144789519873495 ], [ 78.363372310264523, 18.146881189930763 ], [ 78.357664618852453, 18.171981230618002 ], [ 78.312764113077492, 18.202310446448415 ], [ 78.313905651359903, 18.178953464142236 ], [ 78.27775693908346, 18.143046461492435 ], [ 78.256828737239189, 18.13956034473032 ], [ 78.227529254657227, 18.17546734738012 ], [ 78.216494384593886, 18.17546734738012 ], [ 78.217255410115499, 18.200915999743568 ], [ 78.207362078334569, 18.216952136849304 ], [ 78.20698156557377, 18.216952136849304 ], [ 78.180726185078242, 18.204402116505683 ], [ 78.168930289493289, 18.167449278827252 ], [ 78.179584646795831, 18.097378331908711 ], [ 78.154090291821902, 18.085874146593728 ], [ 78.143055421758561, 18.068443562783145 ], [ 78.116800041263033, 18.072626902897685 ], [ 78.106526196721305, 18.093543603470383 ], [ 78.093969275614754, 18.068443562783145 ], [ 78.074182612052908, 18.072278291221473 ], [ 78.071519022727273, 18.059728270877855 ], [ 78.044122103949334, 18.079599136421919 ], [ 78.045263642231745, 18.068094951106932 ], [ 78.034609284929203, 18.064260222668604 ], [ 78.029282106277947, 18.083782476536456 ], [ 78.012159032041723, 18.090057486708268 ], [ 78.014442108606559, 18.075764407983588 ], [ 78.004548776825629, 18.087617204974784 ], [ 78.000743649217583, 18.081342194802975 ], [ 77.995035957805513, 18.106790847166426 ], [ 77.975629807004466, 18.114808915719294 ], [ 77.934914941598365, 18.105047788785367 ], [ 77.929968275707893, 18.098424166937345 ], [ 77.899907767604319, 18.092149156765537 ], [ 77.898385716561094, 18.091800545089324 ], [ 77.904473920733977, 18.104001953756732 ], [ 77.905615459016389, 18.105745012137792 ], [ 77.926924173621458, 18.104001953756732 ], [ 77.929587762947094, 18.115854750747928 ], [ 77.909040073863636, 18.124221430977009 ], [ 77.923499558774211, 18.128056159415337 ], [ 77.918933405644552, 18.136422839644414 ], [ 77.935295454359164, 18.149321471664244 ], [ 77.935675967119963, 18.149321471664244 ], [ 77.928065711903869, 18.155596481836056 ], [ 77.914747765275706, 18.140954791435167 ], [ 77.902571356929954, 18.144440908197282 ], [ 77.894580588953048, 18.156642316864691 ], [ 77.903712895212365, 18.192200707838278 ], [ 77.868705721218333, 18.189063202752372 ], [ 77.854246236307745, 18.207539621591589 ], [ 77.853865723546946, 18.207191009915377 ], [ 77.826849317529806, 18.193943766219334 ], [ 77.796408296665419, 18.204750728181896 ], [ 77.769772403409092, 18.188017367723738 ], [ 77.758357020584953, 18.205099339858108 ], [ 77.741994971870341, 18.205099339858108 ], [ 77.743517022913565, 18.224272982049747 ], [ 77.727915999720565, 18.233336885631253 ], [ 77.722588821069294, 18.258088314642279 ], [ 77.722588821069294, 18.258436926318488 ], [ 77.722208308308495, 18.258436926318488 ], [ 77.687581647075262, 18.260179984699548 ], [ 77.665131394187782, 18.283536967005727 ], [ 77.641920115778689, 18.285977248739208 ], [ 77.600824737611774, 18.275867510129071 ], [ 77.605390890741432, 18.281445296948458 ], [ 77.573047306073022, 18.293298093939654 ], [ 77.562012436009681, 18.284931413710574 ], [ 77.551358078707153, 18.291903647234808 ], [ 77.570383716747386, 18.31804952295068 ], [ 77.525863723733238, 18.342103728609285 ], [ 77.520156032321154, 18.357094030686383 ], [ 77.525483210972425, 18.372781556115907 ], [ 77.551738591467952, 18.388817693221643 ], [ 77.556685257358424, 18.419146909052056 ], [ 77.52814680029806, 18.428908035985984 ], [ 77.527385774776448, 18.442155279682027 ], [ 77.564295512574517, 18.437274716215061 ], [ 77.585223714418774, 18.446687231472776 ], [ 77.58370166337555, 18.456099746730491 ], [ 77.55097756594634, 18.460283086845031 ], [ 77.548694489381518, 18.468649767074108 ], [ 77.573047306073022, 18.469695602102746 ], [ 77.57647192092027, 18.486777574237117 ], [ 77.603107814176596, 18.477016447303189 ], [ 77.60462986521982, 18.496190089494831 ], [ 77.585984739940386, 18.503859546371487 ], [ 77.60044422485096, 18.522335965210704 ], [ 77.590550893070045, 18.526519305325241 ], [ 77.596258584482115, 18.548830452602786 ], [ 77.612620633196713, 18.544647112488249 ], [ 77.629363194672123, 18.553711016069752 ], [ 77.633929347801782, 18.543949889135824 ], [ 77.643442166821899, 18.555105462774598 ], [ 77.65447703688524, 18.530702645439781 ], [ 77.701660619225038, 18.555105462774598 ], [ 77.738570357023093, 18.556848521155654 ], [ 77.761401122671387, 18.525473470296607 ] ] ] } },
{ "type": "Feature", "properties": { "dt_code": "534", "district": "Karimnagar", "st_code": "36", "year": "2016_c", "st_nm": "Telangana" }, "geometry": { "type": "Polygon", "coordinates": [ [ [ 78.956972217119969, 18.576719386699718 ], [ 78.960396831967216, 18.576370775023506 ], [ 78.983227597615496, 18.56870131814685 ], [ 78.987793750745155, 18.573930493290025 ], [ 78.988554776266767, 18.575324939994871 ], [ 78.989315801788379, 18.576370775023506 ], [ 78.967626574422511, 18.609140272587403 ], [ 78.98474964865872, 18.65968896563809 ], [ 78.987413237984356, 18.667009810838536 ], [ 78.998448108047697, 18.674330656038979 ], [ 79.006438876024589, 18.675376491067613 ], [ 79.017854258848729, 18.654111178818702 ], [ 79.036118871367364, 18.644698663560987 ], [ 79.049817330756341, 18.647138945294472 ], [ 79.059710662537256, 18.665615364133686 ], [ 79.064657328427714, 18.653762567142493 ], [ 79.065037841188527, 18.653413955466281 ], [ 79.065418353949326, 18.653413955466281 ], [ 79.065418353949326, 18.653413955466281 ], [ 79.103089117269008, 18.649579227027953 ], [ 79.110318859724288, 18.660386188990515 ], [ 79.113743474571535, 18.633194478246004 ], [ 79.1110798852459, 18.622038904607233 ], [ 79.114885012853946, 18.622736127959655 ], [ 79.147609110283156, 18.62796530310283 ], [ 79.175767054582707, 18.654111178818702 ], [ 79.184899360842024, 18.610534719292247 ], [ 79.204305511643071, 18.595195805538935 ], [ 79.205447049925482, 18.577765221728352 ], [ 79.229799866616986, 18.566958259765794 ], [ 79.215340381706412, 18.534885985554322 ], [ 79.215720894467211, 18.492006749380291 ], [ 79.236649096311481, 18.44773306650141 ], [ 79.281930114847242, 18.480153952389095 ], [ 79.306282931538746, 18.480502564065304 ], [ 79.372872664679591, 18.435531657834005 ], [ 79.483221365312971, 18.387074634840587 ], [ 79.485504441877794, 18.38602879981195 ], [ 79.501105465070793, 18.391606586631337 ], [ 79.542200843237708, 18.406248277032226 ], [ 79.546766996367367, 18.407642723737073 ], [ 79.555518789865872, 18.415660792289941 ], [ 79.566934172690011, 18.424027472519018 ], [ 79.580632632078988, 18.41322051055646 ], [ 79.579491093796577, 18.348727350457306 ], [ 79.576446991710142, 18.309334231045391 ], [ 79.559704430234731, 18.299921715787676 ], [ 79.563129045081965, 18.263317489785454 ], [ 79.563129045081965, 18.262968878109241 ], [ 79.556279815387484, 18.265757771518935 ], [ 79.553235713301049, 18.267152218223782 ], [ 79.551713662257825, 18.263666101461663 ], [ 79.550191611214601, 18.247281352679718 ], [ 79.539537253912073, 18.238914672450637 ], [ 79.536493151825638, 18.236823002393368 ], [ 79.534590588021615, 18.235079944012309 ], [ 79.53192699869598, 18.236125779040943 ], [ 79.473708546292855, 18.229850768869134 ], [ 79.461912650707902, 18.164311773741346 ], [ 79.447453165797313, 18.159082598598172 ], [ 79.442506499906855, 18.159779821950593 ], [ 79.426144451192258, 18.162220103684078 ], [ 79.399128045175118, 18.166054832122406 ], [ 79.396844968610282, 18.147927024959401 ], [ 79.379341381613273, 18.156642316864691 ], [ 79.365642922224296, 18.139908956406533 ], [ 79.327211133383017, 18.14827563663561 ], [ 79.301336265648288, 18.130147829472605 ], [ 79.300955752887489, 18.130496441148818 ], [ 79.290681908345761, 18.151064530045304 ], [ 79.288779344541723, 18.151413141721516 ], [ 79.250728068461257, 18.15420203513121 ], [ 79.244639864288374, 18.18418263928541 ], [ 79.210774228576753, 18.174770124027695 ], [ 79.212296279619977, 18.161522880331653 ], [ 79.187943462928473, 18.170238172236942 ], [ 79.162449107954544, 18.157339540217112 ], [ 79.145706546479133, 18.170935395589368 ], [ 79.137335265741427, 18.206145174886743 ], [ 79.108035783159465, 18.221484088640054 ], [ 79.108416295920264, 18.237171614069581 ], [ 79.123256293591652, 18.243098012565177 ], [ 79.120212191505217, 18.255299421232586 ], [ 79.133530138133381, 18.271335558338322 ], [ 79.114885012853946, 18.290509200529961 ], [ 79.114885012853946, 18.290509200529961 ], [ 79.072267583643821, 18.285280025386786 ], [ 79.062754764623691, 18.291903647234808 ], [ 79.060852200819667, 18.293646705615867 ], [ 79.071887070883008, 18.316306464569621 ], [ 79.059710662537256, 18.342452340285497 ], [ 79.059330149776457, 18.342452340285497 ], [ 79.054002971125186, 18.342800951961706 ], [ 79.037260409649775, 18.343846786990341 ], [ 79.032694256520116, 18.337223165142319 ], [ 79.018995797131154, 18.317003687922046 ], [ 79.011385541915047, 18.3455898453714 ], [ 79.024703488543224, 18.366157934267886 ], [ 79.008341439828612, 18.383937129754681 ], [ 79.005297337742178, 18.386726023164375 ], [ 79.018234771609542, 18.399624655184205 ], [ 78.996926057004472, 18.399973266860417 ], [ 78.974095291356178, 18.427513589281137 ], [ 78.978280931725038, 18.442155279682027 ], [ 78.991598878353201, 18.441109444653389 ], [ 78.987413237984356, 18.462026145226091 ], [ 78.947839910860651, 18.443898338063082 ], [ 78.923487094169147, 18.474924777245921 ], [ 78.922726068647535, 18.475622000598342 ], [ 78.953928115033534, 18.512923449952989 ], [ 78.960777344728015, 18.536280432259169 ], [ 78.948981449143076, 18.554059627745961 ], [ 78.956972217119969, 18.576719386699718 ] ] ] } },
{ "type": "Feature", "properties": { "dt_code": "541", "district": "Khammam", "st_code": "36", "year": "2016_c", "st_nm": "Telangana" }, "geometry": { "type": "Polygon", "coordinates": [ [ [ 80.323774053930705, 17.560864962218993 ], [ 80.368674559705667, 17.567837195743227 ], [ 80.356117638599116, 17.531232969741005 ], [ 80.343560717492551, 17.535067698179333 ], [ 80.339755589884504, 17.522517677835712 ], [ 80.346604819578985, 17.485216228481068 ], [ 80.360303278967962, 17.486262063509702 ], [ 80.361064304489574, 17.500903753910592 ], [ 80.396832504005218, 17.528095464655099 ], [ 80.431459165238451, 17.497417637148473 ], [ 80.375904302160961, 17.416888339943586 ], [ 80.406345323025334, 17.421071680058127 ], [ 80.446299162909838, 17.410613329771778 ], [ 80.477120696535025, 17.384816065732114 ], [ 80.466085826471684, 17.370522987007437 ], [ 80.50109300046573, 17.366688258569109 ], [ 80.53495863617735, 17.384118842379692 ], [ 80.540285814828621, 17.360761860073509 ], [ 80.555886838021621, 17.368082705273956 ], [ 80.55626735078242, 17.341239606205658 ], [ 80.582142218517149, 17.356927131635182 ], [ 80.592416063058877, 17.38202717232242 ], [ 80.606114522447839, 17.382375783998633 ], [ 80.619432469076017, 17.371568822036071 ], [ 80.609539137295087, 17.35622990828276 ], [ 80.614866315946358, 17.342982664586717 ], [ 80.62856477533532, 17.338799324472177 ], [ 80.63427246674739, 17.362853530130781 ], [ 80.646068362332343, 17.360064636721088 ], [ 80.645687849571544, 17.346468781348833 ], [ 80.679933998043964, 17.337753489443543 ], [ 80.682978100130413, 17.296617311650568 ], [ 80.692490919150529, 17.288947854773912 ], [ 80.693251944672141, 17.289296466450125 ], [ 80.722551427254103, 17.305332603555861 ], [ 80.748426294988832, 17.291388136507393 ], [ 80.760983216095383, 17.314047895461151 ], [ 80.775442701005971, 17.308121496965555 ], [ 80.778867315853205, 17.33740487776733 ], [ 80.81273295156484, 17.337056266091118 ], [ 80.831758589605073, 17.363202141806994 ], [ 80.859155508383012, 17.364596588511841 ], [ 80.876278582619236, 17.264893649115308 ], [ 80.865243712555895, 17.235958879989742 ], [ 80.918896011829361, 17.219922742884009 ], [ 80.923842677719833, 17.157869864518336 ], [ 80.87932268470567, 17.161007369604238 ], [ 80.86790730188153, 17.12300869689717 ], [ 80.876278582619236, 17.10557811308659 ], [ 80.867526789120717, 17.080478072399352 ], [ 80.877039608140834, 17.070368333789212 ], [ 80.845457048994049, 17.040039117958798 ], [ 80.738913475968715, 17.079780849046927 ], [ 80.69934014884501, 17.083964189161467 ], [ 80.673465281110282, 17.066533605350884 ], [ 80.653678617548437, 17.068625275408156 ], [ 80.657103232395684, 17.089541975980854 ], [ 80.670421179023847, 17.10139477297205 ], [ 80.641882721963498, 17.116036463372939 ], [ 80.645307336810731, 17.123705920249595 ], [ 80.618290930793592, 17.128586483716557 ], [ 80.579859141952312, 17.152989301051374 ], [ 80.563116580476901, 17.13311843550731 ], [ 80.514030434333094, 17.121962861868536 ], [ 80.505278640834575, 17.068625275408156 ], [ 80.490819155924001, 17.05084607992136 ], [ 80.471413005122955, 17.050497468245151 ], [ 80.464944288189272, 17.029929379348662 ], [ 80.438688907693745, 17.037598836225317 ], [ 80.416999680327876, 17.073505838875118 ], [ 80.4189022441319, 17.092330869390548 ], [ 80.387319684985101, 17.071414168817849 ], [ 80.407106348546947, 17.015984912300198 ], [ 80.3877001977459, 17.009361290452176 ], [ 80.363347381054396, 16.97624318121207 ], [ 80.449723777757086, 16.954977868963159 ], [ 80.493482745249636, 16.927437546542439 ], [ 80.499190436661706, 16.956372315668006 ], [ 80.526206842678846, 16.948005635438928 ], [ 80.534578123416551, 16.96160149081118 ], [ 80.601928882078994, 16.918722254637149 ], [ 80.587088884407606, 16.90408056423626 ], [ 80.595840677906111, 16.884558310368408 ], [ 80.568443759128172, 16.869568008291306 ], [ 80.562736067716102, 16.832963782289085 ], [ 80.612963752142335, 16.793570662877169 ], [ 80.596982216188536, 16.792176216172322 ], [ 80.570346322932195, 16.768122010513718 ], [ 80.464563775428473, 16.795662332934437 ], [ 80.46418326266766, 16.820065150269254 ], [ 80.428415063152016, 16.838192957432259 ], [ 80.427654037630404, 16.849697142747242 ], [ 80.383895070137854, 16.865384668176766 ], [ 80.378187378725784, 16.852137424480723 ], [ 80.407867374068559, 16.848302696042396 ], [ 80.404062246460512, 16.83191794726045 ], [ 80.38047045529062, 16.817624868535773 ], [ 80.374001738356938, 16.852486036156936 ], [ 80.340897128166915, 16.859806881357382 ], [ 80.343941230253364, 16.874448571758272 ], [ 80.321871490126682, 16.879677746901447 ], [ 80.323774053930705, 16.906520845969741 ], [ 80.311597645584953, 16.916630584579877 ], [ 80.316544311475411, 16.948354247115137 ], [ 80.305128928651271, 16.953583422258312 ], [ 80.306650979694496, 16.973802899478589 ], [ 80.290288930979884, 16.981123744679032 ], [ 80.293713545827131, 16.996462658432346 ], [ 80.28267867576379, 17.007618232071117 ], [ 80.264794576005968, 16.997159881784768 ], [ 80.225982274403876, 17.015287688947772 ], [ 80.211522789493301, 17.01040712548081 ], [ 80.196682791821914, 17.04387384639713 ], [ 80.187169972801797, 17.020168252414738 ], [ 80.153304337090162, 17.006921008718695 ], [ 80.140366903222798, 16.990536259936746 ], [ 80.095085884687037, 16.990536259936746 ], [ 80.09166126983979, 16.968225112659201 ], [ 80.055893070324146, 16.971362617745108 ], [ 80.055512557563347, 16.971362617745108 ], [ 80.061981274497029, 17.009361290452176 ], [ 80.036867432283913, 17.024351592529275 ], [ 80.039911534370347, 17.051194691597573 ], [ 79.996533079638596, 17.075946120608599 ], [ 79.995772054116998, 17.076643343961024 ], [ 79.994250003073773, 17.07838640234208 ], [ 79.946305395212377, 17.134861493888366 ], [ 79.918527963673625, 17.129632318745191 ], [ 79.912439759500742, 17.148805960936834 ], [ 79.881237713114757, 17.17355738994786 ], [ 79.876671559985098, 17.193776867168133 ], [ 79.886184379005215, 17.209115780921447 ], [ 79.901785402198215, 17.211556062654928 ], [ 79.900643863915803, 17.253738075476537 ], [ 79.840522847708641, 17.279186727839985 ], [ 79.830629515927725, 17.270122824258483 ], [ 79.813506441691501, 17.295222864945721 ], [ 79.801710546106563, 17.312304837080092 ], [ 79.803993622671385, 17.323809022395078 ], [ 79.804374135432198, 17.325203469099925 ], [ 79.831390541449338, 17.336010431062483 ], [ 79.875530021702687, 17.3304326442431 ], [ 79.878954636549935, 17.353441014873066 ], [ 79.895697198025346, 17.356578519958973 ], [ 79.903307453241439, 17.375752162150611 ], [ 79.930704372019378, 17.366339646892897 ], [ 79.936792576192261, 17.395274416018463 ], [ 79.969897186382269, 17.406429989657237 ], [ 79.991586413748138, 17.399457756133003 ], [ 79.99234743926975, 17.364247976835628 ], [ 80.052468455476898, 17.346468781348833 ], [ 80.074157682842781, 17.351000733139585 ], [ 80.08595357842772, 17.367036870245322 ], [ 80.108403831315201, 17.358670190016241 ], [ 80.120580239660953, 17.382724395674845 ], [ 80.143791518070046, 17.393879969313616 ], [ 80.16091459230627, 17.376797997179246 ], [ 80.170046898565573, 17.438502263868706 ], [ 80.203151508755596, 17.441988380630825 ], [ 80.195921766300302, 17.476152324899566 ], [ 80.200107406669161, 17.486959286862124 ], [ 80.203912534277208, 17.474409266518506 ], [ 80.216469455383759, 17.475455101547141 ], [ 80.227884838207899, 17.50473848234892 ], [ 80.228265350968712, 17.53053574638858 ], [ 80.202009970473185, 17.558076068809299 ], [ 80.230167914772736, 17.552498281989916 ], [ 80.233592529619969, 17.56644274903838 ], [ 80.280776111959767, 17.542737155055988 ], [ 80.292191494783907, 17.555984398752031 ], [ 80.28267867576379, 17.563305243952474 ], [ 80.28838636717586, 17.572369147533976 ], [ 80.323774053930705, 17.560864962218993 ] ] ] } },
{ "type": "Feature", "properties": { "dt_code": "733", "district": "Komaram Bheem", "st_code": "36", "year": "2016_c", "st_nm": "Telangana" }, "geometry": { "type": "Polygon", "coordinates": [ [ [ 78.855755822745905, 19.278474690913754 ], [ 78.854614284463494, 19.278823302589966 ], [ 78.854614284463494, 19.303923343277205 ], [ 78.854233771702681, 19.368416503376359 ], [ 78.809713778688518, 19.386544310539364 ], [ 78.820748648751859, 19.387938757244211 ], [ 78.85309223342027, 19.44720274220019 ], [ 78.884674792567068, 19.445459683819131 ], [ 78.903700430607302, 19.474045841268484 ], [ 78.926911709016395, 19.462193044277289 ], [ 78.974475804116992, 19.490779201726646 ], [ 78.948981449143076, 19.501237552012995 ], [ 78.942132219448581, 19.513787572356613 ], [ 78.950122987425488, 19.533309826224464 ], [ 78.936044015275712, 19.5493459633302 ], [ 78.9352829897541, 19.550043186682622 ], [ 78.936044015275712, 19.550043186682622 ], [ 78.974095291356178, 19.5493459633302 ], [ 78.981325033811473, 19.560850148645184 ], [ 78.998067595286884, 19.539933448072485 ], [ 79.046012203148294, 19.548300128301566 ], [ 79.096239887574512, 19.532612602872042 ], [ 79.190987565014908, 19.459055539191386 ], [ 79.223711662444117, 19.469165277801523 ], [ 79.203924998882272, 19.494265318488761 ], [ 79.240073711158715, 19.535401496281736 ], [ 79.23702960907228, 19.557015420206856 ], [ 79.253011145026079, 19.593271034532869 ], [ 79.238551660115505, 19.606169666552699 ], [ 79.246542428092397, 19.616628016839048 ], [ 79.272797808587924, 19.598848821352252 ], [ 79.306663444299559, 19.596408539618771 ], [ 79.313893186754839, 19.566427935464571 ], [ 79.318459339884498, 19.57688628575092 ], [ 79.365642922224296, 19.576189062398498 ], [ 79.405216249347987, 19.535750107957945 ], [ 79.420436759780188, 19.529823709462349 ], [ 79.433374193647538, 19.537144554662792 ], [ 79.471425469728018, 19.500191716984361 ], [ 79.518609052067816, 19.520062582528421 ], [ 79.518609052067816, 19.543070953158391 ], [ 79.53763469010805, 19.554226526797162 ], [ 79.552855200540236, 19.524245922642962 ], [ 79.594711604228763, 19.506815338832379 ], [ 79.61411775502981, 19.559804313616549 ], [ 79.629338265461996, 19.574097392341226 ], [ 79.708865432470191, 19.584555742627575 ], [ 79.743111580942625, 19.60860994828618 ], [ 79.780782344262292, 19.598151597999831 ], [ 79.816170031017137, 19.574097392341226 ], [ 79.828346439362889, 19.543419564834604 ], [ 79.864495151639346, 19.51065006727071 ], [ 79.914342323304766, 19.49600837686982 ], [ 79.944783344169153, 19.469862501153948 ], [ 79.947446933494788, 19.449643023933671 ], [ 79.974463339511928, 19.411992962902815 ], [ 79.979790518163199, 19.388635980596632 ], [ 79.958862316318928, 19.334252559107618 ], [ 79.966092058774223, 19.304271954953414 ], [ 79.936412063431447, 19.264181612189077 ], [ 79.924616167846494, 19.225834327805796 ], [ 79.945163856929952, 19.16761617787845 ], [ 79.931084884780176, 19.155414769211045 ], [ 79.923855142324896, 19.165175896144969 ], [ 79.854221307097617, 19.172845353021629 ], [ 79.799046956780927, 19.151580040772718 ], [ 79.783445933587927, 19.162038391059067 ], [ 79.787251061195974, 19.184000926660399 ], [ 79.772411063524586, 19.189927325155999 ], [ 79.756049014809989, 19.181909256603131 ], [ 79.733979274683307, 19.186092596717671 ], [ 79.709626457991803, 19.207357908966578 ], [ 79.676141335040981, 19.198991228737501 ], [ 79.67918543712743, 19.225485716129583 ], [ 79.662442875652019, 19.21816487092914 ], [ 79.654832620435926, 19.240824629882898 ], [ 79.661681850130407, 19.259998272074537 ], [ 79.622869548528314, 19.255466320283787 ], [ 79.61411775502981, 19.276383020856485 ], [ 79.558562891952306, 19.258952437045902 ], [ 79.549811098453802, 19.264181612189077 ], [ 79.562748532321166, 19.282658031028294 ], [ 79.517087001024592, 19.285446924437988 ], [ 79.515945462742181, 19.292070546286009 ], [ 79.515945462742181, 19.292070546286009 ], [ 79.504530079918041, 19.268364952303617 ], [ 79.530785460413568, 19.257209378664843 ], [ 79.523936230719073, 19.251282980169247 ], [ 79.547908534649778, 19.202128733823404 ], [ 79.480557775987336, 19.201431510470982 ], [ 79.470664444206406, 19.187487043422514 ], [ 79.4778941866617, 19.183652314984187 ], [ 79.462293163468701, 19.171799517992991 ], [ 79.407879838673622, 19.20108289879477 ], [ 79.340148567250381, 19.221302376015046 ], [ 79.339387541728769, 19.210844025728697 ], [ 79.350802924552909, 19.210495414052485 ], [ 79.348139335227273, 19.177377304812378 ], [ 79.317317801602087, 19.163432837763914 ], [ 79.326450107861405, 19.145305030600909 ], [ 79.316176263319676, 19.092316055816738 ], [ 79.276983448956784, 19.116718873151552 ], [ 79.267090117175854, 19.03374929421318 ], [ 79.244259351527575, 19.029914565774853 ], [ 79.225994739008939, 19.033052070860759 ], [ 79.195553718144566, 19.082554928882811 ], [ 79.150653212369605, 19.092664667492951 ], [ 79.104611168312218, 19.169707847935722 ], [ 79.069984507078985, 19.187138431746305 ], [ 79.057808098733233, 19.208752355671425 ], [ 79.00605836326379, 19.218862094281562 ], [ 78.998448108047697, 19.220256540986412 ], [ 78.991598878353201, 19.234201008034876 ], [ 78.971431702030557, 19.232109337977604 ], [ 78.954689140555146, 19.248145475083341 ], [ 78.953167089511922, 19.248842698435766 ], [ 78.952786576751123, 19.248842698435766 ], [ 78.941751706687782, 19.252328815197881 ], [ 78.893807098826386, 19.289978876228737 ], [ 78.885435818088681, 19.272896904094367 ], [ 78.855755822745905, 19.278474690913754 ] ] ] } },
{ "type": "Feature", "properties": { "dt_code": "751", "district": "Mahabubabad", "st_code": "36", "year": "2016_c", "st_nm": "Telangana" }, "geometry": { "type": "Polygon", "coordinates": [ [ [ 79.539537253912073, 17.523563512864349 ], [ 79.533829562500003, 17.529141299683733 ], [ 79.533068536978391, 17.556681622104453 ], [ 79.51632597550298, 17.559819127190359 ], [ 79.515945462742181, 17.562956632276265 ], [ 79.510998796851709, 17.587359449611078 ], [ 79.537254177347251, 17.600606693307121 ], [ 79.553996738822661, 17.597469188221215 ], [ 79.572641864102081, 17.621523393879819 ], [ 79.577588529992553, 17.628495627404053 ], [ 79.613737242269011, 17.636165084280709 ], [ 79.616400831594632, 17.621872005556032 ], [ 79.6536910821535, 17.628147015727841 ], [ 79.661301337369594, 17.649412327976751 ], [ 79.682610051974663, 17.654641503119926 ], [ 79.691361845473182, 17.686713777331395 ], [ 79.714192611121462, 17.683924883921705 ], [ 79.721422353576756, 17.701006856056075 ], [ 79.767844910394942, 17.686713777331395 ], [ 79.791056188804021, 17.708676312932731 ], [ 79.824541311754842, 17.695080457560476 ], [ 79.821497209668408, 17.713556876399693 ], [ 79.863734126117734, 17.719483274895289 ], [ 79.869061304769005, 17.742491645525259 ], [ 79.893414121460509, 17.730290236857851 ], [ 79.903687966002238, 17.761665287716898 ], [ 79.883520789679579, 17.779444483203694 ], [ 79.875530021702687, 17.80837925232926 ], [ 79.910537195696719, 17.813608427472435 ], [ 79.915483861587191, 17.798966737071545 ], [ 79.938695139996284, 17.840800138216942 ], [ 79.947066420733989, 17.835570963073767 ], [ 79.952774112146059, 17.860671003761006 ], [ 79.97522436503354, 17.861368227113431 ], [ 79.994250003073773, 17.889605772886572 ], [ 79.994250003073773, 17.917146095307292 ], [ 79.97674641607675, 17.952355874604667 ], [ 79.985878722336068, 17.953750321309514 ], [ 79.993869490312974, 18.000812897598085 ], [ 79.979410005402386, 18.020335151465936 ], [ 79.981312569206409, 18.060774105906489 ], [ 79.991966926508951, 18.107488070518848 ], [ 80.016319743200455, 18.115157527395503 ], [ 80.027354613263782, 18.116203362424141 ], [ 80.028496151546207, 18.116203362424141 ], [ 80.044477687500006, 18.101910283699461 ], [ 80.079484861494038, 18.070535232840413 ], [ 80.144933056352457, 18.09493805017523 ], [ 80.149499209482116, 18.083782476536456 ], [ 80.219894070231007, 18.0461324155056 ], [ 80.209239712928465, 18.023821268228055 ], [ 80.220274582991806, 18.006739296093684 ], [ 80.215327917101348, 17.994886499102488 ], [ 80.240061246553651, 17.992097605692795 ], [ 80.270121754657225, 17.947126699461492 ], [ 80.270502267418038, 17.943291971023164 ], [ 80.267458165331604, 17.928650280622275 ], [ 80.276970984351721, 17.881239092657491 ], [ 80.247671501769744, 17.824415389434996 ], [ 80.259467397354697, 17.750161102401915 ], [ 80.248432527291357, 17.738308305410719 ], [ 80.236636631706418, 17.655338726472348 ], [ 80.221035608513418, 17.660916513291735 ], [ 80.206956636363643, 17.652898444738867 ], [ 80.209620225689278, 17.613853937003164 ], [ 80.22331868507824, 17.606184480126508 ], [ 80.202009970473185, 17.558076068809299 ], [ 80.228265350968712, 17.53053574638858 ], [ 80.227884838207899, 17.50473848234892 ], [ 80.216469455383759, 17.475455101547141 ], [ 80.203912534277208, 17.474409266518506 ], [ 80.200107406669161, 17.486959286862124 ], [ 80.195921766300302, 17.476152324899566 ], [ 80.203151508755596, 17.441988380630825 ], [ 80.170046898565573, 17.438502263868706 ], [ 80.16091459230627, 17.376797997179246 ], [ 80.143791518070046, 17.393879969313616 ], [ 80.120580239660953, 17.382724395674845 ], [ 80.108403831315201, 17.358670190016241 ], [ 80.08595357842772, 17.367036870245322 ], [ 80.074157682842781, 17.351000733139585 ], [ 80.052468455476898, 17.346468781348833 ], [ 79.99234743926975, 17.364247976835628 ], [ 79.991586413748138, 17.399457756133003 ], [ 79.969897186382269, 17.406429989657237 ], [ 79.936792576192261, 17.395274416018463 ], [ 79.930704372019378, 17.366339646892897 ], [ 79.903307453241439, 17.375752162150611 ], [ 79.895697198025346, 17.356578519958973 ], [ 79.878954636549935, 17.353441014873066 ], [ 79.875530021702687, 17.3304326442431 ], [ 79.831390541449338, 17.336010431062483 ], [ 79.804374135432198, 17.325203469099925 ], [ 79.803993622671385, 17.323809022395078 ], [ 79.803613109910586, 17.325203469099925 ], [ 79.792958752608044, 17.325900692452347 ], [ 79.796002854694493, 17.354138238225488 ], [ 79.777738242175857, 17.36912854030259 ], [ 79.796763880216105, 17.393531357637407 ], [ 79.796763880216105, 17.393879969313616 ], [ 79.762137218982858, 17.407824436362084 ], [ 79.753004912723554, 17.43675920548765 ], [ 79.751863374441129, 17.439896710573553 ], [ 79.734740300204919, 17.430832806992051 ], [ 79.724846968424004, 17.432924477049323 ], [ 79.699733126210887, 17.456281459355502 ], [ 79.656354671479136, 17.470923149756391 ], [ 79.655593645957524, 17.493931520386358 ], [ 79.639231597242926, 17.486262063509702 ], [ 79.620966984724291, 17.500206530558167 ], [ 79.603463397727282, 17.49881208385332 ], [ 79.594711604228763, 17.519031561073596 ], [ 79.590525963859918, 17.528792688007524 ], [ 79.594711604228763, 17.499160695529532 ], [ 79.5657926344076, 17.497417637148473 ], [ 79.541439817716096, 17.527049629626465 ], [ 79.539537253912073, 17.523563512864349 ] ] ] } },
{ "type": "Feature", "properties": { "dt_code": "538", "district": "Mahabubnagar", "st_code": "36", "year": "2016_c", "st_nm": "Telangana" }, "geometry": { "type": "Polygon", "coordinates": [ [ [ 77.751127278129658, 16.403474197196342 ], [ 77.739331382544705, 16.466224298914437 ], [ 77.768630865126681, 16.484700717753654 ], [ 77.749605227086434, 16.566624461663391 ], [ 77.778524196907597, 16.565230014958544 ], [ 77.787656503166914, 16.574293918540047 ], [ 77.781187786233232, 16.615778708009231 ], [ 77.799071885991054, 16.616475931361656 ], [ 77.797930347708643, 16.63042039841012 ], [ 77.773577531017139, 16.654823215744937 ], [ 77.76482573751862, 16.688289936661253 ], [ 77.749224714325635, 16.693519111804427 ], [ 77.753410354694481, 16.72384832763484 ], [ 77.745419586717588, 16.739535853064364 ], [ 77.726774461438154, 16.75138865005556 ], [ 77.679590879098356, 16.756617825198735 ], [ 77.674263700447085, 16.776837302419011 ], [ 77.679590879098356, 16.794965109582016 ], [ 77.70812933615872, 16.78311231259082 ], [ 77.711173438245154, 16.792873439524747 ], [ 77.741614459109542, 16.793222051200956 ], [ 77.72943805076379, 16.811001246687752 ], [ 77.743897535674364, 16.827385995469697 ], [ 77.727535486959766, 16.850394366099668 ], [ 77.746180612239186, 16.910704186084281 ], [ 77.740472920827116, 16.938244508505001 ], [ 77.730199076285388, 16.943822295324388 ], [ 77.750366252608046, 16.95288619890589 ], [ 77.760259584388976, 17.002389056927942 ], [ 77.825327266486582, 16.987050143174631 ], [ 77.843972391766016, 16.991930706641593 ], [ 77.837884187593147, 16.972408452773742 ], [ 77.847777519374063, 16.951491752201044 ], [ 77.863378542567062, 16.951491752201044 ], [ 77.871749823304768, 16.968225112659201 ], [ 77.884306744411319, 16.958812597401486 ], [ 77.869466746739931, 16.927437546542439 ], [ 77.914747765275706, 16.92116253637063 ], [ 77.929968275707893, 16.953234810582103 ], [ 77.952799041356187, 16.949748693819984 ], [ 77.971063653874808, 16.971014006068895 ], [ 77.986284164307008, 16.961252879134967 ], [ 77.993133394001489, 16.964390384220874 ], [ 77.995796983327125, 16.965436219249508 ], [ 77.996558008848737, 16.96578483092572 ], [ 77.999221598174358, 16.977289016240704 ], [ 77.999602110935172, 16.979729297974185 ], [ 78.010636980998513, 16.978334851269338 ], [ 78.010256468237699, 16.983564026412516 ], [ 78.0098759554769, 17.000994610223096 ], [ 78.0254769786699, 17.010058513804598 ], [ 78.068474920640838, 17.005526562013848 ], [ 78.09206671181073, 16.983215414736303 ], [ 78.099296454266025, 16.983215414736303 ], [ 78.102340556352459, 16.983215414736303 ], [ 78.119844143349482, 16.982866803060091 ], [ 78.127073885804762, 16.990187648260534 ], [ 78.13620619206408, 16.999600163518249 ], [ 78.149524138692243, 17.012847407214291 ], [ 78.17425746814456, 17.008315455423542 ], [ 78.186053363729513, 16.988444589879478 ], [ 78.181106697839041, 16.973454287802376 ], [ 78.219538486680321, 16.938941731857422 ], [ 78.233236946069297, 16.940336178562269 ], [ 78.240466688524592, 16.963344549192239 ], [ 78.269385658345755, 16.964738995897086 ], [ 78.275473862518623, 16.924300041456537 ], [ 78.275473862518623, 16.923254206427899 ], [ 78.301729243014151, 16.919070866313362 ], [ 78.299446166449329, 16.878980523549021 ], [ 78.31618872792474, 16.874448571758272 ], [ 78.328365136270492, 16.851440201128302 ], [ 78.323037957619221, 16.824945713736216 ], [ 78.333311802160949, 16.797754002991709 ], [ 78.348912825353949, 16.779626195828705 ], [ 78.346249236028314, 16.773002573980683 ], [ 78.370221539959019, 16.750691426703138 ], [ 78.350434876397173, 16.708509413881529 ], [ 78.349673850875561, 16.682014926489444 ], [ 78.298304628166917, 16.690032995042312 ], [ 78.235139509873321, 16.741976134797845 ], [ 78.223724127049181, 16.741278911445423 ], [ 78.198229772075265, 16.701188568681083 ], [ 78.182628748882266, 16.703628850414567 ], [ 78.183009261643065, 16.730820561159074 ], [ 78.163603110842033, 16.729077502778015 ], [ 78.16284208532042, 16.728728891101802 ], [ 78.14039183243294, 16.674694081289001 ], [ 78.150665676974668, 16.647850982220703 ], [ 78.130117987891211, 16.625888446619371 ], [ 78.121366194392692, 16.592770337379264 ], [ 78.076846201378544, 16.608806474485 ], [ 78.061245178185544, 16.623448164885886 ], [ 78.041078001862886, 16.620310659799983 ], [ 78.006070827868854, 16.608806474485 ], [ 78.000363136456784, 16.594513395760323 ], [ 77.98894775363263, 16.592421725703051 ], [ 78.00416826406483, 16.568018908368238 ], [ 77.998080059891947, 16.554423052995983 ], [ 78.019388774497017, 16.530020235661169 ], [ 77.998080059891947, 16.531066070689803 ], [ 77.982098523938149, 16.50247991324045 ], [ 77.941383658532047, 16.500388243183178 ], [ 77.91626981631893, 16.442518704932045 ], [ 77.896102639996272, 16.451233996837338 ], [ 77.863759055327861, 16.446702045046585 ], [ 77.867944695696721, 16.426482567826309 ], [ 77.823424702682559, 16.40730892563467 ], [ 77.793364194578984, 16.421950616035559 ], [ 77.754171380216093, 16.421253392683134 ], [ 77.761781635432186, 16.394061681938627 ], [ 77.749224714325635, 16.387786671766818 ], [ 77.751127278129658, 16.403474197196342 ] ] ] } },
{ "type": "Feature", "properties": { "dt_code": "735", "district": "Mancherial", "st_code": "36", "year": "2016_c", "st_nm": "Telangana" }, "geometry": { "type": "Polygon", "coordinates": [ [ [ 79.301716778409087, 18.81656421993333 ], [ 79.2868767807377, 18.822142006752713 ], [ 79.281549602086443, 18.822839230105139 ], [ 79.2785055, 18.82527951183862 ], [ 79.271275757544714, 18.828068405248313 ], [ 79.237410121833079, 18.857700397726301 ], [ 79.182235771516389, 18.868507359688863 ], [ 79.112982449049923, 18.939624141636038 ], [ 79.085585530271985, 19.023290943926831 ], [ 79.065798866710139, 19.049436819642708 ], [ 79.022420411978388, 19.075234083682368 ], [ 79.019756822652752, 19.07558269535858 ], [ 78.947459398099852, 19.072793801948887 ], [ 78.947459398099852, 19.072793801948887 ], [ 78.930716836624441, 19.118461931532611 ], [ 78.913593762388231, 19.116370261475339 ], [ 78.921204017604325, 19.106260522865202 ], [ 78.902939405085689, 19.093710502521585 ], [ 78.88010863943741, 19.113232756389436 ], [ 78.888099407414302, 19.131360563552441 ], [ 78.877445050111774, 19.160295332678007 ], [ 78.921204017604325, 19.183652314984187 ], [ 78.917779402757077, 19.201431510470982 ], [ 78.952786576751123, 19.248842698435766 ], [ 78.953167089511922, 19.248842698435766 ], [ 78.954689140555146, 19.248145475083341 ], [ 78.971431702030557, 19.232109337977604 ], [ 78.991598878353201, 19.234201008034876 ], [ 78.998448108047697, 19.220256540986412 ], [ 79.00605836326379, 19.218862094281562 ], [ 79.057808098733233, 19.208752355671425 ], [ 79.069984507078985, 19.187138431746305 ], [ 79.104611168312218, 19.169707847935722 ], [ 79.150653212369605, 19.092664667492951 ], [ 79.195553718144566, 19.082554928882811 ], [ 79.225994739008939, 19.033052070860759 ], [ 79.244259351527575, 19.029914565774853 ], [ 79.267090117175854, 19.03374929421318 ], [ 79.276983448956784, 19.116718873151552 ], [ 79.316176263319676, 19.092316055816738 ], [ 79.326450107861405, 19.145305030600909 ], [ 79.317317801602087, 19.163432837763914 ], [ 79.348139335227273, 19.177377304812378 ], [ 79.350802924552909, 19.210495414052485 ], [ 79.339387541728769, 19.210844025728697 ], [ 79.340148567250381, 19.221302376015046 ], [ 79.407879838673622, 19.20108289879477 ], [ 79.462293163468701, 19.171799517992991 ], [ 79.4778941866617, 19.183652314984187 ], [ 79.470664444206406, 19.187487043422514 ], [ 79.480557775987336, 19.201431510470982 ], [ 79.547908534649778, 19.202128733823404 ], [ 79.523936230719073, 19.251282980169247 ], [ 79.530785460413568, 19.257209378664843 ], [ 79.504530079918041, 19.268364952303617 ], [ 79.515945462742181, 19.292070546286009 ], [ 79.515945462742181, 19.292070546286009 ], [ 79.517087001024592, 19.285446924437988 ], [ 79.562748532321166, 19.282658031028294 ], [ 79.549811098453802, 19.264181612189077 ], [ 79.558562891952306, 19.258952437045902 ], [ 79.61411775502981, 19.276383020856485 ], [ 79.622869548528314, 19.255466320283787 ], [ 79.661681850130407, 19.259998272074537 ], [ 79.654832620435926, 19.240824629882898 ], [ 79.662442875652019, 19.21816487092914 ], [ 79.67918543712743, 19.225485716129583 ], [ 79.676141335040981, 19.198991228737501 ], [ 79.709626457991803, 19.207357908966578 ], [ 79.733979274683307, 19.186092596717671 ], [ 79.756049014809989, 19.181909256603131 ], [ 79.772411063524586, 19.189927325155999 ], [ 79.787251061195974, 19.184000926660399 ], [ 79.783445933587927, 19.162038391059067 ], [ 79.799046956780927, 19.151580040772718 ], [ 79.854221307097617, 19.172845353021629 ], [ 79.923855142324896, 19.165175896144969 ], [ 79.931084884780176, 19.155414769211045 ], [ 79.873627457898664, 19.124039718351998 ], [ 79.858406947466477, 19.095802172578853 ], [ 79.87172489409464, 19.040721527737414 ], [ 79.922333091281672, 19.049785431318917 ], [ 79.937934114474672, 19.041070139413627 ], [ 79.961145392883765, 18.864672631250535 ], [ 79.913961810543967, 18.826325346867254 ], [ 79.913961810543967, 18.825976735191041 ], [ 79.88732591728764, 18.826325346867254 ], [ 79.872866432377052, 18.832948968715275 ], [ 79.868300279247393, 18.835389250448756 ], [ 79.866778228204183, 18.836086473801181 ], [ 79.851938230532795, 18.86536985460296 ], [ 79.845850026359912, 18.86815874801265 ], [ 79.835576181818183, 18.867461524660229 ], [ 79.832532079731749, 18.863975407898113 ], [ 79.824921824515656, 18.828068405248313 ], [ 79.846611051881524, 18.794253072655785 ], [ 79.846991564642323, 18.793904460979572 ], [ 79.817692082060361, 18.757997458329772 ], [ 79.824160798994043, 18.724530737413456 ], [ 79.824541311754842, 18.724182125737244 ], [ 79.820355671385997, 18.719998785622703 ], [ 79.807037724757834, 18.705008483545605 ], [ 79.809320801322656, 18.702916813488333 ], [ 79.802471571628175, 18.701522366783486 ], [ 79.797524905737703, 18.696293191640311 ], [ 79.679565949888229, 18.672936209334132 ], [ 79.632762880309244, 18.729759912556631 ], [ 79.532688024217592, 18.785886392426704 ], [ 79.500344439549181, 18.790069732541244 ], [ 79.480557775987336, 18.817610054961964 ], [ 79.430330091561103, 18.847590659116165 ], [ 79.408260351434421, 18.853517057611761 ], [ 79.384668560264529, 18.854214280964186 ], [ 79.377438817809235, 18.852122610906918 ], [ 79.364881896702684, 18.838875367210875 ], [ 79.345856258662451, 18.818655889990598 ], [ 79.343953694858428, 18.81656421993333 ], [ 79.330255235469451, 18.817958666638177 ], [ 79.301716778409087, 18.81656421993333 ] ] ] } },
{ "type": "Feature", "properties": { "dt_code": "535", "district": "Medak", "st_code": "36", "year": "2016_c", "st_nm": "Telangana" }, "geometry": { "type": "Polygon", "coordinates": [ [ [ 77.898385716561094, 18.091800545089324 ], [ 77.899907767604319, 18.092149156765537 ], [ 77.929968275707893, 18.098424166937345 ], [ 77.934914941598365, 18.105047788785367 ], [ 77.975629807004466, 18.114808915719294 ], [ 77.995035957805513, 18.106790847166426 ], [ 78.000743649217583, 18.081342194802975 ], [ 78.004548776825629, 18.087617204974784 ], [ 78.014442108606559, 18.075764407983588 ], [ 78.012159032041723, 18.090057486708268 ], [ 78.029282106277947, 18.083782476536456 ], [ 78.034609284929203, 18.064260222668604 ], [ 78.045263642231745, 18.068094951106932 ], [ 78.044122103949334, 18.079599136421919 ], [ 78.071519022727273, 18.059728270877855 ], [ 78.074182612052908, 18.072278291221473 ], [ 78.093969275614754, 18.068443562783145 ], [ 78.106526196721305, 18.093543603470383 ], [ 78.116800041263033, 18.072626902897685 ], [ 78.143055421758561, 18.068443562783145 ], [ 78.154090291821902, 18.085874146593728 ], [ 78.179584646795831, 18.097378331908711 ], [ 78.168930289493289, 18.167449278827252 ], [ 78.180726185078242, 18.204402116505683 ], [ 78.20698156557377, 18.216952136849304 ], [ 78.207362078334569, 18.216952136849304 ], [ 78.217255410115499, 18.200915999743568 ], [ 78.216494384593886, 18.17546734738012 ], [ 78.227529254657227, 18.17546734738012 ], [ 78.256828737239189, 18.13956034473032 ], [ 78.27775693908346, 18.143046461492435 ], [ 78.313905651359903, 18.178953464142236 ], [ 78.312764113077492, 18.202310446448415 ], [ 78.357664618852453, 18.171981230618002 ], [ 78.363372310264523, 18.146881189930763 ], [ 78.374407180327864, 18.144789519873495 ], [ 78.384681024869593, 18.123524207624584 ], [ 78.412077943647546, 18.13084505282503 ], [ 78.433006145491802, 18.162917327036499 ], [ 78.445563066598353, 18.145138131549707 ], [ 78.441757938990307, 18.130147829472605 ], [ 78.458119987704919, 18.12073531421489 ], [ 78.479809215070787, 18.125964489358065 ], [ 78.49160511065574, 18.132588111206086 ], [ 78.483614342678834, 18.14827563663561 ], [ 78.502259467958268, 18.17546734738012 ], [ 78.515957927347245, 18.166403443798615 ], [ 78.52585125912816, 18.183485415932985 ], [ 78.531178437779431, 18.184879862637832 ], [ 78.54563792269002, 18.183136804256776 ], [ 78.566946637295075, 18.180347910847082 ], [ 78.568849201099113, 18.17999929917087 ], [ 78.5680881755775, 18.183136804256776 ], [ 78.568849201099113, 18.184879862637832 ], [ 78.573415354228757, 18.180696522523291 ], [ 78.581025609444865, 18.163265938712712 ], [ 78.566566124534276, 18.162220103684078 ], [ 78.546018435450819, 18.118295032481409 ], [ 78.545257409929206, 18.117249197452775 ], [ 78.54563792269002, 18.116900585776563 ], [ 78.579123045640841, 18.106790847166426 ], [ 78.569990739381524, 18.066003281049664 ], [ 78.589777402943369, 18.055544930763315 ], [ 78.582167147727276, 18.032536560133344 ], [ 78.559336382078982, 18.0461324155056 ], [ 78.531558950540244, 17.95096142789982 ], [ 78.541832795081973, 17.941200300965896 ], [ 78.529656386736221, 17.924815552183947 ], [ 78.546018435450819, 17.915054425250023 ], [ 78.52432920808495, 17.896578006410806 ], [ 78.560858433122206, 17.870432130694933 ], [ 78.539169205756338, 17.860322392084793 ], [ 78.540310744038749, 17.836965409778614 ], [ 78.52014356771609, 17.806636193948201 ], [ 78.511011261456787, 17.755390277545089 ], [ 78.526612284649772, 17.75085832575434 ], [ 78.525470746367361, 17.728547178476795 ], [ 78.506064595566315, 17.719483274895289 ], [ 78.499976391393446, 17.690548505769726 ], [ 78.499215365871834, 17.685667942302761 ], [ 78.494268699981376, 17.694731845884263 ], [ 78.471437934333082, 17.690199894093514 ], [ 78.450129219728012, 17.707630477904097 ], [ 78.44784614316319, 17.704492972818191 ], [ 78.450129219728012, 17.711116594666212 ], [ 78.440235887947097, 17.726804120095736 ], [ 78.416263584016392, 17.732730518591332 ], [ 78.38848615247764, 17.699612409351229 ], [ 78.38696410143443, 17.699961021027438 ], [ 78.383539486587182, 17.70205269108471 ], [ 78.366035899590159, 17.725061061714676 ], [ 78.360708720938902, 17.739702752115566 ], [ 78.354620516766019, 17.740051363791778 ], [ 78.335594878725786, 17.741794422172838 ], [ 78.318091291728763, 17.743537480553893 ], [ 78.318091291728763, 17.740051363791778 ], [ 78.318471804489562, 17.73203329523891 ], [ 78.319993855532786, 17.680090155483374 ], [ 78.231714895026073, 17.69159434079836 ], [ 78.231714895026073, 17.692291564150782 ], [ 78.238183611959755, 17.705190196170612 ], [ 78.226387716374816, 17.714602711428327 ], [ 78.235139509873321, 17.735170800324816 ], [ 78.2012738741617, 17.735868023677238 ], [ 78.204317976248134, 17.765151404479017 ], [ 78.196327208271242, 17.76375695777417 ], [ 78.19556618274963, 17.773169473031885 ], [ 78.203937463487335, 17.802801465509873 ], [ 78.173496442622948, 17.788508386785196 ], [ 78.163222598081219, 17.797572290366698 ], [ 78.166266700167654, 17.813957039148647 ], [ 78.187575414772724, 17.830690399606805 ], [ 78.149143625931444, 17.805938970595779 ], [ 78.148382600409832, 17.836268186426192 ], [ 78.11489747745901, 17.803847300538507 ], [ 78.10766773500373, 17.80837925232926 ], [ 78.100057479787623, 17.815351485853494 ], [ 78.094730301136366, 17.859973780408584 ], [ 78.094349788375553, 17.860322392084793 ], [ 78.073421586531296, 17.869037683990086 ], [ 78.079129277943366, 17.905293298316096 ], [ 78.068094407880025, 17.922375270450466 ], [ 78.065811331315203, 17.921678047098045 ], [ 78.046405180514157, 17.914008590221385 ], [ 78.047546718796568, 17.892743277972478 ], [ 78.034609284929203, 17.878450199247801 ], [ 78.016344672410582, 17.889257161210359 ], [ 77.974107755961256, 17.882284927686129 ], [ 77.974107755961256, 17.890651607915206 ], [ 77.936817505402388, 17.889605772886572 ], [ 77.931490326751117, 17.900412734849134 ], [ 77.940622633010435, 17.918889153688351 ], [ 77.928826737425481, 17.931787785708181 ], [ 77.914747765275706, 17.924118328831526 ], [ 77.881262642324884, 17.934228067441662 ], [ 77.879740591281674, 17.947823922813917 ], [ 77.860334440480628, 17.934576679117875 ], [ 77.845113930048427, 17.902155793230193 ], [ 77.822283164400147, 17.903201628258827 ], [ 77.821141626117736, 17.927255833917428 ], [ 77.820000087835325, 17.926907222241219 ], [ 77.794886245622209, 17.924466940507735 ], [ 77.808965217771984, 17.958979496452688 ], [ 77.821522138878535, 17.957933661424054 ], [ 77.821902651639348, 17.958282273100266 ], [ 77.825327266486582, 17.98686843054962 ], [ 77.865661619131885, 18.022775433199421 ], [ 77.85120213422131, 18.072975514573898 ], [ 77.888111872019365, 18.070535232840413 ], [ 77.898385716561094, 18.091800545089324 ] ] ] } },
{ "type": "Feature", "properties": { "dt_code": "742", "district": "Medchal Malkajgiri", "st_code": "36", "year": "2016_c", "st_nm": "Telangana" }, "geometry": { "type": "Polygon", "coordinates": [ [ [ 78.528514848453796, 17.374009103769552 ], [ 78.527753822932198, 17.374009103769552 ], [ 78.523187669802539, 17.398411921104369 ], [ 78.522426644280927, 17.402246649542697 ], [ 78.522426644280927, 17.402595261218909 ], [ 78.534222539865866, 17.40503554295239 ], [ 78.526231771888973, 17.422117515086761 ], [ 78.549062537537253, 17.437456428840072 ], [ 78.517860491151268, 17.440593933925978 ], [ 78.522426644280927, 17.482427335071375 ], [ 78.500356904154245, 17.483124558423796 ], [ 78.504923057283904, 17.46848286802291 ], [ 78.485516906482857, 17.456281459355502 ], [ 78.476004087462741, 17.463602304555945 ], [ 78.477145625745152, 17.480684276690315 ], [ 78.475623574701942, 17.479987053337894 ], [ 78.461925115312965, 17.457327294384136 ], [ 78.455836911140082, 17.447217555773999 ], [ 78.453934347336059, 17.444777274040518 ], [ 78.421590762667662, 17.446520332421574 ], [ 78.40941435432191, 17.441988380630825 ], [ 78.406750764996275, 17.438502263868706 ], [ 78.398759997019368, 17.447914779126421 ], [ 78.373265642045453, 17.477895383280622 ], [ 78.382017435543958, 17.50892182246346 ], [ 78.37136307824143, 17.519031561073596 ], [ 78.347771287071538, 17.522517677835712 ], [ 78.347771287071538, 17.523912124540558 ], [ 78.3614697464605, 17.549709388580222 ], [ 78.355001029526818, 17.561910797247627 ], [ 78.3770707696535, 17.563305243952474 ], [ 78.3770707696535, 17.563305243952474 ], [ 78.380114871739934, 17.570974700829133 ], [ 78.38848615247764, 17.595028906487734 ], [ 78.390008203520864, 17.598863634926062 ], [ 78.37136307824143, 17.614899772031798 ], [ 78.390769229042476, 17.621523393879819 ], [ 78.38125641002236, 17.642440094452517 ], [ 78.395335382172135, 17.675906815368837 ], [ 78.421210249906849, 17.671723475254296 ], [ 78.445563066598353, 17.698217962646382 ], [ 78.44784614316319, 17.704492972818191 ], [ 78.450129219728012, 17.707630477904097 ], [ 78.471437934333082, 17.690199894093514 ], [ 78.494268699981376, 17.694731845884263 ], [ 78.499215365871834, 17.685667942302761 ], [ 78.50872818489195, 17.683576272245492 ], [ 78.519002029433679, 17.70205269108471 ], [ 78.561619458643818, 17.683924883921705 ], [ 78.592821505029804, 17.696823515941535 ], [ 78.616793808960509, 17.672072086930509 ], [ 78.633916883196719, 17.668934581844603 ], [ 78.669304569951564, 17.698217962646382 ], [ 78.718010203334572, 17.673815145311565 ], [ 78.723717894746642, 17.668237358492178 ], [ 78.711160973640091, 17.639999812719036 ], [ 78.685286105905362, 17.621872005556032 ], [ 78.702028667380773, 17.611413655269683 ], [ 78.686427644187773, 17.595028906487734 ], [ 78.691374310078245, 17.584570556201385 ], [ 78.676534312406858, 17.575855264296095 ], [ 78.705453282228021, 17.55772745713309 ], [ 78.694798924925479, 17.551452446961278 ], [ 78.712302511922502, 17.520774619454656 ], [ 78.709258409836067, 17.476152324899566 ], [ 78.716868665052161, 17.468134256346698 ], [ 78.751495326285394, 17.4712717614326 ], [ 78.760627632544711, 17.460464799470042 ], [ 78.751114813524595, 17.438153652192497 ], [ 78.7594860942623, 17.426998078553723 ], [ 78.754919941132641, 17.404686931276178 ], [ 78.740079943461254, 17.39666886272331 ], [ 78.738938405178843, 17.395971639370888 ], [ 78.737416354135618, 17.386210512436961 ], [ 78.737416354135618, 17.386210512436961 ], [ 78.709638922596866, 17.39666886272331 ], [ 78.687569182470199, 17.40503554295239 ], [ 78.687188669709386, 17.404686931276178 ], [ 78.662074827496269, 17.378192443884092 ], [ 78.579123045640841, 17.389696629199076 ], [ 78.572273815946346, 17.37784383220788 ], [ 78.581406122205664, 17.363899365159416 ], [ 78.55705330551416, 17.361110471749722 ], [ 78.549823563058865, 17.372614657064705 ], [ 78.528514848453796, 17.374009103769552 ] ] ] } },
{ "type": "Feature", "properties": { "dt_code": "746", "district": "Nagarkurnool", "st_code": "36", "year": "2016_c", "st_nm": "Telangana" }, "geometry": { "type": "Polygon", "coordinates": [ [ [ 78.348912825353949, 16.779626195828705 ], [ 78.355001029526818, 16.796359556286863 ], [ 78.389247177999252, 16.783809535943242 ], [ 78.397998971497771, 16.798799838020344 ], [ 78.413219481929957, 16.798102614667922 ], [ 78.434528196535027, 16.778231749123858 ], [ 78.4649692173994, 16.774048409009318 ], [ 78.482853317157222, 16.821110985297889 ], [ 78.537647154713113, 16.821459596974101 ], [ 78.616032783438897, 16.794267886229594 ], [ 78.616032783438897, 16.783809535943242 ], [ 78.633155857675106, 16.776488690742799 ], [ 78.666260467865129, 16.803331789811097 ], [ 78.666640980625928, 16.832266558936663 ], [ 78.671968159277199, 16.82773460714591 ], [ 78.67310969755961, 16.823899878707582 ], [ 78.68300302934054, 16.788690099410207 ], [ 78.652562008476153, 16.767076175485084 ], [ 78.696320975968703, 16.765681728780237 ], [ 78.696320975968703, 16.759755330284641 ], [ 78.728664560637114, 16.754526155141466 ], [ 78.738557892418029, 16.75731504855116 ], [ 78.754539428371828, 16.75138865005556 ], [ 78.754539428371828, 16.750342815026926 ], [ 78.757203017697464, 16.740930299769211 ], [ 78.755680966654253, 16.706069132148048 ], [ 78.740840968982866, 16.70676635550047 ], [ 78.71001943535768, 16.678180198051116 ], [ 78.713444050204913, 16.650639875630397 ], [ 78.66740200614754, 16.651685710659031 ], [ 78.679958927254091, 16.624145388238311 ], [ 78.698604052533526, 16.618916213095137 ], [ 78.716107639530549, 16.581963375416702 ], [ 78.662074827496269, 16.546404984443114 ], [ 78.672348672037998, 16.529323012308744 ], [ 78.724478920268254, 16.539432750918881 ], [ 78.76519378567437, 16.533506352423284 ], [ 78.800581472429215, 16.513984098555433 ], [ 78.855755822745905, 16.550936936233867 ], [ 78.869834794895681, 16.543616091033421 ], [ 78.909788634780185, 16.550936936233867 ], [ 78.939468630122946, 16.510497981793314 ], [ 79.046392715909093, 16.458554842037781 ], [ 79.091673734444853, 16.421602004359347 ], [ 79.151794750652016, 16.399639468758014 ], [ 79.153697314456039, 16.382557496623644 ], [ 79.15483885273845, 16.38151166159501 ], [ 79.157121929303287, 16.37976860321395 ], [ 79.17196192697466, 16.367915806222754 ], [ 79.182616284277202, 16.364778301136848 ], [ 79.195553718144566, 16.36094357269852 ], [ 79.210774228576753, 16.356063009231558 ], [ 79.210774228576753, 16.356411620907771 ], [ 79.233985506985846, 16.335843532011282 ], [ 79.219526022075257, 16.231957252500212 ], [ 79.158643980346497, 16.209297493546458 ], [ 79.119831678744418, 16.231957252500212 ], [ 79.101567066225783, 16.22289334891871 ], [ 79.009482978111023, 16.240323932729293 ], [ 78.985891186941132, 16.210691940251305 ], [ 78.960396831967216, 16.208948881870246 ], [ 78.904841968889713, 16.182803006154373 ], [ 78.924248119690759, 16.135740429865802 ], [ 78.920442992082712, 16.10192509727327 ], [ 78.889240945696727, 16.084843125138899 ], [ 78.872878896982115, 16.143409886742457 ], [ 78.834827620901635, 16.145152945123513 ], [ 78.837110697466471, 16.070550046414223 ], [ 78.790688140648285, 16.023487470125652 ], [ 78.740840968982866, 16.008845779724762 ], [ 78.681100465536517, 16.034991655440635 ], [ 78.65027893191133, 16.078916726643303 ], [ 78.620979449329354, 16.087980630224806 ], [ 78.601573298528322, 16.083797290110265 ], [ 78.551726126862889, 16.04266111231729 ], [ 78.47486254918033, 16.068458376356954 ], [ 78.407892303278686, 16.074733386528763 ], [ 78.365274874068547, 16.046844452431831 ], [ 78.326462572466468, 16.036734713821694 ], [ 78.31618872792474, 16.013029119839302 ], [ 78.263677966933685, 16.026973586887767 ], [ 78.25644822447839, 16.008497168048549 ], [ 78.229431818461251, 16.001176322848107 ], [ 78.213069769746639, 16.010588838105821 ], [ 78.218016435637111, 16.02976248029746 ], [ 78.18985849133756, 16.041963888964869 ], [ 78.202415412444111, 16.054165297632277 ], [ 78.176160031948584, 16.067761153004529 ], [ 78.178443108513406, 16.08449451346269 ], [ 78.192522080663181, 16.08031117334815 ], [ 78.215733359072274, 16.09495286374904 ], [ 78.206220540052158, 16.107154272416444 ], [ 78.227148741896428, 16.174784937601505 ], [ 78.209264642138592, 16.180014112744679 ], [ 78.211167205942616, 16.200930813317377 ], [ 78.196707721032041, 16.208600270194033 ], [ 78.198990797596863, 16.259846186597144 ], [ 78.164364136363631, 16.267167031797591 ], [ 78.16284208532042, 16.296101800923157 ], [ 78.18985849133756, 16.321899064962818 ], [ 78.213450282507452, 16.321550453286605 ], [ 78.221060537723545, 16.303771257799813 ], [ 78.254165147913568, 16.288083732370289 ], [ 78.263677966933685, 16.332706026925379 ], [ 78.292977449515647, 16.326082405077358 ], [ 78.314286164120716, 16.37976860321395 ], [ 78.246935405458274, 16.415675605863751 ], [ 78.2012738741617, 16.409400595691938 ], [ 78.200893361400887, 16.447050656722798 ], [ 78.148002087649033, 16.4561145603043 ], [ 78.100057479787623, 16.487140999487135 ], [ 78.122507732675103, 16.552331382938714 ], [ 78.116039015741435, 16.5728994718352 ], [ 78.121366194392692, 16.592770337379264 ], [ 78.130117987891211, 16.625888446619371 ], [ 78.150665676974668, 16.647850982220703 ], [ 78.14039183243294, 16.674694081289001 ], [ 78.16284208532042, 16.728728891101802 ], [ 78.163603110842033, 16.729077502778015 ], [ 78.183009261643065, 16.730820561159074 ], [ 78.182628748882266, 16.703628850414567 ], [ 78.198229772075265, 16.701188568681083 ], [ 78.223724127049181, 16.741278911445423 ], [ 78.235139509873321, 16.741976134797845 ], [ 78.298304628166917, 16.690032995042312 ], [ 78.349673850875561, 16.682014926489444 ], [ 78.350434876397173, 16.708509413881529 ], [ 78.370221539959019, 16.750691426703138 ], [ 78.346249236028314, 16.773002573980683 ], [ 78.348912825353949, 16.779626195828705 ] ] ] } },
{ "type": "Feature", "properties": { "dt_code": "539", "district": "Nalgonda", "st_code": "36", "year": "2016_c", "st_nm": "Telangana" }, "geometry": { "type": "Polygon", "coordinates": [ [ [ 79.374014202962002, 17.343679887939139 ], [ 79.447833678558126, 17.346468781348833 ], [ 79.450497267883762, 17.345074334643986 ], [ 79.474089059053654, 17.331478479271734 ], [ 79.474850084575266, 17.330781255919309 ], [ 79.474850084575266, 17.3304326442431 ], [ 79.497300337462747, 17.262453367381827 ], [ 79.493875722615499, 17.233518598256261 ], [ 79.519750590350228, 17.233169986580052 ], [ 79.525458281762297, 17.186107410291477 ], [ 79.592048014903128, 17.083615577485254 ], [ 79.615639806073034, 16.984261249764938 ], [ 79.616781344355445, 16.923602818104111 ], [ 79.668150567064089, 16.841330462518165 ], [ 79.668150567064089, 16.733260842892555 ], [ 79.699733126210887, 16.718619152491666 ], [ 79.635045956874066, 16.661098225916746 ], [ 79.598897244597623, 16.673299634584154 ], [ 79.542200843237708, 16.632163456791179 ], [ 79.503769054396429, 16.635998185229507 ], [ 79.483221365312971, 16.623099553209677 ], [ 79.450497267883762, 16.621007883152405 ], [ 79.41853419597615, 16.580220317035643 ], [ 79.340148567250381, 16.582660598769127 ], [ 79.29106242110656, 16.561743898196426 ], [ 79.256816272634126, 16.565927238310966 ], [ 79.244639864288374, 16.531763294042225 ], [ 79.227136277291351, 16.523745225489357 ], [ 79.216862432749622, 16.499342408154543 ], [ 79.215720894467211, 16.480168765962905 ], [ 79.233224481464234, 16.459252065390203 ], [ 79.211535254098365, 16.447399268399007 ], [ 79.210774228576753, 16.356411620907771 ], [ 79.210774228576753, 16.356063009231558 ], [ 79.195553718144566, 16.36094357269852 ], [ 79.182616284277202, 16.364778301136848 ], [ 79.17196192697466, 16.367915806222754 ], [ 79.157121929303287, 16.37976860321395 ], [ 79.15483885273845, 16.38151166159501 ], [ 79.153697314456039, 16.382557496623644 ], [ 79.151794750652016, 16.399639468758014 ], [ 79.091673734444853, 16.421602004359347 ], [ 79.046392715909093, 16.458554842037781 ], [ 78.939468630122946, 16.510497981793314 ], [ 78.909788634780185, 16.550936936233867 ], [ 78.869834794895681, 16.543616091033421 ], [ 78.855755822745905, 16.550936936233867 ], [ 78.800581472429215, 16.513984098555433 ], [ 78.76519378567437, 16.533506352423284 ], [ 78.724478920268254, 16.539432750918881 ], [ 78.672348672037998, 16.529323012308744 ], [ 78.662074827496269, 16.546404984443114 ], [ 78.716107639530549, 16.581963375416702 ], [ 78.698604052533526, 16.618916213095137 ], [ 78.679958927254091, 16.624145388238311 ], [ 78.66740200614754, 16.651685710659031 ], [ 78.713444050204913, 16.650639875630397 ], [ 78.71001943535768, 16.678180198051116 ], [ 78.740840968982866, 16.70676635550047 ], [ 78.755680966654253, 16.706069132148048 ], [ 78.757203017697464, 16.740930299769211 ], [ 78.754539428371828, 16.750342815026926 ], [ 78.780794808867356, 16.746159474912385 ], [ 78.802103523472425, 16.826340160441063 ], [ 78.775848142976898, 16.843770744251646 ], [ 78.780794808867356, 16.86817356158646 ], [ 78.772043015368851, 16.882466640311137 ], [ 78.749973275242169, 16.854577706214208 ], [ 78.730947637201936, 16.864338833148132 ], [ 78.730186611680324, 16.864338833148132 ], [ 78.729425586158712, 16.880723581930081 ], [ 78.729045073397913, 16.894319437302332 ], [ 78.729045073397913, 16.895016660654758 ], [ 78.745407122112525, 16.914887526198822 ], [ 78.695940463207904, 16.935455615095307 ], [ 78.696701488729502, 16.938593120181213 ], [ 78.697082001490315, 16.940684790238482 ], [ 78.702028667380773, 16.964738995897086 ], [ 78.706214307749633, 16.965087607573299 ], [ 78.756441992175851, 16.969619559364048 ], [ 78.75377840285023, 16.984261249764938 ], [ 78.756822504936665, 16.983564026412516 ], [ 78.789166089605061, 16.97624318121207 ], [ 78.799059421385991, 16.999600163518249 ], [ 78.816182495622201, 17.000645998546887 ], [ 78.824934289120719, 17.019471029062313 ], [ 78.77660916849851, 17.031672437729721 ], [ 78.777370194020122, 17.032369661082143 ], [ 78.777370194020122, 17.032369661082143 ], [ 78.782697372671393, 17.040387729635011 ], [ 78.788405064083463, 17.038993282930164 ], [ 78.821890187034285, 17.030277991024874 ], [ 78.834066595380037, 17.036553001196683 ], [ 78.841296337835317, 17.071414168817849 ], [ 78.84167685059613, 17.07385445055133 ], [ 78.882772228763045, 17.049103021540304 ], [ 78.89114350950075, 17.044222458073339 ], [ 78.894187611587185, 17.051543303273785 ], [ 78.902178379564077, 17.078735014018292 ], [ 78.909408122019371, 17.085707247542526 ], [ 78.913213249627418, 17.089193364304641 ], [ 78.915115813431441, 17.090587811009488 ], [ 78.928433760059619, 17.081175295751773 ], [ 78.951264525707899, 17.132072600478672 ], [ 78.97333426583458, 17.128935095392769 ], [ 78.992740416635613, 17.155429582784855 ], [ 78.957352729880782, 17.199006042311311 ], [ 78.973714778595379, 17.214693567740834 ], [ 78.986652212462744, 17.250600570390631 ], [ 78.981705546572286, 17.279535339516197 ], [ 79.103469630029807, 17.242582501837763 ], [ 79.117168089418783, 17.277792281135142 ], [ 79.155599878260062, 17.281278397897257 ], [ 79.156741416542474, 17.259664473972133 ], [ 79.178050131147543, 17.251646405419265 ], [ 79.184138335320412, 17.273260329344389 ], [ 79.205066537164683, 17.262104755705614 ], [ 79.219526022075257, 17.313699283784938 ], [ 79.248064479135621, 17.315442342165998 ], [ 79.250728068461257, 17.358670190016241 ], [ 79.260240887481373, 17.360064636721088 ], [ 79.295628574236218, 17.359716025044875 ], [ 79.328352671665428, 17.359367413368666 ], [ 79.332157799273475, 17.359367413368666 ], [ 79.374014202962002, 17.343679887939139 ] ] ] } },
{ "type": "Feature", "properties": { "dt_code": "734", "district": "Nirmal", "st_code": "36", "year": "2016_c", "st_nm": "Telangana" }, "geometry": { "type": "Polygon", "coordinates": [ [ [ 78.19556618274963, 19.314730305239767 ], [ 78.197468746553653, 19.30915251842038 ], [ 78.201654386922499, 19.30915251842038 ], [ 78.230192843982863, 19.308803906744167 ], [ 78.266722069020119, 19.284401089409354 ], [ 78.275473862518623, 19.265924670570136 ], [ 78.299446166449329, 19.259301048722115 ], [ 78.317330266207151, 19.215724589195659 ], [ 78.318091291728763, 19.215375977519447 ], [ 78.362991797503724, 19.199688452089923 ], [ 78.369460514437407, 19.18225786827934 ], [ 78.38848615247764, 19.175982858107531 ], [ 78.396857433215345, 19.176331469783744 ], [ 78.433386658252601, 19.178074528164803 ], [ 78.448607168684802, 19.178771751517225 ], [ 78.448607168684802, 19.180166198222071 ], [ 78.456597936661694, 19.226880162834433 ], [ 78.509489210413562, 19.214678754167025 ], [ 78.521665618759314, 19.250585756816822 ], [ 78.570371252142323, 19.286492759466622 ], [ 78.587874839139346, 19.287887206171469 ], [ 78.615271757917284, 19.261044107103174 ], [ 78.675012261363634, 19.316124751944614 ], [ 78.722576356464231, 19.326583102230963 ], [ 78.719912767138595, 19.296602498076759 ], [ 78.758725068740688, 19.278126079237545 ], [ 78.799820446907603, 19.2139815308146 ], [ 78.800200959668402, 19.214330142490812 ], [ 78.800961985190014, 19.214678754167025 ], [ 78.811996855253355, 19.221650987691255 ], [ 78.819607110469448, 19.246751028378494 ], [ 78.847004029247387, 19.261741330455596 ], [ 78.84890659305141, 19.26278716548423 ], [ 78.849667618573022, 19.267667728951192 ], [ 78.853853258941882, 19.278126079237545 ], [ 78.855755822745905, 19.278474690913754 ], [ 78.885435818088681, 19.272896904094367 ], [ 78.893807098826386, 19.289978876228737 ], [ 78.941751706687782, 19.252328815197881 ], [ 78.952786576751123, 19.248842698435766 ], [ 78.917779402757077, 19.201431510470982 ], [ 78.921204017604325, 19.183652314984187 ], [ 78.877445050111774, 19.160295332678007 ], [ 78.888099407414302, 19.131360563552441 ], [ 78.88010863943741, 19.113232756389436 ], [ 78.902939405085689, 19.093710502521585 ], [ 78.921204017604325, 19.106260522865202 ], [ 78.913593762388231, 19.116370261475339 ], [ 78.930716836624441, 19.118461931532611 ], [ 78.947459398099852, 19.072793801948887 ], [ 78.91397427514903, 19.030611789127278 ], [ 78.844720952682565, 19.070353520215406 ], [ 78.821129161512673, 19.049088207966495 ], [ 78.778892245063332, 19.037584022651508 ], [ 78.762149683587936, 19.011438146935635 ], [ 78.69441841216468, 19.032006235832124 ], [ 78.685286105905362, 19.026428449012737 ], [ 78.636199959761555, 18.97797142601932 ], [ 78.636199959761555, 18.97797142601932 ], [ 78.636199959761555, 18.97797142601932 ], [ 78.60651996441878, 18.985640882895975 ], [ 78.588635864660958, 19.005511748440039 ], [ 78.556672792753346, 18.977622814343107 ], [ 78.554389716188524, 18.970650580818873 ], [ 78.546779460972431, 18.945899151807847 ], [ 78.546779460972431, 18.945550540131634 ], [ 78.54563792269002, 18.945899151807847 ], [ 78.534983565387478, 18.947642210188906 ], [ 78.508347672131151, 18.972393639199932 ], [ 78.456978449422508, 18.955660278741775 ], [ 78.426156915797321, 18.976925590990685 ], [ 78.410175379843523, 19.00376869005898 ], [ 78.370982565480631, 18.996099233182324 ], [ 78.313905651359903, 18.951476938627234 ], [ 78.284986681538754, 18.942413035045732 ], [ 78.276995913561848, 18.952871385332081 ], [ 78.279659502887483, 18.988778387981881 ], [ 78.278898477365871, 18.989475611334303 ], [ 78.268624632824142, 18.996447844858537 ], [ 78.241227714046204, 19.016318710402601 ], [ 78.238944637481367, 19.015621487050176 ], [ 78.167408238450079, 18.997493679887171 ], [ 78.149524138692243, 18.96751307573297 ], [ 78.1133754264158, 18.961238065561162 ], [ 78.089783635245894, 18.940321364988463 ], [ 78.05249338468704, 18.939972753312251 ], [ 78.037653387015652, 18.877571263270365 ], [ 78.0098759554769, 18.884194885118387 ], [ 77.993894419523102, 18.879314321651425 ], [ 77.975629807004466, 18.873736534832037 ], [ 77.971063653874808, 18.872690699803403 ], [ 77.970302628353195, 18.871644864774769 ], [ 77.968400064549172, 18.870599029746131 ], [ 77.94899391374814, 18.843407319001624 ], [ 77.934914941598365, 18.845150377382684 ], [ 77.929968275707893, 18.858746232754939 ], [ 77.903332382451566, 18.866764301307803 ], [ 77.904093407973178, 18.881405991708693 ], [ 77.891536486866613, 18.881405991708693 ], [ 77.885448282693744, 18.904065750662451 ], [ 77.843211366244404, 18.908597702453203 ], [ 77.858431876676605, 18.949036656893753 ], [ 77.819239062313713, 18.945899151807847 ], [ 77.821902651639348, 18.978668649371741 ], [ 77.771674967213116, 18.979017261047954 ], [ 77.775480094821162, 19.000631184973077 ], [ 77.761781635432186, 19.033052070860759 ], [ 77.76482573751862, 19.062684063338747 ], [ 77.800213424273466, 19.051179878023763 ], [ 77.796788809426232, 19.072445190272674 ], [ 77.810106756054395, 19.104866076160356 ], [ 77.831415470659465, 19.086041045644929 ], [ 77.850441108699698, 19.08848132737841 ], [ 77.847777519374063, 19.11602164979913 ], [ 77.8340790599851, 19.134149456962135 ], [ 77.860334440480628, 19.180514809898284 ], [ 77.847777519374063, 19.189578713479786 ], [ 77.871369310543969, 19.255117708607575 ], [ 77.902951869690753, 19.256512155312421 ], [ 77.907518022820412, 19.268364952303617 ], [ 77.903332382451566, 19.278126079237545 ], [ 77.865661619131885, 19.283703866056928 ], [ 77.863378542567062, 19.304271954953414 ], [ 77.894200076192249, 19.32030809205915 ], [ 77.911703663189272, 19.316124751944614 ], [ 77.944047247857668, 19.342619239336695 ], [ 78.013681083084947, 19.294859439695703 ], [ 78.014822621367358, 19.279171914266179 ], [ 78.04260005290611, 19.270456622360886 ], [ 78.036131335972428, 19.250585756816822 ], [ 78.055537486773474, 19.23698990144457 ], [ 78.079129277943366, 19.254769096931362 ], [ 78.089022609724296, 19.239430183178051 ], [ 78.117180554023847, 19.248494086759553 ], [ 78.144577472801785, 19.229320444567914 ], [ 78.175399006426971, 19.237687124796992 ], [ 78.176540544709383, 19.278474690913754 ], [ 78.193283106184793, 19.317170586973248 ], [ 78.19556618274963, 19.314730305239767 ] ] ] } },
{ "type": "Feature", "properties": { "dt_code": "533", "district": "Nizamabad", "st_code": "36", "year": "2016_c", "st_nm": "Telangana" }, "geometry": { "type": "Polygon", "coordinates": [ [ [ 78.534983565387478, 18.947642210188906 ], [ 78.536886129191501, 18.945899151807847 ], [ 78.533461514344268, 18.943807481750579 ], [ 78.527373310171384, 18.939624141636038 ], [ 78.514055363543221, 18.892212953671255 ], [ 78.536125103669889, 18.884194885118387 ], [ 78.543354846125183, 18.859792067783573 ], [ 78.541832795081973, 18.815169773228483 ], [ 78.550965101341276, 18.813426714847424 ], [ 78.563522022447842, 18.77891415890247 ], [ 78.5528676651453, 18.742658544576461 ], [ 78.571132277663935, 18.738126592785708 ], [ 78.581786634966463, 18.722787679032397 ], [ 78.614891245156485, 18.73010852423284 ], [ 78.636960985283153, 18.72139323232755 ], [ 78.639624574608789, 18.720347397298916 ], [ 78.631633806631896, 18.677468161124885 ], [ 78.670065595473176, 18.62343335131208 ], [ 78.654084059519377, 18.59624164056757 ], [ 78.614130219634873, 18.589966630395761 ], [ 78.600051247485098, 18.573930493290025 ], [ 78.597387658159462, 18.550922122660058 ], [ 78.597387658159462, 18.550573510983845 ], [ 78.584069711531299, 18.551270734336271 ], [ 78.560097407600594, 18.552316569364905 ], [ 78.569610226620711, 18.543949889135824 ], [ 78.553628690666912, 18.530702645439781 ], [ 78.551726126862889, 18.504208158047696 ], [ 78.531939463301043, 18.471090048807589 ], [ 78.530797925018632, 18.467603932045474 ], [ 78.53003689949702, 18.465512261988206 ], [ 78.491985623416539, 18.437623327891274 ], [ 78.46915485776826, 18.445990008120354 ], [ 78.445182553837554, 18.483291457474998 ], [ 78.424634864754097, 18.474924777245921 ], [ 78.398759997019368, 18.481897010770151 ], [ 78.38277846106557, 18.45365946499701 ], [ 78.329506674552903, 18.466906708693053 ], [ 78.307436934426235, 18.454008076673219 ], [ 78.271668734910577, 18.452962241644585 ], [ 78.265200017976895, 18.452962241644585 ], [ 78.259872839325638, 18.452613629968376 ], [ 78.258731301043213, 18.456099746730491 ], [ 78.249979507544708, 18.486428962560904 ], [ 78.192141567902382, 18.508740109838449 ], [ 78.159797983233972, 18.477365058979402 ], [ 78.105765171199707, 18.491658137704079 ], [ 78.10348209463487, 18.504208158047696 ], [ 78.076085175856932, 18.514666508334045 ], [ 78.069996971684049, 18.508391498162236 ], [ 78.039555950819675, 18.517804013419951 ], [ 78.038033899776451, 18.464815038635781 ], [ 78.022052363822652, 18.436228881186427 ], [ 77.974868781482854, 18.446338619796563 ], [ 77.98171801117735, 18.459237251816397 ], [ 77.974868781482854, 18.470392825455168 ], [ 77.937578530923986, 18.491309526027866 ], [ 77.889253410301791, 18.4923553610565 ], [ 77.864900593610287, 18.508042886486024 ], [ 77.789559066970938, 18.497235924523466 ], [ 77.778524196907597, 18.505602604752543 ], [ 77.756834969541728, 18.50246509966664 ], [ 77.761401122671387, 18.525473470296607 ], [ 77.737048305979883, 18.563820754679888 ], [ 77.750366252608046, 18.589269407043339 ], [ 77.729818563524589, 18.667009810838536 ], [ 77.761020609910574, 18.707100153602873 ], [ 77.787275990406101, 18.682697336268056 ], [ 77.840167264157969, 18.804711422942134 ], [ 77.9067569972988, 18.826673958543466 ], [ 77.94328622233607, 18.824930900162407 ], [ 77.970302628353195, 18.871644864774769 ], [ 77.971063653874808, 18.872690699803403 ], [ 77.975629807004466, 18.873736534832037 ], [ 77.993894419523102, 18.879314321651425 ], [ 78.0098759554769, 18.884194885118387 ], [ 78.037653387015652, 18.877571263270365 ], [ 78.05249338468704, 18.939972753312251 ], [ 78.089783635245894, 18.940321364988463 ], [ 78.1133754264158, 18.961238065561162 ], [ 78.149524138692243, 18.96751307573297 ], [ 78.167408238450079, 18.997493679887171 ], [ 78.238944637481367, 19.015621487050176 ], [ 78.241227714046204, 19.016318710402601 ], [ 78.268624632824142, 18.996447844858537 ], [ 78.278898477365871, 18.989475611334303 ], [ 78.279659502887483, 18.988778387981881 ], [ 78.276995913561848, 18.952871385332081 ], [ 78.284986681538754, 18.942413035045732 ], [ 78.313905651359903, 18.951476938627234 ], [ 78.370982565480631, 18.996099233182324 ], [ 78.410175379843523, 19.00376869005898 ], [ 78.426156915797321, 18.976925590990685 ], [ 78.456978449422508, 18.955660278741775 ], [ 78.508347672131151, 18.972393639199932 ], [ 78.534983565387478, 18.947642210188906 ] ] ] } },
{ "type": "Feature", "properties": { "dt_code": "738", "district": "Peddapalli", "st_code": "36", "year": "2016_c", "st_nm": "Telangana" }, "geometry": { "type": "Polygon", "coordinates": [ [ [ 79.110318859724288, 18.660386188990515 ], [ 79.125539370156488, 18.683743171296694 ], [ 79.112221423528311, 18.710237658688779 ], [ 79.130105523286147, 18.708843211983933 ], [ 79.150272699608792, 18.72557657244209 ], [ 79.162829620715357, 18.755557176596291 ], [ 79.227897302812963, 18.749630778100695 ], [ 79.230180379377799, 18.749282166424482 ], [ 79.234366019746645, 18.752419671510388 ], [ 79.261762938524598, 18.772290537054449 ], [ 79.270514732023102, 18.77891415890247 ], [ 79.270895244783901, 18.782748887340798 ], [ 79.282691140368854, 18.795647519360632 ], [ 79.296009086997017, 18.801225306180015 ], [ 79.301716778409087, 18.81656421993333 ], [ 79.330255235469451, 18.817958666638177 ], [ 79.343953694858428, 18.81656421993333 ], [ 79.345856258662451, 18.818655889990598 ], [ 79.364881896702684, 18.838875367210875 ], [ 79.377438817809235, 18.852122610906918 ], [ 79.384668560264529, 18.854214280964186 ], [ 79.408260351434421, 18.853517057611761 ], [ 79.430330091561103, 18.847590659116165 ], [ 79.480557775987336, 18.817610054961964 ], [ 79.500344439549181, 18.790069732541244 ], [ 79.532688024217592, 18.785886392426704 ], [ 79.632762880309244, 18.729759912556631 ], [ 79.679565949888229, 18.672936209334132 ], [ 79.797524905737703, 18.696293191640311 ], [ 79.802471571628175, 18.701522366783486 ], [ 79.809320801322656, 18.702916813488333 ], [ 79.830629515927725, 18.680605666210788 ], [ 79.830629515927725, 18.655505625523549 ], [ 79.803993622671385, 18.621341681254808 ], [ 79.791436701564834, 18.573233269937603 ], [ 79.724846968424004, 18.573581881613816 ], [ 79.711909534556639, 18.560683249593982 ], [ 79.705821330383756, 18.520592906829645 ], [ 79.670053130868112, 18.480153952389095 ], [ 79.64227569932936, 18.475622000598342 ], [ 79.622869548528314, 18.486428962560904 ], [ 79.612215191225786, 18.463769203607146 ], [ 79.60270237220567, 18.474576165569708 ], [ 79.598897244597623, 18.471438660483802 ], [ 79.595472629750375, 18.468301155397899 ], [ 79.587862374534282, 18.462026145226091 ], [ 79.590145451099104, 18.452265018292163 ], [ 79.588242887295081, 18.44773306650141 ], [ 79.578349555514166, 18.436577492862639 ], [ 79.566934172690011, 18.424027472519018 ], [ 79.555518789865872, 18.415660792289941 ], [ 79.546766996367367, 18.407642723737073 ], [ 79.542200843237708, 18.406248277032226 ], [ 79.501105465070793, 18.391606586631337 ], [ 79.485504441877794, 18.38602879981195 ], [ 79.483221365312971, 18.387074634840587 ], [ 79.372872664679591, 18.435531657834005 ], [ 79.306282931538746, 18.480502564065304 ], [ 79.281930114847242, 18.480153952389095 ], [ 79.236649096311481, 18.44773306650141 ], [ 79.215720894467211, 18.492006749380291 ], [ 79.215340381706412, 18.534885985554322 ], [ 79.229799866616986, 18.566958259765794 ], [ 79.205447049925482, 18.577765221728352 ], [ 79.204305511643071, 18.595195805538935 ], [ 79.184899360842024, 18.610534719292247 ], [ 79.175767054582707, 18.654111178818702 ], [ 79.147609110283156, 18.62796530310283 ], [ 79.114885012853946, 18.622736127959655 ], [ 79.1110798852459, 18.622038904607233 ], [ 79.113743474571535, 18.633194478246004 ], [ 79.110318859724288, 18.660386188990515 ] ] ] } },
{ "type": "Feature", "properties": { "dt_code": "739", "district": "Rajanna Sircilla", "st_code": "36", "year": "2016_c", "st_nm": "Telangana" }, "geometry": { "type": "Polygon", "coordinates": [ [ [ 78.670065595473176, 18.62343335131208 ], [ 78.705453282228021, 18.64086393512266 ], [ 78.754539428371828, 18.630405584836311 ], [ 78.760627632544711, 18.618901399521327 ], [ 78.791449166169897, 18.620993069578596 ], [ 78.850809156855433, 18.588223572014702 ], [ 78.893426586065573, 18.596938863919995 ], [ 78.902939405085689, 18.549876287631424 ], [ 78.914354787909843, 18.571490211556544 ], [ 78.924628632451572, 18.567655483118216 ], [ 78.927292221777194, 18.566958259765794 ], [ 78.928814272820418, 18.566261036413369 ], [ 78.939088117362147, 18.583691620223952 ], [ 78.956972217119969, 18.576719386699718 ], [ 78.948981449143076, 18.554059627745961 ], [ 78.960777344728015, 18.536280432259169 ], [ 78.953928115033534, 18.512923449952989 ], [ 78.922726068647535, 18.475622000598342 ], [ 78.923487094169147, 18.474924777245921 ], [ 78.947839910860651, 18.443898338063082 ], [ 78.987413237984356, 18.462026145226091 ], [ 78.991598878353201, 18.441109444653389 ], [ 78.978280931725038, 18.442155279682027 ], [ 78.974095291356178, 18.427513589281137 ], [ 78.996926057004472, 18.399973266860417 ], [ 79.018234771609542, 18.399624655184205 ], [ 79.005297337742178, 18.386726023164375 ], [ 79.008341439828612, 18.383937129754681 ], [ 79.024703488543224, 18.366157934267886 ], [ 79.011385541915047, 18.3455898453714 ], [ 79.018995797131154, 18.317003687922046 ], [ 79.016332207805519, 18.313168959483718 ], [ 79.01176605467586, 18.310031454397812 ], [ 78.991218365592403, 18.30096755081631 ], [ 78.990837852831589, 18.293646705615867 ], [ 78.988935289027566, 18.259831373023335 ], [ 78.914735300670642, 18.255648032908795 ], [ 78.890001971218325, 18.239263284126849 ], [ 78.855755822745905, 18.234731332336096 ], [ 78.828358903967953, 18.253207751175314 ], [ 78.768998913282417, 18.262620266433029 ], [ 78.749973275242169, 18.221135476963845 ], [ 78.729045073397913, 18.215209078468245 ], [ 78.727523022354688, 18.215209078468245 ], [ 78.724859433029067, 18.220089641935211 ], [ 78.727142509593889, 18.226713263783232 ], [ 78.718390716095385, 18.231942438926403 ], [ 78.69023277179582, 18.229850768869134 ], [ 78.641907651173625, 18.25634525626122 ], [ 78.641527138412812, 18.255996644585007 ], [ 78.62782867902385, 18.246584129327292 ], [ 78.588635864660958, 18.248675799384564 ], [ 78.567707662816687, 18.222529923668692 ], [ 78.567327150055888, 18.222878535344901 ], [ 78.567707662816687, 18.223227147021113 ], [ 78.553248177906113, 18.258088314642279 ], [ 78.5528676651453, 18.258436926318488 ], [ 78.526992797410585, 18.27517028677665 ], [ 78.521285105998516, 18.278656403538765 ], [ 78.541071769560361, 18.299921715787676 ], [ 78.537266641952314, 18.317700911274468 ], [ 78.549443050298066, 18.336525941789898 ], [ 78.533461514344268, 18.360580147448502 ], [ 78.531558950540244, 18.387423246516796 ], [ 78.565044073491052, 18.390560751602703 ], [ 78.541832795081973, 18.412523287204035 ], [ 78.554009203427725, 18.430999706043252 ], [ 78.543735358885996, 18.458540028463972 ], [ 78.543354846125183, 18.459585863492606 ], [ 78.53993023127795, 18.461328921873665 ], [ 78.53003689949702, 18.465512261988206 ], [ 78.530797925018632, 18.467603932045474 ], [ 78.531939463301043, 18.471090048807589 ], [ 78.551726126862889, 18.504208158047696 ], [ 78.553628690666912, 18.530702645439781 ], [ 78.569610226620711, 18.543949889135824 ], [ 78.560097407600594, 18.552316569364905 ], [ 78.584069711531299, 18.551270734336271 ], [ 78.597387658159462, 18.550573510983845 ], [ 78.597387658159462, 18.550922122660058 ], [ 78.600051247485098, 18.573930493290025 ], [ 78.614130219634873, 18.589966630395761 ], [ 78.654084059519377, 18.59624164056757 ], [ 78.670065595473176, 18.62343335131208 ] ] ] } },
{ "type": "Feature", "properties": { "dt_code": "537", "district": "Ranga Reddy", "st_code": "36", "year": "2016_c", "st_nm": "Telangana" }, "geometry": { "type": "Polygon", "coordinates": [ [ [ 78.218016435637111, 17.438502263868706 ], [ 78.247315918219073, 17.42839252525857 ], [ 78.288030783625189, 17.431181418668263 ], [ 78.301729243014151, 17.460813411146251 ], [ 78.297924115406104, 17.490794015300452 ], [ 78.317710778967964, 17.494628743738783 ], [ 78.307436934426235, 17.509967657492094 ], [ 78.337116929768996, 17.503692647320285 ], [ 78.347771287071538, 17.522517677835712 ], [ 78.37136307824143, 17.519031561073596 ], [ 78.382017435543958, 17.50892182246346 ], [ 78.373265642045453, 17.477895383280622 ], [ 78.398759997019368, 17.447914779126421 ], [ 78.406750764996275, 17.438502263868706 ], [ 78.409794867082709, 17.435016147106591 ], [ 78.394954869411322, 17.423163350115395 ], [ 78.404087175670639, 17.407824436362084 ], [ 78.3926717928465, 17.401898037866484 ], [ 78.394954869411322, 17.386210512436961 ], [ 78.369460514437407, 17.377495220531671 ], [ 78.428439992362144, 17.372614657064705 ], [ 78.426917941318919, 17.360064636721088 ], [ 78.44213845175112, 17.348909063082317 ], [ 78.427298454079732, 17.351000733139585 ], [ 78.423493326471686, 17.340542382853236 ], [ 78.447085117641578, 17.326597915804768 ], [ 78.451651270771237, 17.323809022395078 ], [ 78.454695372857671, 17.31579095384221 ], [ 78.464208191877788, 17.302195098469955 ], [ 78.477145625745152, 17.317534012223266 ], [ 78.507206133848726, 17.318579847251904 ], [ 78.506064595566315, 17.348909063082317 ], [ 78.506825621087927, 17.348560451406104 ], [ 78.531939463301043, 17.345771557996411 ], [ 78.540691256799548, 17.371568822036071 ], [ 78.529275873975408, 17.371568822036071 ], [ 78.528514848453796, 17.374009103769552 ], [ 78.549823563058865, 17.372614657064705 ], [ 78.55705330551416, 17.361110471749722 ], [ 78.581406122205664, 17.363899365159416 ], [ 78.572273815946346, 17.37784383220788 ], [ 78.579123045640841, 17.389696629199076 ], [ 78.662074827496269, 17.378192443884092 ], [ 78.687188669709386, 17.404686931276178 ], [ 78.687569182470199, 17.40503554295239 ], [ 78.709638922596866, 17.39666886272331 ], [ 78.737416354135618, 17.386210512436961 ], [ 78.737416354135618, 17.386210512436961 ], [ 78.73246968824516, 17.354138238225488 ], [ 78.716107639530549, 17.359018801692454 ], [ 78.706975333271231, 17.346468781348833 ], [ 78.719912767138595, 17.328340974185828 ], [ 78.753397890089417, 17.329386809214462 ], [ 78.762149683587936, 17.303589545174802 ], [ 78.741221481743665, 17.295920088298146 ], [ 78.753397890089417, 17.26105892067698 ], [ 78.819226597708649, 17.232124151551414 ], [ 78.818846084947836, 17.228986646465511 ], [ 78.816182495622201, 17.21225328600735 ], [ 78.79791788310358, 17.202840770749638 ], [ 78.759105581501487, 17.213996344388409 ], [ 78.789166089605061, 17.16484209804257 ], [ 78.775467630216099, 17.151594854346527 ], [ 78.775848142976898, 17.151246242670315 ], [ 78.832925057097611, 17.112898958287033 ], [ 78.832925057097611, 17.112898958287033 ], [ 78.833305569858425, 17.103486443029318 ], [ 78.819226597708649, 17.109064229848705 ], [ 78.815421470100603, 17.096165597828875 ], [ 78.841296337835317, 17.071414168817849 ], [ 78.834066595380037, 17.036553001196683 ], [ 78.821890187034285, 17.030277991024874 ], [ 78.788405064083463, 17.038993282930164 ], [ 78.782697372671393, 17.040387729635011 ], [ 78.777370194020122, 17.032369661082143 ], [ 78.777370194020122, 17.032369661082143 ], [ 78.77660916849851, 17.031672437729721 ], [ 78.824934289120719, 17.019471029062313 ], [ 78.816182495622201, 17.000645998546887 ], [ 78.799059421385991, 16.999600163518249 ], [ 78.789166089605061, 16.97624318121207 ], [ 78.756822504936665, 16.983564026412516 ], [ 78.75377840285023, 16.984261249764938 ], [ 78.756441992175851, 16.969619559364048 ], [ 78.706214307749633, 16.965087607573299 ], [ 78.702028667380773, 16.964738995897086 ], [ 78.697082001490315, 16.940684790238482 ], [ 78.696701488729502, 16.938593120181213 ], [ 78.695940463207904, 16.935455615095307 ], [ 78.745407122112525, 16.914887526198822 ], [ 78.729045073397913, 16.895016660654758 ], [ 78.729045073397913, 16.894319437302332 ], [ 78.729425586158712, 16.880723581930081 ], [ 78.730186611680324, 16.864338833148132 ], [ 78.730947637201936, 16.864338833148132 ], [ 78.749973275242169, 16.854577706214208 ], [ 78.772043015368851, 16.882466640311137 ], [ 78.780794808867356, 16.86817356158646 ], [ 78.775848142976898, 16.843770744251646 ], [ 78.802103523472425, 16.826340160441063 ], [ 78.780794808867356, 16.746159474912385 ], [ 78.754539428371828, 16.750342815026926 ], [ 78.754539428371828, 16.75138865005556 ], [ 78.738557892418029, 16.75731504855116 ], [ 78.728664560637114, 16.754526155141466 ], [ 78.696320975968703, 16.759755330284641 ], [ 78.696320975968703, 16.765681728780237 ], [ 78.652562008476153, 16.767076175485084 ], [ 78.68300302934054, 16.788690099410207 ], [ 78.67310969755961, 16.823899878707582 ], [ 78.671968159277199, 16.82773460714591 ], [ 78.666640980625928, 16.832266558936663 ], [ 78.666260467865129, 16.803331789811097 ], [ 78.633155857675106, 16.776488690742799 ], [ 78.616032783438897, 16.783809535943242 ], [ 78.616032783438897, 16.794267886229594 ], [ 78.537647154713113, 16.821459596974101 ], [ 78.482853317157222, 16.821110985297889 ], [ 78.4649692173994, 16.774048409009318 ], [ 78.434528196535027, 16.778231749123858 ], [ 78.413219481929957, 16.798102614667922 ], [ 78.397998971497771, 16.798799838020344 ], [ 78.389247177999252, 16.783809535943242 ], [ 78.355001029526818, 16.796359556286863 ], [ 78.348912825353949, 16.779626195828705 ], [ 78.333311802160949, 16.797754002991709 ], [ 78.323037957619221, 16.824945713736216 ], [ 78.328365136270492, 16.851440201128302 ], [ 78.31618872792474, 16.874448571758272 ], [ 78.299446166449329, 16.878980523549021 ], [ 78.301729243014151, 16.919070866313362 ], [ 78.275473862518623, 16.923254206427899 ], [ 78.275473862518623, 16.924300041456537 ], [ 78.269385658345755, 16.964738995897086 ], [ 78.240466688524592, 16.963344549192239 ], [ 78.233236946069297, 16.940336178562269 ], [ 78.219538486680321, 16.938941731857422 ], [ 78.181106697839041, 16.973454287802376 ], [ 78.186053363729513, 16.988444589879478 ], [ 78.17425746814456, 17.008315455423542 ], [ 78.149524138692243, 17.012847407214291 ], [ 78.13620619206408, 16.999600163518249 ], [ 78.127073885804762, 16.990187648260534 ], [ 78.119844143349482, 16.982866803060091 ], [ 78.102340556352459, 16.983215414736303 ], [ 78.099296454266025, 16.983215414736303 ], [ 78.09206671181073, 16.983215414736303 ], [ 78.068474920640838, 17.005526562013848 ], [ 78.0254769786699, 17.010058513804598 ], [ 78.0098759554769, 17.000994610223096 ], [ 78.010256468237699, 16.983564026412516 ], [ 78.010636980998513, 16.978334851269338 ], [ 77.999602110935172, 16.979729297974185 ], [ 77.999602110935172, 16.979729297974185 ], [ 77.978293396330102, 17.010058513804598 ], [ 77.934914941598365, 17.028186320967606 ], [ 77.922738533252613, 17.063396100264981 ], [ 77.945188786140093, 17.078037790665871 ], [ 77.933773403315939, 17.085358635866314 ], [ 77.934534428837551, 17.085707247542526 ], [ 77.934153916076752, 17.086055859218739 ], [ 77.954321092399397, 17.099303102914778 ], [ 77.990089291915055, 17.103486443029318 ], [ 77.991611342958265, 17.128237872040344 ], [ 78.016344672410582, 17.165539321394991 ], [ 78.016344672410582, 17.165539321394991 ], [ 78.044122103949334, 17.168676826480898 ], [ 78.046785693274956, 17.208418557569022 ], [ 78.06390876751118, 17.210858839302503 ], [ 78.06961645892325, 17.230729704846567 ], [ 78.050971333643815, 17.23526165663732 ], [ 78.059342614381521, 17.251297793743056 ], [ 78.043361078427722, 17.275003387725448 ], [ 78.047166206035769, 17.295222864945721 ], [ 78.014822621367358, 17.311956225403883 ], [ 78.005309802347242, 17.327992362509615 ], [ 78.007592878912064, 17.332175702624156 ], [ 78.012920057563335, 17.341936829558083 ], [ 78.018627748975405, 17.352395179844432 ], [ 78.051351846404614, 17.412007776476621 ], [ 78.071519022727273, 17.413402223181468 ], [ 78.071519022727273, 17.415842504914952 ], [ 78.064669793032792, 17.442336992307034 ], [ 78.063147741989567, 17.448960614155055 ], [ 78.062767229228768, 17.450006449183693 ], [ 78.070377484444862, 17.455932847679289 ], [ 78.049829795361404, 17.475803713223353 ], [ 78.07113850996646, 17.49602319044363 ], [ 78.05820107609911, 17.50892182246346 ], [ 78.07113850996646, 17.518334337721175 ], [ 78.082173380029801, 17.516591279340116 ], [ 78.083695431073025, 17.491142626976664 ], [ 78.105384658438894, 17.49009679194803 ], [ 78.111092349850964, 17.479638441661681 ], [ 78.145338498323397, 17.484170393452434 ], [ 78.144957985562598, 17.467785644670485 ], [ 78.164364136363631, 17.462905081203523 ], [ 78.18985849133756, 17.475803713223353 ], [ 78.19138054238077, 17.486959286862124 ], [ 78.213830795268251, 17.48591345183349 ], [ 78.218016435637111, 17.438502263868706 ] ] ] } },
{ "type": "Feature", "properties": { "dt_code": "740", "district": "Sangareddy", "st_code": "36", "year": "2016_c", "st_nm": "Telangana" }, "geometry": { "type": "Polygon", "coordinates": [ [ [ 77.898385716561094, 18.091800545089324 ], [ 77.888111872019365, 18.070535232840413 ], [ 77.85120213422131, 18.072975514573898 ], [ 77.865661619131885, 18.022775433199421 ], [ 77.825327266486582, 17.98686843054962 ], [ 77.821902651639348, 17.958282273100266 ], [ 77.821522138878535, 17.957933661424054 ], [ 77.808965217771984, 17.958979496452688 ], [ 77.794886245622209, 17.924466940507735 ], [ 77.820000087835325, 17.926907222241219 ], [ 77.821141626117736, 17.927255833917428 ], [ 77.822283164400147, 17.903201628258827 ], [ 77.845113930048427, 17.902155793230193 ], [ 77.860334440480628, 17.934576679117875 ], [ 77.879740591281674, 17.947823922813917 ], [ 77.881262642324884, 17.934228067441662 ], [ 77.914747765275706, 17.924118328831526 ], [ 77.928826737425481, 17.931787785708181 ], [ 77.940622633010435, 17.918889153688351 ], [ 77.931490326751117, 17.900412734849134 ], [ 77.936817505402388, 17.889605772886572 ], [ 77.974107755961256, 17.890651607915206 ], [ 77.974107755961256, 17.882284927686129 ], [ 78.016344672410582, 17.889257161210359 ], [ 78.034609284929203, 17.878450199247801 ], [ 78.047546718796568, 17.892743277972478 ], [ 78.046405180514157, 17.914008590221385 ], [ 78.065811331315203, 17.921678047098045 ], [ 78.068094407880025, 17.922375270450466 ], [ 78.079129277943366, 17.905293298316096 ], [ 78.073421586531296, 17.869037683990086 ], [ 78.094349788375553, 17.860322392084793 ], [ 78.094730301136366, 17.859973780408584 ], [ 78.100057479787623, 17.815351485853494 ], [ 78.10766773500373, 17.80837925232926 ], [ 78.11489747745901, 17.803847300538507 ], [ 78.148382600409832, 17.836268186426192 ], [ 78.149143625931444, 17.805938970595779 ], [ 78.187575414772724, 17.830690399606805 ], [ 78.166266700167654, 17.813957039148647 ], [ 78.163222598081219, 17.797572290366698 ], [ 78.173496442622948, 17.788508386785196 ], [ 78.203937463487335, 17.802801465509873 ], [ 78.19556618274963, 17.773169473031885 ], [ 78.196327208271242, 17.76375695777417 ], [ 78.204317976248134, 17.765151404479017 ], [ 78.2012738741617, 17.735868023677238 ], [ 78.235139509873321, 17.735170800324816 ], [ 78.226387716374816, 17.714602711428327 ], [ 78.238183611959755, 17.705190196170612 ], [ 78.231714895026073, 17.692291564150782 ], [ 78.231714895026073, 17.69159434079836 ], [ 78.319993855532786, 17.680090155483374 ], [ 78.318471804489562, 17.73203329523891 ], [ 78.318091291728763, 17.740051363791778 ], [ 78.318091291728763, 17.743537480553893 ], [ 78.335594878725786, 17.741794422172838 ], [ 78.354620516766019, 17.740051363791778 ], [ 78.360708720938902, 17.739702752115566 ], [ 78.366035899590159, 17.725061061714676 ], [ 78.383539486587182, 17.70205269108471 ], [ 78.38696410143443, 17.699961021027438 ], [ 78.38848615247764, 17.699612409351229 ], [ 78.416263584016392, 17.732730518591332 ], [ 78.440235887947097, 17.726804120095736 ], [ 78.450129219728012, 17.711116594666212 ], [ 78.44784614316319, 17.704492972818191 ], [ 78.445563066598353, 17.698217962646382 ], [ 78.421210249906849, 17.671723475254296 ], [ 78.395335382172135, 17.675906815368837 ], [ 78.38125641002236, 17.642440094452517 ], [ 78.390769229042476, 17.621523393879819 ], [ 78.37136307824143, 17.614899772031798 ], [ 78.390008203520864, 17.598863634926062 ], [ 78.38848615247764, 17.595028906487734 ], [ 78.380114871739934, 17.570974700829133 ], [ 78.3770707696535, 17.563305243952474 ], [ 78.3770707696535, 17.563305243952474 ], [ 78.355001029526818, 17.561910797247627 ], [ 78.3614697464605, 17.549709388580222 ], [ 78.347771287071538, 17.523912124540558 ], [ 78.347771287071538, 17.522517677835712 ], [ 78.337116929768996, 17.503692647320285 ], [ 78.307436934426235, 17.509967657492094 ], [ 78.317710778967964, 17.494628743738783 ], [ 78.297924115406104, 17.490794015300452 ], [ 78.301729243014151, 17.460813411146251 ], [ 78.288030783625189, 17.431181418668263 ], [ 78.247315918219073, 17.42839252525857 ], [ 78.218016435637111, 17.438502263868706 ], [ 78.213830795268251, 17.48591345183349 ], [ 78.19138054238077, 17.486959286862124 ], [ 78.18985849133756, 17.475803713223353 ], [ 78.164364136363631, 17.462905081203523 ], [ 78.144957985562598, 17.467785644670485 ], [ 78.145338498323397, 17.484170393452434 ], [ 78.111092349850964, 17.479638441661681 ], [ 78.105384658438894, 17.49009679194803 ], [ 78.083695431073025, 17.491142626976664 ], [ 78.082173380029801, 17.516591279340116 ], [ 78.07113850996646, 17.518334337721175 ], [ 78.05820107609911, 17.50892182246346 ], [ 78.07113850996646, 17.49602319044363 ], [ 78.049829795361404, 17.475803713223353 ], [ 78.070377484444862, 17.455932847679289 ], [ 78.062767229228768, 17.450006449183693 ], [ 78.063147741989567, 17.448960614155055 ], [ 78.062767229228768, 17.448612002478846 ], [ 78.040697489102087, 17.457675906060349 ], [ 78.040316976341273, 17.4712717614326 ], [ 78.022432876583451, 17.464996751260792 ], [ 78.00416826406483, 17.475106489870928 ], [ 78.007973391672877, 17.49602319044363 ], [ 77.991230830197466, 17.506830152406188 ], [ 77.980956985655737, 17.483821781776221 ], [ 77.964594936941126, 17.484519005128643 ], [ 77.974107755961256, 17.517985726044962 ], [ 77.973346730439644, 17.519728784426022 ], [ 77.965355962462738, 17.530884358064792 ], [ 77.936817505402388, 17.538902426617661 ], [ 77.929968275707893, 17.569231642448074 ], [ 77.872891361587179, 17.582478886144116 ], [ 77.867564182935908, 17.619431723822551 ], [ 77.852724185264535, 17.608276150183777 ], [ 77.82304418992176, 17.631981744166168 ], [ 77.799832911512667, 17.625009510641934 ], [ 77.796408296665419, 17.627798404051628 ], [ 77.783470862798055, 17.63860536601419 ], [ 77.776241120342775, 17.626752569022994 ], [ 77.746561125, 17.6239636756133 ], [ 77.774338556538751, 17.600955304983334 ], [ 77.761401122671387, 17.558076068809299 ], [ 77.70965138720193, 17.525655182921618 ], [ 77.690625749161697, 17.526352406274039 ], [ 77.683396006706403, 17.508224599111035 ], [ 77.662087292101333, 17.522866289511924 ], [ 77.597019610003727, 17.534370474826908 ], [ 77.593975507917278, 17.564351078981112 ], [ 77.550597053185541, 17.551801058637491 ], [ 77.537659619318177, 17.575506652619882 ], [ 77.528527313058859, 17.575506652619882 ], [ 77.506838085692991, 17.542388543379776 ], [ 77.49428116458644, 17.568185807419439 ], [ 77.443292454638595, 17.583873332848963 ], [ 77.45584937574516, 17.632330355842381 ], [ 77.448239120529053, 17.651155386357807 ], [ 77.452424760897912, 17.694731845884263 ], [ 77.522058596125177, 17.72610689674331 ], [ 77.546030900055882, 17.726804120095736 ], [ 77.568481152943363, 17.748766655697068 ], [ 77.569242178464975, 17.766545851183864 ], [ 77.554782693554387, 17.764105569450383 ], [ 77.537659619318177, 17.779793094879906 ], [ 77.506457572932192, 17.786068105051715 ], [ 77.528907825819672, 17.81291120412001 ], [ 77.52814680029806, 17.827901506197112 ], [ 77.554021668032789, 17.820232049320456 ], [ 77.57647192092027, 17.875312694161895 ], [ 77.599302686568549, 17.873221024104623 ], [ 77.585984739940386, 17.907733580049577 ], [ 77.619089350130395, 17.903898851611249 ], [ 77.618708837369596, 17.939457242584837 ], [ 77.632407296758572, 17.946778087785283 ], [ 77.624416528781666, 17.959676719805113 ], [ 77.63316832228017, 17.967346176681769 ], [ 77.63735396264903, 17.952355874604667 ], [ 77.649530370994782, 17.949915592871186 ], [ 77.655999087928464, 17.968392011710403 ], [ 77.64876934547317, 17.998721227540816 ], [ 77.627841143628913, 17.996629557483548 ], [ 77.606151916263045, 18.020335151465936 ], [ 77.588648329266022, 18.012317082913071 ], [ 77.580657561289115, 18.03149072510471 ], [ 77.554021668032789, 18.035674065219251 ], [ 77.547552951099107, 18.056242154115736 ], [ 77.565817563617728, 18.076810243012225 ], [ 77.597019610003727, 18.086571369946149 ], [ 77.601585763133386, 18.105745012137792 ], [ 77.597019610003727, 18.155945093512265 ], [ 77.581418586810727, 18.162220103684078 ], [ 77.563534487052905, 18.195338212924181 ], [ 77.585223714418774, 18.219741030258998 ], [ 77.571905767790611, 18.244143847593811 ], [ 77.60044422485096, 18.275518898452859 ], [ 77.600824737611774, 18.275867510129071 ], [ 77.641920115778689, 18.285977248739208 ], [ 77.665131394187782, 18.283536967005727 ], [ 77.687581647075262, 18.260179984699548 ], [ 77.722208308308495, 18.258436926318488 ], [ 77.722588821069294, 18.258436926318488 ], [ 77.722588821069294, 18.258088314642279 ], [ 77.727915999720565, 18.233336885631253 ], [ 77.743517022913565, 18.224272982049747 ], [ 77.741994971870341, 18.205099339858108 ], [ 77.758357020584953, 18.205099339858108 ], [ 77.769772403409092, 18.188017367723738 ], [ 77.796408296665419, 18.204750728181896 ], [ 77.826849317529806, 18.193943766219334 ], [ 77.853865723546946, 18.207191009915377 ], [ 77.854246236307745, 18.207539621591589 ], [ 77.868705721218333, 18.189063202752372 ], [ 77.903712895212365, 18.192200707838278 ], [ 77.894580588953048, 18.156642316864691 ], [ 77.902571356929954, 18.144440908197282 ], [ 77.914747765275706, 18.140954791435167 ], [ 77.928065711903869, 18.155596481836056 ], [ 77.935675967119963, 18.149321471664244 ], [ 77.935295454359164, 18.149321471664244 ], [ 77.918933405644552, 18.136422839644414 ], [ 77.923499558774211, 18.128056159415337 ], [ 77.909040073863636, 18.124221430977009 ], [ 77.929587762947094, 18.115854750747928 ], [ 77.926924173621458, 18.104001953756732 ], [ 77.905615459016389, 18.105745012137792 ], [ 77.904473920733977, 18.104001953756732 ], [ 77.898385716561094, 18.091800545089324 ] ] ] } },
{ "type": "Feature", "properties": { "dt_code": "741", "district": "Siddipet", "st_code": "36", "year": "2016_c", "st_nm": "Telangana" }, "geometry": { "type": "Polygon", "coordinates": [ [ [ 79.229038841095388, 17.991400382340373 ], [ 79.203924998882272, 17.997326780835969 ], [ 79.153316801695226, 17.992097605692795 ], [ 79.138857316784652, 17.978153138644331 ], [ 79.143803982675109, 17.965951729976922 ], [ 79.131627574329357, 17.946778087785283 ], [ 79.102328091747395, 17.914357201897598 ], [ 79.124397831874063, 17.902155793230193 ], [ 79.092054247205667, 17.873221024104623 ], [ 79.065037841188527, 17.873569635780836 ], [ 79.043729126583457, 17.861019615437218 ], [ 79.039162973453799, 17.872175189075989 ], [ 79.020137335413565, 17.876009917514317 ], [ 78.998828620808496, 17.844983478331482 ], [ 78.958494268163193, 17.871129354047355 ], [ 78.934521964232488, 17.876707140866742 ], [ 78.928053247298806, 17.874964082485683 ], [ 78.921204017604325, 17.864854343875546 ], [ 78.922345555886736, 17.836616798102401 ], [ 78.888860432935914, 17.841497361569367 ], [ 78.867551718330844, 17.825112612787418 ], [ 78.859560950353952, 17.75085832575434 ], [ 78.841296337835317, 17.752601384135396 ], [ 78.821509674273472, 17.739354140439353 ], [ 78.815421470100603, 17.70205269108471 ], [ 78.781936347149781, 17.711116594666212 ], [ 78.788405064083463, 17.701704079408497 ], [ 78.77660916849851, 17.69159434079836 ], [ 78.734752764809983, 17.673117921959143 ], [ 78.729806098919525, 17.667888746815969 ], [ 78.726761996833091, 17.669283193520815 ], [ 78.723717894746642, 17.668237358492178 ], [ 78.718010203334572, 17.673815145311565 ], [ 78.669304569951564, 17.698217962646382 ], [ 78.633916883196719, 17.668934581844603 ], [ 78.616793808960509, 17.672072086930509 ], [ 78.592821505029804, 17.696823515941535 ], [ 78.561619458643818, 17.683924883921705 ], [ 78.519002029433679, 17.70205269108471 ], [ 78.50872818489195, 17.683576272245492 ], [ 78.499215365871834, 17.685667942302761 ], [ 78.499976391393446, 17.690548505769726 ], [ 78.506064595566315, 17.719483274895289 ], [ 78.525470746367361, 17.728547178476795 ], [ 78.526612284649772, 17.75085832575434 ], [ 78.511011261456787, 17.755390277545089 ], [ 78.52014356771609, 17.806636193948201 ], [ 78.540310744038749, 17.836965409778614 ], [ 78.539169205756338, 17.860322392084793 ], [ 78.560858433122206, 17.870432130694933 ], [ 78.52432920808495, 17.896578006410806 ], [ 78.546018435450819, 17.915054425250023 ], [ 78.529656386736221, 17.924815552183947 ], [ 78.541832795081973, 17.941200300965896 ], [ 78.531558950540244, 17.95096142789982 ], [ 78.559336382078982, 18.0461324155056 ], [ 78.582167147727276, 18.032536560133344 ], [ 78.589777402943369, 18.055544930763315 ], [ 78.569990739381524, 18.066003281049664 ], [ 78.579123045640841, 18.106790847166426 ], [ 78.54563792269002, 18.116900585776563 ], [ 78.545257409929206, 18.117249197452775 ], [ 78.546018435450819, 18.118295032481409 ], [ 78.566566124534276, 18.162220103684078 ], [ 78.581025609444865, 18.163265938712712 ], [ 78.573415354228757, 18.180696522523291 ], [ 78.568849201099113, 18.184879862637832 ], [ 78.5680881755775, 18.183136804256776 ], [ 78.561238945883005, 18.207191009915377 ], [ 78.561238945883005, 18.207191009915377 ], [ 78.561619458643818, 18.208236844944015 ], [ 78.567327150055888, 18.222878535344901 ], [ 78.567707662816687, 18.222529923668692 ], [ 78.588635864660958, 18.248675799384564 ], [ 78.62782867902385, 18.246584129327292 ], [ 78.641527138412812, 18.255996644585007 ], [ 78.641907651173625, 18.25634525626122 ], [ 78.69023277179582, 18.229850768869134 ], [ 78.718390716095385, 18.231942438926403 ], [ 78.727142509593889, 18.226713263783232 ], [ 78.724859433029067, 18.220089641935211 ], [ 78.727523022354688, 18.215209078468245 ], [ 78.729045073397913, 18.215209078468245 ], [ 78.749973275242169, 18.221135476963845 ], [ 78.768998913282417, 18.262620266433029 ], [ 78.828358903967953, 18.253207751175314 ], [ 78.855755822745905, 18.234731332336096 ], [ 78.890001971218325, 18.239263284126849 ], [ 78.914735300670642, 18.255648032908795 ], [ 78.988935289027566, 18.259831373023335 ], [ 78.990837852831589, 18.293646705615867 ], [ 78.991218365592403, 18.30096755081631 ], [ 79.01176605467586, 18.310031454397812 ], [ 79.016332207805519, 18.313168959483718 ], [ 79.018995797131154, 18.317003687922046 ], [ 79.032694256520116, 18.337223165142319 ], [ 79.037260409649775, 18.343846786990341 ], [ 79.054002971125186, 18.342800951961706 ], [ 79.059330149776457, 18.342452340285497 ], [ 79.059710662537256, 18.342452340285497 ], [ 79.071887070883008, 18.316306464569621 ], [ 79.060852200819667, 18.293646705615867 ], [ 79.062754764623691, 18.291903647234808 ], [ 79.072267583643821, 18.285280025386786 ], [ 79.114885012853946, 18.290509200529961 ], [ 79.114885012853946, 18.290509200529961 ], [ 79.133530138133381, 18.271335558338322 ], [ 79.120212191505217, 18.255299421232586 ], [ 79.123256293591652, 18.243098012565177 ], [ 79.108416295920264, 18.237171614069581 ], [ 79.108035783159465, 18.221484088640054 ], [ 79.137335265741427, 18.206145174886743 ], [ 79.145706546479133, 18.170935395589368 ], [ 79.162449107954544, 18.157339540217112 ], [ 79.187943462928473, 18.170238172236942 ], [ 79.212296279619977, 18.161522880331653 ], [ 79.210774228576753, 18.174770124027695 ], [ 79.244639864288374, 18.18418263928541 ], [ 79.250728068461257, 18.15420203513121 ], [ 79.288779344541723, 18.151413141721516 ], [ 79.290681908345761, 18.151064530045304 ], [ 79.300955752887489, 18.130496441148818 ], [ 79.301336265648288, 18.130147829472605 ], [ 79.293726010432195, 18.123872819300797 ], [ 79.29106242110656, 18.089360263355843 ], [ 79.283452165890466, 18.075067184631166 ], [ 79.281930114847242, 18.065654669373451 ], [ 79.261762938524598, 18.034628230190616 ], [ 79.260621400242172, 18.002904567655357 ], [ 79.230180379377799, 17.99976706256945 ], [ 79.229038841095388, 17.991400382340373 ] ] ] } },
{ "type": "Feature", "properties": { "dt_code": "748", "district": "Suryapet", "st_code": "36", "year": "2016_c", "st_nm": "Telangana" }, "geometry": { "type": "Polygon", "coordinates": [ [ [ 79.369828562593142, 17.482427335071375 ], [ 79.366023434985095, 17.486262063509702 ], [ 79.364501383941885, 17.493931520386358 ], [ 79.362979332898661, 17.500903753910592 ], [ 79.375916766766025, 17.507875987434822 ], [ 79.380863432656483, 17.510316269168307 ], [ 79.383146509221319, 17.511710715873154 ], [ 79.412445991803281, 17.498463472177111 ], [ 79.430330091561103, 17.516591279340116 ], [ 79.472567008010429, 17.514499609282844 ], [ 79.521653154154251, 17.494628743738783 ], [ 79.539537253912073, 17.523563512864349 ], [ 79.541439817716096, 17.527049629626465 ], [ 79.5657926344076, 17.497417637148473 ], [ 79.594711604228763, 17.499160695529532 ], [ 79.590525963859918, 17.528792688007524 ], [ 79.594711604228763, 17.519031561073596 ], [ 79.603463397727282, 17.49881208385332 ], [ 79.620966984724291, 17.500206530558167 ], [ 79.639231597242926, 17.486262063509702 ], [ 79.655593645957524, 17.493931520386358 ], [ 79.656354671479136, 17.470923149756391 ], [ 79.699733126210887, 17.456281459355502 ], [ 79.724846968424004, 17.432924477049323 ], [ 79.734740300204919, 17.430832806992051 ], [ 79.751863374441129, 17.439896710573553 ], [ 79.753004912723554, 17.43675920548765 ], [ 79.762137218982858, 17.407824436362084 ], [ 79.796763880216105, 17.393879969313616 ], [ 79.796763880216105, 17.393531357637407 ], [ 79.777738242175857, 17.36912854030259 ], [ 79.796002854694493, 17.354138238225488 ], [ 79.792958752608044, 17.325900692452347 ], [ 79.803613109910586, 17.325203469099925 ], [ 79.803993622671385, 17.323809022395078 ], [ 79.801710546106563, 17.312304837080092 ], [ 79.813506441691501, 17.295222864945721 ], [ 79.830629515927725, 17.270122824258483 ], [ 79.840522847708641, 17.279186727839985 ], [ 79.900643863915803, 17.253738075476537 ], [ 79.901785402198215, 17.211556062654928 ], [ 79.886184379005215, 17.209115780921447 ], [ 79.876671559985098, 17.193776867168133 ], [ 79.881237713114757, 17.17355738994786 ], [ 79.912439759500742, 17.148805960936834 ], [ 79.918527963673625, 17.129632318745191 ], [ 79.946305395212377, 17.134861493888366 ], [ 79.994250003073773, 17.07838640234208 ], [ 79.995772054116998, 17.076643343961024 ], [ 79.996533079638596, 17.075946120608599 ], [ 80.039911534370347, 17.051194691597573 ], [ 80.036867432283913, 17.024351592529275 ], [ 80.061981274497029, 17.009361290452176 ], [ 80.055512557563347, 16.971362617745108 ], [ 80.055893070324146, 16.971362617745108 ], [ 80.050565891672875, 16.936152838447732 ], [ 80.039531021609548, 16.91697919625609 ], [ 80.017461281482866, 16.914887526198822 ], [ 79.998816156203432, 16.865384668176766 ], [ 80.046760764064828, 16.85353187118557 ], [ 80.048282815108053, 16.833312393965297 ], [ 80.073396657321169, 16.817276256859561 ], [ 80.055132044802534, 16.745113639883751 ], [ 80.030398715350231, 16.714784424053338 ], [ 79.997294105160208, 16.702234403709721 ], [ 79.977507441598362, 16.662492672621593 ], [ 79.949730010059611, 16.635998185229507 ], [ 79.909015144653509, 16.63460373852466 ], [ 79.893794634221308, 16.650291263954184 ], [ 79.878193611028323, 16.696656616890333 ], [ 79.851177205011183, 16.705720520471836 ], [ 79.817311569299562, 16.691776053423371 ], [ 79.78420695910954, 16.730471949482862 ], [ 79.744633631985849, 16.718967764167878 ], [ 79.722944404619966, 16.690381606718525 ], [ 79.67918543712743, 16.693519111804427 ], [ 79.699733126210887, 16.718619152491666 ], [ 79.668150567064089, 16.733260842892555 ], [ 79.668150567064089, 16.841330462518165 ], [ 79.616781344355445, 16.923602818104111 ], [ 79.615639806073034, 16.984261249764938 ], [ 79.592048014903128, 17.083615577485254 ], [ 79.525458281762297, 17.186107410291477 ], [ 79.519750590350228, 17.233169986580052 ], [ 79.493875722615499, 17.233518598256261 ], [ 79.497300337462747, 17.262453367381827 ], [ 79.474850084575266, 17.3304326442431 ], [ 79.474850084575266, 17.330781255919309 ], [ 79.474089059053654, 17.331478479271734 ], [ 79.450497267883762, 17.345074334643986 ], [ 79.453541369970196, 17.345074334643986 ], [ 79.442125987146056, 17.358670190016241 ], [ 79.421958810823398, 17.376100773826824 ], [ 79.416631632172127, 17.389348017522867 ], [ 79.415109581128917, 17.392834134284982 ], [ 79.412445991803281, 17.399109144456791 ], [ 79.424241887388234, 17.415145281562527 ], [ 79.424622400149033, 17.415842504914952 ], [ 79.423480861866622, 17.421071680058127 ], [ 79.419675734258576, 17.432227253696897 ], [ 79.369828562593142, 17.482427335071375 ] ] ] } },
{ "type": "Feature", "properties": { "dt_code": "743", "district": "Vikarabad", "st_code": "36", "year": "2016_c", "st_nm": "Telangana" }, "geometry": { "type": "MultiPolygon", "coordinates": [ [ [ [ 77.49428116458644, 17.568185807419439 ], [ 77.499608343237696, 17.552149670313703 ], [ 77.493900651825626, 17.568185807419439 ], [ 77.477919115871828, 17.566791360714593 ], [ 77.49428116458644, 17.568185807419439 ] ] ], [ [ [ 77.999602110935172, 16.979729297974185 ], [ 77.999221598174358, 16.977289016240704 ], [ 77.996558008848737, 16.96578483092572 ], [ 77.995796983327125, 16.965436219249508 ], [ 77.993133394001489, 16.964390384220874 ], [ 77.986284164307008, 16.961252879134967 ], [ 77.971063653874808, 16.971014006068895 ], [ 77.952799041356187, 16.949748693819984 ], [ 77.929968275707893, 16.953234810582103 ], [ 77.914747765275706, 16.92116253637063 ], [ 77.869466746739931, 16.927437546542439 ], [ 77.884306744411319, 16.958812597401486 ], [ 77.871749823304768, 16.968225112659201 ], [ 77.863378542567062, 16.951491752201044 ], [ 77.847777519374063, 16.951491752201044 ], [ 77.837884187593147, 16.972408452773742 ], [ 77.843972391766016, 16.991930706641593 ], [ 77.825327266486582, 16.987050143174631 ], [ 77.760259584388976, 17.002389056927942 ], [ 77.765967275801046, 17.021911310795794 ], [ 77.730960101807, 17.028883544320028 ], [ 77.727535486959766, 17.038296059577743 ], [ 77.714598053092402, 17.040387729635011 ], [ 77.687201134314449, 17.020516864090947 ], [ 77.663228830383758, 17.031672437729721 ], [ 77.635070886084193, 17.010058513804598 ], [ 77.632026783997759, 17.001343221899308 ], [ 77.654096524124441, 17.005526562013848 ], [ 77.644203192343511, 16.990187648260534 ], [ 77.624036016020867, 16.984261249764938 ], [ 77.623274990499254, 16.95288619890589 ], [ 77.603488326937409, 16.946611188734082 ], [ 77.59321448239568, 16.930575051628345 ], [ 77.596639097242914, 16.914190302846396 ], [ 77.557446282880022, 16.902686117531413 ], [ 77.555543719075999, 16.902337505855201 ], [ 77.537659619318177, 16.930226439952133 ], [ 77.525102698211626, 16.925345876485171 ], [ 77.515970391952308, 16.933363945038039 ], [ 77.523200134407602, 16.948354247115137 ], [ 77.466123220286889, 16.953932033934525 ], [ 77.482104756240687, 16.972059841097529 ], [ 77.479441166915052, 16.996114046756134 ], [ 77.502271932563332, 17.009361290452176 ], [ 77.496564241151262, 17.042828011368492 ], [ 77.480963217958262, 17.079083625694505 ], [ 77.46307911820044, 17.094073927771603 ], [ 77.463840143722052, 17.11011006487734 ], [ 77.406763229601339, 17.124403143602017 ], [ 77.3637652876304, 17.15891569954697 ], [ 77.372136568368106, 17.195519925549192 ], [ 77.393825795733974, 17.194474090520558 ], [ 77.403719127514904, 17.209813004273869 ], [ 77.380127336344998, 17.22236302461749 ], [ 77.408285280644563, 17.241188055132916 ], [ 77.420461688990315, 17.237701938370801 ], [ 77.426549893163184, 17.256526968886231 ], [ 77.458512965070781, 17.278838116163776 ], [ 77.437965275987324, 17.292085359859819 ], [ 77.456229888505959, 17.331129867595521 ], [ 77.453566299180324, 17.374009103769552 ], [ 77.479060654154239, 17.370871598683649 ], [ 77.474494501024594, 17.361459083425935 ], [ 77.484007320044711, 17.354835461577913 ], [ 77.5239611599292, 17.364247976835628 ], [ 77.533093466188518, 17.380284113941364 ], [ 77.524341672690014, 17.38795357081802 ], [ 77.53804013207899, 17.406081377981025 ], [ 77.514067828148285, 17.414099446533893 ], [ 77.512926289865874, 17.430832806992051 ], [ 77.537279106557378, 17.443731439011881 ], [ 77.576091408159456, 17.430832806992051 ], [ 77.576091408159456, 17.456281459355502 ], [ 77.614142684239937, 17.445823109069153 ], [ 77.615284222522348, 17.47301481981366 ], [ 77.644964217865123, 17.477546771604413 ], [ 77.657140626210875, 17.506481540729979 ], [ 77.652193960320417, 17.482775946747587 ], [ 77.688723185357674, 17.475455101547141 ], [ 77.690625749161697, 17.526352406274039 ], [ 77.70965138720193, 17.525655182921618 ], [ 77.761401122671387, 17.558076068809299 ], [ 77.774338556538751, 17.600955304983334 ], [ 77.746561125, 17.6239636756133 ], [ 77.776241120342775, 17.626752569022994 ], [ 77.783470862798055, 17.63860536601419 ], [ 77.796408296665419, 17.627798404051628 ], [ 77.799832911512667, 17.625009510641934 ], [ 77.82304418992176, 17.631981744166168 ], [ 77.852724185264535, 17.608276150183777 ], [ 77.867564182935908, 17.619431723822551 ], [ 77.872891361587179, 17.582478886144116 ], [ 77.929968275707893, 17.569231642448074 ], [ 77.936817505402388, 17.538902426617661 ], [ 77.965355962462738, 17.530884358064792 ], [ 77.973346730439644, 17.519728784426022 ], [ 77.974107755961256, 17.517985726044962 ], [ 77.964594936941126, 17.484519005128643 ], [ 77.980956985655737, 17.483821781776221 ], [ 77.991230830197466, 17.506830152406188 ], [ 78.007973391672877, 17.49602319044363 ], [ 78.00416826406483, 17.475106489870928 ], [ 78.022432876583451, 17.464996751260792 ], [ 78.040316976341273, 17.4712717614326 ], [ 78.040697489102087, 17.457675906060349 ], [ 78.062767229228768, 17.448612002478846 ], [ 78.063147741989567, 17.448960614155055 ], [ 78.064669793032792, 17.442336992307034 ], [ 78.071519022727273, 17.415842504914952 ], [ 78.071519022727273, 17.413402223181468 ], [ 78.051351846404614, 17.412007776476621 ], [ 78.018627748975405, 17.352395179844432 ], [ 78.012920057563335, 17.341936829558083 ], [ 78.007592878912064, 17.332175702624156 ], [ 78.005309802347242, 17.327992362509615 ], [ 78.014822621367358, 17.311956225403883 ], [ 78.047166206035769, 17.295222864945721 ], [ 78.043361078427722, 17.275003387725448 ], [ 78.059342614381521, 17.251297793743056 ], [ 78.050971333643815, 17.23526165663732 ], [ 78.06961645892325, 17.230729704846567 ], [ 78.06390876751118, 17.210858839302503 ], [ 78.046785693274956, 17.208418557569022 ], [ 78.044122103949334, 17.168676826480898 ], [ 78.016344672410582, 17.165539321394991 ], [ 78.016344672410582, 17.165539321394991 ], [ 77.991611342958265, 17.128237872040344 ], [ 77.990089291915055, 17.103486443029318 ], [ 77.954321092399397, 17.099303102914778 ], [ 77.934153916076752, 17.086055859218739 ], [ 77.934534428837551, 17.085707247542526 ], [ 77.933773403315939, 17.085358635866314 ], [ 77.945188786140093, 17.078037790665871 ], [ 77.922738533252613, 17.063396100264981 ], [ 77.934914941598365, 17.028186320967606 ], [ 77.978293396330102, 17.010058513804598 ], [ 77.999602110935172, 16.979729297974185 ], [ 77.999602110935172, 16.979729297974185 ] ] ] ] } },
{ "type": "Feature", "properties": { "dt_code": "745", "district": "Wanaparthy", "st_code": "36", "year": "2016_c", "st_nm": "Telangana" }, "geometry": { "type": "Polygon", "coordinates": [ [ [ 78.248076943740685, 15.971544330370117 ], [ 78.221441050484344, 15.944004007949397 ], [ 78.157895419429948, 15.950976241473629 ], [ 78.14609952384501, 15.971544330370117 ], [ 78.13620619206408, 15.996295759381143 ], [ 78.13049850065201, 15.99769020608599 ], [ 78.06961645892325, 16.014423566544149 ], [ 78.029282106277947, 16.059743084451661 ], [ 77.947091349944117, 16.11900706940764 ], [ 77.931870839511916, 16.193261356440722 ], [ 77.912464688710884, 16.212783610308573 ], [ 77.775099582060349, 16.306908762885715 ], [ 77.681493442902379, 16.355017174202924 ], [ 77.67540523872951, 16.361640796050946 ], [ 77.667794983513417, 16.361989407727155 ], [ 77.660945753818922, 16.36268663107958 ], [ 77.672361136643062, 16.388832506795453 ], [ 77.713076002049178, 16.400336692110436 ], [ 77.717261642418038, 16.431014519617062 ], [ 77.742755997391953, 16.399290857081802 ], [ 77.751127278129658, 16.403474197196342 ], [ 77.749224714325635, 16.387786671766818 ], [ 77.761781635432186, 16.394061681938627 ], [ 77.754171380216093, 16.421253392683134 ], [ 77.793364194578984, 16.421950616035559 ], [ 77.823424702682559, 16.40730892563467 ], [ 77.867944695696721, 16.426482567826309 ], [ 77.863759055327861, 16.446702045046585 ], [ 77.896102639996272, 16.451233996837338 ], [ 77.91626981631893, 16.442518704932045 ], [ 77.941383658532047, 16.500388243183178 ], [ 77.982098523938149, 16.50247991324045 ], [ 77.998080059891947, 16.531066070689803 ], [ 78.019388774497017, 16.530020235661169 ], [ 77.998080059891947, 16.554423052995983 ], [ 78.00416826406483, 16.568018908368238 ], [ 77.98894775363263, 16.592421725703051 ], [ 78.000363136456784, 16.594513395760323 ], [ 78.006070827868854, 16.608806474485 ], [ 78.041078001862886, 16.620310659799983 ], [ 78.061245178185544, 16.623448164885886 ], [ 78.076846201378544, 16.608806474485 ], [ 78.121366194392692, 16.592770337379264 ], [ 78.116039015741435, 16.5728994718352 ], [ 78.122507732675103, 16.552331382938714 ], [ 78.100057479787623, 16.487140999487135 ], [ 78.148002087649033, 16.4561145603043 ], [ 78.200893361400887, 16.447050656722798 ], [ 78.2012738741617, 16.409400595691938 ], [ 78.246935405458274, 16.415675605863751 ], [ 78.314286164120716, 16.37976860321395 ], [ 78.292977449515647, 16.326082405077358 ], [ 78.263677966933685, 16.332706026925379 ], [ 78.254165147913568, 16.288083732370289 ], [ 78.221060537723545, 16.303771257799813 ], [ 78.213450282507452, 16.321550453286605 ], [ 78.18985849133756, 16.321899064962818 ], [ 78.16284208532042, 16.296101800923157 ], [ 78.164364136363631, 16.267167031797591 ], [ 78.198990797596863, 16.259846186597144 ], [ 78.196707721032041, 16.208600270194033 ], [ 78.211167205942616, 16.200930813317377 ], [ 78.209264642138592, 16.180014112744679 ], [ 78.227148741896428, 16.174784937601505 ], [ 78.206220540052158, 16.107154272416444 ], [ 78.215733359072274, 16.09495286374904 ], [ 78.192522080663181, 16.08031117334815 ], [ 78.178443108513406, 16.08449451346269 ], [ 78.176160031948584, 16.067761153004529 ], [ 78.202415412444111, 16.054165297632277 ], [ 78.18985849133756, 16.041963888964869 ], [ 78.218016435637111, 16.02976248029746 ], [ 78.213069769746639, 16.010588838105821 ], [ 78.229431818461251, 16.001176322848107 ], [ 78.25644822447839, 16.008497168048549 ], [ 78.259872839325638, 15.998736041114626 ], [ 78.248076943740685, 15.971544330370117 ] ] ] } },
{ "type": "Feature", "properties": { "dt_code": "749", "district": "Warangal Rural", "st_code": "36", "year": "2016_c", "st_nm": "Telangana" }, "geometry": { "type": "Polygon", "coordinates": [ [ [ 79.572641864102081, 17.621523393879819 ], [ 79.563890070603577, 17.618385888793913 ], [ 79.540298279433685, 17.637908142661768 ], [ 79.524316743479886, 17.633027579194803 ], [ 79.522414179675863, 17.661265124967947 ], [ 79.489690082246653, 17.663008183349003 ], [ 79.481318801508948, 17.674860980340199 ], [ 79.490451107768251, 17.69612629258911 ], [ 79.480938288748135, 17.705190196170612 ], [ 79.504149567157228, 17.724363838362255 ], [ 79.480938288748135, 17.745280538934953 ], [ 79.490451107768251, 17.754344442516455 ], [ 79.505291105439639, 17.748766655697068 ], [ 79.514423411698957, 17.774215308060519 ], [ 79.514423411698957, 17.794783396957005 ], [ 79.514423411698957, 17.794783396957005 ], [ 79.551333149497026, 17.787113940080349 ], [ 79.564651096125189, 17.79548062030943 ], [ 79.559704430234731, 17.808030640653048 ], [ 79.559704430234731, 17.808030640653048 ], [ 79.593950578707151, 17.823369554406359 ], [ 79.602321859444856, 17.822323719377724 ], [ 79.621728010245903, 17.828947341225746 ], [ 79.618683908159468, 17.876009917514317 ], [ 79.633904418591655, 17.872523800752202 ], [ 79.636948520678089, 17.896229394734593 ], [ 79.652930056631902, 17.904944686639883 ], [ 79.644939288654996, 17.907384968373364 ], [ 79.65216903111029, 17.9234211054791 ], [ 79.656735184239949, 17.93387945576545 ], [ 79.640753648286136, 17.955841991366785 ], [ 79.640753648286136, 17.956190603042995 ], [ 79.640753648286136, 17.956190603042995 ], [ 79.649505441784655, 17.969437846739037 ], [ 79.622108523006716, 17.973272575177365 ], [ 79.640373135525337, 17.984776760492352 ], [ 79.643036724850973, 18.000812897598085 ], [ 79.632762880309244, 18.011271247884437 ], [ 79.651788518349477, 18.011271247884437 ], [ 79.671575181911322, 18.02730738499017 ], [ 79.651027492827865, 18.042297687067272 ], [ 79.620966984724291, 18.039857405333791 ], [ 79.623250061289127, 18.068094951106932 ], [ 79.603463397727282, 18.096332496880077 ], [ 79.604985448770492, 18.116900585776563 ], [ 79.625913650614763, 18.124221430977009 ], [ 79.622108523006716, 18.137468674673048 ], [ 79.601180321162445, 18.141652014787589 ], [ 79.612595703986585, 18.188365979399951 ], [ 79.5969946807936, 18.198127106333875 ], [ 79.597755706315198, 18.215209078468245 ], [ 79.577969042753352, 18.242749400888965 ], [ 79.585959810730259, 18.259831373023335 ], [ 79.620586471963492, 18.262271654756816 ], [ 79.633523905830856, 18.284582802034365 ], [ 79.652549543871089, 18.252510527822892 ], [ 79.660540311847996, 18.253207751175314 ], [ 79.697069536885252, 18.277610568510131 ], [ 79.704299279340546, 18.271684170014531 ], [ 79.695166973081228, 18.251116081118045 ], [ 79.710767996274214, 18.241006342507909 ], [ 79.722563891859167, 18.209631291648861 ], [ 79.73588183848733, 18.205099339858108 ], [ 79.724085942902391, 18.194292377895547 ], [ 79.757951578614012, 18.170935395589368 ], [ 79.767844910394942, 18.152110365073938 ], [ 79.83938130942623, 18.133285334558511 ], [ 79.819594645864385, 18.113065857338235 ], [ 79.814647979973927, 18.091800545089324 ], [ 79.88732591728764, 18.098075555261133 ], [ 79.884662327962005, 18.085874146593728 ], [ 79.936412063431447, 18.083782476536456 ], [ 79.957720778036517, 18.089360263355843 ], [ 79.979410005402386, 18.112020022309601 ], [ 79.991966926508951, 18.107488070518848 ], [ 79.981312569206409, 18.060774105906489 ], [ 79.979410005402386, 18.020335151465936 ], [ 79.993869490312974, 18.000812897598085 ], [ 79.985878722336068, 17.953750321309514 ], [ 79.97674641607675, 17.952355874604667 ], [ 79.994250003073773, 17.917146095307292 ], [ 79.994250003073773, 17.889605772886572 ], [ 79.97522436503354, 17.861368227113431 ], [ 79.952774112146059, 17.860671003761006 ], [ 79.947066420733989, 17.835570963073767 ], [ 79.938695139996284, 17.840800138216942 ], [ 79.915483861587191, 17.798966737071545 ], [ 79.910537195696719, 17.813608427472435 ], [ 79.875530021702687, 17.80837925232926 ], [ 79.883520789679579, 17.779444483203694 ], [ 79.903687966002238, 17.761665287716898 ], [ 79.893414121460509, 17.730290236857851 ], [ 79.869061304769005, 17.742491645525259 ], [ 79.863734126117734, 17.719483274895289 ], [ 79.821497209668408, 17.713556876399693 ], [ 79.824541311754842, 17.695080457560476 ], [ 79.791056188804021, 17.708676312932731 ], [ 79.767844910394942, 17.686713777331395 ], [ 79.721422353576756, 17.701006856056075 ], [ 79.714192611121462, 17.683924883921705 ], [ 79.691361845473182, 17.686713777331395 ], [ 79.682610051974663, 17.654641503119926 ], [ 79.661301337369594, 17.649412327976751 ], [ 79.6536910821535, 17.628147015727841 ], [ 79.616400831594632, 17.621872005556032 ], [ 79.613737242269011, 17.636165084280709 ], [ 79.577588529992553, 17.628495627404053 ], [ 79.572641864102081, 17.621523393879819 ] ] ] } },
{ "type": "Feature", "properties": { "dt_code": "540", "district": "Warangal Urban", "st_code": "36", "year": "2016_c", "st_nm": "Telangana" }, "geometry": { "type": "Polygon", "coordinates": [ [ [ 79.514423411698957, 17.794783396957005 ], [ 79.514423411698957, 17.818837602615609 ], [ 79.490831620529065, 17.82127788434909 ], [ 79.503008028874817, 17.862762673818274 ], [ 79.503388541635616, 17.864505732199333 ], [ 79.490831620529065, 17.88054186930507 ], [ 79.482460339791359, 17.891000219591419 ], [ 79.481699314269747, 17.892046054620053 ], [ 79.4778941866617, 17.887862714505513 ], [ 79.459249061382266, 17.874964082485683 ], [ 79.448975216840537, 17.879147422600223 ], [ 79.443267525428467, 17.910871085135483 ], [ 79.443267525428467, 17.911219696811695 ], [ 79.442887012667669, 17.911219696811695 ], [ 79.420056247019374, 17.895880783058381 ], [ 79.394561892045459, 17.908082191725789 ], [ 79.388854200633389, 17.900761346525343 ], [ 79.342812156576002, 17.921329435421832 ], [ 79.324167031296568, 17.94398919437559 ], [ 79.267470629936668, 17.952704486280879 ], [ 79.270895244783901, 17.97850175032054 ], [ 79.263284989567808, 17.983730925463714 ], [ 79.229038841095388, 17.991400382340373 ], [ 79.230180379377799, 17.99976706256945 ], [ 79.260621400242172, 18.002904567655357 ], [ 79.261762938524598, 18.034628230190616 ], [ 79.281930114847242, 18.065654669373451 ], [ 79.283452165890466, 18.075067184631166 ], [ 79.29106242110656, 18.089360263355843 ], [ 79.293726010432195, 18.123872819300797 ], [ 79.301336265648288, 18.130147829472605 ], [ 79.327211133383017, 18.14827563663561 ], [ 79.365642922224296, 18.139908956406533 ], [ 79.379341381613273, 18.156642316864691 ], [ 79.396844968610282, 18.147927024959401 ], [ 79.399128045175118, 18.166054832122406 ], [ 79.426144451192258, 18.162220103684078 ], [ 79.442506499906855, 18.159779821950593 ], [ 79.447453165797313, 18.159082598598172 ], [ 79.461912650707902, 18.164311773741346 ], [ 79.473708546292855, 18.229850768869134 ], [ 79.53192699869598, 18.236125779040943 ], [ 79.534590588021615, 18.235079944012309 ], [ 79.536493151825638, 18.236823002393368 ], [ 79.539537253912073, 18.238914672450637 ], [ 79.550191611214601, 18.247281352679718 ], [ 79.551713662257825, 18.263666101461663 ], [ 79.553235713301049, 18.267152218223782 ], [ 79.556279815387484, 18.265757771518935 ], [ 79.563129045081965, 18.262968878109241 ], [ 79.564651096125189, 18.262968878109241 ], [ 79.582154683122212, 18.256693867937432 ], [ 79.577969042753352, 18.242749400888965 ], [ 79.597755706315198, 18.215209078468245 ], [ 79.5969946807936, 18.198127106333875 ], [ 79.612595703986585, 18.188365979399951 ], [ 79.601180321162445, 18.141652014787589 ], [ 79.622108523006716, 18.137468674673048 ], [ 79.625913650614763, 18.124221430977009 ], [ 79.604985448770492, 18.116900585776563 ], [ 79.603463397727282, 18.096332496880077 ], [ 79.623250061289127, 18.068094951106932 ], [ 79.620966984724291, 18.039857405333791 ], [ 79.651027492827865, 18.042297687067272 ], [ 79.671575181911322, 18.02730738499017 ], [ 79.651788518349477, 18.011271247884437 ], [ 79.632762880309244, 18.011271247884437 ], [ 79.643036724850973, 18.000812897598085 ], [ 79.640373135525337, 17.984776760492352 ], [ 79.622108523006716, 17.973272575177365 ], [ 79.649505441784655, 17.969437846739037 ], [ 79.640753648286136, 17.956190603042995 ], [ 79.640753648286136, 17.956190603042995 ], [ 79.640753648286136, 17.955841991366785 ], [ 79.656735184239949, 17.93387945576545 ], [ 79.65216903111029, 17.9234211054791 ], [ 79.644939288654996, 17.907384968373364 ], [ 79.652930056631902, 17.904944686639883 ], [ 79.636948520678089, 17.896229394734593 ], [ 79.633904418591655, 17.872523800752202 ], [ 79.618683908159468, 17.876009917514317 ], [ 79.621728010245903, 17.828947341225746 ], [ 79.602321859444856, 17.822323719377724 ], [ 79.593950578707151, 17.823369554406359 ], [ 79.559704430234731, 17.808030640653048 ], [ 79.559704430234731, 17.808030640653048 ], [ 79.564651096125189, 17.79548062030943 ], [ 79.551333149497026, 17.787113940080349 ], [ 79.514423411698957, 17.794783396957005 ] ] ] } },
{ "type": "Feature", "properties": { "dt_code": "747", "district": "Yadadri Bhuvanagiri", "st_code": "36", "year": "2016_c", "st_nm": "Telangana" }, "geometry": { "type": "Polygon", "coordinates": [ [ [ 78.867551718330844, 17.825112612787418 ], [ 78.866410180048433, 17.810122310710319 ], [ 78.899514790238456, 17.804893135567141 ], [ 78.907505558215348, 17.8125625924438 ], [ 78.948600936382263, 17.788159775108983 ], [ 78.99045734007079, 17.793737561928371 ], [ 78.990837852831589, 17.793737561928371 ], [ 79.001492210134131, 17.7707291912984 ], [ 78.995784518722061, 17.75085832575434 ], [ 79.025084001304023, 17.712859653047268 ], [ 79.037640922410588, 17.709373536285153 ], [ 79.046012203148294, 17.72610689674331 ], [ 79.068842968796574, 17.71913466321908 ], [ 79.09966450242176, 17.677649873749893 ], [ 79.130105523286147, 17.672072086930509 ], [ 79.134671676415792, 17.64278870612873 ], [ 79.157502442064086, 17.621872005556032 ], [ 79.151414237891203, 17.587359449611078 ], [ 79.167776286605815, 17.575506652619882 ], [ 79.172342439735473, 17.542388543379776 ], [ 79.185279873602838, 17.540994096674929 ], [ 79.184138335320412, 17.530187134712371 ], [ 79.19745628194859, 17.521123231130865 ], [ 79.232463455942622, 17.527746852978886 ], [ 79.242356787723551, 17.501600977263013 ], [ 79.229799866616986, 17.496720413796051 ], [ 79.253772170547691, 17.472666208137447 ], [ 79.255294221590916, 17.471968984785025 ], [ 79.274700372391948, 17.497766248824686 ], [ 79.293726010432195, 17.486610675185915 ], [ 79.28535472969449, 17.469180091375332 ], [ 79.327972158904615, 17.450703672536115 ], [ 79.359174205290614, 17.482427335071375 ], [ 79.369828562593142, 17.482427335071375 ], [ 79.419675734258576, 17.432227253696897 ], [ 79.423480861866622, 17.421071680058127 ], [ 79.424622400149033, 17.415842504914952 ], [ 79.424241887388234, 17.415145281562527 ], [ 79.412445991803281, 17.399109144456791 ], [ 79.415109581128917, 17.392834134284982 ], [ 79.416631632172127, 17.389348017522867 ], [ 79.421958810823398, 17.376100773826824 ], [ 79.442125987146056, 17.358670190016241 ], [ 79.453541369970196, 17.345074334643986 ], [ 79.450497267883762, 17.345074334643986 ], [ 79.447833678558126, 17.346468781348833 ], [ 79.374014202962002, 17.343679887939139 ], [ 79.332157799273475, 17.359367413368666 ], [ 79.328352671665428, 17.359367413368666 ], [ 79.295628574236218, 17.359716025044875 ], [ 79.260240887481373, 17.360064636721088 ], [ 79.250728068461257, 17.358670190016241 ], [ 79.248064479135621, 17.315442342165998 ], [ 79.219526022075257, 17.313699283784938 ], [ 79.205066537164683, 17.262104755705614 ], [ 79.184138335320412, 17.273260329344389 ], [ 79.178050131147543, 17.251646405419265 ], [ 79.156741416542474, 17.259664473972133 ], [ 79.155599878260062, 17.281278397897257 ], [ 79.117168089418783, 17.277792281135142 ], [ 79.103469630029807, 17.242582501837763 ], [ 78.981705546572286, 17.279535339516197 ], [ 78.986652212462744, 17.250600570390631 ], [ 78.973714778595379, 17.214693567740834 ], [ 78.957352729880782, 17.199006042311311 ], [ 78.992740416635613, 17.155429582784855 ], [ 78.97333426583458, 17.128935095392769 ], [ 78.951264525707899, 17.132072600478672 ], [ 78.928433760059619, 17.081175295751773 ], [ 78.915115813431441, 17.090587811009488 ], [ 78.913213249627418, 17.089193364304641 ], [ 78.909408122019371, 17.085707247542526 ], [ 78.902178379564077, 17.078735014018292 ], [ 78.894187611587185, 17.051543303273785 ], [ 78.89114350950075, 17.044222458073339 ], [ 78.882772228763045, 17.049103021540304 ], [ 78.84167685059613, 17.07385445055133 ], [ 78.841296337835317, 17.071414168817849 ], [ 78.815421470100603, 17.096165597828875 ], [ 78.819226597708649, 17.109064229848705 ], [ 78.833305569858425, 17.103486443029318 ], [ 78.832925057097611, 17.112898958287033 ], [ 78.832925057097611, 17.112898958287033 ], [ 78.775848142976898, 17.151246242670315 ], [ 78.775467630216099, 17.151594854346527 ], [ 78.789166089605061, 17.16484209804257 ], [ 78.759105581501487, 17.213996344388409 ], [ 78.79791788310358, 17.202840770749638 ], [ 78.816182495622201, 17.21225328600735 ], [ 78.818846084947836, 17.228986646465511 ], [ 78.819226597708649, 17.232124151551414 ], [ 78.753397890089417, 17.26105892067698 ], [ 78.741221481743665, 17.295920088298146 ], [ 78.762149683587936, 17.303589545174802 ], [ 78.753397890089417, 17.329386809214462 ], [ 78.719912767138595, 17.328340974185828 ], [ 78.706975333271231, 17.346468781348833 ], [ 78.716107639530549, 17.359018801692454 ], [ 78.73246968824516, 17.354138238225488 ], [ 78.737416354135618, 17.386210512436961 ], [ 78.737416354135618, 17.386210512436961 ], [ 78.737416354135618, 17.386210512436961 ], [ 78.738938405178843, 17.395971639370888 ], [ 78.740079943461254, 17.39666886272331 ], [ 78.754919941132641, 17.404686931276178 ], [ 78.7594860942623, 17.426998078553723 ], [ 78.751114813524595, 17.438153652192497 ], [ 78.760627632544711, 17.460464799470042 ], [ 78.751495326285394, 17.4712717614326 ], [ 78.716868665052161, 17.468134256346698 ], [ 78.709258409836067, 17.476152324899566 ], [ 78.712302511922502, 17.520774619454656 ], [ 78.694798924925479, 17.551452446961278 ], [ 78.705453282228021, 17.55772745713309 ], [ 78.676534312406858, 17.575855264296095 ], [ 78.691374310078245, 17.584570556201385 ], [ 78.686427644187773, 17.595028906487734 ], [ 78.702028667380773, 17.611413655269683 ], [ 78.685286105905362, 17.621872005556032 ], [ 78.711160973640091, 17.639999812719036 ], [ 78.723717894746642, 17.668237358492178 ], [ 78.726761996833091, 17.669283193520815 ], [ 78.729806098919525, 17.667888746815969 ], [ 78.734752764809983, 17.673117921959143 ], [ 78.77660916849851, 17.69159434079836 ], [ 78.788405064083463, 17.701704079408497 ], [ 78.781936347149781, 17.711116594666212 ], [ 78.815421470100603, 17.70205269108471 ], [ 78.821509674273472, 17.739354140439353 ], [ 78.841296337835317, 17.752601384135396 ], [ 78.859560950353952, 17.75085832575434 ], [ 78.867551718330844, 17.825112612787418 ] ] ] } },
{ "type": "Feature", "properties": { "dt_code": "753", "district": "Bhadradri Kothagudem", "st_code": "36", "year": "2016_c", "st_nm": "Telangana" }, "geometry": { "type": "Polygon", "coordinates": [ [ [ 80.755656037444112, 18.169540948884521 ], [ 80.799034492175863, 18.171632618941789 ], [ 80.82414833438898, 18.194292377895547 ], [ 80.823767821628167, 18.239611895803062 ], [ 80.843554485190026, 18.235777167364734 ], [ 80.866004738077507, 18.233336885631253 ], [ 80.872473455011189, 18.213814631763398 ], [ 80.853067304210143, 18.205447951534321 ], [ 80.866765763599105, 18.140257568082742 ], [ 80.914329858699702, 18.144440908197282 ], [ 80.957708313431453, 18.176861794084964 ], [ 80.979017028036523, 18.178953464142236 ], [ 80.97863651527571, 18.15420203513121 ], [ 80.955425236866617, 18.132588111206086 ], [ 80.949337032693748, 18.086222758269937 ], [ 80.969504209016392, 18.047875473886659 ], [ 80.964177030365136, 18.041600463714847 ], [ 80.998423178837555, 17.916797483631079 ], [ 80.996520615033532, 17.849166818446022 ], [ 81.008316510618485, 17.798269513719124 ], [ 81.046748299459765, 17.782233376613387 ], [ 81.085560601061857, 17.797920902042911 ], [ 81.104205726341291, 17.772123638003247 ], [ 81.058163682283904, 17.733079130267544 ], [ 81.040660095286896, 17.747720820668434 ], [ 80.991193436382275, 17.749812490725702 ], [ 80.973309336624453, 17.780141706556115 ], [ 80.885410888878539, 17.735868023677238 ], [ 80.89492370789867, 17.703098526113344 ], [ 80.885791401639352, 17.681135990512011 ], [ 80.904817039679585, 17.677301262073684 ], [ 80.897967809985104, 17.668934581844603 ], [ 80.912427294895679, 17.657779008205829 ], [ 80.910905243852469, 17.637908142661768 ], [ 80.861438584947848, 17.634422025899649 ], [ 80.849642689362895, 17.622220617232244 ], [ 80.855350380774965, 17.602001140011968 ], [ 80.969504209016392, 17.59816641157364 ], [ 81.019731893442625, 17.520077396102231 ], [ 81.080233422410586, 17.515196832635269 ], [ 81.097737009407609, 17.504389870672707 ], [ 81.127417004750384, 17.526352406274039 ], [ 81.138451874813711, 17.516242667663903 ], [ 81.142257002421758, 17.488702345243183 ], [ 81.159760589418781, 17.484519005128643 ], [ 81.148345206594641, 17.463602304555945 ], [ 81.175361612611781, 17.463602304555945 ], [ 81.172317510525346, 17.448960614155055 ], [ 81.193245712369603, 17.435713370459013 ], [ 81.202758531389719, 17.433970312077957 ], [ 81.205422120715355, 17.44965783750748 ], [ 81.268587239008951, 17.418282786648433 ], [ 81.310063129936665, 17.409916106419352 ], [ 81.321098, 17.38795357081802 ], [ 81.305116464046208, 17.346120169672623 ], [ 81.273914417660222, 17.317185400547057 ], [ 81.190582123043967, 17.324854857423713 ], [ 81.176503150894192, 17.287553408069066 ], [ 81.187538020957533, 17.254783910505171 ], [ 81.173839561568556, 17.230381093170358 ], [ 81.079472396888974, 17.215390791093256 ], [ 81.054739067436671, 17.224803306350971 ], [ 81.031147276266779, 17.190290750406017 ], [ 80.99423753846871, 17.191336585434652 ], [ 80.941346264716842, 17.219225519531584 ], [ 80.865243712555895, 17.235958879989742 ], [ 80.876278582619236, 17.264893649115308 ], [ 80.859155508383012, 17.364596588511841 ], [ 80.831758589605073, 17.363202141806994 ], [ 80.81273295156484, 17.337056266091118 ], [ 80.778867315853205, 17.33740487776733 ], [ 80.775442701005971, 17.308121496965555 ], [ 80.760983216095383, 17.314047895461151 ], [ 80.748426294988832, 17.291388136507393 ], [ 80.722551427254103, 17.305332603555861 ], [ 80.693251944672141, 17.289296466450125 ], [ 80.692490919150529, 17.288947854773912 ], [ 80.682978100130413, 17.296617311650568 ], [ 80.679933998043964, 17.337753489443543 ], [ 80.645687849571544, 17.346468781348833 ], [ 80.646068362332343, 17.360064636721088 ], [ 80.63427246674739, 17.362853530130781 ], [ 80.62856477533532, 17.338799324472177 ], [ 80.614866315946358, 17.342982664586717 ], [ 80.609539137295087, 17.35622990828276 ], [ 80.619432469076017, 17.371568822036071 ], [ 80.606114522447839, 17.382375783998633 ], [ 80.592416063058877, 17.38202717232242 ], [ 80.582142218517149, 17.356927131635182 ], [ 80.55626735078242, 17.341239606205658 ], [ 80.555886838021621, 17.368082705273956 ], [ 80.540285814828621, 17.360761860073509 ], [ 80.53495863617735, 17.384118842379692 ], [ 80.50109300046573, 17.366688258569109 ], [ 80.466085826471684, 17.370522987007437 ], [ 80.477120696535025, 17.384816065732114 ], [ 80.446299162909838, 17.410613329771778 ], [ 80.406345323025334, 17.421071680058127 ], [ 80.375904302160961, 17.416888339943586 ], [ 80.431459165238451, 17.497417637148473 ], [ 80.396832504005218, 17.528095464655099 ], [ 80.361064304489574, 17.500903753910592 ], [ 80.360303278967962, 17.486262063509702 ], [ 80.346604819578985, 17.485216228481068 ], [ 80.339755589884504, 17.522517677835712 ], [ 80.343560717492551, 17.535067698179333 ], [ 80.356117638599116, 17.531232969741005 ], [ 80.368674559705667, 17.567837195743227 ], [ 80.323774053930705, 17.560864962218993 ], [ 80.28838636717586, 17.572369147533976 ], [ 80.28267867576379, 17.563305243952474 ], [ 80.292191494783907, 17.555984398752031 ], [ 80.280776111959767, 17.542737155055988 ], [ 80.233592529619969, 17.56644274903838 ], [ 80.230167914772736, 17.552498281989916 ], [ 80.202009970473185, 17.558076068809299 ], [ 80.22331868507824, 17.606184480126508 ], [ 80.209620225689278, 17.613853937003164 ], [ 80.206956636363643, 17.652898444738867 ], [ 80.221035608513418, 17.660916513291735 ], [ 80.236636631706418, 17.655338726472348 ], [ 80.248432527291357, 17.738308305410719 ], [ 80.259467397354697, 17.750161102401915 ], [ 80.247671501769744, 17.824415389434996 ], [ 80.276970984351721, 17.881239092657491 ], [ 80.267458165331604, 17.928650280622275 ], [ 80.270502267418038, 17.943291971023164 ], [ 80.275068420547697, 17.966300341653135 ], [ 80.294474571348744, 17.964557283272075 ], [ 80.30969508178093, 17.975364245234637 ], [ 80.316163798714612, 17.995932334131123 ], [ 80.341277640927728, 18.01440875297034 ], [ 80.346604819578985, 18.036719900247885 ], [ 80.39188583811476, 18.081690806479187 ], [ 80.431459165238451, 18.060076882554064 ], [ 80.445157624627427, 18.067049116078298 ], [ 80.456573007451567, 18.060425494230277 ], [ 80.465324800950086, 18.090406098384477 ], [ 80.486253002794342, 18.073672737926319 ], [ 80.542188378632645, 18.116203362424141 ], [ 80.563877605998513, 18.056242154115736 ], [ 80.571107348453808, 18.055196319087102 ], [ 80.586327858885994, 18.067049116078298 ], [ 80.602309394839793, 18.082736641507822 ], [ 80.616388366989568, 18.118295032481409 ], [ 80.635033492269002, 18.10957974057612 ], [ 80.643024260245909, 18.125267266005643 ], [ 80.623237596684064, 18.12945060612018 ], [ 80.632369902943367, 18.142349238140014 ], [ 80.66128887276453, 18.131193664501239 ], [ 80.681456049087188, 18.165706220446193 ], [ 80.696296046758576, 18.15838537524575 ], [ 80.682217074608801, 18.147927024959401 ], [ 80.698579123323398, 18.127010324386699 ], [ 80.714560659277197, 18.12666171271049 ], [ 80.754895011922514, 18.073672737926319 ], [ 80.754514499161701, 18.161522880331653 ], [ 80.754514499161701, 18.169540948884521 ], [ 80.755656037444112, 18.169540948884521 ] ] ] } },
{ "type": "Feature", "properties": { "dt_code": "750", "district": "Jayashankar Bhupalapally", "st_code": "36", "year": "2016_c", "st_nm": "Telangana" }, "geometry": { "type": "Polygon", "coordinates": [ [ [ 80.267838678092403, 18.589966630395761 ], [ 80.232070478576759, 18.556151297803233 ], [ 80.232070478576759, 18.55580268612702 ], [ 80.216849968144558, 18.389514916574068 ], [ 80.172710487891209, 18.349424573809728 ], [ 80.112589471684061, 18.392652421659971 ], [ 80.073777170081968, 18.388120469869222 ], [ 80.042194610935169, 18.404156606974958 ], [ 79.989683849944115, 18.386377411488162 ], [ 79.922333091281672, 18.406248277032226 ], [ 79.891131044895687, 18.399276043507992 ], [ 79.899502325633392, 18.371038497734851 ], [ 79.95391565042847, 18.339663446875804 ], [ 79.944402831408354, 18.318398134626893 ], [ 79.89303360869971, 18.317003687922046 ], [ 79.881998738636369, 18.299224492435251 ], [ 79.889228481091664, 18.285280025386786 ], [ 79.853460281576005, 18.259831373023335 ], [ 79.844327975316688, 18.214511855115823 ], [ 79.862973100596122, 18.20300766980084 ], [ 79.836337207339795, 18.186274309342679 ], [ 79.844327975316688, 18.15838537524575 ], [ 79.858787460227276, 18.150367306692882 ], [ 79.842044898751865, 18.132588111206086 ], [ 79.83938130942623, 18.133285334558511 ], [ 79.767844910394942, 18.152110365073938 ], [ 79.757951578614012, 18.170935395589368 ], [ 79.724085942902391, 18.194292377895547 ], [ 79.73588183848733, 18.205099339858108 ], [ 79.722563891859167, 18.209631291648861 ], [ 79.710767996274214, 18.241006342507909 ], [ 79.695166973081228, 18.251116081118045 ], [ 79.704299279340546, 18.271684170014531 ], [ 79.697069536885252, 18.277610568510131 ], [ 79.660540311847996, 18.253207751175314 ], [ 79.652549543871089, 18.252510527822892 ], [ 79.633523905830856, 18.284582802034365 ], [ 79.620586471963492, 18.262271654756816 ], [ 79.585959810730259, 18.259831373023335 ], [ 79.577969042753352, 18.242749400888965 ], [ 79.582154683122212, 18.256693867937432 ], [ 79.564651096125189, 18.262968878109241 ], [ 79.563129045081965, 18.262968878109241 ], [ 79.563129045081965, 18.263317489785454 ], [ 79.559704430234731, 18.299921715787676 ], [ 79.576446991710142, 18.309334231045391 ], [ 79.579491093796577, 18.348727350457306 ], [ 79.580632632078988, 18.41322051055646 ], [ 79.566934172690011, 18.424027472519018 ], [ 79.578349555514166, 18.436577492862639 ], [ 79.588242887295081, 18.44773306650141 ], [ 79.590145451099104, 18.452265018292163 ], [ 79.587862374534282, 18.462026145226091 ], [ 79.595472629750375, 18.468301155397899 ], [ 79.598897244597623, 18.471438660483802 ], [ 79.60270237220567, 18.474576165569708 ], [ 79.612215191225786, 18.463769203607146 ], [ 79.622869548528314, 18.486428962560904 ], [ 79.64227569932936, 18.475622000598342 ], [ 79.670053130868112, 18.480153952389095 ], [ 79.705821330383756, 18.520592906829645 ], [ 79.711909534556639, 18.560683249593982 ], [ 79.724846968424004, 18.573581881613816 ], [ 79.791436701564834, 18.573233269937603 ], [ 79.803993622671385, 18.621341681254808 ], [ 79.830629515927725, 18.655505625523549 ], [ 79.830629515927725, 18.680605666210788 ], [ 79.809320801322656, 18.702916813488333 ], [ 79.807037724757834, 18.705008483545605 ], [ 79.820355671385997, 18.719998785622703 ], [ 79.824541311754842, 18.724182125737244 ], [ 79.824160798994043, 18.724530737413456 ], [ 79.817692082060361, 18.757997458329772 ], [ 79.846991564642323, 18.793904460979572 ], [ 79.846611051881524, 18.794253072655785 ], [ 79.824921824515656, 18.828068405248313 ], [ 79.832532079731749, 18.863975407898113 ], [ 79.835576181818183, 18.867461524660229 ], [ 79.845850026359912, 18.86815874801265 ], [ 79.851938230532795, 18.86536985460296 ], [ 79.866778228204183, 18.836086473801181 ], [ 79.868300279247393, 18.835389250448756 ], [ 79.872866432377052, 18.832948968715275 ], [ 79.88732591728764, 18.826325346867254 ], [ 79.913961810543967, 18.825976735191041 ], [ 79.913961810543967, 18.826325346867254 ], [ 79.962667443926975, 18.77473081878793 ], [ 80.018602819765277, 18.770547478673393 ], [ 80.052848968237711, 18.725227960765878 ], [ 80.114872548248883, 18.681651501239422 ], [ 80.165100232675115, 18.700825143431064 ], [ 80.177657153781666, 18.683743171296694 ], [ 80.196682791821914, 18.680954277887 ], [ 80.212664327775713, 18.705705706898026 ], [ 80.233592529619969, 18.70256820181212 ], [ 80.279254060916543, 18.721044620651337 ], [ 80.343180204731752, 18.597984698948629 ], [ 80.267838678092403, 18.589966630395761 ] ] ] } },
{ "type": "Feature", "properties": { "dt_code": "781", "district": "Narayanpet", "st_code": "36", "year": "2019", "st_nm": "Telangana" }, "geometry": { "type": "Polygon", "coordinates": [ [ [ 77.660945753818922, 16.36268663107958 ], [ 77.643822679582712, 16.363383854432001 ], [ 77.642300628539488, 16.36268663107958 ], [ 77.638876013692254, 16.363035242755792 ], [ 77.600824737611774, 16.343164377211728 ], [ 77.573427818833821, 16.340724095478247 ], [ 77.523580647168401, 16.375933874775622 ], [ 77.489715011456781, 16.384997778357125 ], [ 77.441009378073772, 16.380814438242584 ], [ 77.41932015070789, 16.366172747841695 ], [ 77.288043248230252, 16.408703372339517 ], [ 77.262168380495524, 16.45193122018976 ], [ 77.235913, 16.472499309086245 ], [ 77.294131452403121, 16.476682649200786 ], [ 77.29869760553278, 16.496204903068637 ], [ 77.329519139157966, 16.486095164458501 ], [ 77.369092466281671, 16.488535446191982 ], [ 77.377844259780176, 16.51363548687922 ], [ 77.41932015070789, 16.52235077878451 ], [ 77.418939637947091, 16.548845266176595 ], [ 77.403719127514904, 16.551285547910076 ], [ 77.393064770212362, 16.570110578425506 ], [ 77.423886303837548, 16.569064743396872 ], [ 77.439867839791347, 16.587192550559877 ], [ 77.462318092678828, 16.585449492178817 ], [ 77.4672647585693, 16.59869673587486 ], [ 77.467645271330099, 16.609852309513634 ], [ 77.453566299180324, 16.616824543037868 ], [ 77.476016552067804, 16.650291263954184 ], [ 77.462318092678828, 16.654125992392512 ], [ 77.43454066114009, 16.641227360372682 ], [ 77.418939637947091, 16.668419071117189 ], [ 77.463840143722052, 16.676437139670057 ], [ 77.469928347894935, 16.687592713308831 ], [ 77.474113988263781, 16.716527482434397 ], [ 77.447097582246641, 16.720710822548938 ], [ 77.438345788748137, 16.711646918967432 ], [ 77.426169380402385, 16.721408045901359 ], [ 77.443292454638595, 16.762544223694334 ], [ 77.439487327030548, 16.78903871108642 ], [ 77.4672647585693, 16.780323419181126 ], [ 77.476397064828618, 16.788341487733994 ], [ 77.456990914027571, 16.830174888879391 ], [ 77.464220656482865, 16.85074297777588 ], [ 77.453946811941137, 16.913841691170187 ], [ 77.469547835134122, 16.919070866313362 ], [ 77.466123220286889, 16.953932033934525 ], [ 77.523200134407602, 16.948354247115137 ], [ 77.515970391952308, 16.933363945038039 ], [ 77.525102698211626, 16.925345876485171 ], [ 77.537659619318177, 16.930226439952133 ], [ 77.555543719075999, 16.902337505855201 ], [ 77.557446282880022, 16.902686117531413 ], [ 77.596639097242914, 16.914190302846396 ], [ 77.59321448239568, 16.930575051628345 ], [ 77.603488326937409, 16.946611188734082 ], [ 77.623274990499254, 16.95288619890589 ], [ 77.624036016020867, 16.984261249764938 ], [ 77.644203192343511, 16.990187648260534 ], [ 77.654096524124441, 17.005526562013848 ], [ 77.632026783997759, 17.001343221899308 ], [ 77.635070886084193, 17.010058513804598 ], [ 77.663228830383758, 17.031672437729721 ], [ 77.687201134314449, 17.020516864090947 ], [ 77.714598053092402, 17.040387729635011 ], [ 77.727535486959766, 17.038296059577743 ], [ 77.730960101807, 17.028883544320028 ], [ 77.765967275801046, 17.021911310795794 ], [ 77.760259584388976, 17.002389056927942 ], [ 77.750366252608046, 16.95288619890589 ], [ 77.730199076285388, 16.943822295324388 ], [ 77.740472920827116, 16.938244508505001 ], [ 77.746180612239186, 16.910704186084281 ], [ 77.727535486959766, 16.850394366099668 ], [ 77.743897535674364, 16.827385995469697 ], [ 77.72943805076379, 16.811001246687752 ], [ 77.741614459109542, 16.793222051200956 ], [ 77.711173438245154, 16.792873439524747 ], [ 77.70812933615872, 16.78311231259082 ], [ 77.679590879098356, 16.794965109582016 ], [ 77.674263700447085, 16.776837302419011 ], [ 77.679590879098356, 16.756617825198735 ], [ 77.726774461438154, 16.75138865005556 ], [ 77.745419586717588, 16.739535853064364 ], [ 77.753410354694481, 16.72384832763484 ], [ 77.749224714325635, 16.693519111804427 ], [ 77.76482573751862, 16.688289936661253 ], [ 77.773577531017139, 16.654823215744937 ], [ 77.797930347708643, 16.63042039841012 ], [ 77.799071885991054, 16.616475931361656 ], [ 77.781187786233232, 16.615778708009231 ], [ 77.787656503166914, 16.574293918540047 ], [ 77.778524196907597, 16.565230014958544 ], [ 77.749605227086434, 16.566624461663391 ], [ 77.768630865126681, 16.484700717753654 ], [ 77.739331382544705, 16.466224298914437 ], [ 77.751127278129658, 16.403474197196342 ], [ 77.742755997391953, 16.399290857081802 ], [ 77.717261642418038, 16.431014519617062 ], [ 77.713076002049178, 16.400336692110436 ], [ 77.672361136643062, 16.388832506795453 ], [ 77.660945753818922, 16.36268663107958 ] ] ] } }
]
}
