{
"type": "FeatureCollection",
"name": "uttar_pradesh",
"crs": { "type": "name", "properties": { "name": "urn:ogc:def:crs:OGC:1.3:CRS84" } },
"features": [
{ "type": "Feature", "properties": { "dt_code": "137", "district": "Amroha", "st_code": "09", "year": "2011_c", "st_nm": "Uttar Pradesh" }, "geometry": { "type": "Polygon", "coordinates": [ [ [ 78.072940871716355, 29.082354173358489 ], [ 78.134172683344033, 29.064933530902678 ], [ 78.134483504722866, 29.044296769839644 ], [ 78.161214143301436, 29.055017165197064 ], [ 78.214986241837423, 29.029556226223189 ], [ 78.245757558340671, 29.036524483205511 ], [ 78.27559641070745, 29.02419602854448 ], [ 78.285853516208533, 29.036256473321579 ], [ 78.290826658269665, 29.02339199889267 ], [ 78.320043867878809, 29.030360255874996 ], [ 78.346774506457393, 29.01749578144609 ], [ 78.372572680899509, 29.026876127383833 ], [ 78.386559642946438, 29.020979909937253 ], [ 78.449656382847039, 29.058233283804292 ], [ 78.490684804851369, 29.042420700652094 ], [ 78.517415443429954, 29.068417659393841 ], [ 78.532645690992169, 29.064665521018743 ], [ 78.530469941340428, 29.060913382643648 ], [ 78.529537477203959, 29.060913382643648 ], [ 78.530159119961596, 29.060109352991837 ], [ 78.549740866827307, 29.042152690768159 ], [ 78.548808402690838, 29.040008611696674 ], [ 78.542281153735601, 29.027144137267769 ], [ 78.563106186116599, 29.020979909937253 ], [ 78.530469941340428, 28.970862061641309 ], [ 78.527672548931037, 28.96657390349834 ], [ 78.540727046841511, 28.96469783431079 ], [ 78.530780762719246, 28.955585498256983 ], [ 78.551916616479048, 28.942989033712013 ], [ 78.613459249485544, 28.944597093015627 ], [ 78.619675677061963, 28.917796104622074 ], [ 78.641433173579415, 28.903055561005619 ], [ 78.625270461880731, 28.891263126112456 ], [ 78.63614921013945, 28.886170938317683 ], [ 78.633351817730073, 28.876522582496001 ], [ 78.670028740430908, 28.866070197022516 ], [ 78.658839170793371, 28.848381544682773 ], [ 78.637703317033555, 28.839537218512898 ], [ 78.633040996351255, 28.843021347004061 ], [ 78.626513747396018, 28.834981050485993 ], [ 78.6262029260172, 28.83417702083419 ], [ 78.618121570167858, 28.823724635360705 ], [ 78.624027176365445, 28.818096427798057 ], [ 78.622162248092522, 28.806035983020958 ], [ 78.613148428106726, 28.809788121396053 ], [ 78.559997972328389, 28.800407775458311 ], [ 78.547254295796733, 28.784059172538242 ], [ 78.506847516550053, 28.787811310913341 ], [ 78.500631088973634, 28.776286885904113 ], [ 78.483225091759678, 28.788347330681212 ], [ 78.460224309726939, 28.777358925439856 ], [ 78.445926526301193, 28.791831459172375 ], [ 78.436291063557746, 28.779503004511341 ], [ 78.422304101510818, 28.790759419636633 ], [ 78.407384675327421, 28.782183103350697 ], [ 78.407695496706253, 28.781647083582826 ], [ 78.421993280132, 28.754042065537465 ], [ 78.410182067736812, 28.747341818439075 ], [ 78.417952602207336, 28.709552424804166 ], [ 78.406763032569785, 28.689451683509002 ], [ 78.424169029783741, 28.671227011401385 ], [ 78.39992496223573, 28.64898219103474 ], [ 78.412046996009735, 28.613872896239183 ], [ 78.432872028390719, 28.607708668908668 ], [ 78.424790672541391, 28.596988273551247 ], [ 78.439088455967138, 28.588679967149243 ], [ 78.422304101510818, 28.55357067235369 ], [ 78.434736956663642, 28.541510227576591 ], [ 78.41360110290384, 28.519265407209943 ], [ 78.427588064950768, 28.507740982200716 ], [ 78.411425353252099, 28.462447311815609 ], [ 78.390911142249934, 28.47557979612845 ], [ 78.337760686471597, 28.436718362957798 ], [ 78.304502798937776, 28.438326422261412 ], [ 78.304813620316594, 28.43779040249354 ], [ 78.30388115618014, 28.43779040249354 ], [ 78.297043085846084, 28.441006521100768 ], [ 78.289272551375561, 28.450654876922446 ], [ 78.258190413493494, 28.460035222860192 ], [ 78.254771378326467, 28.479599944387484 ], [ 78.269069161752213, 28.489248300209162 ], [ 78.262852734175809, 28.501040735102325 ], [ 78.22151349079266, 28.515245258950909 ], [ 78.20939145701864, 28.529449782799492 ], [ 78.198512708759921, 28.61038876774802 ], [ 78.210634742533927, 28.627005380552024 ], [ 78.210323921155108, 28.627005380552024 ], [ 78.210323921155108, 28.627005380552024 ], [ 78.210634742533927, 28.62727339043596 ], [ 78.204418314957508, 28.65729049743674 ], [ 78.198201887381103, 28.660238606160028 ], [ 78.200999279790494, 28.674711139892548 ], [ 78.199755994275208, 28.680339347455195 ], [ 78.199134351517557, 28.681679396874873 ], [ 78.163700714332009, 28.720540830045525 ], [ 78.163389892953177, 28.720540830045525 ], [ 78.163389892953177, 28.720808839929461 ], [ 78.167119749499037, 28.730189185867204 ], [ 78.170849606044882, 28.740641571340689 ], [ 78.13230775507111, 28.781647083582826 ], [ 78.12702379163116, 28.807376032440636 ], [ 78.142564860572193, 28.821312546405281 ], [ 78.142875681951011, 28.839001198745027 ], [ 78.116145043372441, 28.865534177254645 ], [ 78.120807364054755, 28.87839865168355 ], [ 78.087860297899752, 28.89099511622852 ], [ 78.108374508901917, 28.917796104622074 ], [ 78.099982331673758, 28.932268638354593 ], [ 78.081954691702165, 28.926104411024074 ], [ 78.074184157231642, 28.93548475696182 ], [ 78.09656329650673, 28.951297340114014 ], [ 78.077292371019851, 28.977562308739696 ], [ 78.068900193791691, 29.048316918098678 ], [ 78.049629268304813, 29.069221689045648 ], [ 78.072940871716355, 29.082354173358489 ] ] ] } },
{ "type": "Feature", "properties": { "dt_code": "705", "district": "Hapur", "st_code": "09", "year": "update2014", "st_nm": "Uttar Pradesh" }, "geometry": { "type": "Polygon", "coordinates": [ [ [ 78.120807364054755, 28.87839865168355 ], [ 78.116145043372441, 28.865534177254645 ], [ 78.142875681951011, 28.839001198745027 ], [ 78.142564860572193, 28.821312546405281 ], [ 78.12702379163116, 28.807376032440636 ], [ 78.13230775507111, 28.781647083582826 ], [ 78.170849606044882, 28.740641571340689 ], [ 78.167119749499037, 28.730189185867204 ], [ 78.163389892953177, 28.720808839929461 ], [ 78.163389892953177, 28.720540830045525 ], [ 78.163700714332009, 28.720540830045525 ], [ 78.199134351517557, 28.681679396874873 ], [ 78.199755994275208, 28.680339347455195 ], [ 78.200999279790494, 28.674711139892548 ], [ 78.198201887381103, 28.660238606160028 ], [ 78.204418314957508, 28.65729049743674 ], [ 78.210634742533927, 28.62727339043596 ], [ 78.210323921155108, 28.627005380552024 ], [ 78.210323921155108, 28.627005380552024 ], [ 78.172403712938987, 28.629149459623509 ], [ 78.151578680558003, 28.645498062543577 ], [ 78.13013200541937, 28.635313686954028 ], [ 78.089103583415039, 28.65487840848132 ], [ 78.079468120671592, 28.674175120124676 ], [ 78.068278551034055, 28.666402833490547 ], [ 78.018236309043914, 28.683287456178487 ], [ 78.0089116676793, 28.699636059098552 ], [ 77.986532528404211, 28.698296009678877 ], [ 77.962910103613837, 28.715180632366813 ], [ 77.930895501595302, 28.70097610851823 ], [ 77.915043611275451, 28.670959001517453 ], [ 77.900435006470872, 28.665330793954805 ], [ 77.911313754729605, 28.651126270106221 ], [ 77.901678291986158, 28.633705627650414 ], [ 77.855055085163059, 28.655146418365256 ], [ 77.838270730706739, 28.632901597998607 ], [ 77.795999023187122, 28.61708901484641 ], [ 77.777660561836697, 28.586535888077758 ], [ 77.755281422561609, 28.583051759586599 ], [ 77.747821709469918, 28.558930870032398 ], [ 77.719847785376061, 28.549550524094656 ], [ 77.685035790948135, 28.55598276130911 ], [ 77.683792505432848, 28.557858830496659 ], [ 77.677576077856443, 28.573671413648853 ], [ 77.667940615112997, 28.580907680515114 ], [ 77.647115582732013, 28.595916234015505 ], [ 77.61479015933466, 28.619769113685766 ], [ 77.624114800699289, 28.62727339043596 ], [ 77.612925231061737, 28.63799378579338 ], [ 77.587748699377258, 28.640673884632736 ], [ 77.561950524935142, 28.61896508403396 ], [ 77.547031098751745, 28.628077420087767 ], [ 77.566302024238638, 28.653002339293771 ], [ 77.545787813236473, 28.666670843374483 ], [ 77.546098634615291, 28.684895515482097 ], [ 77.565058738723351, 28.693471831768036 ], [ 77.580288986285566, 28.700440088750359 ], [ 77.615100980713478, 28.71598466201862 ], [ 77.605776339348864, 28.727509087027848 ], [ 77.6063979821065, 28.727777096911783 ], [ 77.607330446242969, 28.72858112656359 ], [ 77.613236052440556, 28.732601274822624 ], [ 77.61479015933466, 28.732065255054753 ], [ 77.639655869640322, 28.72429296842062 ], [ 77.640277512397958, 28.724024958536688 ], [ 77.640899155155594, 28.724024958536688 ], [ 77.655818581338991, 28.734209334126234 ], [ 77.656129402717809, 28.734477344010173 ], [ 77.67042718614357, 28.728849136447526 ], [ 77.682238398538757, 28.72429296842062 ], [ 77.687211540599876, 28.743321670180045 ], [ 77.689698111630449, 28.744125699831852 ], [ 77.690008933009267, 28.743321670180045 ], [ 77.720469428133697, 28.736621423081658 ], [ 77.747510888091099, 28.750289927162367 ], [ 77.770511670123824, 28.761546342287659 ], [ 77.775484812184956, 28.763958431243079 ], [ 77.776417276321425, 28.7663705201985 ], [ 77.779214668730802, 28.772534747529015 ], [ 77.787296024580144, 28.790223399868761 ], [ 77.797863951460045, 28.785667231841856 ], [ 77.836405802433816, 28.80469593360128 ], [ 77.862825619633568, 28.795851607431409 ], [ 77.86251479825475, 28.827744783619735 ], [ 77.853811799647772, 28.832300951646641 ], [ 77.867798761694701, 28.864462137718903 ], [ 77.913800325760164, 28.860709999343804 ], [ 77.933071251247057, 28.833909010950251 ], [ 77.94799067743044, 28.84677348537916 ], [ 77.961977639477368, 28.840877267932576 ], [ 77.974410494630206, 28.856421841200838 ], [ 78.002384418724063, 28.851329653406061 ], [ 78.024141915241515, 28.876522582496001 ], [ 78.034709842121416, 28.880006710987164 ], [ 78.064859515867028, 28.879202681335357 ], [ 78.092833439960884, 28.872234424353032 ], [ 78.120807364054755, 28.87839865168355 ] ] ] } },
{ "type": "Feature", "properties": { "dt_code": "150", "district": "Bareilly", "st_code": "09", "year": "2011_c", "st_nm": "Uttar Pradesh" }, "geometry": { "type": "Polygon", "coordinates": [ [ [ 79.682995614007552, 28.854545772013289 ], [ 79.675535900915847, 28.846237465611289 ], [ 79.674292615400574, 28.844897416191611 ], [ 79.678644114704056, 28.792099469056311 ], [ 79.667454545066519, 28.766102510314564 ], [ 79.689522862962789, 28.753238035885659 ], [ 79.690144505720426, 28.740641571340689 ], [ 79.673670972642924, 28.719468790509783 ], [ 79.655643332671332, 28.720004810277654 ], [ 79.627358587198643, 28.686503574785711 ], [ 79.634196657532698, 28.670154971865646 ], [ 79.621763802379874, 28.642549953820286 ], [ 79.636994049942089, 28.633705627650414 ], [ 79.627047765819825, 28.614944935774925 ], [ 79.639480620972648, 28.596184243899437 ], [ 79.640413085109117, 28.595380214247633 ], [ 79.66963029471826, 28.606904639256861 ], [ 79.681752328492266, 28.596720263667308 ], [ 79.677090007809952, 28.586535888077758 ], [ 79.7078613243132, 28.584391809006277 ], [ 79.687036291932216, 28.557590820612724 ], [ 79.687347113311034, 28.557054800844853 ], [ 79.693252719508635, 28.548210474674981 ], [ 79.723091571875415, 28.554910721773368 ], [ 79.722780750496597, 28.554642711889432 ], [ 79.708172145692032, 28.525697644424394 ], [ 79.735524427028253, 28.511761130459746 ], [ 79.728997178073016, 28.523017545585041 ], [ 79.751687138726922, 28.530253812451299 ], [ 79.751687138726922, 28.529181772915557 ], [ 79.75510617389395, 28.512565160111553 ], [ 79.781525991093716, 28.504524863593488 ], [ 79.781215169714883, 28.502648794405939 ], [ 79.775309563517297, 28.461375272279867 ], [ 79.791472275215966, 28.443686619940124 ], [ 79.788053240048939, 28.44207856063651 ], [ 79.770025600077346, 28.43377025423451 ], [ 79.766295743531501, 28.452530946109995 ], [ 79.754484531136313, 28.451994926342124 ], [ 79.751065495969286, 28.402949117581922 ], [ 79.728064713936547, 28.414205532707214 ], [ 79.696360933296845, 28.385528475126115 ], [ 79.733348677376497, 28.367571812902433 ], [ 79.724956500148338, 28.339698784973137 ], [ 79.696982576054481, 28.309681677972357 ], [ 79.738632640816448, 28.277252482016159 ], [ 79.741430033225839, 28.255543681417382 ], [ 79.739875926331734, 28.255275671533447 ], [ 79.719983358087205, 28.251523533158348 ], [ 79.716564322920178, 28.264656017471189 ], [ 79.709104609828486, 28.252863582578026 ], [ 79.701955718115613, 28.256615720953125 ], [ 79.712212823616696, 28.239731098265185 ], [ 79.689522862962789, 28.224454534880859 ], [ 79.697915040190949, 28.215610208710988 ], [ 79.697293397433299, 28.214538169175245 ], [ 79.682373971249902, 28.208909961612598 ], [ 79.658129903701891, 28.199797625558791 ], [ 79.668076187824155, 28.180500913915434 ], [ 79.650670190610199, 28.171656587745559 ], [ 79.648494440958459, 28.147803708075301 ], [ 79.635750764426803, 28.144051569700203 ], [ 79.646629512685536, 28.114570482467293 ], [ 79.658440725080709, 28.113766452815486 ], [ 79.646007869927885, 28.106530185949229 ], [ 79.65595415405015, 28.099829938850839 ], [ 79.652535118883122, 28.076781088832384 ], [ 79.623317909273979, 28.072224920805482 ], [ 79.601249591377709, 28.086161434770126 ], [ 79.575140595556775, 28.059092436492641 ], [ 79.558977883858091, 28.065524673707092 ], [ 79.551207349387582, 28.047836021367345 ], [ 79.531625602521871, 28.057752387072959 ], [ 79.510178927383251, 28.041135774268959 ], [ 79.519814390126683, 28.03255945798302 ], [ 79.50427332118565, 28.015406825411148 ], [ 79.487178145350512, 28.043011843456508 ], [ 79.495259501199854, 28.0542682585818 ], [ 79.506759892216223, 28.070616861501868 ], [ 79.509868106004419, 28.07517302952877 ], [ 79.505827428079755, 28.089377553377354 ], [ 79.496813608093959, 28.119930680146005 ], [ 79.496502786715141, 28.121002719681748 ], [ 79.496191965336308, 28.12127072956568 ], [ 79.485624038456407, 28.125290877824714 ], [ 79.464177363317788, 28.13386719411065 ], [ 79.458271757120187, 28.13627928306607 ], [ 79.439000831633308, 28.157452063896979 ], [ 79.424081405449911, 28.173800666817044 ], [ 79.403567194447746, 28.167904449370464 ], [ 79.373728342080966, 28.179964894147563 ], [ 79.358808915897569, 28.167636439486529 ], [ 79.337051419380117, 28.170584548209817 ], [ 79.330834991803698, 28.160400172620271 ], [ 79.318402136650874, 28.165492360415044 ], [ 79.324618564227293, 28.178356834843949 ], [ 79.310631602180365, 28.186933151129885 ], [ 79.258102789159665, 28.173800666817044 ], [ 79.228263936792871, 28.199529615674855 ], [ 79.186303050652086, 28.203549763933889 ], [ 79.176667587908639, 28.186397131362014 ], [ 79.153666805875915, 28.196045487183696 ], [ 79.143098878996, 28.190149269737113 ], [ 79.129422738327889, 28.204889813353567 ], [ 79.112638383871584, 28.201941704630276 ], [ 79.101137992855215, 28.220702396505764 ], [ 79.114192490765689, 28.238659058729443 ], [ 79.078758853580126, 28.265996066890867 ], [ 79.088394316323559, 28.299497302382807 ], [ 79.077204746686022, 28.313701826231391 ], [ 79.082488710125972, 28.325226251240618 ], [ 79.083110352883608, 28.326298290776361 ], [ 79.06073121360852, 28.33246251810688 ], [ 79.057312178441492, 28.352295249518107 ], [ 79.067880105321393, 28.371591961161464 ], [ 79.067569283942575, 28.371591961161464 ], [ 79.067569283942575, 28.371591961161464 ], [ 79.059177106714415, 28.383116386170691 ], [ 79.051406572243906, 28.384188425706434 ], [ 79.006959115072547, 28.390352653036953 ], [ 78.995769545434996, 28.411257423983923 ], [ 78.971525477886985, 28.421977819341343 ], [ 78.982715047524522, 28.436182343189927 ], [ 78.999499401980842, 28.428678066439733 ], [ 79.009756507481924, 28.442614580404381 ], [ 79.03027071848409, 28.44636671877948 ], [ 79.031203182620558, 28.461643282163802 ], [ 79.052649857759178, 28.47557979612845 ], [ 79.046433430182773, 28.486032181601935 ], [ 79.044879323288669, 28.488712280441291 ], [ 79.06974503359433, 28.485228151950132 ], [ 79.075028997034281, 28.508277001968587 ], [ 79.13004438108554, 28.515245258950909 ], [ 79.162991447240529, 28.548478484558913 ], [ 79.160194054831152, 28.560538929336012 ], [ 79.185059765136799, 28.575279472952467 ], [ 79.204952333381328, 28.571795344461307 ], [ 79.221115045079998, 28.614408916007054 ], [ 79.242250898839814, 28.62727339043596 ], [ 79.229507222308158, 28.637725775909445 ], [ 79.234169542990472, 28.659434576508225 ], [ 79.254683753992637, 28.664526764302998 ], [ 79.276752071888907, 28.687843624205389 ], [ 79.29540135461815, 28.731261225402946 ], [ 79.307212567013337, 28.743321670180045 ], [ 79.333943205591908, 28.740105551572817 ], [ 79.359741380034023, 28.752434006233852 ], [ 79.365336164852806, 28.762886391707337 ], [ 79.345443596608277, 28.775750866136242 ], [ 79.351970845563514, 28.784595192306114 ], [ 79.368444378641016, 28.771998727761144 ], [ 79.387404482749076, 28.777894945207727 ], [ 79.372485056565679, 28.788615340565148 ], [ 79.379944769657371, 28.810860160931796 ], [ 79.364403700716338, 28.833372991182383 ], [ 79.404188837205382, 28.832836971414512 ], [ 79.410094443402983, 28.852937712709675 ], [ 79.380255591036189, 28.859637959808062 ], [ 79.414445942706465, 28.870358355165486 ], [ 79.393620910325481, 28.878130641799615 ], [ 79.384917911718503, 28.895015264487554 ], [ 79.418486620631143, 28.887510987737357 ], [ 79.418486620631143, 28.90117949181807 ], [ 79.42190565579817, 28.897159343559039 ], [ 79.426567976480484, 28.891799145880327 ], [ 79.430919475783966, 28.886974967969486 ], [ 79.425635512344016, 28.867142236558259 ], [ 79.425635512344016, 28.866606216790387 ], [ 79.425635512344016, 28.866606216790387 ], [ 79.448014651619104, 28.868482285977937 ], [ 79.45174450816495, 28.87169840458516 ], [ 79.466663934348347, 28.87009034528155 ], [ 79.521679318399606, 28.864730147602838 ], [ 79.556491312827532, 28.899303422630524 ], [ 79.584154415542571, 28.879202681335357 ], [ 79.57358648866267, 28.854813781897224 ], [ 79.584465236921389, 28.846237465611289 ], [ 79.65595415405015, 28.869822335397615 ], [ 79.683617256765189, 28.855349801665096 ], [ 79.682995614007552, 28.854545772013289 ] ] ] } },
{ "type": "Feature", "properties": { "dt_code": "151", "district": "Pilibhit", "st_code": "09", "year": "2011_c", "st_nm": "Uttar Pradesh" }, "geometry": { "type": "Polygon", "coordinates": [ [ [ 79.701955718115613, 28.256615720953125 ], [ 79.709104609828486, 28.252863582578026 ], [ 79.716564322920178, 28.264656017471189 ], [ 79.719983358087205, 28.251523533158348 ], [ 79.739875926331734, 28.255275671533447 ], [ 79.741430033225839, 28.255543681417382 ], [ 79.738632640816448, 28.277252482016159 ], [ 79.696982576054481, 28.309681677972357 ], [ 79.724956500148338, 28.339698784973137 ], [ 79.733348677376497, 28.367571812902433 ], [ 79.696360933296845, 28.385528475126115 ], [ 79.728064713936547, 28.414205532707214 ], [ 79.751065495969286, 28.402949117581922 ], [ 79.754484531136313, 28.451994926342124 ], [ 79.766295743531501, 28.452530946109995 ], [ 79.770025600077346, 28.43377025423451 ], [ 79.788053240048939, 28.44207856063651 ], [ 79.791472275215966, 28.443686619940124 ], [ 79.775309563517297, 28.461375272279867 ], [ 79.781215169714883, 28.502648794405939 ], [ 79.781525991093716, 28.504524863593488 ], [ 79.75510617389395, 28.512565160111553 ], [ 79.751687138726922, 28.529181772915557 ], [ 79.751687138726922, 28.530253812451299 ], [ 79.728997178073016, 28.523017545585041 ], [ 79.735524427028253, 28.511761130459746 ], [ 79.708172145692032, 28.525697644424394 ], [ 79.722780750496597, 28.554642711889432 ], [ 79.723091571875415, 28.554910721773368 ], [ 79.693252719508635, 28.548210474674981 ], [ 79.687347113311034, 28.557054800844853 ], [ 79.687036291932216, 28.557590820612724 ], [ 79.7078613243132, 28.584391809006277 ], [ 79.677090007809952, 28.586535888077758 ], [ 79.681752328492266, 28.596720263667308 ], [ 79.66963029471826, 28.606904639256861 ], [ 79.640413085109117, 28.595380214247633 ], [ 79.639480620972648, 28.596184243899437 ], [ 79.627047765819825, 28.614944935774925 ], [ 79.636994049942089, 28.633705627650414 ], [ 79.621763802379874, 28.642549953820286 ], [ 79.634196657532698, 28.670154971865646 ], [ 79.627358587198643, 28.686503574785711 ], [ 79.655643332671332, 28.720004810277654 ], [ 79.673670972642924, 28.719468790509783 ], [ 79.690144505720426, 28.740641571340689 ], [ 79.689522862962789, 28.753238035885659 ], [ 79.667454545066519, 28.766102510314564 ], [ 79.678644114704056, 28.792099469056311 ], [ 79.674292615400574, 28.844897416191611 ], [ 79.675535900915847, 28.846237465611289 ], [ 79.682995614007552, 28.854545772013289 ], [ 79.706618038797927, 28.841145277816512 ], [ 79.726510607042442, 28.860978009227743 ], [ 79.745781532529335, 28.859905969692001 ], [ 79.749200567696363, 28.87169840458516 ], [ 79.783390919366639, 28.871430394701228 ], [ 79.797999524171203, 28.885634918549812 ], [ 79.799864452444126, 28.887510987737357 ], [ 79.813229771733418, 28.887242977853422 ], [ 79.818513735173369, 28.887242977853422 ], [ 79.819757020688655, 28.887242977853422 ], [ 79.833122339977947, 28.870894374933357 ], [ 79.844622730994303, 28.875182533076323 ], [ 79.849595873055435, 28.85936994992413 ], [ 79.840582053069639, 28.847845524914902 ], [ 79.830635768947374, 28.855349801665096 ], [ 79.836852196523793, 28.84007323828077 ], [ 79.823797698613319, 28.839001198745027 ], [ 79.837163017902611, 28.832300951646641 ], [ 79.82441934137097, 28.807376032440636 ], [ 79.816337985521628, 28.817024388262315 ], [ 79.808878272429936, 28.800139765574375 ], [ 79.849285051676617, 28.799603745806504 ], [ 79.846176837888407, 28.823188615592834 ], [ 79.863272013723545, 28.840341248164705 ], [ 79.87850226128576, 28.830424882459091 ], [ 79.888137724029207, 28.836589109789607 ], [ 79.894043330226793, 28.820508516753478 ], [ 79.914557541228959, 28.818632447565928 ], [ 79.915490005365427, 28.804427923717345 ], [ 79.87850226128576, 28.81488030919083 ], [ 79.869488441299964, 28.808448071976379 ], [ 79.87321829784581, 28.797459666735023 ], [ 79.901503043318499, 28.781915093466761 ], [ 79.939734072913438, 28.787811310913341 ], [ 79.924193003972405, 28.773338777180825 ], [ 79.943153108080466, 28.759938282984045 ], [ 79.938490787398166, 28.750557937046302 ], [ 79.954031856339199, 28.722952919000946 ], [ 80.03018309415026, 28.748681867858757 ], [ 80.061886874789977, 28.783255142886439 ], [ 80.068103302366382, 28.802819864413731 ], [ 80.051940590667712, 28.820508516753478 ], [ 80.064995088578186, 28.836857119673542 ], [ 80.075563015458087, 28.823724635360705 ], [ 80.119388829871795, 28.8274767737358 ], [ 80.216054278685036, 28.754578085305337 ], [ 80.250866273112962, 28.757258184144693 ], [ 80.265785699296345, 28.742785650412173 ], [ 80.256771879310548, 28.729117146331461 ], [ 80.277596911691532, 28.710892474223847 ], [ 80.294070444769034, 28.712768543411393 ], [ 80.320179440589968, 28.696687950375264 ], [ 80.325774225408736, 28.668814922445968 ], [ 80.314895477150017, 28.629149459623509 ], [ 80.343491044001524, 28.631561548578929 ], [ 80.371775789474199, 28.60208046134602 ], [ 80.393844107370469, 28.606904639256861 ], [ 80.394154928749288, 28.605028570069312 ], [ 80.39073589358226, 28.588679967149243 ], [ 80.398817249431602, 28.578763601443629 ], [ 80.442021421087674, 28.524893614772587 ], [ 80.447927027285274, 28.517925357790265 ], [ 80.433007601101878, 28.49058834962884 ], [ 80.401614641840993, 28.485764171718003 ], [ 80.390425072203442, 28.46968357868187 ], [ 80.335098866773365, 28.49246441881639 ], [ 80.308057406815962, 28.463519351351351 ], [ 80.35561307777553, 28.419029710618055 ], [ 80.378613859808254, 28.343450923348236 ], [ 80.358721291563739, 28.328978389615717 ], [ 80.317692869559409, 28.327102320428168 ], [ 80.323598475756995, 28.34505898265185 ], [ 80.314895477150017, 28.348275101259077 ], [ 80.290962230980824, 28.330050429151459 ], [ 80.28629991029851, 28.356047387893206 ], [ 80.250866273112962, 28.360335546036175 ], [ 80.266718163432813, 28.337018686133781 ], [ 80.258636807583471, 28.324958241356683 ], [ 80.270758841357477, 28.316113915186811 ], [ 80.268272270326918, 28.307001579133004 ], [ 80.222270706261455, 28.301105361686421 ], [ 80.227865491080223, 28.321742122749455 ], [ 80.209216208350981, 28.327906350079974 ], [ 80.183728855287683, 28.317989984374361 ], [ 80.179998998741837, 28.328442369847846 ], [ 80.166633679452545, 28.328710379731781 ], [ 80.155133288436176, 28.314505855883198 ], [ 80.14674111120803, 28.323350182053069 ], [ 80.149227682238589, 28.345595002419721 ], [ 80.125294436069396, 28.337822715785588 ], [ 80.104780225067231, 28.343986943116107 ], [ 80.096698869217889, 28.332998537874751 ], [ 80.090482441641484, 28.361943605339786 ], [ 80.074008908563982, 28.362479625107657 ], [ 80.0637518030629, 28.349883160562687 ], [ 80.047589091364216, 28.370251911741789 ], [ 80.016196132103332, 28.378292208259854 ], [ 80.015885310724514, 28.378024198375918 ], [ 80.00345245557169, 28.369179872206047 ], [ 79.996303563858802, 28.364355694295206 ], [ 79.973302781826078, 28.309681677972357 ], [ 79.985735636978902, 28.281540640159129 ], [ 79.985113994221265, 28.214806179059181 ], [ 79.994749456964698, 28.196045487183696 ], [ 79.993816992828243, 28.194973447647953 ], [ 79.984181530084797, 28.183181012754787 ], [ 79.985424815600084, 28.18076892379937 ], [ 79.996303563858802, 28.160668182504203 ], [ 79.995371099722348, 28.157184054013044 ], [ 79.985113994221265, 28.106530185949229 ], [ 79.967086354249659, 28.100901978386581 ], [ 79.936625859125229, 28.12127072956568 ], [ 79.930720252927642, 28.125290877824714 ], [ 79.913625077092505, 28.109210284788581 ], [ 79.911760148819582, 28.108138245252839 ], [ 79.896840722636185, 28.115106502235164 ], [ 79.897151544015003, 28.141371470860847 ], [ 79.915490005365427, 28.13467122376246 ], [ 79.90367879297024, 28.142175500512653 ], [ 79.915800826744245, 28.148071717959233 ], [ 79.901503043318499, 28.155307984825495 ], [ 79.914557541228959, 28.167368429602593 ], [ 79.885029510240997, 28.178088824960014 ], [ 79.889691830923311, 28.193633398228275 ], [ 79.857988050283595, 28.201941704630276 ], [ 79.866380227511755, 28.217486277898537 ], [ 79.855190657874218, 28.233566870934666 ], [ 79.826905912401529, 28.233834880818605 ], [ 79.835608911008507, 28.211054040684083 ], [ 79.829081662053269, 28.205693843005374 ], [ 79.841203695827289, 28.196045487183696 ], [ 79.818202913794551, 28.173532656933109 ], [ 79.823797698613319, 28.166564399950786 ], [ 79.797067060034749, 28.158256093548786 ], [ 79.760079315955082, 28.184253052290529 ], [ 79.739565104952916, 28.182913002870855 ], [ 79.739565104952916, 28.182913002870855 ], [ 79.744849068392867, 28.200065635442726 ], [ 79.744849068392867, 28.200601655210598 ], [ 79.728375535315365, 28.197117526719438 ], [ 79.723091571875415, 28.206229862773245 ], [ 79.751376317348104, 28.227670653488087 ], [ 79.718740072571933, 28.236514979657958 ], [ 79.701955718115613, 28.256615720953125 ] ] ] } },
{ "type": "Feature", "properties": { "dt_code": "142", "district": "Bulandshahr", "st_code": "09", "year": "2011_c", "st_nm": "Uttar Pradesh" }, "geometry": { "type": "Polygon", "coordinates": [ [ [ 78.210323921155108, 28.627005380552024 ], [ 78.210634742533927, 28.627005380552024 ], [ 78.198512708759921, 28.61038876774802 ], [ 78.20939145701864, 28.529449782799492 ], [ 78.22151349079266, 28.515245258950909 ], [ 78.262852734175809, 28.501040735102325 ], [ 78.269069161752213, 28.489248300209162 ], [ 78.254771378326467, 28.479599944387484 ], [ 78.258190413493494, 28.460035222860192 ], [ 78.289272551375561, 28.450654876922446 ], [ 78.297043085846084, 28.441006521100768 ], [ 78.30388115618014, 28.43779040249354 ], [ 78.304813620316594, 28.43779040249354 ], [ 78.307611012725985, 28.427874036787927 ], [ 78.311030047893013, 28.423585878644957 ], [ 78.310097583756544, 28.41876170073412 ], [ 78.308232655483621, 28.411257423983923 ], [ 78.307300191347167, 28.406701255957021 ], [ 78.279015445874478, 28.389012603617275 ], [ 78.270001625888682, 28.366499773366691 ], [ 78.28398858793561, 28.357655447196819 ], [ 78.312894976165936, 28.274304373292868 ], [ 78.354545040927903, 28.269748205265966 ], [ 78.354545040927903, 28.26948019538203 ], [ 78.368842824353663, 28.234906920354348 ], [ 78.395884284311066, 28.211054040684083 ], [ 78.401168247751016, 28.183449022638726 ], [ 78.459291845590485, 28.149679777262847 ], [ 78.459602666969303, 28.14887574761104 ], [ 78.460535131105772, 28.148071717959233 ], [ 78.477008664183259, 28.114302472583358 ], [ 78.478562771077364, 28.11296242316368 ], [ 78.444683240785906, 28.08187327662716 ], [ 78.444683240785906, 28.081605266743225 ], [ 78.424479851162559, 28.093397701636388 ], [ 78.424479851162559, 28.093397701636388 ], [ 78.424479851162559, 28.093397701636388 ], [ 78.412357817388553, 28.083213326046838 ], [ 78.412357817388553, 28.083213326046838 ], [ 78.387492107082906, 28.104922126645615 ], [ 78.387492107082906, 28.104922126645615 ], [ 78.387492107082906, 28.104922126645615 ], [ 78.370707752626586, 28.09607780047574 ], [ 78.368842824353663, 28.130651075503426 ], [ 78.339314793365702, 28.146731668539559 ], [ 78.339314793365702, 28.146731668539559 ], [ 78.339314793365702, 28.146731668539559 ], [ 78.295178157573162, 28.113766452815486 ], [ 78.233324703187833, 28.112426403395808 ], [ 78.2131213135645, 28.093665711520323 ], [ 78.203796672199871, 28.100901978386581 ], [ 78.179863426030678, 28.077049098716319 ], [ 78.158727572270877, 28.080265217323547 ], [ 78.125158863358237, 28.059628456260512 ], [ 78.112726008205414, 28.068740792314319 ], [ 78.119874899918287, 28.08776949407374 ], [ 78.099049867537303, 28.110014314440392 ], [ 78.077914013777487, 28.101437998154452 ], [ 78.080400584808061, 28.11966267026207 ], [ 78.061129659321182, 28.113230433047615 ], [ 78.031912449712024, 28.129043016199812 ], [ 77.993681420117085, 28.077853128368126 ], [ 77.960423532583278, 28.090717602797032 ], [ 77.932138787110588, 28.085893424886191 ], [ 77.935247000898798, 28.095809790591808 ], [ 77.92343578850361, 28.104386106877744 ], [ 77.915043611275451, 28.099025909199032 ], [ 77.864068905148855, 28.14056744120904 ], [ 77.842622230010235, 28.137619332485748 ], [ 77.849771121723109, 28.156916044129108 ], [ 77.840757301737298, 28.178892854611821 ], [ 77.84044648035848, 28.178624844727885 ], [ 77.80532366455175, 28.162812261575688 ], [ 77.808431878339945, 28.148071717959233 ], [ 77.782322882519011, 28.148071717959233 ], [ 77.772687419775579, 28.136547292950006 ], [ 77.753105672909868, 28.158792113316657 ], [ 77.752484030152232, 28.159596142968461 ], [ 77.738497068105303, 28.136547292950006 ], [ 77.733213104665339, 28.128238986548006 ], [ 77.726064212952465, 28.136815302833941 ], [ 77.720158606754879, 28.136815302833941 ], [ 77.72233435640662, 28.141103460976911 ], [ 77.731969819150066, 28.157452063896979 ], [ 77.706482466086769, 28.163616291227495 ], [ 77.706793287465587, 28.181036933683306 ], [ 77.728550783983039, 28.210518020916211 ], [ 77.715496286072565, 28.216950258130666 ], [ 77.71394217917846, 28.235442940122219 ], [ 77.698401110237427, 28.2375870191937 ], [ 77.688144004736344, 28.279932580855515 ], [ 77.724199284679543, 28.295209144239841 ], [ 77.723577641921906, 28.306733569249069 ], [ 77.737875425347653, 28.317989984374361 ], [ 77.716117928830201, 28.332730527990815 ], [ 77.716428750209033, 28.35336728905385 ], [ 77.667318972355361, 28.380436287331339 ], [ 77.667318972355361, 28.401073048394373 ], [ 77.682860041296394, 28.419297720501991 ], [ 77.660791723400123, 28.428946076323669 ], [ 77.676021970962339, 28.446098708895541 ], [ 77.661102544778942, 28.451190896690317 ], [ 77.667318972355361, 28.445294679243737 ], [ 77.65675104547546, 28.425193937948571 ], [ 77.632817799306267, 28.427338017020055 ], [ 77.651156260656677, 28.461911292047738 ], [ 77.625358086214561, 28.477187855432064 ], [ 77.622871515184002, 28.478795914735677 ], [ 77.686279076463421, 28.511761130459746 ], [ 77.69249550403984, 28.535346000246072 ], [ 77.683792505432848, 28.557858830496659 ], [ 77.685035790948135, 28.55598276130911 ], [ 77.719847785376061, 28.549550524094656 ], [ 77.747821709469918, 28.558930870032398 ], [ 77.755281422561609, 28.583051759586599 ], [ 77.777660561836697, 28.586535888077758 ], [ 77.795999023187122, 28.61708901484641 ], [ 77.838270730706739, 28.632901597998607 ], [ 77.855055085163059, 28.655146418365256 ], [ 77.901678291986158, 28.633705627650414 ], [ 77.911313754729605, 28.651126270106221 ], [ 77.900435006470872, 28.665330793954805 ], [ 77.915043611275451, 28.670959001517453 ], [ 77.930895501595302, 28.70097610851823 ], [ 77.962910103613837, 28.715180632366813 ], [ 77.986532528404211, 28.698296009678877 ], [ 78.0089116676793, 28.699636059098552 ], [ 78.018236309043914, 28.683287456178487 ], [ 78.068278551034055, 28.666402833490547 ], [ 78.079468120671592, 28.674175120124676 ], [ 78.089103583415039, 28.65487840848132 ], [ 78.13013200541937, 28.635313686954028 ], [ 78.151578680558003, 28.645498062543577 ], [ 78.172403712938987, 28.629149459623509 ], [ 78.210323921155108, 28.627005380552024 ] ] ] } },
{ "type": "Feature", "properties": { "dt_code": "141", "district": "Gautam Buddha Nagar", "st_code": "09", "year": "2011_c", "st_nm": "Uttar Pradesh" }, "geometry": { "type": "Polygon", "coordinates": [ [ [ 77.566302024238638, 28.653002339293771 ], [ 77.547031098751745, 28.628077420087767 ], [ 77.561950524935142, 28.61896508403396 ], [ 77.587748699377258, 28.640673884632736 ], [ 77.612925231061737, 28.63799378579338 ], [ 77.624114800699289, 28.62727339043596 ], [ 77.61479015933466, 28.619769113685766 ], [ 77.647115582732013, 28.595916234015505 ], [ 77.667940615112997, 28.580907680515114 ], [ 77.677576077856443, 28.573671413648853 ], [ 77.683792505432848, 28.557858830496659 ], [ 77.69249550403984, 28.535346000246072 ], [ 77.686279076463421, 28.511761130459746 ], [ 77.622871515184002, 28.478795914735677 ], [ 77.625358086214561, 28.477187855432064 ], [ 77.651156260656677, 28.461911292047738 ], [ 77.632817799306267, 28.427338017020055 ], [ 77.65675104547546, 28.425193937948571 ], [ 77.667318972355361, 28.445294679243737 ], [ 77.661102544778942, 28.451190896690317 ], [ 77.676021970962339, 28.446098708895541 ], [ 77.660791723400123, 28.428946076323669 ], [ 77.682860041296394, 28.419297720501991 ], [ 77.667318972355361, 28.401073048394373 ], [ 77.667318972355361, 28.380436287331339 ], [ 77.716428750209033, 28.35336728905385 ], [ 77.716117928830201, 28.332730527990815 ], [ 77.737875425347653, 28.317989984374361 ], [ 77.723577641921906, 28.306733569249069 ], [ 77.724199284679543, 28.295209144239841 ], [ 77.688144004736344, 28.279932580855515 ], [ 77.698401110237427, 28.2375870191937 ], [ 77.71394217917846, 28.235442940122219 ], [ 77.715496286072565, 28.216950258130666 ], [ 77.728550783983039, 28.210518020916211 ], [ 77.706793287465587, 28.181036933683306 ], [ 77.706482466086769, 28.163616291227495 ], [ 77.731969819150066, 28.157452063896979 ], [ 77.72233435640662, 28.141103460976911 ], [ 77.720158606754879, 28.136815302833941 ], [ 77.726064212952465, 28.136815302833941 ], [ 77.733213104665339, 28.128238986548006 ], [ 77.724199284679543, 28.113230433047615 ], [ 77.726685855710116, 28.105458146413486 ], [ 77.722955999164256, 28.094737751056066 ], [ 77.715185464693747, 28.089377553377354 ], [ 77.7055500019503, 28.088305513841611 ], [ 77.690319754388085, 28.090985612680967 ], [ 77.654575295823705, 28.12207475921749 ], [ 77.637480119988567, 28.103046057458066 ], [ 77.602046482803019, 28.119126650494199 ], [ 77.567234488375092, 28.088037503957676 ], [ 77.476474645759453, 28.085089395234384 ], [ 77.475542181622984, 28.086161434770126 ], [ 77.47460971748653, 28.086161434770126 ], [ 77.474920538865348, 28.086697454537997 ], [ 77.479582859547662, 28.100097948734774 ], [ 77.482069430578221, 28.1070662057171 ], [ 77.482380251957039, 28.106798195833164 ], [ 77.499475427792177, 28.094737751056066 ], [ 77.512219104323833, 28.124754858056843 ], [ 77.49139407194285, 28.136547292950006 ], [ 77.504137748474491, 28.145659629003816 ], [ 77.50196199882275, 28.161204202272074 ], [ 77.538017278765949, 28.166832409834722 ], [ 77.541125492554158, 28.170584548209817 ], [ 77.547031098751745, 28.1847890720584 ], [ 77.54547699185764, 28.187469170897756 ], [ 77.533354958083635, 28.189881259853177 ], [ 77.508800069156806, 28.186129121478078 ], [ 77.502894462959205, 28.185325091826272 ], [ 77.498542963655723, 28.184521062174468 ], [ 77.497299678140436, 28.20596185288931 ], [ 77.500718713307464, 28.205157823237503 ], [ 77.502272820201568, 28.204889813353567 ], [ 77.528381816022502, 28.19926160579092 ], [ 77.535219886356558, 28.210250011032279 ], [ 77.521232924309629, 28.224454534880859 ], [ 77.550450133918773, 28.242411197104541 ], [ 77.492637357458122, 28.25205955292622 ], [ 77.490772429185199, 28.271356264569576 ], [ 77.503516105716855, 28.280200590739451 ], [ 77.506935140883883, 28.305661529713326 ], [ 77.471190682319502, 28.334874607062297 ], [ 77.496367214003982, 28.34907913091088 ], [ 77.504759391232142, 28.369983901857854 ], [ 77.473366431971243, 28.397052900135343 ], [ 77.483312716093508, 28.40857732514457 ], [ 77.477717931274739, 28.419029710618055 ], [ 77.463420147848979, 28.415277572242957 ], [ 77.462487683712524, 28.424389908296764 ], [ 77.435446223755122, 28.431090155395154 ], [ 77.433581295482199, 28.454943035065416 ], [ 77.400012586569559, 28.455747064717222 ], [ 77.408093942418901, 28.46727148972645 ], [ 77.380430839703862, 28.470219598449741 ], [ 77.371727841096885, 28.498360636262973 ], [ 77.352146094231173, 28.499968695566583 ], [ 77.351524451473537, 28.499968695566583 ], [ 77.351213630094719, 28.502112774638068 ], [ 77.347483773548859, 28.520605456629621 ], [ 77.298684817074019, 28.564559077595046 ], [ 77.297130710179914, 28.565899127014724 ], [ 77.29775235293755, 28.567239176434402 ], [ 77.313293421878583, 28.596720263667308 ], [ 77.340334881835986, 28.608780708444407 ], [ 77.342199810108909, 28.609584738096217 ], [ 77.343753917003013, 28.61038876774802 ], [ 77.368930448687493, 28.608780708444407 ], [ 77.358362521807592, 28.617893044498217 ], [ 77.373281947990989, 28.622181202641187 ], [ 77.385714803143813, 28.651930299758028 ], [ 77.386647267280267, 28.654342388713449 ], [ 77.390998766583763, 28.634241647418285 ], [ 77.433581295482199, 28.622181202641187 ], [ 77.456582077514923, 28.63799378579338 ], [ 77.477407109895921, 28.62727339043596 ], [ 77.500407891928646, 28.64898219103474 ], [ 77.520300460173175, 28.648714181150801 ], [ 77.542057956690613, 28.633437617766475 ], [ 77.544855349100004, 28.651930299758028 ], [ 77.545166170478822, 28.653002339293771 ], [ 77.547652741509395, 28.651930299758028 ], [ 77.566302024238638, 28.653002339293771 ] ] ] } },
{ "type": "Feature", "properties": { "dt_code": "153", "district": "Lakhimpur Kheri", "st_code": "09", "year": "2011_c", "st_nm": "Uttar Pradesh" }, "geometry": { "type": "Polygon", "coordinates": [ [ [ 80.358721291563739, 28.328978389615717 ], [ 80.378613859808254, 28.343450923348236 ], [ 80.35561307777553, 28.419029710618055 ], [ 80.308057406815962, 28.463519351351351 ], [ 80.335098866773365, 28.49246441881639 ], [ 80.390425072203442, 28.46968357868187 ], [ 80.401614641840993, 28.485764171718003 ], [ 80.433007601101878, 28.49058834962884 ], [ 80.447927027285274, 28.517925357790265 ], [ 80.442021421087674, 28.524893614772587 ], [ 80.398817249431602, 28.578763601443629 ], [ 80.39073589358226, 28.588679967149243 ], [ 80.394154928749288, 28.605028570069312 ], [ 80.393844107370469, 28.606904639256861 ], [ 80.371775789474199, 28.60208046134602 ], [ 80.343491044001524, 28.631561548578929 ], [ 80.314895477150017, 28.629149459623509 ], [ 80.325463404029918, 28.666402833490547 ], [ 80.37705975291415, 28.628881449739573 ], [ 80.416223246645558, 28.639601845096994 ], [ 80.459116596922826, 28.624325281712668 ], [ 80.469373702423908, 28.582783749702664 ], [ 80.479630807924991, 28.587607927613501 ], [ 80.518172658898749, 28.552230622934012 ], [ 80.530605514051572, 28.572063354345239 ], [ 80.521591694065776, 28.576351512488209 ], [ 80.503564054094184, 28.664526764302998 ], [ 80.553295474705493, 28.691595762580487 ], [ 80.590283218785146, 28.679803327687324 ], [ 80.580026113284063, 28.6607746259279 ], [ 80.597432110498033, 28.656218457900998 ], [ 80.58966157602751, 28.647106121847187 ], [ 80.606135109105011, 28.651930299758028 ], [ 80.611108251166144, 28.638797815445187 ], [ 80.641257924911741, 28.643621993356028 ], [ 80.651515030412824, 28.634241647418285 ], [ 80.66736692073269, 28.642549953820286 ], [ 80.677002383476122, 28.604224540417505 ], [ 80.695651666205364, 28.603956530533569 ], [ 80.690367702765414, 28.587875937497436 ], [ 80.714300948934607, 28.56857922585408 ], [ 80.724247233056872, 28.575279472952467 ], [ 80.738545016482618, 28.565899127014724 ], [ 80.738545016482618, 28.575011463068531 ], [ 80.76869469022823, 28.565899127014724 ], [ 80.769316332985866, 28.550086543862527 ], [ 80.789208901230396, 28.54338629676414 ], [ 80.788587258472759, 28.524357595004716 ], [ 80.815628718430148, 28.520605456629621 ], [ 80.865981781799107, 28.489248300209162 ], [ 80.861319461116793, 28.504524863593488 ], [ 80.896442276923537, 28.506936952548909 ], [ 80.908253489318724, 28.497824616495102 ], [ 80.902347883121124, 28.478259894967806 ], [ 80.91509155965278, 28.457623133904772 ], [ 80.913848274137493, 28.468343529262192 ], [ 80.930321807214995, 28.457623133904772 ], [ 80.942133019610182, 28.468879549030063 ], [ 80.931875914109099, 28.45869517344051 ], [ 80.951146839595978, 28.455479054833287 ], [ 80.951457660974796, 28.447438758315222 ], [ 80.980053227826303, 28.454943035065416 ], [ 80.96451215888527, 28.437522392609605 ], [ 80.978499120932199, 28.434038264118442 ], [ 80.977255835416912, 28.442346570520446 ], [ 80.998702510555546, 28.45226293622606 ], [ 81.017351793284789, 28.450654876922446 ], [ 81.019838364315348, 28.430822145511218 ], [ 81.03009546981643, 28.438594432145347 ], [ 81.034757790498745, 28.427606026903991 ], [ 81.016730150527138, 28.415813592010828 ], [ 81.034757790498745, 28.399196979206824 ], [ 81.036001076014031, 28.413133493171472 ], [ 81.053407073227987, 28.404557176885536 ], [ 81.054339537364442, 28.403753147233729 ], [ 81.039730932559877, 28.374808079768691 ], [ 81.052785430470337, 28.366231763482755 ], [ 81.060866786319679, 28.36167559545585 ], [ 81.061177607698497, 28.360871565804047 ], [ 81.062731714592601, 28.357655447196819 ], [ 81.06832649941137, 28.344522962883978 ], [ 81.067394035274916, 28.342110873928558 ], [ 81.040663396696331, 28.285828798302099 ], [ 81.073610462851335, 28.272696313989258 ], [ 81.062110071834965, 28.230618762211378 ], [ 81.108422457279246, 28.213734139523439 ], [ 81.138572131024858, 28.155307984825495 ], [ 81.182708766817399, 28.13467122376246 ], [ 81.197317371621963, 28.101974017922323 ], [ 81.169654268906925, 28.059628456260512 ], [ 81.195763264727859, 28.008438568428822 ], [ 81.248292077748559, 27.954568581757783 ], [ 81.280306679767094, 27.941704107328878 ], [ 81.305483211451559, 27.907934861953002 ], [ 81.278441751494171, 27.884349992166676 ], [ 81.285901464585862, 27.862105171800025 ], [ 81.29460446319284, 27.838788311897634 ], [ 81.293982820435204, 27.838252292129763 ], [ 81.29460446319284, 27.836644232826149 ], [ 81.276266001842416, 27.815203442111308 ], [ 81.279995858388276, 27.807967175245047 ], [ 81.292739534919917, 27.783846285690849 ], [ 81.293671999056386, 27.781970216503304 ], [ 81.271603681160116, 27.750345050198909 ], [ 81.290252963889344, 27.713627696099742 ], [ 81.289631321131708, 27.707999488537098 ], [ 81.288388035616421, 27.695939043759999 ], [ 81.287144750101149, 27.685218648402575 ], [ 81.281549965282366, 27.681198500143545 ], [ 81.278130930115339, 27.678786411188124 ], [ 81.273779430811857, 27.675570292580897 ], [ 81.27315778805422, 27.675570292580897 ], [ 81.271603681160116, 27.675838302464832 ], [ 81.2504678274003, 27.678786411188124 ], [ 81.251711112915586, 27.680662480375673 ], [ 81.254197683946146, 27.684950638518639 ], [ 81.263211503931956, 27.699155162367223 ], [ 81.272225323917752, 27.698619142599352 ], [ 81.272225323917752, 27.699155162367223 ], [ 81.257616719113173, 27.714163715867613 ], [ 81.243629757066245, 27.729172269368004 ], [ 81.216899118487675, 27.71496774551942 ], [ 81.186438623363244, 27.728904259484068 ], [ 81.186438623363244, 27.728904259484068 ], [ 81.195141621970222, 27.753561168806137 ], [ 81.217520761245311, 27.749273010663167 ], [ 81.22062897503352, 27.752221119386459 ], [ 81.227156223988743, 27.759993406020588 ], [ 81.179600553029189, 27.78438230545872 ], [ 81.150694164798864, 27.78036215719969 ], [ 81.141058702055417, 27.805823096173565 ], [ 81.111219849688638, 27.78867046360169 ], [ 81.110287385552169, 27.789742503137433 ], [ 81.082935104215949, 27.821367669441827 ], [ 81.06894814216902, 27.824315778165115 ], [ 81.060245143562042, 27.811183293852274 ], [ 80.989999511948568, 27.824583788049051 ], [ 80.989377869190918, 27.824583788049051 ], [ 80.989688690569736, 27.825655827584793 ], [ 80.995905118146155, 27.868537409014479 ], [ 80.995905118146155, 27.868805418898415 ], [ 80.996215939524973, 27.868805418898415 ], [ 81.010202901571901, 27.877649745068286 ], [ 80.980053227826303, 27.888370140425707 ], [ 80.97228269335578, 27.895606407291965 ], [ 80.982539798856862, 27.90016257531887 ], [ 80.971039407840493, 27.906058792765453 ], [ 80.957674088551215, 27.899626555550999 ], [ 80.949592732701873, 27.87255755727351 ], [ 80.93715987754905, 27.873361586925316 ], [ 80.939957269958427, 27.857817013657058 ], [ 80.92876770032089, 27.845220549112089 ], [ 80.920064701713912, 27.849240697371119 ], [ 80.90669938242462, 27.834232143870729 ], [ 80.894577348650614, 27.85165278632654 ], [ 80.864427674905002, 27.824315778165115 ], [ 80.846710856312228, 27.825655827584793 ], [ 80.844224285281655, 27.804483046753887 ], [ 80.82588582393123, 27.790814542673175 ], [ 80.788898079851577, 27.8181515508346 ], [ 80.775221939183467, 27.80957523454866 ], [ 80.765586476440021, 27.816007471763115 ], [ 80.760924155757706, 27.806091106057501 ], [ 80.748180479226065, 27.812255333388016 ], [ 80.744139801301401, 27.795638720584016 ], [ 80.66892102762678, 27.830480005495634 ], [ 80.654312422822215, 27.817079511298857 ], [ 80.641879567669392, 27.839324331665505 ], [ 80.605202644968543, 27.750613060082845 ], [ 80.570701471919449, 27.751953109502523 ], [ 80.563863401585394, 27.752221119386459 ], [ 80.554538760220765, 27.770445791494076 ], [ 80.542727547825592, 27.772053850797686 ], [ 80.541484262310306, 27.772053850797686 ], [ 80.539930155416201, 27.796174740351887 ], [ 80.517240194762294, 27.810379264200467 ], [ 80.489887913426074, 27.775269969404913 ], [ 80.46844123828744, 27.7736619101013 ], [ 80.464089738983944, 27.757313307181235 ], [ 80.445129634875883, 27.771517831029819 ], [ 80.450102776937015, 27.749273010663167 ], [ 80.414047496993817, 27.744180822868394 ], [ 80.377992217050618, 27.706927449001356 ], [ 80.345355972274447, 27.701299241438708 ], [ 80.322355190241709, 27.68977481642948 ], [ 80.318314512317045, 27.686558697822253 ], [ 80.311165620604172, 27.680930490259609 ], [ 80.310233156467703, 27.680126460607802 ], [ 80.30308426475483, 27.682002529795351 ], [ 80.298732765451348, 27.683342579215029 ], [ 80.297489479936061, 27.683610589098961 ], [ 80.291894695117293, 27.708803518188901 ], [ 80.278529375828001, 27.710143567608579 ], [ 80.284434982025587, 27.730780328671617 ], [ 80.270448019978659, 27.730512318787682 ], [ 80.253042022764703, 27.757581317065171 ], [ 80.240298346233047, 27.750077040314974 ], [ 80.239365882096592, 27.765621613583235 ], [ 80.224135634534377, 27.762137485092072 ], [ 80.232216990383719, 27.771517831029819 ], [ 80.201445673880471, 27.775537979288849 ], [ 80.192742675273479, 27.760261415904523 ], [ 80.157930680845567, 27.770981811261947 ], [ 80.133997434676374, 27.750077040314974 ], [ 80.136173184328115, 27.777682058360334 ], [ 80.114415687810677, 27.773393900217364 ], [ 80.111307474022468, 27.783578275806917 ], [ 80.091414905777938, 27.783578275806917 ], [ 80.059711125138236, 27.77017778161014 ], [ 80.059711125138236, 27.759993406020588 ], [ 80.055981268592376, 27.76347753451175 ], [ 80.045724163091293, 27.813327372923759 ], [ 80.054116340319453, 27.819491600254278 ], [ 80.033912950696106, 27.833964133986797 ], [ 80.056292089971208, 27.849508707255055 ], [ 80.056602911350026, 27.855136914817702 ], [ 80.055670447213558, 27.864785270639381 ], [ 80.030493915529078, 27.901234614854612 ], [ 80.032669665180833, 27.924551474757003 ], [ 80.044480877576021, 27.922675405569457 ], [ 80.053494697561817, 27.938755998605586 ], [ 80.072454801669878, 27.940900077677071 ], [ 80.078671229246297, 27.928303613132101 ], [ 80.092036548535575, 27.934735850346556 ], [ 80.093901476808512, 27.959392759668624 ], [ 80.115037330568313, 27.972257234097526 ], [ 80.12467279331176, 28.002810360866178 ], [ 80.142700433283352, 28.007902548660951 ], [ 80.163836287043168, 28.033095477750891 ], [ 80.179688177363019, 28.027467270188247 ], [ 80.223203170397909, 28.066596713242834 ], [ 80.237811775202488, 28.059628456260512 ], [ 80.253974486901157, 28.09018158302916 ], [ 80.240919988990697, 28.103582077225937 ], [ 80.238122596581306, 28.144319579584138 ], [ 80.253352844143521, 28.167904449370464 ], [ 80.268893913084554, 28.1598641528524 ], [ 80.29469208752667, 28.162276241807817 ], [ 80.298111122693697, 28.163080271459624 ], [ 80.312098084740626, 28.192561358692533 ], [ 80.295935373041956, 28.203549763933889 ], [ 80.310543977846521, 28.233030851166795 ], [ 80.310854799225353, 28.27778850178403 ], [ 80.358721291563739, 28.328978389615717 ] ] ] } },
{ "type": "Feature", "properties": { "dt_code": "149", "district": "Budaun", "st_code": "09", "year": "2011_c", "st_nm": "Uttar Pradesh" }, "geometry": { "type": "Polygon", "coordinates": [ [ [ 78.971525477886985, 28.421977819341343 ], [ 78.995769545434996, 28.411257423983923 ], [ 79.006959115072547, 28.390352653036953 ], [ 79.051406572243906, 28.384188425706434 ], [ 79.059177106714415, 28.383116386170691 ], [ 79.067569283942575, 28.371591961161464 ], [ 79.067569283942575, 28.371591961161464 ], [ 79.067880105321393, 28.371591961161464 ], [ 79.057312178441492, 28.352295249518107 ], [ 79.06073121360852, 28.33246251810688 ], [ 79.083110352883608, 28.326298290776361 ], [ 79.082488710125972, 28.325226251240618 ], [ 79.077204746686022, 28.313701826231391 ], [ 79.088394316323559, 28.299497302382807 ], [ 79.078758853580126, 28.265996066890867 ], [ 79.114192490765689, 28.238659058729443 ], [ 79.101137992855215, 28.220702396505764 ], [ 79.112638383871584, 28.201941704630276 ], [ 79.129422738327889, 28.204889813353567 ], [ 79.143098878996, 28.190149269737113 ], [ 79.153666805875915, 28.196045487183696 ], [ 79.176667587908639, 28.186397131362014 ], [ 79.186303050652086, 28.203549763933889 ], [ 79.228263936792871, 28.199529615674855 ], [ 79.258102789159665, 28.173800666817044 ], [ 79.310631602180365, 28.186933151129885 ], [ 79.324618564227293, 28.178356834843949 ], [ 79.318402136650874, 28.165492360415044 ], [ 79.330834991803698, 28.160400172620271 ], [ 79.337051419380117, 28.170584548209817 ], [ 79.358808915897569, 28.167636439486529 ], [ 79.373728342080966, 28.179964894147563 ], [ 79.403567194447746, 28.167904449370464 ], [ 79.424081405449911, 28.173800666817044 ], [ 79.439000831633308, 28.157452063896979 ], [ 79.458271757120187, 28.13627928306607 ], [ 79.464177363317788, 28.13386719411065 ], [ 79.485624038456407, 28.125290877824714 ], [ 79.496191965336308, 28.12127072956568 ], [ 79.496502786715141, 28.121002719681748 ], [ 79.496813608093959, 28.119930680146005 ], [ 79.505827428079755, 28.089377553377354 ], [ 79.509868106004419, 28.07517302952877 ], [ 79.506759892216223, 28.070616861501868 ], [ 79.495259501199854, 28.0542682585818 ], [ 79.487178145350512, 28.043011843456508 ], [ 79.50427332118565, 28.015406825411148 ], [ 79.508003177731496, 28.000130262026822 ], [ 79.481894181910562, 27.999862252142886 ], [ 79.472258719167115, 27.990213896321208 ], [ 79.473191183303584, 27.985925738178238 ], [ 79.457339292983733, 27.960732809088299 ], [ 79.471326255030661, 27.965824996883075 ], [ 79.486867323971694, 27.944116196284298 ], [ 79.481894181910562, 27.947064305007586 ], [ 79.484380752941121, 27.93017968231965 ], [ 79.46542064883306, 27.924819484640938 ], [ 79.453609436437873, 27.887030091006029 ], [ 79.46542064883306, 27.883813972398805 ], [ 79.46075832815076, 27.874701636344994 ], [ 79.482515824668198, 27.847096618299634 ], [ 79.480650896395275, 27.846024578763895 ], [ 79.456406828847264, 27.850848756674733 ], [ 79.452676972301418, 27.838252292129763 ], [ 79.432784404056889, 27.843344479924539 ], [ 79.416932513737038, 27.830211995611698 ], [ 79.404499658584214, 27.844684529344217 ], [ 79.393620910325481, 27.818419560718535 ], [ 79.378701484142084, 27.823243738629373 ], [ 79.369687664156288, 27.800998918262724 ], [ 79.359119737276387, 27.803411007218145 ], [ 79.346376060744745, 27.752489129270394 ], [ 79.360673844170492, 27.734800476930648 ], [ 79.337362240758935, 27.737748585653939 ], [ 79.322753635954371, 27.725688140876841 ], [ 79.33953799041069, 27.711215607144322 ], [ 79.339227169031858, 27.683878598982901 ], [ 79.356943987624646, 27.668334025714639 ], [ 79.351349202805864, 27.65814965012509 ], [ 79.304415174603946, 27.680126460607802 ], [ 79.294158069102863, 27.684682628634704 ], [ 79.291671498072304, 27.685218648402575 ], [ 79.293847247724045, 27.670210094902188 ], [ 79.235102007126926, 27.708535508304969 ], [ 79.227331472656417, 27.692454915268836 ], [ 79.184438122379163, 27.713895705983678 ], [ 79.181329908590953, 27.715235755403356 ], [ 79.195938513395518, 27.750077040314974 ], [ 79.17045116033222, 27.770981811261947 ], [ 79.163923911376997, 27.79697877000369 ], [ 79.133774237631386, 27.814131402575565 ], [ 79.147450378299496, 27.829139956075956 ], [ 79.122273846615016, 27.846828608415699 ], [ 79.121963025236198, 27.847096618299634 ], [ 79.097097314930551, 27.829943985727763 ], [ 79.070055854973148, 27.843880499692411 ], [ 79.058555463956779, 27.834500153754668 ], [ 79.000742687496128, 27.837716272361892 ], [ 79.015972935058343, 27.85647696423738 ], [ 78.984269154418627, 27.874165616577123 ], [ 78.963754943416461, 27.847096618299634 ], [ 78.91744255797218, 27.850044727022926 ], [ 78.920550771760389, 27.875237656112866 ], [ 78.8876037056054, 27.915975158471067 ], [ 78.862427173920921, 27.912223020095968 ], [ 78.803060290566165, 27.955640621293526 ], [ 78.786897578867496, 27.951620473034492 ], [ 78.76576172510768, 27.963144898043719 ], [ 78.75736954787952, 27.9486723643112 ], [ 78.72224673207279, 27.96368091781159 ], [ 78.701110878312988, 27.993966034696307 ], [ 78.699556771418884, 27.99557409399992 ], [ 78.653555207353421, 28.007902548660951 ], [ 78.665988062506244, 28.015942845179019 ], [ 78.650446993565211, 28.012458716687856 ], [ 78.628378675668941, 28.027735280072182 ], [ 78.613459249485544, 28.02076702308986 ], [ 78.607864464666775, 28.018086924250504 ], [ 78.607553643287957, 28.018086924250504 ], [ 78.588904360558715, 28.033899507402701 ], [ 78.60413460812093, 28.038455675429603 ], [ 78.573052470238849, 28.049712090554895 ], [ 78.57895807643645, 28.063380594635607 ], [ 78.580201361951737, 28.063112584751671 ], [ 78.589215181937533, 28.080533227207482 ], [ 78.590147646074001, 28.085893424886191 ], [ 78.572120006102395, 28.102242027806259 ], [ 78.593877502619847, 28.133063164458846 ], [ 78.574606577132954, 28.142711520280525 ], [ 78.610972678454985, 28.166028380182915 ], [ 78.59263421710456, 28.185325091826272 ], [ 78.592323395725742, 28.185593101710211 ], [ 78.636460031518283, 28.222042445925439 ], [ 78.632419353593605, 28.244019256408155 ], [ 78.651379457701665, 28.269748205265966 ], [ 78.643919744609974, 28.289044916909322 ], [ 78.643608923231156, 28.290384966329 ], [ 78.662258205960399, 28.308877648320554 ], [ 78.652622743216952, 28.317989984374361 ], [ 78.670961204567377, 28.334338587294425 ], [ 78.707016484510575, 28.366499773366691 ], [ 78.709813876919966, 28.366767783250626 ], [ 78.758923654773625, 28.371859971045403 ], [ 78.76949158165354, 28.386600514661854 ], [ 78.759545297531275, 28.395176830947793 ], [ 78.761721047183016, 28.397856929787146 ], [ 78.76638336786533, 28.4042891670016 ], [ 78.766694189244149, 28.405093196653407 ], [ 78.767005010622967, 28.405093196653407 ], [ 78.794357291959187, 28.397856929787146 ], [ 78.812074110551976, 28.444490649591931 ], [ 78.858075674617425, 28.446902738547351 ], [ 78.865846209087948, 28.465395420538901 ], [ 78.869265244254976, 28.466467460074643 ], [ 78.872062636664367, 28.467539499610385 ], [ 78.881698099407799, 28.47129163798548 ], [ 78.882941384923086, 28.472363677521223 ], [ 78.89537424007591, 28.463519351351351 ], [ 78.906252988334643, 28.471023628101548 ], [ 78.91278023728988, 28.462179301931673 ], [ 78.938889233110814, 28.460303232744124 ], [ 78.940754161383737, 28.460303232744124 ], [ 78.940754161383737, 28.460035222860192 ], [ 78.943551553793128, 28.45038686703851 ], [ 78.958160158597693, 28.420369760037733 ], [ 78.965930693068216, 28.422513839109214 ], [ 78.969038906856412, 28.423317868761025 ], [ 78.971525477886985, 28.421977819341343 ] ] ] } },
{ "type": "Feature", "properties": { "dt_code": "180", "district": "Bahraich", "st_code": "09", "year": "2011_c", "st_nm": "Uttar Pradesh" }, "geometry": { "type": "Polygon", "coordinates": [ [ [ 81.281549965282366, 27.681198500143545 ], [ 81.287144750101149, 27.685218648402575 ], [ 81.288388035616421, 27.695939043759999 ], [ 81.289631321131708, 27.707999488537098 ], [ 81.290252963889344, 27.713627696099742 ], [ 81.271603681160116, 27.750345050198909 ], [ 81.293671999056386, 27.781970216503304 ], [ 81.292739534919917, 27.783846285690849 ], [ 81.279995858388276, 27.807967175245047 ], [ 81.276266001842416, 27.815203442111308 ], [ 81.29460446319284, 27.836644232826149 ], [ 81.293982820435204, 27.838252292129763 ], [ 81.29460446319284, 27.838788311897634 ], [ 81.285901464585862, 27.862105171800025 ], [ 81.278441751494171, 27.884349992166676 ], [ 81.305483211451559, 27.907934861953002 ], [ 81.280306679767094, 27.941704107328878 ], [ 81.248292077748559, 27.954568581757783 ], [ 81.195763264727859, 28.008438568428822 ], [ 81.169654268906925, 28.059628456260512 ], [ 81.197317371621963, 28.101974017922323 ], [ 81.182708766817399, 28.13467122376246 ], [ 81.138572131024858, 28.155307984825495 ], [ 81.108422457279246, 28.213734139523439 ], [ 81.062110071834965, 28.230618762211378 ], [ 81.073610462851335, 28.272696313989258 ], [ 81.040663396696331, 28.285828798302099 ], [ 81.067394035274916, 28.342110873928558 ], [ 81.06832649941137, 28.344522962883978 ], [ 81.062731714592601, 28.357655447196819 ], [ 81.061177607698497, 28.360871565804047 ], [ 81.060866786319679, 28.36167559545585 ], [ 81.052785430470337, 28.366231763482755 ], [ 81.039730932559877, 28.374808079768691 ], [ 81.054339537364442, 28.403753147233729 ], [ 81.053407073227987, 28.404557176885536 ], [ 81.058069393910287, 28.413937522823279 ], [ 81.089151531792368, 28.385796485010047 ], [ 81.213480083320633, 28.358459476848623 ], [ 81.233994294322798, 28.326030280892425 ], [ 81.232751008807526, 28.289044916909322 ], [ 81.320713459013774, 28.197117526719438 ], [ 81.321024280392606, 28.168708479022271 ], [ 81.301442533526895, 28.166564399950786 ], [ 81.327862350726662, 28.148071717959233 ], [ 81.317916066604397, 28.133331174342779 ], [ 81.384121020293207, 28.14726768830743 ], [ 81.370134058246265, 28.15316390575401 ], [ 81.383499377535557, 28.167100419718658 ], [ 81.375107200307397, 28.178624844727885 ], [ 81.425771085055175, 28.171120567977688 ], [ 81.483894682894643, 28.118590630726327 ], [ 81.477989076697042, 28.082677306278967 ], [ 81.643656871608485, 27.9931620050445 ], [ 81.698672255659744, 27.987801807365788 ], [ 81.742808891452285, 27.952692512570234 ], [ 81.717943181146623, 27.93607589976623 ], [ 81.721362216313651, 27.926427543944552 ], [ 81.705199504614981, 27.91088297067629 ], [ 81.718254002525441, 27.898018496247385 ], [ 81.706753611509072, 27.886494071238157 ], [ 81.689658435673948, 27.891050239265063 ], [ 81.68872597153748, 27.869341438666286 ], [ 81.682198722582243, 27.874701636344994 ], [ 81.676293116384656, 27.865589300291187 ], [ 81.637129622653248, 27.882741932863063 ], [ 81.607912413044104, 27.857012984005252 ], [ 81.608223234422923, 27.839324331665505 ], [ 81.64148112195673, 27.830211995611698 ], [ 81.657333012276595, 27.814667422343437 ], [ 81.646143442639044, 27.805823096173565 ], [ 81.643967692987303, 27.794298671164338 ], [ 81.654224798488386, 27.790278522905304 ], [ 81.644900157123757, 27.775537979288849 ], [ 81.672563259838796, 27.754365198457943 ], [ 81.666657653641209, 27.738016595537875 ], [ 81.695874863250353, 27.726492170528648 ], [ 81.702091290826772, 27.700763221670837 ], [ 81.679712151551684, 27.688702776893738 ], [ 81.682198722582243, 27.650377363490957 ], [ 81.657022190897763, 27.640460997785343 ], [ 81.704577861857331, 27.630812641963665 ], [ 81.690590899810402, 27.597579416355657 ], [ 81.696496506008003, 27.584714941926752 ], [ 81.681887901203424, 27.571850467497846 ], [ 81.710483468054932, 27.552821765738425 ], [ 81.730997679057097, 27.569974398310301 ], [ 81.766120494863827, 27.563810170979782 ], [ 81.774823493470805, 27.541297340729198 ], [ 81.766431316242659, 27.530844955255713 ], [ 81.77637760036491, 27.52494873780913 ], [ 81.753065996953367, 27.509672174424804 ], [ 81.76332310245445, 27.498415759299512 ], [ 81.786013063108356, 27.506724065701516 ], [ 81.795337704472971, 27.523340678505516 ], [ 81.836055305098483, 27.511280233728417 ], [ 81.850042267145426, 27.537545202354099 ], [ 81.86713744298055, 27.541833360497069 ], [ 81.871488942284046, 27.515300381987451 ], [ 81.90288190154493, 27.512888293032031 ], [ 81.912828185667195, 27.49385959127261 ], [ 81.95851892835384, 27.496539690111963 ], [ 81.989911887614724, 27.475366909281057 ], [ 81.990533530372375, 27.474830889513186 ], [ 81.980276424871292, 27.43436139703892 ], [ 81.979965603492474, 27.433289357503178 ], [ 81.975924925567796, 27.433557367387117 ], [ 81.961937963520867, 27.434093387154984 ], [ 81.943288680791625, 27.434897416806791 ], [ 81.940802109761066, 27.431681298199567 ], [ 81.935828967699933, 27.425249060985113 ], [ 81.92868007598706, 27.412920606324079 ], [ 81.939248002866961, 27.386119617930525 ], [ 81.907544222227244, 27.364410817331748 ], [ 81.918733791864796, 27.34806221441168 ], [ 81.909409150500167, 27.332249631259486 ], [ 81.922774469789459, 27.325817394045032 ], [ 81.922152827031823, 27.312684909732191 ], [ 81.893557260180316, 27.315365008571547 ], [ 81.886408368467443, 27.329301522536195 ], [ 81.853461302312439, 27.326889433580774 ], [ 81.837920233371406, 27.281327753311736 ], [ 81.821135878915101, 27.270607357954312 ], [ 81.814297808581046, 27.265783180043474 ], [ 81.797513454124726, 27.273555466677603 ], [ 81.794716061715334, 27.292316158553092 ], [ 81.781039921047224, 27.290172079481607 ], [ 81.775445136228456, 27.30786073182135 ], [ 81.774512672091987, 27.308396751589221 ], [ 81.742498070073452, 27.325281374277161 ], [ 81.723537965965392, 27.322333265553869 ], [ 81.683442008097529, 27.315901028339418 ], [ 81.682820365339893, 27.301428494606899 ], [ 81.709551003918463, 27.292048148669156 ], [ 81.707996897024358, 27.277039595168766 ], [ 81.684374472233984, 27.25586681433786 ], [ 81.681266258445788, 27.236838112578436 ], [ 81.665103546747105, 27.233353984087273 ], [ 81.666657653641209, 27.200388768363204 ], [ 81.65515726262484, 27.202800857318625 ], [ 81.64148112195673, 27.187792303818235 ], [ 81.64148112195673, 27.157775196817454 ], [ 81.641170300577912, 27.157775196817454 ], [ 81.630291552319193, 27.158579226469261 ], [ 81.629359088182724, 27.141694603781325 ], [ 81.605736663392349, 27.145714752040355 ], [ 81.585844095147834, 27.117573714227127 ], [ 81.56750563379741, 27.129634159004226 ], [ 81.539531709703553, 27.094792874092605 ], [ 81.542639923491748, 27.077104221752862 ], [ 81.515287642155528, 27.084340488619119 ], [ 81.515287642155528, 27.083804468851248 ], [ 81.515287642155528, 27.083804468851248 ], [ 81.505030536654445, 27.05914755952918 ], [ 81.478610719454693, 27.075496162449248 ], [ 81.476434969802952, 27.108193368289385 ], [ 81.455609937421954, 27.119181773530741 ], [ 81.45156925949729, 27.126150030513063 ], [ 81.445974474678522, 27.137138435754419 ], [ 81.444109546405599, 27.140622564245582 ], [ 81.440690511238572, 27.159115246237132 ], [ 81.439758047102103, 27.163403404380102 ], [ 81.436960654692712, 27.179215987532299 ], [ 81.438203940207998, 27.17975200730017 ], [ 81.458096508452527, 27.190472402657591 ], [ 81.435406547798621, 27.221293539310174 ], [ 81.432298334010412, 27.320189186482388 ], [ 81.417378907827015, 27.330909581839808 ], [ 81.4127165871447, 27.334125700447032 ], [ 81.416446443690546, 27.351010323134972 ], [ 81.41054083749296, 27.369503005126525 ], [ 81.408675909220037, 27.370575044662267 ], [ 81.400905374749513, 27.375399222573105 ], [ 81.38536430580848, 27.385583598162654 ], [ 81.379458699610893, 27.39255185514498 ], [ 81.351484775517022, 27.432753337735306 ], [ 81.331281385893675, 27.461698405200345 ], [ 81.331592207272507, 27.462502434852151 ], [ 81.332213850030143, 27.490375462781447 ], [ 81.318848530740851, 27.500291828487061 ], [ 81.322578387286697, 27.529504905836035 ], [ 81.302374997663364, 27.538349232005906 ], [ 81.307037318345664, 27.559522012836812 ], [ 81.284347357691757, 27.564882210515524 ], [ 81.265698074962515, 27.591415189025142 ], [ 81.26725218185662, 27.60347563380224 ], [ 81.270982038402465, 27.632420701267279 ], [ 81.301442533526895, 27.632688711151211 ], [ 81.301753354905713, 27.632688711151211 ], [ 81.293982820435204, 27.66645795652709 ], [ 81.281549965282366, 27.681198500143545 ] ] ] } },
{ "type": "Feature", "properties": { "dt_code": "152", "district": "Shahjahanpur", "st_code": "09", "year": "2011_c", "st_nm": "Uttar Pradesh" }, "geometry": { "type": "Polygon", "coordinates": [ [ [ 79.50427332118565, 28.015406825411148 ], [ 79.519814390126683, 28.03255945798302 ], [ 79.510178927383251, 28.041135774268959 ], [ 79.531625602521871, 28.057752387072959 ], [ 79.551207349387582, 28.047836021367345 ], [ 79.558977883858091, 28.065524673707092 ], [ 79.575140595556775, 28.059092436492641 ], [ 79.601249591377709, 28.086161434770126 ], [ 79.623317909273979, 28.072224920805482 ], [ 79.652535118883122, 28.076781088832384 ], [ 79.65595415405015, 28.099829938850839 ], [ 79.646007869927885, 28.106530185949229 ], [ 79.658440725080709, 28.113766452815486 ], [ 79.646629512685536, 28.114570482467293 ], [ 79.635750764426803, 28.144051569700203 ], [ 79.648494440958459, 28.147803708075301 ], [ 79.650670190610199, 28.171656587745559 ], [ 79.668076187824155, 28.180500913915434 ], [ 79.658129903701891, 28.199797625558791 ], [ 79.682373971249902, 28.208909961612598 ], [ 79.697293397433299, 28.214538169175245 ], [ 79.697915040190949, 28.215610208710988 ], [ 79.689522862962789, 28.224454534880859 ], [ 79.712212823616696, 28.239731098265185 ], [ 79.701955718115613, 28.256615720953125 ], [ 79.718740072571933, 28.236514979657958 ], [ 79.751376317348104, 28.227670653488087 ], [ 79.723091571875415, 28.206229862773245 ], [ 79.728375535315365, 28.197117526719438 ], [ 79.744849068392867, 28.200601655210598 ], [ 79.744849068392867, 28.200065635442726 ], [ 79.739565104952916, 28.182913002870855 ], [ 79.739565104952916, 28.182913002870855 ], [ 79.760079315955082, 28.184253052290529 ], [ 79.797067060034749, 28.158256093548786 ], [ 79.823797698613319, 28.166564399950786 ], [ 79.818202913794551, 28.173532656933109 ], [ 79.841203695827289, 28.196045487183696 ], [ 79.829081662053269, 28.205693843005374 ], [ 79.835608911008507, 28.211054040684083 ], [ 79.826905912401529, 28.233834880818605 ], [ 79.855190657874218, 28.233566870934666 ], [ 79.866380227511755, 28.217486277898537 ], [ 79.857988050283595, 28.201941704630276 ], [ 79.889691830923311, 28.193633398228275 ], [ 79.885029510240997, 28.178088824960014 ], [ 79.914557541228959, 28.167368429602593 ], [ 79.901503043318499, 28.155307984825495 ], [ 79.915800826744245, 28.148071717959233 ], [ 79.90367879297024, 28.142175500512653 ], [ 79.915490005365427, 28.13467122376246 ], [ 79.897151544015003, 28.141371470860847 ], [ 79.896840722636185, 28.115106502235164 ], [ 79.911760148819582, 28.108138245252839 ], [ 79.913625077092505, 28.109210284788581 ], [ 79.930720252927642, 28.125290877824714 ], [ 79.936625859125229, 28.12127072956568 ], [ 79.967086354249659, 28.100901978386581 ], [ 79.985113994221265, 28.106530185949229 ], [ 79.995371099722348, 28.157184054013044 ], [ 79.996303563858802, 28.160668182504203 ], [ 79.985424815600084, 28.18076892379937 ], [ 79.984181530084797, 28.183181012754787 ], [ 79.993816992828243, 28.194973447647953 ], [ 79.994749456964698, 28.196045487183696 ], [ 79.985113994221265, 28.214806179059181 ], [ 79.985735636978902, 28.281540640159129 ], [ 79.973302781826078, 28.309681677972357 ], [ 79.996303563858802, 28.364355694295206 ], [ 80.00345245557169, 28.369179872206047 ], [ 80.015885310724514, 28.378024198375918 ], [ 80.016196132103332, 28.378292208259854 ], [ 80.047589091364216, 28.370251911741789 ], [ 80.0637518030629, 28.349883160562687 ], [ 80.074008908563982, 28.362479625107657 ], [ 80.090482441641484, 28.361943605339786 ], [ 80.096698869217889, 28.332998537874751 ], [ 80.104780225067231, 28.343986943116107 ], [ 80.125294436069396, 28.337822715785588 ], [ 80.149227682238589, 28.345595002419721 ], [ 80.14674111120803, 28.323350182053069 ], [ 80.155133288436176, 28.314505855883198 ], [ 80.166633679452545, 28.328710379731781 ], [ 80.179998998741837, 28.328442369847846 ], [ 80.183728855287683, 28.317989984374361 ], [ 80.209216208350981, 28.327906350079974 ], [ 80.227865491080223, 28.321742122749455 ], [ 80.222270706261455, 28.301105361686421 ], [ 80.268272270326918, 28.307001579133004 ], [ 80.270758841357477, 28.316113915186811 ], [ 80.258636807583471, 28.324958241356683 ], [ 80.266718163432813, 28.337018686133781 ], [ 80.250866273112962, 28.360335546036175 ], [ 80.28629991029851, 28.356047387893206 ], [ 80.290962230980824, 28.330050429151459 ], [ 80.314895477150017, 28.348275101259077 ], [ 80.323598475756995, 28.34505898265185 ], [ 80.317692869559409, 28.327102320428168 ], [ 80.358721291563739, 28.328978389615717 ], [ 80.310854799225353, 28.27778850178403 ], [ 80.310543977846521, 28.233030851166795 ], [ 80.295935373041956, 28.203549763933889 ], [ 80.312098084740626, 28.192561358692533 ], [ 80.298111122693697, 28.163080271459624 ], [ 80.29469208752667, 28.162276241807817 ], [ 80.268893913084554, 28.1598641528524 ], [ 80.253352844143521, 28.167904449370464 ], [ 80.238122596581306, 28.144319579584138 ], [ 80.240919988990697, 28.103582077225937 ], [ 80.253974486901157, 28.09018158302916 ], [ 80.237811775202488, 28.059628456260512 ], [ 80.223203170397909, 28.066596713242834 ], [ 80.179688177363019, 28.027467270188247 ], [ 80.163836287043168, 28.033095477750891 ], [ 80.142700433283352, 28.007902548660951 ], [ 80.12467279331176, 28.002810360866178 ], [ 80.115037330568313, 27.972257234097526 ], [ 80.093901476808512, 27.959392759668624 ], [ 80.092036548535575, 27.934735850346556 ], [ 80.078671229246297, 27.928303613132101 ], [ 80.072454801669878, 27.940900077677071 ], [ 80.053494697561817, 27.938755998605586 ], [ 80.044480877576021, 27.922675405569457 ], [ 80.032669665180833, 27.924551474757003 ], [ 80.030493915529078, 27.901234614854612 ], [ 80.055670447213558, 27.864785270639381 ], [ 80.056602911350026, 27.855136914817702 ], [ 80.056292089971208, 27.849508707255055 ], [ 80.033912950696106, 27.833964133986797 ], [ 80.054116340319453, 27.819491600254278 ], [ 80.045724163091293, 27.813327372923759 ], [ 80.055981268592376, 27.76347753451175 ], [ 80.059711125138236, 27.759993406020588 ], [ 80.059711125138236, 27.755705247877621 ], [ 80.072765623048696, 27.748200971127424 ], [ 80.051008126531244, 27.741232714145102 ], [ 80.028318165877337, 27.745520872288068 ], [ 80.006560669359885, 27.725956150760776 ], [ 79.965843068734387, 27.732120378091295 ], [ 79.964288961840282, 27.730244308903746 ], [ 79.947504607383962, 27.713627696099742 ], [ 79.906787006758449, 27.718719883894519 ], [ 79.919530683290091, 27.703443320510193 ], [ 79.906787006758449, 27.693794964688514 ], [ 79.878813082664593, 27.700495211786901 ], [ 79.883164581968074, 27.671282134437931 ], [ 79.866380227511755, 27.667798005946768 ], [ 79.862028728208273, 27.648501294303408 ], [ 79.806702522778181, 27.658417660009022 ], [ 79.765984922152668, 27.712019636796128 ], [ 79.765052458016214, 27.713627696099742 ], [ 79.759768494576264, 27.714431725751549 ], [ 79.737700176679994, 27.718183864126647 ], [ 79.735524427028253, 27.718719883894519 ], [ 79.730862106345938, 27.67476626292909 ], [ 79.73055128496712, 27.674498253045154 ], [ 79.705685574661459, 27.666725966411025 ], [ 79.69946914708504, 27.658417660009022 ], [ 79.689833684341608, 27.645017165812249 ], [ 79.685171363659293, 27.638584928597794 ], [ 79.68641464917458, 27.633224730919082 ], [ 79.689212041583957, 27.620628266374112 ], [ 79.689522862962789, 27.619020207070502 ], [ 79.690144505720426, 27.619288216954438 ], [ 79.698847504327404, 27.622236325677726 ], [ 79.69946914708504, 27.622504335561661 ], [ 79.699779968463872, 27.622504335561661 ], [ 79.704442289146172, 27.58605499134643 ], [ 79.717185965677828, 27.584446932042816 ], [ 79.717496787056646, 27.559790022720748 ], [ 79.705063931903823, 27.550409676783005 ], [ 79.732105391861225, 27.535937143050486 ], [ 79.729307999451834, 27.512620283148095 ], [ 79.738010998058812, 27.505652026165773 ], [ 79.72153746498131, 27.483407205799125 ], [ 79.71314528775315, 27.47215079067383 ], [ 79.712523644995514, 27.471346761022026 ], [ 79.745781532529335, 27.453122088914409 ], [ 79.741119211847021, 27.448833930771439 ], [ 79.735524427028253, 27.445349802280276 ], [ 79.71625350154136, 27.450978009842924 ], [ 79.709726252586123, 27.479923077307962 ], [ 79.69480682640274, 27.469202681950541 ], [ 79.702888182252067, 27.496271680228027 ], [ 79.677711650567602, 27.49385959127261 ], [ 79.654089225777227, 27.504847996513966 ], [ 79.657819082323073, 27.542637390148876 ], [ 79.670251937475896, 27.546657538407906 ], [ 79.651913476125486, 27.566222259935202 ], [ 79.659062367838359, 27.577478675060494 ], [ 79.638548156836194, 27.576406635524751 ], [ 79.660927296111282, 27.613391999507854 ], [ 79.648494440958459, 27.613391999507854 ], [ 79.650359369231381, 27.631884681499407 ], [ 79.649116083716095, 27.633492740803021 ], [ 79.626115301683356, 27.637244879178116 ], [ 79.612749982394078, 27.61794816753476 ], [ 79.591303307255444, 27.619824236722309 ], [ 79.61181751825761, 27.592219218676949 ], [ 79.590681664497808, 27.598383446007464 ], [ 79.557734598342805, 27.589539119837593 ], [ 79.546234207326449, 27.600259515195013 ], [ 79.533801352173612, 27.592219218676949 ], [ 79.519192747369047, 27.604279663454047 ], [ 79.493705394305749, 27.588735090185786 ], [ 79.47443446881887, 27.599187475659271 ], [ 79.482515824668198, 27.612051950088176 ], [ 79.466974755727165, 27.629472592543987 ], [ 79.451122865407314, 27.638584928597794 ], [ 79.442419866800336, 27.64126502743715 ], [ 79.42501386958638, 27.627060503588567 ], [ 79.391134339294922, 27.64716124488373 ], [ 79.374349984838602, 27.641533037321086 ], [ 79.35570070210936, 27.647429254767665 ], [ 79.352281666942332, 27.648233284419472 ], [ 79.346686882123564, 27.650109353607021 ], [ 79.351349202805864, 27.65814965012509 ], [ 79.351349202805864, 27.65814965012509 ], [ 79.356943987624646, 27.668334025714639 ], [ 79.339227169031858, 27.683878598982901 ], [ 79.33953799041069, 27.711215607144322 ], [ 79.322753635954371, 27.725688140876841 ], [ 79.337362240758935, 27.737748585653939 ], [ 79.360673844170492, 27.734800476930648 ], [ 79.346376060744745, 27.752489129270394 ], [ 79.359119737276387, 27.803411007218145 ], [ 79.369687664156288, 27.800998918262724 ], [ 79.378701484142084, 27.823243738629373 ], [ 79.393620910325481, 27.818419560718535 ], [ 79.404499658584214, 27.844684529344217 ], [ 79.416932513737038, 27.830211995611698 ], [ 79.432784404056889, 27.843344479924539 ], [ 79.452676972301418, 27.838252292129763 ], [ 79.456406828847264, 27.850848756674733 ], [ 79.480650896395275, 27.846024578763895 ], [ 79.482515824668198, 27.847096618299634 ], [ 79.46075832815076, 27.874701636344994 ], [ 79.46542064883306, 27.883813972398805 ], [ 79.453609436437873, 27.887030091006029 ], [ 79.46542064883306, 27.924819484640938 ], [ 79.484380752941121, 27.93017968231965 ], [ 79.481894181910562, 27.947064305007586 ], [ 79.486867323971694, 27.944116196284298 ], [ 79.471326255030661, 27.965824996883075 ], [ 79.457339292983733, 27.960732809088299 ], [ 79.473191183303584, 27.985925738178238 ], [ 79.472258719167115, 27.990213896321208 ], [ 79.481894181910562, 27.999862252142886 ], [ 79.508003177731496, 28.000130262026822 ], [ 79.50427332118565, 28.015406825411148 ] ] ] } },
{ "type": "Feature", "properties": { "dt_code": "143", "district": "Aligarh", "st_code": "09", "year": "2011_c", "st_nm": "Uttar Pradesh" }, "geometry": { "type": "Polygon", "coordinates": [ [ [ 77.733213104665339, 28.128238986548006 ], [ 77.738497068105303, 28.136547292950006 ], [ 77.752484030152232, 28.159596142968461 ], [ 77.753105672909868, 28.158792113316657 ], [ 77.772687419775579, 28.136547292950006 ], [ 77.782322882519011, 28.148071717959233 ], [ 77.808431878339945, 28.148071717959233 ], [ 77.80532366455175, 28.162812261575688 ], [ 77.84044648035848, 28.178624844727885 ], [ 77.840757301737298, 28.178892854611821 ], [ 77.849771121723109, 28.156916044129108 ], [ 77.842622230010235, 28.137619332485748 ], [ 77.864068905148855, 28.14056744120904 ], [ 77.915043611275451, 28.099025909199032 ], [ 77.92343578850361, 28.104386106877744 ], [ 77.935247000898798, 28.095809790591808 ], [ 77.932138787110588, 28.085893424886191 ], [ 77.960423532583278, 28.090717602797032 ], [ 77.993681420117085, 28.077853128368126 ], [ 78.031912449712024, 28.129043016199812 ], [ 78.061129659321182, 28.113230433047615 ], [ 78.080400584808061, 28.11966267026207 ], [ 78.077914013777487, 28.101437998154452 ], [ 78.099049867537303, 28.110014314440392 ], [ 78.119874899918287, 28.08776949407374 ], [ 78.112726008205414, 28.068740792314319 ], [ 78.125158863358237, 28.059628456260512 ], [ 78.158727572270877, 28.080265217323547 ], [ 78.179863426030678, 28.077049098716319 ], [ 78.203796672199871, 28.100901978386581 ], [ 78.2131213135645, 28.093665711520323 ], [ 78.233324703187833, 28.112426403395808 ], [ 78.295178157573162, 28.113766452815486 ], [ 78.339314793365702, 28.146731668539559 ], [ 78.339314793365702, 28.146731668539559 ], [ 78.339314793365702, 28.146731668539559 ], [ 78.368842824353663, 28.130651075503426 ], [ 78.370707752626586, 28.09607780047574 ], [ 78.387492107082906, 28.104922126645615 ], [ 78.387492107082906, 28.104922126645615 ], [ 78.387492107082906, 28.104922126645615 ], [ 78.412357817388553, 28.083213326046838 ], [ 78.412357817388553, 28.083213326046838 ], [ 78.424479851162559, 28.093397701636388 ], [ 78.424479851162559, 28.093397701636388 ], [ 78.424479851162559, 28.093397701636388 ], [ 78.444683240785906, 28.081605266743225 ], [ 78.444683240785906, 28.08187327662716 ], [ 78.478562771077364, 28.11296242316368 ], [ 78.479495235213832, 28.113498442931551 ], [ 78.510577373095899, 28.085625415002255 ], [ 78.531091584098064, 28.043815873108315 ], [ 78.557200579918998, 28.064452634171349 ], [ 78.579268897815268, 28.063648604519543 ], [ 78.57895807643645, 28.063380594635607 ], [ 78.573052470238849, 28.049712090554895 ], [ 78.60413460812093, 28.038455675429603 ], [ 78.588904360558715, 28.033899507402701 ], [ 78.607553643287957, 28.018086924250504 ], [ 78.607864464666775, 28.018086924250504 ], [ 78.593877502619847, 28.011922696919985 ], [ 78.599783108817434, 27.981369570151337 ], [ 78.570876720587108, 27.938755998605586 ], [ 78.555335651646075, 27.915975158471067 ], [ 78.552227437857866, 27.911418990444162 ], [ 78.551294973721411, 27.911418990444162 ], [ 78.531091584098064, 27.909274911372677 ], [ 78.534510619265092, 27.899090535783127 ], [ 78.519280371702877, 27.894534367756226 ], [ 78.506847516550053, 27.866929349710865 ], [ 78.491928090366656, 27.857549003773123 ], [ 78.513996408262926, 27.841736420620926 ], [ 78.514307229641744, 27.84146841073699 ], [ 78.506847516550053, 27.832088064799247 ], [ 78.51865872894524, 27.81386339269163 ], [ 78.510266551717081, 27.802070957798467 ], [ 78.506536695171235, 27.802874987450274 ], [ 78.481360163486755, 27.807431155477179 ], [ 78.4745220931527, 27.808771204896857 ], [ 78.463332523515149, 27.810915283968338 ], [ 78.462400059378695, 27.812523343271952 ], [ 78.445304883543557, 27.838788311897634 ], [ 78.410492889115631, 27.84736462818357 ], [ 78.407695496706253, 27.843612489808475 ], [ 78.405519747054498, 27.831552045031376 ], [ 78.363558860913713, 27.78625837464627 ], [ 78.370707752626586, 27.748200971127424 ], [ 78.326881938212864, 27.722472022269613 ], [ 78.271244911403969, 27.706391429233484 ], [ 78.24047359490072, 27.665117907107412 ], [ 78.215607884595059, 27.694598994340321 ], [ 78.203796672199871, 27.692990935036708 ], [ 78.173336177075441, 27.715503765287291 ], [ 78.182349997061252, 27.72166799261781 ], [ 78.171782070181337, 27.735604506582455 ], [ 78.182039175682419, 27.746592911823811 ], [ 78.169606320529596, 27.761869475208137 ], [ 78.151267859179171, 27.758117336833038 ], [ 78.135726790238138, 27.772321860681622 ], [ 78.066413622761132, 27.77017778161014 ], [ 78.071697586201083, 27.779290117663948 ], [ 78.0614404807, 27.793226631628595 ], [ 78.041237091076653, 27.777950068244269 ], [ 78.029736700060283, 27.769373751958334 ], [ 78.023520272483879, 27.764549574047493 ], [ 78.021344522832123, 27.754633208341879 ], [ 78.02258780834741, 27.751685099618587 ], [ 78.044034483486044, 27.745788882172008 ], [ 78.030669164196752, 27.732924407743099 ], [ 78.012330702846327, 27.74016067460936 ], [ 78.004560168375804, 27.728368239716197 ], [ 78.015438916634537, 27.716307794939098 ], [ 77.991505670465344, 27.691918895500965 ], [ 77.993681420117085, 27.690042826313416 ], [ 78.020722880074487, 27.669138055366446 ], [ 78.022898629726228, 27.667798005946768 ], [ 78.014817273876886, 27.658685669892961 ], [ 78.020101237316851, 27.648233284419472 ], [ 78.021033701453305, 27.646357215231923 ], [ 78.005181811133454, 27.649305323955215 ], [ 77.984978421510107, 27.625720454168889 ], [ 78.001762775966426, 27.60535170298979 ], [ 77.971613102220815, 27.595971357052044 ], [ 77.95700449741625, 27.614464039043597 ], [ 77.9563828546586, 27.614196029159661 ], [ 77.947679856051622, 27.604279663454047 ], [ 77.919395110578947, 27.601331554730756 ], [ 77.918773467821296, 27.590343149489399 ], [ 77.899502542334417, 27.579354744248043 ], [ 77.899191720955599, 27.579354744248043 ], [ 77.897948435440313, 27.578550714596236 ], [ 77.886448044423943, 27.586859020998237 ], [ 77.868731225831169, 27.572118477381782 ], [ 77.849149478965458, 27.606423742525532 ], [ 77.862203976875932, 27.621432296025922 ], [ 77.848217014829004, 27.654665521633927 ], [ 77.78853931009543, 27.684414618750768 ], [ 77.799728879732967, 27.700763221670837 ], [ 77.794134094914199, 27.735336496698519 ], [ 77.80159380800589, 27.749541020547102 ], [ 77.834540874160894, 27.757045297297299 ], [ 77.814648305916364, 27.777682058360334 ], [ 77.81371584177991, 27.814399412459501 ], [ 77.780768775624907, 27.840664381085183 ], [ 77.809053521097596, 27.859157063076736 ], [ 77.765227706683874, 27.873629596809252 ], [ 77.764606063926237, 27.903110684042161 ], [ 77.73072653363478, 27.933663810810813 ], [ 77.703995895056195, 27.947332314891526 ], [ 77.672913757174129, 27.944920225936102 ], [ 77.65675104547546, 27.965288977115204 ], [ 77.644939833080272, 27.967433056186689 ], [ 77.643074904807349, 27.967701066070624 ], [ 77.642764083428517, 27.967701066070624 ], [ 77.621939051047534, 27.934199830578684 ], [ 77.621317408289897, 27.933127791042942 ], [ 77.592411020059572, 27.937951968953779 ], [ 77.55759902563166, 27.911418990444162 ], [ 77.527760173264866, 27.921067346265843 ], [ 77.530246744295439, 27.925891524176681 ], [ 77.529935922916607, 27.926427543944552 ], [ 77.534909064977739, 27.935271870114427 ], [ 77.544855349100004, 27.955908631177461 ], [ 77.544544527721186, 27.958320720132882 ], [ 77.51874635327907, 27.962340868391912 ], [ 77.516881425006147, 27.971185194561784 ], [ 77.519367996036706, 27.972793253865397 ], [ 77.542368778069445, 27.989141856785466 ], [ 77.508489247777987, 28.022911102161345 ], [ 77.512840747081469, 28.032023438215152 ], [ 77.483623537472326, 28.040599754501088 ], [ 77.501340356065114, 28.05855641672477 ], [ 77.475542181622984, 28.085089395234384 ], [ 77.476474645759453, 28.085089395234384 ], [ 77.567234488375092, 28.088037503957676 ], [ 77.602046482803019, 28.119126650494199 ], [ 77.637480119988567, 28.103046057458066 ], [ 77.654575295823705, 28.12207475921749 ], [ 77.690319754388085, 28.090985612680967 ], [ 77.7055500019503, 28.088305513841611 ], [ 77.715185464693747, 28.089377553377354 ], [ 77.722955999164256, 28.094737751056066 ], [ 77.726685855710116, 28.105458146413486 ], [ 77.724199284679543, 28.113230433047615 ], [ 77.733213104665339, 28.128238986548006 ] ] ] } },
{ "type": "Feature", "properties": { "dt_code": "202", "district": "Kasganj", "st_code": "09", "year": "2011_c", "st_nm": "Uttar Pradesh" }, "geometry": { "type": "Polygon", "coordinates": [ [ [ 78.607864464666775, 28.018086924250504 ], [ 78.613459249485544, 28.02076702308986 ], [ 78.628378675668941, 28.027735280072182 ], [ 78.650446993565211, 28.012458716687856 ], [ 78.665988062506244, 28.015942845179019 ], [ 78.653555207353421, 28.007902548660951 ], [ 78.699556771418884, 27.99557409399992 ], [ 78.701110878312988, 27.993966034696307 ], [ 78.72224673207279, 27.96368091781159 ], [ 78.75736954787952, 27.9486723643112 ], [ 78.76576172510768, 27.963144898043719 ], [ 78.786897578867496, 27.951620473034492 ], [ 78.803060290566165, 27.955640621293526 ], [ 78.862427173920921, 27.912223020095968 ], [ 78.8876037056054, 27.915975158471067 ], [ 78.920550771760389, 27.875237656112866 ], [ 78.91744255797218, 27.850044727022926 ], [ 78.963754943416461, 27.847096618299634 ], [ 78.984269154418627, 27.874165616577123 ], [ 79.015972935058343, 27.85647696423738 ], [ 79.000742687496128, 27.837716272361892 ], [ 79.058555463956779, 27.834500153754668 ], [ 79.070055854973148, 27.843880499692411 ], [ 79.097097314930551, 27.829943985727763 ], [ 79.121963025236198, 27.847096618299634 ], [ 79.122273846615016, 27.846828608415699 ], [ 79.147450378299496, 27.829139956075956 ], [ 79.133774237631386, 27.814131402575565 ], [ 79.163923911376997, 27.79697877000369 ], [ 79.17045116033222, 27.770981811261947 ], [ 79.195938513395518, 27.750077040314974 ], [ 79.181329908590953, 27.715235755403356 ], [ 79.184438122379163, 27.713895705983678 ], [ 79.172937731362794, 27.708803518188901 ], [ 79.163923911376997, 27.704783369929871 ], [ 79.136260808661945, 27.704515360045935 ], [ 79.120408918342093, 27.684682628634704 ], [ 79.13532834452549, 27.667798005946768 ], [ 79.137504094177231, 27.642337066972893 ], [ 79.128490274191435, 27.634832790222696 ], [ 79.16578883964992, 27.614464039043597 ], [ 79.181329908590953, 27.617144137882953 ], [ 79.185992229273268, 27.604815683221918 ], [ 79.170140338953402, 27.584446932042816 ], [ 79.176356766529821, 27.583642902391013 ], [ 79.215831081640047, 27.579086734364108 ], [ 79.202776583729573, 27.563542161095846 ], [ 79.16516719689227, 27.575066586105073 ], [ 79.162058983104075, 27.56756230935488 ], [ 79.158950769315865, 27.578282704712301 ], [ 79.142788057617182, 27.561934101792232 ], [ 79.075961461170735, 27.557913953533202 ], [ 79.031514003999376, 27.583910912274945 ], [ 78.99514790267736, 27.647429254767665 ], [ 78.974633691675194, 27.635636819874502 ], [ 78.967173978583489, 27.615000058811468 ], [ 78.982715047524522, 27.600527525078949 ], [ 78.96997137099288, 27.589003100069721 ], [ 78.968106442719957, 27.567830319238816 ], [ 78.958470979976511, 27.562470121560104 ], [ 78.951632909642456, 27.574798576221138 ], [ 78.891022740772428, 27.550677686666941 ], [ 78.884495491817191, 27.558449973301073 ], [ 78.896928346970014, 27.568634348890622 ], [ 78.886360420090114, 27.587663050650043 ], [ 78.87330592217964, 27.592219218676949 ], [ 78.872062636664367, 27.581498823319528 ], [ 78.854345818071579, 27.578550714596236 ], [ 78.859008138753893, 27.59516732740024 ], [ 78.826061072598904, 27.60776379194521 ], [ 78.810830825036689, 27.602939614034369 ], [ 78.77477554509349, 27.636172839642374 ], [ 78.741206836180851, 27.634028760570892 ], [ 78.720692625178685, 27.671818154205798 ], [ 78.714165376223448, 27.667798005946768 ], [ 78.695516093494206, 27.685486658286511 ], [ 78.687434737644878, 27.741768733912973 ], [ 78.671272025946195, 27.73426445716278 ], [ 78.652622743216952, 27.750077040314974 ], [ 78.611905142591439, 27.743912812984458 ], [ 78.599783108817434, 27.771249821145879 ], [ 78.566525221283626, 27.768033702538656 ], [ 78.553470723373152, 27.784918325226592 ], [ 78.553159901994334, 27.784650315342656 ], [ 78.531402405476882, 27.774465939753107 ], [ 78.538240475810937, 27.760261415904523 ], [ 78.512131479990003, 27.740428684493295 ], [ 78.472657164879777, 27.761869475208137 ], [ 78.481049342107937, 27.770445791494076 ], [ 78.4745220931527, 27.808771204896857 ], [ 78.481360163486755, 27.807431155477179 ], [ 78.506536695171235, 27.802874987450274 ], [ 78.510266551717081, 27.802070957798467 ], [ 78.51865872894524, 27.81386339269163 ], [ 78.506847516550053, 27.832088064799247 ], [ 78.514307229641744, 27.84146841073699 ], [ 78.513996408262926, 27.841736420620926 ], [ 78.491928090366656, 27.857549003773123 ], [ 78.506847516550053, 27.866929349710865 ], [ 78.519280371702877, 27.894534367756226 ], [ 78.534510619265092, 27.899090535783127 ], [ 78.531091584098064, 27.909274911372677 ], [ 78.551294973721411, 27.911418990444162 ], [ 78.552227437857866, 27.911418990444162 ], [ 78.555335651646075, 27.915975158471067 ], [ 78.570876720587108, 27.938755998605586 ], [ 78.599783108817434, 27.981369570151337 ], [ 78.593877502619847, 28.011922696919985 ], [ 78.607864464666775, 28.018086924250504 ] ] ] } },
{ "type": "Feature", "properties": { "dt_code": "145", "district": "Mathura", "st_code": "09", "year": "2011_c", "st_nm": "Uttar Pradesh" }, "geometry": { "type": "Polygon", "coordinates": [ [ [ 77.529935922916607, 27.926427543944552 ], [ 77.530246744295439, 27.925891524176681 ], [ 77.527760173264866, 27.921067346265843 ], [ 77.55759902563166, 27.911418990444162 ], [ 77.592411020059572, 27.937951968953779 ], [ 77.621317408289897, 27.933127791042942 ], [ 77.621939051047534, 27.934199830578684 ], [ 77.642764083428517, 27.967701066070624 ], [ 77.643074904807349, 27.967701066070624 ], [ 77.644939833080272, 27.967433056186689 ], [ 77.65675104547546, 27.965288977115204 ], [ 77.672913757174129, 27.944920225936102 ], [ 77.703995895056195, 27.947332314891526 ], [ 77.73072653363478, 27.933663810810813 ], [ 77.764606063926237, 27.903110684042161 ], [ 77.765227706683874, 27.873629596809252 ], [ 77.809053521097596, 27.859157063076736 ], [ 77.780768775624907, 27.840664381085183 ], [ 77.81371584177991, 27.814399412459501 ], [ 77.814648305916364, 27.777682058360334 ], [ 77.834540874160894, 27.757045297297299 ], [ 77.80159380800589, 27.749541020547102 ], [ 77.794134094914199, 27.735336496698519 ], [ 77.799728879732967, 27.700763221670837 ], [ 77.78853931009543, 27.684414618750768 ], [ 77.848217014829004, 27.654665521633927 ], [ 77.862203976875932, 27.621432296025922 ], [ 77.849149478965458, 27.606423742525532 ], [ 77.868731225831169, 27.572118477381782 ], [ 77.886448044423943, 27.586859020998237 ], [ 77.897948435440313, 27.578550714596236 ], [ 77.899191720955599, 27.579354744248043 ], [ 77.899502542334417, 27.579354744248043 ], [ 77.900435006470872, 27.578014694828365 ], [ 77.906029791289654, 27.572654497149653 ], [ 77.905718969910822, 27.571046437846043 ], [ 77.904786505774368, 27.554161815158103 ], [ 77.873704367892302, 27.530040925603906 ], [ 77.905097327153186, 27.51235227326416 ], [ 77.910070469214318, 27.487963373826027 ], [ 77.928098109185925, 27.473222830209572 ], [ 77.894840221652103, 27.448833930771439 ], [ 77.908827183699032, 27.43677348599434 ], [ 77.920638396094219, 27.445349802280276 ], [ 77.930895501595302, 27.439453584833696 ], [ 77.932138787110588, 27.42176493249395 ], [ 77.908516362320213, 27.425785080752984 ], [ 77.888934615454517, 27.404344290038143 ], [ 77.907583898183759, 27.384779568510847 ], [ 77.898259256819131, 27.37325514350162 ], [ 77.903543220259081, 27.358246590001229 ], [ 77.888002151318048, 27.338145848706066 ], [ 77.909448826456682, 27.331981621375551 ], [ 77.909138005077864, 27.330641571955873 ], [ 77.906651434047291, 27.318581127178774 ], [ 77.9097596478355, 27.316705057991225 ], [ 77.935247000898798, 27.300356455071157 ], [ 77.940530964338748, 27.297140336463929 ], [ 77.963220924992655, 27.32956953242013 ], [ 77.981559386343079, 27.325549384161096 ], [ 77.983113493237184, 27.317509087643032 ], [ 77.989329920813589, 27.285615911454702 ], [ 77.961045175340914, 27.267659249231023 ], [ 77.96166681809855, 27.292852178320963 ], [ 77.957626140173886, 27.29365620797277 ], [ 77.955761211900963, 27.293924217856706 ], [ 77.953585462249222, 27.294460237624577 ], [ 77.952031355355118, 27.290172079481607 ], [ 77.928719751943561, 27.266855219579217 ], [ 77.929030573322379, 27.266319199811345 ], [ 77.928098109185925, 27.265783180043474 ], [ 77.938666036065825, 27.24514641898044 ], [ 77.927476466428274, 27.233353984087273 ], [ 77.904786505774368, 27.251846666078826 ], [ 77.913489504381346, 27.284007852151088 ], [ 77.878366688574602, 27.29606829692819 ], [ 77.863136441012401, 27.288832030061929 ], [ 77.865001369285324, 27.273287456793668 ], [ 77.883029009256916, 27.268731288766766 ], [ 77.871839439619379, 27.250774626543084 ], [ 77.851325228617213, 27.259886962596891 ], [ 77.851636049996031, 27.296336306812123 ], [ 77.817756519704574, 27.274895516097281 ], [ 77.81899980521986, 27.260690992248698 ], [ 77.790715059747171, 27.258278903293281 ], [ 77.782633703897829, 27.234426023623016 ], [ 77.763051957032133, 27.24675447828405 ], [ 77.740672817757044, 27.241126270721406 ], [ 77.699955217131532, 27.254258755034247 ], [ 77.684414148190498, 27.24085826083747 ], [ 77.645561475837908, 27.242466320141084 ], [ 77.634061084821539, 27.25586681433786 ], [ 77.633128620685085, 27.258010893409342 ], [ 77.632196156548616, 27.258010893409342 ], [ 77.616344266228765, 27.25774288352541 ], [ 77.616965908986401, 27.286419941106509 ], [ 77.598627447635991, 27.297140336463929 ], [ 77.621939051047534, 27.312952919616126 ], [ 77.622560693805184, 27.336269779518517 ], [ 77.578734879391462, 27.322601275437805 ], [ 77.547963562888214, 27.336805799286388 ], [ 77.54547699185764, 27.349670273715294 ], [ 77.529625101537789, 27.351546342902843 ], [ 77.507245962262701, 27.377007281876718 ], [ 77.472744789213607, 27.377007281876718 ], [ 77.440108544437436, 27.390407776073495 ], [ 77.437932794785681, 27.408900458065045 ], [ 77.421148440329375, 27.422032942377886 ], [ 77.437932794785681, 27.456338207521636 ], [ 77.401566693463664, 27.476438948816799 ], [ 77.400945050706028, 27.497343719763769 ], [ 77.387268910037918, 27.512888293032031 ], [ 77.340024060457168, 27.526556797112743 ], [ 77.349037880442964, 27.543173409916747 ], [ 77.338159132184245, 27.549873657015134 ], [ 77.337226668047776, 27.569706388426365 ], [ 77.358362521807592, 27.589003100069721 ], [ 77.344064738381832, 27.597043396587786 ], [ 77.334429275638399, 27.591415189025142 ], [ 77.317023278424443, 27.606691752409468 ], [ 77.352456915609991, 27.651181393142764 ], [ 77.341267345972454, 27.703443320510193 ], [ 77.303968780513969, 27.710947597260386 ], [ 77.303036316377501, 27.725956150760776 ], [ 77.319509849455002, 27.73346042751097 ], [ 77.317955742560898, 27.73587251646639 ], [ 77.308009458438633, 27.75275713915433 ], [ 77.310185208090388, 27.788402453717755 ], [ 77.282832926754168, 27.799390858959111 ], [ 77.282832926754168, 27.799390858959111 ], [ 77.296509067422278, 27.825119807816922 ], [ 77.332564347365476, 27.833160104334986 ], [ 77.334429275638399, 27.835572193290407 ], [ 77.344375559760664, 27.849508707255055 ], [ 77.348727059064146, 27.855672934585574 ], [ 77.364889770762829, 27.855404924701638 ], [ 77.417107762404697, 27.854600895049831 ], [ 77.420837618950543, 27.854332885165896 ], [ 77.409337227934188, 27.874165616577123 ], [ 77.419283512056438, 27.889174170077514 ], [ 77.420215976192907, 27.890514219497192 ], [ 77.425810761011675, 27.886762081122093 ], [ 77.457514541651392, 27.874701636344994 ], [ 77.458136184409028, 27.87496964622893 ], [ 77.46621754025837, 27.881401883443385 ], [ 77.477717931274739, 27.893462328220483 ], [ 77.475231360244166, 27.929375652667844 ], [ 77.492326536079304, 27.938487988721651 ], [ 77.501651177443932, 27.92535550440881 ], [ 77.516570603627315, 27.933395800926874 ], [ 77.529935922916607, 27.926427543944552 ] ] ] } },
{ "type": "Feature", "properties": { "dt_code": "181", "district": "Shrawasti", "st_code": "09", "year": "2011_c", "st_nm": "Uttar Pradesh" }, "geometry": { "type": "Polygon", "coordinates": [ [ [ 81.980276424871292, 27.43436139703892 ], [ 81.990533530372375, 27.474830889513186 ], [ 81.989911887614724, 27.475366909281057 ], [ 81.95851892835384, 27.496539690111963 ], [ 81.912828185667195, 27.49385959127261 ], [ 81.90288190154493, 27.512888293032031 ], [ 81.871488942284046, 27.515300381987451 ], [ 81.86713744298055, 27.541833360497069 ], [ 81.850042267145426, 27.537545202354099 ], [ 81.836055305098483, 27.511280233728417 ], [ 81.795337704472971, 27.523340678505516 ], [ 81.786013063108356, 27.506724065701516 ], [ 81.76332310245445, 27.498415759299512 ], [ 81.753065996953367, 27.509672174424804 ], [ 81.77637760036491, 27.52494873780913 ], [ 81.766431316242659, 27.530844955255713 ], [ 81.774823493470805, 27.541297340729198 ], [ 81.766120494863827, 27.563810170979782 ], [ 81.730997679057097, 27.569974398310301 ], [ 81.710483468054932, 27.552821765738425 ], [ 81.681887901203424, 27.571850467497846 ], [ 81.696496506008003, 27.584714941926752 ], [ 81.690590899810402, 27.597579416355657 ], [ 81.704577861857331, 27.630812641963665 ], [ 81.657022190897763, 27.640460997785343 ], [ 81.682198722582243, 27.650377363490957 ], [ 81.679712151551684, 27.688702776893738 ], [ 81.702091290826772, 27.700763221670837 ], [ 81.695874863250353, 27.726492170528648 ], [ 81.666657653641209, 27.738016595537875 ], [ 81.672563259838796, 27.754365198457943 ], [ 81.644900157123757, 27.775537979288849 ], [ 81.654224798488386, 27.790278522905304 ], [ 81.643967692987303, 27.794298671164338 ], [ 81.646143442639044, 27.805823096173565 ], [ 81.657333012276595, 27.814667422343437 ], [ 81.64148112195673, 27.830211995611698 ], [ 81.608223234422923, 27.839324331665505 ], [ 81.607912413044104, 27.857012984005252 ], [ 81.637129622653248, 27.882741932863063 ], [ 81.676293116384656, 27.865589300291187 ], [ 81.682198722582243, 27.874701636344994 ], [ 81.68872597153748, 27.869341438666286 ], [ 81.689658435673948, 27.891050239265063 ], [ 81.706753611509072, 27.886494071238157 ], [ 81.718254002525441, 27.898018496247385 ], [ 81.705199504614981, 27.91088297067629 ], [ 81.721362216313651, 27.926427543944552 ], [ 81.717943181146623, 27.93607589976623 ], [ 81.742808891452285, 27.952692512570234 ], [ 81.804662345837599, 27.903110684042161 ], [ 81.833257912689106, 27.897750486363449 ], [ 81.88454344019452, 27.857012984005252 ], [ 81.925261040820033, 27.85996109272854 ], [ 81.925882683577669, 27.876309695648608 ], [ 81.961627142142049, 27.92347943522126 ], [ 81.991155173130011, 27.928571623016037 ], [ 82.070103803350463, 27.923211425337325 ], [ 82.121700152234709, 27.865589300291187 ], [ 82.14905243357093, 27.858085023540994 ], [ 82.153403932874411, 27.86666133982693 ], [ 82.207176031410398, 27.843612489808475 ], [ 82.207176031410398, 27.843344479924539 ], [ 82.206865210031566, 27.843612489808475 ], [ 82.197540568666952, 27.803947026986016 ], [ 82.181688678347101, 27.788938473485626 ], [ 82.16272857423904, 27.790546532789239 ], [ 82.124497544644086, 27.735068486814583 ], [ 82.134754650145169, 27.730244308903746 ], [ 82.133511364629896, 27.707463468769227 ], [ 82.092172121246733, 27.66887004548251 ], [ 82.097766906065516, 27.660293729196571 ], [ 82.085334050912678, 27.63456478033876 ], [ 82.04461645028718, 27.612855979739983 ], [ 82.023480596527364, 27.58257086285527 ], [ 82.021615668254441, 27.579890764015914 ], [ 82.036535094437838, 27.562202111676168 ], [ 82.032183595134342, 27.550945696550876 ], [ 82.055495198545898, 27.554429825042039 ], [ 82.040264950983683, 27.541833360497069 ], [ 82.053941091651794, 27.519320530246485 ], [ 82.04927877096948, 27.498951779067383 ], [ 82.058914233712926, 27.493055561620803 ], [ 82.052076163378871, 27.447225871467825 ], [ 82.052076163378871, 27.446421841816019 ], [ 82.070725446108113, 27.439721594717632 ], [ 82.067928053698722, 27.423641001681499 ], [ 82.082847479882119, 27.419084833654598 ], [ 82.073522838517491, 27.401932201082722 ], [ 82.06823887507754, 27.406756378993563 ], [ 82.057360126818821, 27.416136724931306 ], [ 82.047724664075375, 27.414796675511628 ], [ 82.001101457252275, 27.408632448181109 ], [ 81.980276424871292, 27.43436139703892 ] ] ] } },
{ "type": "Feature", "properties": { "dt_code": "154", "district": "Sitapur", "st_code": "09", "year": "2011_c", "st_nm": "Uttar Pradesh" }, "geometry": { "type": "Polygon", "coordinates": [ [ [ 80.311165620604172, 27.680930490259609 ], [ 80.318314512317045, 27.686558697822253 ], [ 80.322355190241709, 27.68977481642948 ], [ 80.345355972274447, 27.701299241438708 ], [ 80.377992217050618, 27.706927449001356 ], [ 80.414047496993817, 27.744180822868394 ], [ 80.450102776937015, 27.749273010663167 ], [ 80.445129634875883, 27.771517831029819 ], [ 80.464089738983944, 27.757313307181235 ], [ 80.46844123828744, 27.7736619101013 ], [ 80.489887913426074, 27.775269969404913 ], [ 80.517240194762294, 27.810379264200467 ], [ 80.539930155416201, 27.796174740351887 ], [ 80.541484262310306, 27.772053850797686 ], [ 80.542727547825592, 27.772053850797686 ], [ 80.554538760220765, 27.770445791494076 ], [ 80.563863401585394, 27.752221119386459 ], [ 80.570701471919449, 27.751953109502523 ], [ 80.605202644968543, 27.750613060082845 ], [ 80.641879567669392, 27.839324331665505 ], [ 80.654312422822215, 27.817079511298857 ], [ 80.66892102762678, 27.830480005495634 ], [ 80.744139801301401, 27.795638720584016 ], [ 80.748180479226065, 27.812255333388016 ], [ 80.760924155757706, 27.806091106057501 ], [ 80.765586476440021, 27.816007471763115 ], [ 80.775221939183467, 27.80957523454866 ], [ 80.788898079851577, 27.8181515508346 ], [ 80.82588582393123, 27.790814542673175 ], [ 80.844224285281655, 27.804483046753887 ], [ 80.846710856312228, 27.825655827584793 ], [ 80.864427674905002, 27.824315778165115 ], [ 80.894577348650614, 27.85165278632654 ], [ 80.90669938242462, 27.834232143870729 ], [ 80.920064701713912, 27.849240697371119 ], [ 80.92876770032089, 27.845220549112089 ], [ 80.939957269958427, 27.857817013657058 ], [ 80.93715987754905, 27.873361586925316 ], [ 80.949592732701873, 27.87255755727351 ], [ 80.957674088551215, 27.899626555550999 ], [ 80.971039407840493, 27.906058792765453 ], [ 80.982539798856862, 27.90016257531887 ], [ 80.97228269335578, 27.895606407291965 ], [ 80.980053227826303, 27.888370140425707 ], [ 81.010202901571901, 27.877649745068286 ], [ 80.996215939524973, 27.868805418898415 ], [ 80.995905118146155, 27.868805418898415 ], [ 80.995905118146155, 27.868537409014479 ], [ 80.989688690569736, 27.825655827584793 ], [ 80.989377869190918, 27.824583788049051 ], [ 80.989999511948568, 27.824583788049051 ], [ 81.060245143562042, 27.811183293852274 ], [ 81.06894814216902, 27.824315778165115 ], [ 81.082935104215949, 27.821367669441827 ], [ 81.110287385552169, 27.789742503137433 ], [ 81.111219849688638, 27.78867046360169 ], [ 81.141058702055417, 27.805823096173565 ], [ 81.150694164798864, 27.78036215719969 ], [ 81.179600553029189, 27.78438230545872 ], [ 81.227156223988743, 27.759993406020588 ], [ 81.22062897503352, 27.752221119386459 ], [ 81.217520761245311, 27.749273010663167 ], [ 81.195141621970222, 27.753561168806137 ], [ 81.186438623363244, 27.728904259484068 ], [ 81.186438623363244, 27.728904259484068 ], [ 81.216899118487675, 27.71496774551942 ], [ 81.243629757066245, 27.729172269368004 ], [ 81.257616719113173, 27.714163715867613 ], [ 81.272225323917752, 27.699155162367223 ], [ 81.272225323917752, 27.698619142599352 ], [ 81.263211503931956, 27.699155162367223 ], [ 81.254197683946146, 27.684950638518639 ], [ 81.251711112915586, 27.680662480375673 ], [ 81.2504678274003, 27.678786411188124 ], [ 81.271603681160116, 27.675838302464832 ], [ 81.27315778805422, 27.675570292580897 ], [ 81.273779430811857, 27.675570292580897 ], [ 81.278130930115339, 27.678786411188124 ], [ 81.281549965282366, 27.681198500143545 ], [ 81.293982820435204, 27.66645795652709 ], [ 81.301753354905713, 27.632688711151211 ], [ 81.301442533526895, 27.632688711151211 ], [ 81.270982038402465, 27.632420701267279 ], [ 81.26725218185662, 27.60347563380224 ], [ 81.265698074962515, 27.591415189025142 ], [ 81.284347357691757, 27.564882210515524 ], [ 81.307037318345664, 27.559522012836812 ], [ 81.302374997663364, 27.538349232005906 ], [ 81.322578387286697, 27.529504905836035 ], [ 81.318848530740851, 27.500291828487061 ], [ 81.332213850030143, 27.490375462781447 ], [ 81.331592207272507, 27.462502434852151 ], [ 81.331281385893675, 27.461698405200345 ], [ 81.351484775517022, 27.432753337735306 ], [ 81.379458699610893, 27.39255185514498 ], [ 81.38536430580848, 27.385583598162654 ], [ 81.400905374749513, 27.375399222573105 ], [ 81.408675909220037, 27.370575044662267 ], [ 81.41054083749296, 27.369503005126525 ], [ 81.416446443690546, 27.351010323134972 ], [ 81.4127165871447, 27.334125700447032 ], [ 81.4127165871447, 27.334125700447032 ], [ 81.395310589930745, 27.340825947545422 ], [ 81.395310589930745, 27.340825947545422 ], [ 81.399972910613059, 27.325817394045032 ], [ 81.379769520989711, 27.316169038223354 ], [ 81.391269912006081, 27.310540830660706 ], [ 81.388161698217871, 27.311076850428577 ], [ 81.38225609202027, 27.31214888996432 ], [ 81.382566913399103, 27.294728247508509 ], [ 81.373553093413292, 27.292852178320963 ], [ 81.381323627883816, 27.277575614936637 ], [ 81.376039664443866, 27.273019446909732 ], [ 81.364228452048678, 27.262567061436247 ], [ 81.358322845851077, 27.257206863757538 ], [ 81.34122767001594, 27.253722735266376 ], [ 81.335322063818353, 27.271679397490054 ], [ 81.314807852816188, 27.27864765447238 ], [ 81.321956744529061, 27.297140336463929 ], [ 81.305483211451559, 27.301160484722963 ], [ 81.315740316952642, 27.32045719636632 ], [ 81.297091034223399, 27.336001769634581 ], [ 81.291807070783449, 27.359318629536972 ], [ 81.280617501145912, 27.332249631259486 ], [ 81.258238361870823, 27.334661720214903 ], [ 81.248292077748559, 27.314024959151869 ], [ 81.22839950950403, 27.323941324857483 ], [ 81.22529129571582, 27.311612870196448 ], [ 81.239899900520399, 27.307056702169547 ], [ 81.231196901913421, 27.298748395767543 ], [ 81.24207565017214, 27.270607357954312 ], [ 81.232751008807526, 27.262567061436247 ], [ 81.22529129571582, 27.272483427141861 ], [ 81.207263655744228, 27.252382685846698 ], [ 81.207263655744228, 27.237106122462372 ], [ 81.183019588196217, 27.245414428864372 ], [ 81.17338412545277, 27.266855219579217 ], [ 81.148518415147109, 27.258010893409342 ], [ 81.112773956582743, 27.274627506213346 ], [ 81.091638102822927, 27.264175120739861 ], [ 81.079516069048921, 27.236034082926629 ], [ 81.08511085386769, 27.228797816060371 ], [ 81.066772392517279, 27.219149460238693 ], [ 81.053407073227987, 27.21754140093508 ], [ 81.053407073227987, 27.222097568961981 ], [ 81.027298077407039, 27.227725776524629 ], [ 81.002432367101392, 27.226921746872822 ], [ 80.96917447956757, 27.239786221301728 ], [ 80.965755444400543, 27.217005381167208 ], [ 80.956430803035929, 27.219417470122629 ], [ 80.93715987754905, 27.194492550916621 ], [ 80.927213593426785, 27.200924788131076 ], [ 80.930321807214995, 27.158579226469261 ], [ 80.930321807214995, 27.158579226469261 ], [ 80.907321025182256, 27.151610969486939 ], [ 80.894888170029432, 27.127222070048806 ], [ 80.86473849628382, 27.126150030513063 ], [ 80.82899403771944, 27.100421081655252 ], [ 80.828061573582985, 27.09934904211951 ], [ 80.827439930825335, 27.100689091539188 ], [ 80.826507466688881, 27.100957101423123 ], [ 80.821845146006567, 27.115697645039578 ], [ 80.806304077065533, 27.109265407825124 ], [ 80.804128327413792, 27.130974208423904 ], [ 80.821534324627748, 27.138746495058033 ], [ 80.821845146006567, 27.158847236353196 ], [ 80.804749970171429, 27.170103651478492 ], [ 80.797290257079737, 27.199852748595333 ], [ 80.788587258472759, 27.208161054997333 ], [ 80.766518940576489, 27.201996827666818 ], [ 80.747558836468428, 27.227993786408565 ], [ 80.741031587513191, 27.222633588729853 ], [ 80.717409162722817, 27.234962043390887 ], [ 80.692854273795973, 27.215397321863595 ], [ 80.656798993852775, 27.226117717221015 ], [ 80.641568746290559, 27.245682438748311 ], [ 80.649960923518719, 27.258814923061149 ], [ 80.627581784243631, 27.252918705614569 ], [ 80.616703035984912, 27.271679397490054 ], [ 80.600851145665061, 27.262835071320183 ], [ 80.586864183618118, 27.278915664356315 ], [ 80.569147365025344, 27.27864765447238 ], [ 80.577539542253504, 27.285883921338637 ], [ 80.571944757434736, 27.292852178320963 ], [ 80.557646974008975, 27.269267308534637 ], [ 80.497036805138947, 27.25586681433786 ], [ 80.517240194762294, 27.26846327888283 ], [ 80.495482698244842, 27.311880880080384 ], [ 80.501699125821247, 27.32474535450929 ], [ 80.487401342395501, 27.330105552188002 ], [ 80.482739021713186, 27.345114105688388 ], [ 80.455697561755798, 27.339217888241809 ], [ 80.463778917605126, 27.34565012545626 ], [ 80.454143454861693, 27.360122659188779 ], [ 80.465954667256881, 27.355834501045813 ], [ 80.468130416908622, 27.367090916171104 ], [ 80.454143454861693, 27.370575044662267 ], [ 80.451346062452302, 27.401396181314851 ], [ 80.423372138358445, 27.413724635975885 ], [ 80.430521030071318, 27.423104981913628 ], [ 80.410006819069153, 27.434897416806791 ], [ 80.397573963916315, 27.454194128450151 ], [ 80.40285792735628, 27.463306464503958 ], [ 80.376127288777695, 27.48126312672764 ], [ 80.356545541911984, 27.479923077307962 ], [ 80.344112686759161, 27.51047620407661 ], [ 80.325463404029918, 27.522804658737645 ], [ 80.304949193027753, 27.582302852971335 ], [ 80.324220118514631, 27.600795534962884 ], [ 80.305881657164221, 27.605887722757661 ], [ 80.299043586830166, 27.631884681499407 ], [ 80.310854799225353, 27.640460997785343 ], [ 80.311165620604172, 27.679322430955995 ], [ 80.311165620604172, 27.680930490259609 ] ] ] } },
{ "type": "Feature", "properties": { "dt_code": "144", "district": "Hathras", "st_code": "09", "year": "2011_c", "st_nm": "Uttar Pradesh" }, "geometry": { "type": "Polygon", "coordinates": [ [ [ 77.899502542334417, 27.579354744248043 ], [ 77.918773467821296, 27.590343149489399 ], [ 77.919395110578947, 27.601331554730756 ], [ 77.947679856051622, 27.604279663454047 ], [ 77.9563828546586, 27.614196029159661 ], [ 77.95700449741625, 27.614464039043597 ], [ 77.971613102220815, 27.595971357052044 ], [ 78.001762775966426, 27.60535170298979 ], [ 77.984978421510107, 27.625720454168889 ], [ 78.005181811133454, 27.649305323955215 ], [ 78.021033701453305, 27.646357215231923 ], [ 78.020101237316851, 27.648233284419472 ], [ 78.014817273876886, 27.658685669892961 ], [ 78.022898629726228, 27.667798005946768 ], [ 78.020722880074487, 27.669138055366446 ], [ 77.993681420117085, 27.690042826313416 ], [ 77.991505670465344, 27.691918895500965 ], [ 78.015438916634537, 27.716307794939098 ], [ 78.004560168375804, 27.728368239716197 ], [ 78.012330702846327, 27.74016067460936 ], [ 78.030669164196752, 27.732924407743099 ], [ 78.044034483486044, 27.745788882172008 ], [ 78.02258780834741, 27.751685099618587 ], [ 78.021344522832123, 27.754633208341879 ], [ 78.023520272483879, 27.764549574047493 ], [ 78.029736700060283, 27.769373751958334 ], [ 78.041237091076653, 27.777950068244269 ], [ 78.0614404807, 27.793226631628595 ], [ 78.071697586201083, 27.779290117663948 ], [ 78.066413622761132, 27.77017778161014 ], [ 78.135726790238138, 27.772321860681622 ], [ 78.151267859179171, 27.758117336833038 ], [ 78.169606320529596, 27.761869475208137 ], [ 78.182039175682419, 27.746592911823811 ], [ 78.171782070181337, 27.735604506582455 ], [ 78.182349997061252, 27.72166799261781 ], [ 78.173336177075441, 27.715503765287291 ], [ 78.203796672199871, 27.692990935036708 ], [ 78.215607884595059, 27.694598994340321 ], [ 78.24047359490072, 27.665117907107412 ], [ 78.271244911403969, 27.706391429233484 ], [ 78.326881938212864, 27.722472022269613 ], [ 78.370707752626586, 27.748200971127424 ], [ 78.363558860913713, 27.78625837464627 ], [ 78.405519747054498, 27.831552045031376 ], [ 78.407695496706253, 27.843612489808475 ], [ 78.410492889115631, 27.84736462818357 ], [ 78.445304883543557, 27.838788311897634 ], [ 78.462400059378695, 27.812523343271952 ], [ 78.463332523515149, 27.810915283968338 ], [ 78.4745220931527, 27.808771204896857 ], [ 78.481049342107937, 27.770445791494076 ], [ 78.472657164879777, 27.761869475208137 ], [ 78.512131479990003, 27.740428684493295 ], [ 78.527361727552218, 27.724616101341098 ], [ 78.506536695171235, 27.706123419349549 ], [ 78.51803708618759, 27.693526954804579 ], [ 78.505293409655948, 27.678518401304189 ], [ 78.516482979293485, 27.670210094902188 ], [ 78.497833696564243, 27.643141096624699 ], [ 78.500009446215998, 27.617680157650824 ], [ 78.470481415228022, 27.619556226838373 ], [ 78.415466031176763, 27.579354744248043 ], [ 78.398992498099261, 27.590075139605464 ], [ 78.39153278500757, 27.569974398310301 ], [ 78.362937218156063, 27.560326042488619 ], [ 78.360761468504322, 27.575066586105073 ], [ 78.332787544410465, 27.583106882623142 ], [ 78.318178939605886, 27.573994546569331 ], [ 78.31444908306004, 27.543173409916747 ], [ 78.305124441695426, 27.551749726202683 ], [ 78.289583372754379, 27.544513459336425 ], [ 78.281191195526219, 27.555769874461717 ], [ 78.271244911403969, 27.549069627363327 ], [ 78.283677766556792, 27.535937143050486 ], [ 78.271866554161605, 27.525216747693065 ], [ 78.252284807295908, 27.518248490710743 ], [ 78.243892630067748, 27.528700876184228 ], [ 78.213432134943318, 27.524144708157323 ], [ 78.220270205277373, 27.514496352335645 ], [ 78.203796672199871, 27.50216789767461 ], [ 78.198823530138739, 27.459018306360989 ], [ 78.173957819833092, 27.429805229012018 ], [ 78.19944517289639, 27.43436139703892 ], [ 78.197269423244634, 27.407292398761435 ], [ 78.182349997061252, 27.408096428413238 ], [ 78.179241783273042, 27.408364438297177 ], [ 78.175201105348364, 27.389603746421688 ], [ 78.135726790238138, 27.364678827215684 ], [ 78.103090545461967, 27.369503005126525 ], [ 78.081022227565697, 27.393087874912851 ], [ 78.080711406186879, 27.39255185514498 ], [ 78.080089763429243, 27.393355884796787 ], [ 78.062372944836454, 27.379151360948203 ], [ 78.05615651726005, 27.381295440019688 ], [ 78.051805017956553, 27.370575044662267 ], [ 78.051494196577735, 27.369234995242589 ], [ 78.051183375198917, 27.368698975474718 ], [ 78.088481940657402, 27.356638530697619 ], [ 78.072940871716355, 27.336537789402453 ], [ 78.044966947622498, 27.347794204527744 ], [ 78.043723662107212, 27.34806221441168 ], [ 78.043723662107212, 27.34806221441168 ], [ 78.040615448319016, 27.33546574986671 ], [ 78.016993023528642, 27.321529235902062 ], [ 78.009533310436936, 27.326621423696839 ], [ 78.011709060088691, 27.319117146946645 ], [ 77.981248564964261, 27.326621423696839 ], [ 77.981559386343079, 27.325549384161096 ], [ 77.963220924992655, 27.32956953242013 ], [ 77.940530964338748, 27.297140336463929 ], [ 77.935247000898798, 27.300356455071157 ], [ 77.9097596478355, 27.316705057991225 ], [ 77.906651434047291, 27.318581127178774 ], [ 77.909138005077864, 27.330641571955873 ], [ 77.909448826456682, 27.331981621375551 ], [ 77.888002151318048, 27.338145848706066 ], [ 77.903543220259081, 27.358246590001229 ], [ 77.898259256819131, 27.37325514350162 ], [ 77.907583898183759, 27.384779568510847 ], [ 77.888934615454517, 27.404344290038143 ], [ 77.908516362320213, 27.425785080752984 ], [ 77.932138787110588, 27.42176493249395 ], [ 77.930895501595302, 27.439453584833696 ], [ 77.920638396094219, 27.445349802280276 ], [ 77.908827183699032, 27.43677348599434 ], [ 77.894840221652103, 27.448833930771439 ], [ 77.928098109185925, 27.473222830209572 ], [ 77.910070469214318, 27.487963373826027 ], [ 77.905097327153186, 27.51235227326416 ], [ 77.873704367892302, 27.530040925603906 ], [ 77.904786505774368, 27.554161815158103 ], [ 77.905718969910822, 27.571046437846043 ], [ 77.906029791289654, 27.572654497149653 ], [ 77.900435006470872, 27.578014694828365 ], [ 77.899502542334417, 27.579354744248043 ] ] ] } },
{ "type": "Feature", "properties": { "dt_code": "201", "district": "Etah", "st_code": "09", "year": "2011_c", "st_nm": "Uttar Pradesh" }, "geometry": { "type": "Polygon", "coordinates": [ [ [ 78.512131479990003, 27.740428684493295 ], [ 78.538240475810937, 27.760261415904523 ], [ 78.531402405476882, 27.774465939753107 ], [ 78.553159901994334, 27.784650315342656 ], [ 78.553470723373152, 27.784918325226592 ], [ 78.566525221283626, 27.768033702538656 ], [ 78.599783108817434, 27.771249821145879 ], [ 78.611905142591439, 27.743912812984458 ], [ 78.652622743216952, 27.750077040314974 ], [ 78.671272025946195, 27.73426445716278 ], [ 78.687434737644878, 27.741768733912973 ], [ 78.695516093494206, 27.685486658286511 ], [ 78.714165376223448, 27.667798005946768 ], [ 78.720692625178685, 27.671818154205798 ], [ 78.741206836180851, 27.634028760570892 ], [ 78.77477554509349, 27.636172839642374 ], [ 78.810830825036689, 27.602939614034369 ], [ 78.826061072598904, 27.60776379194521 ], [ 78.859008138753893, 27.59516732740024 ], [ 78.854345818071579, 27.578550714596236 ], [ 78.872062636664367, 27.581498823319528 ], [ 78.87330592217964, 27.592219218676949 ], [ 78.886360420090114, 27.587663050650043 ], [ 78.896928346970014, 27.568634348890622 ], [ 78.884495491817191, 27.558449973301073 ], [ 78.891022740772428, 27.550677686666941 ], [ 78.951632909642456, 27.574798576221138 ], [ 78.958470979976511, 27.562470121560104 ], [ 78.968106442719957, 27.567830319238816 ], [ 78.96997137099288, 27.589003100069721 ], [ 78.982715047524522, 27.600527525078949 ], [ 78.967173978583489, 27.615000058811468 ], [ 78.974633691675194, 27.635636819874502 ], [ 78.99514790267736, 27.647429254767665 ], [ 79.031514003999376, 27.583910912274945 ], [ 79.075961461170735, 27.557913953533202 ], [ 79.142788057617182, 27.561934101792232 ], [ 79.158950769315865, 27.578282704712301 ], [ 79.162058983104075, 27.56756230935488 ], [ 79.16516719689227, 27.575066586105073 ], [ 79.202776583729573, 27.563542161095846 ], [ 79.215831081640047, 27.579086734364108 ], [ 79.230128865065794, 27.555769874461717 ], [ 79.220493402322361, 27.536473162818357 ], [ 79.27333303672188, 27.514496352335645 ], [ 79.270846465691307, 27.493591581388674 ], [ 79.246602398143295, 27.47215079067383 ], [ 79.257791967780847, 27.462770444736087 ], [ 79.250953897446792, 27.454462138334087 ], [ 79.262454288463147, 27.444813782512409 ], [ 79.25965689605377, 27.42846517959234 ], [ 79.223912437489389, 27.411312547020465 ], [ 79.255616218129092, 27.393355884796787 ], [ 79.254372932613819, 27.370843054546199 ], [ 79.274576322237152, 27.348866244063487 ], [ 79.275819607752439, 27.347526194643809 ], [ 79.27022482293367, 27.346186145224131 ], [ 79.252818825719714, 27.334929730098839 ], [ 79.252508004340896, 27.331981621375551 ], [ 79.254372932613819, 27.328497492884388 ], [ 79.251575540204428, 27.32715744346471 ], [ 79.248467326416218, 27.325549384161096 ], [ 79.21241204647302, 27.332785651027358 ], [ 79.195938513395518, 27.361462708608457 ], [ 79.17355937412043, 27.376739271992783 ], [ 79.140923129344259, 27.378079321412461 ], [ 79.140923129344259, 27.398180062707624 ], [ 79.115124954902143, 27.406220359225692 ], [ 79.107043599052801, 27.434629406922856 ], [ 79.106732777673983, 27.434629406922856 ], [ 79.06912339083668, 27.41774478423492 ], [ 78.998566937844387, 27.432485327851374 ], [ 78.993593795783255, 27.420960902842147 ], [ 78.984579975797459, 27.429537219128083 ], [ 78.975566155811649, 27.418012794118855 ], [ 78.960957551007084, 27.418280804002791 ], [ 78.958160158597693, 27.429805229012018 ], [ 78.938578411731996, 27.431681298199567 ], [ 78.93951087586845, 27.450978009842924 ], [ 78.926145556579158, 27.446153831932087 ], [ 78.8876037056054, 27.473222830209572 ], [ 78.8876037056054, 27.472954820325636 ], [ 78.871440993906717, 27.437577515646147 ], [ 78.837872284994091, 27.410508517368658 ], [ 78.839426391888196, 27.39844807259156 ], [ 78.854345818071579, 27.392283845261044 ], [ 78.834453249827064, 27.361730718492392 ], [ 78.781924436806364, 27.347258184759873 ], [ 78.775086366472308, 27.334393710330968 ], [ 78.754572155470143, 27.345382115572328 ], [ 78.734679587225614, 27.331981621375551 ], [ 78.718206054148126, 27.344310076036585 ], [ 78.711989626571707, 27.37995539060001 ], [ 78.685258987993123, 27.383439519091169 ], [ 78.681839952826095, 27.390675785957431 ], [ 78.670339561809726, 27.416404734815242 ], [ 78.668785454915636, 27.416672744699177 ], [ 78.643298101852338, 27.420424883074276 ], [ 78.63925742392766, 27.432217317967439 ], [ 78.664123134233321, 27.472954820325636 ], [ 78.66194738458158, 27.489839443013576 ], [ 78.629932782563046, 27.488231383709962 ], [ 78.606621179151489, 27.51047620407661 ], [ 78.596674895029224, 27.508600134889065 ], [ 78.58672861090696, 27.476438948816799 ], [ 78.564038650253053, 27.472418800557765 ], [ 78.543835260629706, 27.442133683673053 ], [ 78.510888194474717, 27.464110494155765 ], [ 78.506536695171235, 27.439989604601568 ], [ 78.49130644760902, 27.423372991797564 ], [ 78.463643344893967, 27.424981051101177 ], [ 78.49130644760902, 27.387459667350203 ], [ 78.483225091759678, 27.357710570233358 ], [ 78.490063162093733, 27.353422412090392 ], [ 78.47763030694091, 27.342970026616907 ], [ 78.456494453181094, 27.374595192921298 ], [ 78.434115313906005, 27.360926688840586 ], [ 78.399303319478093, 27.372183103965877 ], [ 78.387181285704088, 27.362266738260264 ], [ 78.354234219549085, 27.394963944100397 ], [ 78.346463685078575, 27.393087874912851 ], [ 78.324706188561123, 27.379151360948203 ], [ 78.320976332015277, 27.376739271992783 ], [ 78.318800582363536, 27.375399222573105 ], [ 78.306367727210699, 27.387727677234139 ], [ 78.299529656876643, 27.392819865028915 ], [ 78.297975549982539, 27.392015835377109 ], [ 78.289894194133211, 27.386387627814461 ], [ 78.277772160359191, 27.394427924332529 ], [ 78.260055341766417, 27.392819865028915 ], [ 78.225864990096142, 27.405684339457821 ], [ 78.197269423244634, 27.407292398761435 ], [ 78.19944517289639, 27.43436139703892 ], [ 78.173957819833092, 27.429805229012018 ], [ 78.198823530138739, 27.459018306360989 ], [ 78.203796672199871, 27.50216789767461 ], [ 78.220270205277373, 27.514496352335645 ], [ 78.213432134943318, 27.524144708157323 ], [ 78.243892630067748, 27.528700876184228 ], [ 78.252284807295908, 27.518248490710743 ], [ 78.271866554161605, 27.525216747693065 ], [ 78.283677766556792, 27.535937143050486 ], [ 78.271244911403969, 27.549069627363327 ], [ 78.281191195526219, 27.555769874461717 ], [ 78.289583372754379, 27.544513459336425 ], [ 78.305124441695426, 27.551749726202683 ], [ 78.31444908306004, 27.543173409916747 ], [ 78.318178939605886, 27.573994546569331 ], [ 78.332787544410465, 27.583106882623142 ], [ 78.360761468504322, 27.575066586105073 ], [ 78.362937218156063, 27.560326042488619 ], [ 78.39153278500757, 27.569974398310301 ], [ 78.398992498099261, 27.590075139605464 ], [ 78.415466031176763, 27.579354744248043 ], [ 78.470481415228022, 27.619556226838373 ], [ 78.500009446215998, 27.617680157650824 ], [ 78.497833696564243, 27.643141096624699 ], [ 78.516482979293485, 27.670210094902188 ], [ 78.505293409655948, 27.678518401304189 ], [ 78.51803708618759, 27.693526954804579 ], [ 78.506536695171235, 27.706123419349549 ], [ 78.527361727552218, 27.724616101341098 ], [ 78.512131479990003, 27.740428684493295 ] ] ] } },
{ "type": "Feature", "properties": { "dt_code": "155", "district": "Hardoi", "st_code": "09", "year": "2011_c", "st_nm": "Uttar Pradesh" }, "geometry": { "type": "Polygon", "coordinates": [ [ [ 80.059711125138236, 27.759993406020588 ], [ 80.059711125138236, 27.77017778161014 ], [ 80.091414905777938, 27.783578275806917 ], [ 80.111307474022468, 27.783578275806917 ], [ 80.114415687810677, 27.773393900217364 ], [ 80.136173184328115, 27.777682058360334 ], [ 80.133997434676374, 27.750077040314974 ], [ 80.157930680845567, 27.770981811261947 ], [ 80.192742675273479, 27.760261415904523 ], [ 80.201445673880471, 27.775537979288849 ], [ 80.232216990383719, 27.771517831029819 ], [ 80.224135634534377, 27.762137485092072 ], [ 80.239365882096592, 27.765621613583235 ], [ 80.240298346233047, 27.750077040314974 ], [ 80.253042022764703, 27.757581317065171 ], [ 80.270448019978659, 27.730512318787682 ], [ 80.284434982025587, 27.730780328671617 ], [ 80.278529375828001, 27.710143567608579 ], [ 80.291894695117293, 27.708803518188901 ], [ 80.297489479936061, 27.683610589098961 ], [ 80.298732765451348, 27.683342579215029 ], [ 80.30308426475483, 27.682002529795351 ], [ 80.310233156467703, 27.680126460607802 ], [ 80.311165620604172, 27.680930490259609 ], [ 80.311165620604172, 27.679322430955995 ], [ 80.310854799225353, 27.640460997785343 ], [ 80.299043586830166, 27.631884681499407 ], [ 80.305881657164221, 27.605887722757661 ], [ 80.324220118514631, 27.600795534962884 ], [ 80.304949193027753, 27.582302852971335 ], [ 80.325463404029918, 27.522804658737645 ], [ 80.344112686759161, 27.51047620407661 ], [ 80.356545541911984, 27.479923077307962 ], [ 80.376127288777695, 27.48126312672764 ], [ 80.40285792735628, 27.463306464503958 ], [ 80.397573963916315, 27.454194128450151 ], [ 80.410006819069153, 27.434897416806791 ], [ 80.430521030071318, 27.423104981913628 ], [ 80.423372138358445, 27.413724635975885 ], [ 80.451346062452302, 27.401396181314851 ], [ 80.454143454861693, 27.370575044662267 ], [ 80.468130416908622, 27.367090916171104 ], [ 80.465954667256881, 27.355834501045813 ], [ 80.454143454861693, 27.360122659188779 ], [ 80.463778917605126, 27.34565012545626 ], [ 80.455697561755798, 27.339217888241809 ], [ 80.482739021713186, 27.345114105688388 ], [ 80.487401342395501, 27.330105552188002 ], [ 80.501699125821247, 27.32474535450929 ], [ 80.495482698244842, 27.311880880080384 ], [ 80.517240194762294, 27.26846327888283 ], [ 80.497036805138947, 27.25586681433786 ], [ 80.557646974008975, 27.269267308534637 ], [ 80.571944757434736, 27.292852178320963 ], [ 80.577539542253504, 27.285883921338637 ], [ 80.569147365025344, 27.27864765447238 ], [ 80.586864183618118, 27.278915664356315 ], [ 80.600851145665061, 27.262835071320183 ], [ 80.616703035984912, 27.271679397490054 ], [ 80.627581784243631, 27.252918705614569 ], [ 80.649960923518719, 27.258814923061149 ], [ 80.641568746290559, 27.245682438748311 ], [ 80.656798993852775, 27.226117717221015 ], [ 80.692854273795973, 27.215397321863595 ], [ 80.717409162722817, 27.234962043390887 ], [ 80.741031587513191, 27.222633588729853 ], [ 80.747558836468428, 27.227993786408565 ], [ 80.766518940576489, 27.201996827666818 ], [ 80.788587258472759, 27.208161054997333 ], [ 80.797290257079737, 27.199852748595333 ], [ 80.804749970171429, 27.170103651478492 ], [ 80.821845146006567, 27.158847236353196 ], [ 80.821534324627748, 27.138746495058033 ], [ 80.804128327413792, 27.130974208423904 ], [ 80.806304077065533, 27.109265407825124 ], [ 80.821845146006567, 27.115697645039578 ], [ 80.826507466688881, 27.100957101423123 ], [ 80.826818288067699, 27.099885061887381 ], [ 80.792317115018605, 27.110873467128737 ], [ 80.780195081244599, 27.098008992699832 ], [ 80.770870439879971, 27.103101180494608 ], [ 80.765586476440021, 27.089968696181767 ], [ 80.739477480619087, 27.102297150842801 ], [ 80.700624808266497, 27.062363678136407 ], [ 80.646541888351692, 27.077640241520733 ], [ 80.642812031805846, 27.069599945002665 ], [ 80.656798993852775, 27.062899697904278 ], [ 80.624784391834254, 27.056735470573763 ], [ 80.615459750469626, 27.039314828117952 ], [ 80.582512684314636, 27.037438758930403 ], [ 80.582201862935818, 27.029130452528403 ], [ 80.581891041556986, 27.025378314153304 ], [ 80.581580220178168, 27.022698215313948 ], [ 80.575674613980581, 27.021090156010334 ], [ 80.550187260917284, 27.013585879260141 ], [ 80.550187260917284, 27.013585879260141 ], [ 80.545524940234969, 27.0004533949473 ], [ 80.53464619197625, 27.007421651929626 ], [ 80.505118160988275, 26.985712851330845 ], [ 80.491442020320164, 26.990001009473815 ], [ 80.456008383134616, 26.97526046585736 ], [ 80.443886349360611, 26.962932011196326 ], [ 80.446994563148806, 26.949531516999549 ], [ 80.427723637661927, 26.943099279785098 ], [ 80.431764315586605, 26.915762271623674 ], [ 80.413736675614999, 26.889765312881927 ], [ 80.413425854236181, 26.890301332649798 ], [ 80.390114250824624, 26.932110874543739 ], [ 80.363072790867221, 26.921390479186318 ], [ 80.359964577079012, 26.924874607677481 ], [ 80.339450366076846, 26.950335546651356 ], [ 80.343180222622706, 26.967220169339296 ], [ 80.331369010227519, 26.991341058893493 ], [ 80.298111122693697, 26.996701256572202 ], [ 80.297489479936061, 26.996701256572202 ], [ 80.298732765451348, 26.99804130599188 ], [ 80.307435764058326, 27.025914333921175 ], [ 80.277596911691532, 27.029398462412338 ], [ 80.257082700689367, 27.028862442644467 ], [ 80.254285308279989, 27.024038264733626 ], [ 80.25583941517408, 27.019750106590656 ], [ 80.248690523461207, 27.014121899028012 ], [ 80.23750095382367, 26.995361207152527 ], [ 80.230973704868433, 26.973384396669811 ], [ 80.223513991776741, 26.970972307714391 ], [ 80.215432635927399, 26.968560218758974 ], [ 80.17875571322655, 26.957303803633678 ], [ 80.185904604939424, 26.99804130599188 ], [ 80.152957538784435, 26.978476584464588 ], [ 80.135862362949297, 26.986248871098717 ], [ 80.120321294008264, 26.992949118197107 ], [ 80.115969794704768, 26.995093197268588 ], [ 80.104780225067231, 26.982764742607557 ], [ 80.102293654036657, 26.978744594348523 ], [ 80.10726679609779, 26.961323951892712 ], [ 80.087063406474456, 26.961859971660584 ], [ 80.045102520333657, 26.925946647213223 ], [ 80.044170056197189, 26.924874607677481 ], [ 80.0171285962398, 26.952479625722841 ], [ 80.016817774860968, 26.95435569491039 ], [ 80.015574489345695, 26.955427734446133 ], [ 80.013087918315122, 26.956231764097939 ], [ 80.01650695348215, 26.958911862937292 ], [ 80.015263667966863, 26.972312357134069 ], [ 79.987911386630643, 27.010905780420785 ], [ 79.984492351463615, 27.036902739162532 ], [ 79.998479313510558, 27.056467460689827 ], [ 79.970505389416687, 27.061827658368536 ], [ 79.942220643944012, 27.085412528154862 ], [ 79.941599001186361, 27.085948547922733 ], [ 79.952166928066276, 27.095864913628347 ], [ 79.940977358428725, 27.103101180494608 ], [ 79.952166928066276, 27.113821575852029 ], [ 79.928233681897069, 27.142230623549196 ], [ 79.910516863304295, 27.134726346798999 ], [ 79.895597437120898, 27.148930870647582 ], [ 79.853325729601295, 27.150538929951196 ], [ 79.8595421571777, 27.161527335192552 ], [ 79.805770058641727, 27.171175691014231 ], [ 79.805148415884076, 27.170907681130295 ], [ 79.804837594505258, 27.171175691014231 ], [ 79.80452677312644, 27.171175691014231 ], [ 79.72153746498131, 27.220757519542303 ], [ 79.696050111918012, 27.230137865480049 ], [ 79.696982576054481, 27.249434577123406 ], [ 79.697604218812117, 27.260690992248698 ], [ 79.697915040190949, 27.263639100971989 ], [ 79.698847504327404, 27.263371091088054 ], [ 79.710969538101409, 27.261227012016569 ], [ 79.729307999451834, 27.279987703892058 ], [ 79.72215910773896, 27.289636059713736 ], [ 79.728686356694197, 27.30866476147316 ], [ 79.712834466374332, 27.346990174875938 ], [ 79.691387791235712, 27.360122659188779 ], [ 79.690144505720426, 27.367090916171104 ], [ 79.688279577447503, 27.376203252224911 ], [ 79.687657934689867, 27.378347331296396 ], [ 79.688901220205139, 27.379419370832139 ], [ 79.725888964284806, 27.41586871504737 ], [ 79.717496787056646, 27.43436139703892 ], [ 79.735524427028253, 27.445349802280276 ], [ 79.741119211847021, 27.448833930771439 ], [ 79.745781532529335, 27.453122088914409 ], [ 79.712523644995514, 27.471346761022026 ], [ 79.71314528775315, 27.47215079067383 ], [ 79.72153746498131, 27.483407205799125 ], [ 79.738010998058812, 27.505652026165773 ], [ 79.729307999451834, 27.512620283148095 ], [ 79.732105391861225, 27.535937143050486 ], [ 79.705063931903823, 27.550409676783005 ], [ 79.717496787056646, 27.559790022720748 ], [ 79.717185965677828, 27.584446932042816 ], [ 79.704442289146172, 27.58605499134643 ], [ 79.699779968463872, 27.622504335561661 ], [ 79.69946914708504, 27.622504335561661 ], [ 79.698847504327404, 27.622236325677726 ], [ 79.690144505720426, 27.619288216954438 ], [ 79.689522862962789, 27.619020207070502 ], [ 79.689212041583957, 27.620628266374112 ], [ 79.68641464917458, 27.633224730919082 ], [ 79.685171363659293, 27.638584928597794 ], [ 79.689833684341608, 27.645017165812249 ], [ 79.69946914708504, 27.658417660009022 ], [ 79.705685574661459, 27.666725966411025 ], [ 79.73055128496712, 27.674498253045154 ], [ 79.730862106345938, 27.67476626292909 ], [ 79.735524427028253, 27.718719883894519 ], [ 79.737700176679994, 27.718183864126647 ], [ 79.759768494576264, 27.714431725751549 ], [ 79.765052458016214, 27.713627696099742 ], [ 79.765984922152668, 27.712019636796128 ], [ 79.806702522778181, 27.658417660009022 ], [ 79.862028728208273, 27.648501294303408 ], [ 79.866380227511755, 27.667798005946768 ], [ 79.883164581968074, 27.671282134437931 ], [ 79.878813082664593, 27.700495211786901 ], [ 79.906787006758449, 27.693794964688514 ], [ 79.919530683290091, 27.703443320510193 ], [ 79.906787006758449, 27.718719883894519 ], [ 79.947504607383962, 27.713627696099742 ], [ 79.964288961840282, 27.730244308903746 ], [ 79.965843068734387, 27.732120378091295 ], [ 80.006560669359885, 27.725956150760776 ], [ 80.028318165877337, 27.745520872288068 ], [ 80.051008126531244, 27.741232714145102 ], [ 80.072765623048696, 27.748200971127424 ], [ 80.059711125138236, 27.755705247877621 ], [ 80.059711125138236, 27.759993406020588 ] ] ] } },
{ "type": "Feature", "properties": { "dt_code": "159", "district": "Farrukhabad", "st_code": "09", "year": "2011_c", "st_nm": "Uttar Pradesh" }, "geometry": { "type": "Polygon", "coordinates": [ [ [ 79.184438122379163, 27.713895705983678 ], [ 79.227331472656417, 27.692454915268836 ], [ 79.235102007126926, 27.708535508304969 ], [ 79.293847247724045, 27.670210094902188 ], [ 79.291671498072304, 27.685218648402575 ], [ 79.294158069102863, 27.684682628634704 ], [ 79.304415174603946, 27.680126460607802 ], [ 79.351349202805864, 27.65814965012509 ], [ 79.351349202805864, 27.65814965012509 ], [ 79.346686882123564, 27.650109353607021 ], [ 79.352281666942332, 27.648233284419472 ], [ 79.35570070210936, 27.647429254767665 ], [ 79.374349984838602, 27.641533037321086 ], [ 79.391134339294922, 27.64716124488373 ], [ 79.42501386958638, 27.627060503588567 ], [ 79.442419866800336, 27.64126502743715 ], [ 79.451122865407314, 27.638584928597794 ], [ 79.466974755727165, 27.629472592543987 ], [ 79.482515824668198, 27.612051950088176 ], [ 79.47443446881887, 27.599187475659271 ], [ 79.493705394305749, 27.588735090185786 ], [ 79.519192747369047, 27.604279663454047 ], [ 79.533801352173612, 27.592219218676949 ], [ 79.546234207326449, 27.600259515195013 ], [ 79.557734598342805, 27.589539119837593 ], [ 79.590681664497808, 27.598383446007464 ], [ 79.61181751825761, 27.592219218676949 ], [ 79.591303307255444, 27.619824236722309 ], [ 79.612749982394078, 27.61794816753476 ], [ 79.626115301683356, 27.637244879178116 ], [ 79.649116083716095, 27.633492740803021 ], [ 79.650359369231381, 27.631884681499407 ], [ 79.648494440958459, 27.613391999507854 ], [ 79.660927296111282, 27.613391999507854 ], [ 79.638548156836194, 27.576406635524751 ], [ 79.659062367838359, 27.577478675060494 ], [ 79.651913476125486, 27.566222259935202 ], [ 79.670251937475896, 27.546657538407906 ], [ 79.657819082323073, 27.542637390148876 ], [ 79.654089225777227, 27.504847996513966 ], [ 79.677711650567602, 27.49385959127261 ], [ 79.702888182252067, 27.496271680228027 ], [ 79.69480682640274, 27.469202681950541 ], [ 79.709726252586123, 27.479923077307962 ], [ 79.71625350154136, 27.450978009842924 ], [ 79.735524427028253, 27.445349802280276 ], [ 79.717496787056646, 27.43436139703892 ], [ 79.725888964284806, 27.41586871504737 ], [ 79.688901220205139, 27.379419370832139 ], [ 79.687657934689867, 27.378347331296396 ], [ 79.688279577447503, 27.376203252224911 ], [ 79.690144505720426, 27.367090916171104 ], [ 79.691387791235712, 27.360122659188779 ], [ 79.712834466374332, 27.346990174875938 ], [ 79.728686356694197, 27.30866476147316 ], [ 79.72215910773896, 27.289636059713736 ], [ 79.729307999451834, 27.279987703892058 ], [ 79.710969538101409, 27.261227012016569 ], [ 79.698847504327404, 27.263371091088054 ], [ 79.697915040190949, 27.263639100971989 ], [ 79.697604218812117, 27.260690992248698 ], [ 79.696982576054481, 27.249434577123406 ], [ 79.696050111918012, 27.230137865480049 ], [ 79.72153746498131, 27.220757519542303 ], [ 79.718118429814282, 27.211645183488496 ], [ 79.714077751889619, 27.212449213140303 ], [ 79.697604218812117, 27.21566533174753 ], [ 79.668387009202974, 27.166351513103393 ], [ 79.604979447923554, 27.187792303818235 ], [ 79.600006305862422, 27.172247730549973 ], [ 79.556491312827532, 27.156703157281715 ], [ 79.518571104611397, 27.208697074765205 ], [ 79.439000831633308, 27.210573143952754 ], [ 79.420040727525247, 27.228529806176436 ], [ 79.406675408235955, 27.222901598613788 ], [ 79.402634730311291, 27.200120758479269 ], [ 79.402323908932459, 27.19824468929172 ], [ 79.401391444796005, 27.197976679407784 ], [ 79.394242553083131, 27.197172649755977 ], [ 79.39455337446195, 27.200388768363204 ], [ 79.384296268960867, 27.197440659639913 ], [ 79.365646986231624, 27.221829559078046 ], [ 79.365336164852806, 27.221829559078046 ], [ 79.365336164852806, 27.222097568961981 ], [ 79.351660024184696, 27.211913193372432 ], [ 79.336118955243663, 27.214861302095724 ], [ 79.337051419380117, 27.23254995443547 ], [ 79.314983101483847, 27.243538359676826 ], [ 79.325551028363748, 27.275163525981217 ], [ 79.308145031149792, 27.285615911454702 ], [ 79.287941641526444, 27.27864765447238 ], [ 79.290428212557018, 27.304108593446255 ], [ 79.289806569799367, 27.304108593446255 ], [ 79.266184145009007, 27.305448642865933 ], [ 79.263075931220797, 27.316169038223354 ], [ 79.258724431917301, 27.330641571955873 ], [ 79.254372932613819, 27.328497492884388 ], [ 79.252508004340896, 27.331981621375551 ], [ 79.252818825719714, 27.334929730098839 ], [ 79.27022482293367, 27.346186145224131 ], [ 79.275819607752439, 27.347526194643809 ], [ 79.274576322237152, 27.348866244063487 ], [ 79.254372932613819, 27.370843054546199 ], [ 79.255616218129092, 27.393355884796787 ], [ 79.223912437489389, 27.411312547020465 ], [ 79.25965689605377, 27.42846517959234 ], [ 79.262454288463147, 27.444813782512409 ], [ 79.250953897446792, 27.454462138334087 ], [ 79.257791967780847, 27.462770444736087 ], [ 79.246602398143295, 27.47215079067383 ], [ 79.270846465691307, 27.493591581388674 ], [ 79.27333303672188, 27.514496352335645 ], [ 79.220493402322361, 27.536473162818357 ], [ 79.230128865065794, 27.555769874461717 ], [ 79.215831081640047, 27.579086734364108 ], [ 79.176356766529821, 27.583642902391013 ], [ 79.170140338953402, 27.584446932042816 ], [ 79.185992229273268, 27.604815683221918 ], [ 79.181329908590953, 27.617144137882953 ], [ 79.16578883964992, 27.614464039043597 ], [ 79.128490274191435, 27.634832790222696 ], [ 79.137504094177231, 27.642337066972893 ], [ 79.13532834452549, 27.667798005946768 ], [ 79.120408918342093, 27.684682628634704 ], [ 79.136260808661945, 27.704515360045935 ], [ 79.163923911376997, 27.704783369929871 ], [ 79.172937731362794, 27.708803518188901 ], [ 79.184438122379163, 27.713895705983678 ] ] ] } },
{ "type": "Feature", "properties": { "dt_code": "147", "district": "Firozabad", "st_code": "09", "year": "2011_c", "st_nm": "Uttar Pradesh" }, "geometry": { "type": "Polygon", "coordinates": [ [ [ 78.289894194133211, 27.386387627814461 ], [ 78.297975549982539, 27.392015835377109 ], [ 78.299529656876643, 27.392819865028915 ], [ 78.306367727210699, 27.387727677234139 ], [ 78.318800582363536, 27.375399222573105 ], [ 78.320976332015277, 27.376739271992783 ], [ 78.324706188561123, 27.379151360948203 ], [ 78.346463685078575, 27.393087874912851 ], [ 78.354234219549085, 27.394963944100397 ], [ 78.387181285704088, 27.362266738260264 ], [ 78.399303319478093, 27.372183103965877 ], [ 78.434115313906005, 27.360926688840586 ], [ 78.456494453181094, 27.374595192921298 ], [ 78.47763030694091, 27.342970026616907 ], [ 78.490063162093733, 27.353422412090392 ], [ 78.483225091759678, 27.357710570233358 ], [ 78.49130644760902, 27.387459667350203 ], [ 78.463643344893967, 27.424981051101177 ], [ 78.49130644760902, 27.423372991797564 ], [ 78.506536695171235, 27.439989604601568 ], [ 78.510888194474717, 27.464110494155765 ], [ 78.543835260629706, 27.442133683673053 ], [ 78.564038650253053, 27.472418800557765 ], [ 78.58672861090696, 27.476438948816799 ], [ 78.596674895029224, 27.508600134889065 ], [ 78.606621179151489, 27.51047620407661 ], [ 78.629932782563046, 27.488231383709962 ], [ 78.66194738458158, 27.489839443013576 ], [ 78.664123134233321, 27.472954820325636 ], [ 78.63925742392766, 27.432217317967439 ], [ 78.643298101852338, 27.420424883074276 ], [ 78.668785454915636, 27.416672744699177 ], [ 78.670339561809726, 27.416404734815242 ], [ 78.681839952826095, 27.390675785957431 ], [ 78.685258987993123, 27.383439519091169 ], [ 78.711989626571707, 27.37995539060001 ], [ 78.718206054148126, 27.344310076036585 ], [ 78.713232912086994, 27.3421659969651 ], [ 78.711989626571707, 27.342702016732972 ], [ 78.711989626571707, 27.341361967313293 ], [ 78.718516875526944, 27.284007852151088 ], [ 78.688367201781332, 27.269803328302508 ], [ 78.719449339663399, 27.263639100971989 ], [ 78.759234476152457, 27.226653736988887 ], [ 78.751153120303115, 27.207625035229462 ], [ 78.726598231376272, 27.20494493639011 ], [ 78.725354945861, 27.194492550916621 ], [ 78.814560681582535, 27.148126840995776 ], [ 78.820155466401303, 27.141426593897389 ], [ 78.819844645022485, 27.140354554361647 ], [ 78.809276718142584, 27.143570672968874 ], [ 78.805546861596738, 27.145982761924291 ], [ 78.804303576081452, 27.145178732272484 ], [ 78.791249078170978, 27.138746495058033 ], [ 78.793114006443901, 27.124005951441578 ], [ 78.806790147112011, 27.119985803182544 ], [ 78.799019612641501, 27.100153071771317 ], [ 78.772910616820567, 27.114089585735965 ], [ 78.764829260971226, 27.105781279333964 ], [ 78.776640473366413, 27.094524864208672 ], [ 78.76638336786533, 27.06584780662757 ], [ 78.776329651987595, 27.060755618832793 ], [ 78.764207618213575, 27.051911292662922 ], [ 78.788451685761601, 27.042262936841244 ], [ 78.773843080957022, 27.031810551367755 ], [ 78.773843080957022, 27.029666472296274 ], [ 78.774464723714658, 27.024842294385433 ], [ 78.77477554509349, 27.020822146126399 ], [ 78.775708009229945, 27.020554136242467 ], [ 78.777572937502867, 27.019750106590656 ], [ 78.792181542307446, 27.014657918795884 ], [ 78.781613615427545, 27.00286548390272 ], [ 78.781924436806364, 27.002597474018785 ], [ 78.781613615427545, 27.002597474018785 ], [ 78.782546079564, 27.001793444366978 ], [ 78.803992754702634, 26.980620663536072 ], [ 78.817047252613094, 26.988124940286266 ], [ 78.817358073991926, 26.98785693040233 ], [ 78.802749469187347, 26.967756189107167 ], [ 78.809587539521402, 26.957839823401549 ], [ 78.809276718142584, 26.957571813517617 ], [ 78.78783004300395, 26.944975348972648 ], [ 78.776951294745231, 26.948727487347742 ], [ 78.749909834787829, 26.916834311159416 ], [ 78.73903108652911, 26.92005042976664 ], [ 78.738409443771459, 26.92246251872206 ], [ 78.737166158256187, 26.920586449534511 ], [ 78.725044124482181, 26.903433816962639 ], [ 78.723179196209244, 26.900485708239348 ], [ 78.710435519677603, 26.903165807078704 ], [ 78.707638127268211, 26.91844237046303 ], [ 78.693340343842465, 26.910402073944962 ], [ 78.676245168007327, 26.920318439650579 ], [ 78.676245168007327, 26.919514409998769 ], [ 78.675312703870858, 26.92005042976664 ], [ 78.671893668703831, 26.879848947176313 ], [ 78.653555207353421, 26.880920986712056 ], [ 78.638946602548842, 26.883333075667473 ], [ 78.633351817730073, 26.90745396522167 ], [ 78.61781074878904, 26.918710380346965 ], [ 78.621851426713704, 26.944975348972648 ], [ 78.619986498440781, 26.94524335885658 ], [ 78.596053252271588, 26.949263507115614 ], [ 78.60941857156088, 26.925142617561416 ], [ 78.597918180544511, 26.918710380346965 ], [ 78.571187541965926, 26.944439329204776 ], [ 78.575849862648241, 26.961859971660584 ], [ 78.574295755754136, 26.961859971660584 ], [ 78.544767724766174, 26.960787932124841 ], [ 78.5211452999758, 26.976332505393103 ], [ 78.519902014460513, 26.974992455973425 ], [ 78.512131479990003, 26.967756189107167 ], [ 78.525807620658114, 26.958375843169421 ], [ 78.525807620658114, 26.955427734446133 ], [ 78.523631871006373, 26.938811121642129 ], [ 78.514307229641744, 26.940151171061807 ], [ 78.511509837232353, 26.961591961776648 ], [ 78.483225091759678, 26.965076090267811 ], [ 78.480427699350287, 26.991609068777429 ], [ 78.451210489741143, 26.984372801911167 ], [ 78.453386239392884, 27.007957671697497 ], [ 78.423547387026105, 27.0532513420826 ], [ 78.392776070522856, 27.057271490341634 ], [ 78.360450647125504, 27.082732429315506 ], [ 78.349882720245603, 27.072548053725956 ], [ 78.329990152001074, 27.074424122913506 ], [ 78.311340869271831, 27.053519351966536 ], [ 78.311340869271831, 27.098008992699832 ], [ 78.33434165130457, 27.099617052003445 ], [ 78.34428793542682, 27.114625605503836 ], [ 78.364180503671349, 27.112481526432351 ], [ 78.36635625332309, 27.112213516548415 ], [ 78.366977896080741, 27.116769684575321 ], [ 78.367288717459559, 27.123469931673707 ], [ 78.367599538838377, 27.124273961325514 ], [ 78.351436827139707, 27.12695406016487 ], [ 78.340558078880974, 27.128830129352419 ], [ 78.339936436123338, 27.128830129352419 ], [ 78.323152081667018, 27.109801427592995 ], [ 78.313516618923572, 27.126150030513063 ], [ 78.301705406528384, 27.125346000861256 ], [ 78.291759122406134, 27.113017546200222 ], [ 78.294867336194329, 27.088360636878154 ], [ 78.283366945177974, 27.08085636012796 ], [ 78.271555732782787, 27.083536458967313 ], [ 78.258812056251131, 27.108729388057252 ], [ 78.240784416279539, 27.113017546200222 ], [ 78.238919488006616, 27.103637200262479 ], [ 78.239230309385434, 27.103369190378544 ], [ 78.24047359490072, 27.102029140958866 ], [ 78.257568770735858, 27.085948547922733 ], [ 78.240162773521888, 27.075228152565312 ], [ 78.229284025263169, 27.076032182217119 ], [ 78.224310883202037, 27.077372231636797 ], [ 78.228662382505533, 27.095060883976544 ], [ 78.199755994275208, 27.121325852602222 ], [ 78.219648562519723, 27.157775196817454 ], [ 78.220581026656191, 27.159383256121068 ], [ 78.194161209456439, 27.191812452077269 ], [ 78.211256385291577, 27.22156154919411 ], [ 78.201310101169312, 27.232817964319402 ], [ 78.2177836342468, 27.246486468400114 ], [ 78.20472913633634, 27.255330794569989 ], [ 78.219959383898555, 27.287759990526187 ], [ 78.195093673592893, 27.308128741705289 ], [ 78.205972421851612, 27.311612870196448 ], [ 78.209702278397472, 27.301160484722963 ], [ 78.235500452839588, 27.314024959151869 ], [ 78.250419879022971, 27.301696504490835 ], [ 78.267515054858109, 27.303304563794448 ], [ 78.29548897895198, 27.383171509207237 ], [ 78.295178157573162, 27.383171509207237 ], [ 78.289894194133211, 27.386387627814461 ] ] ] } },
{ "type": "Feature", "properties": { "dt_code": "184", "district": "Siddharthnagar", "st_code": "09", "year": "2011_c", "st_nm": "Uttar Pradesh" }, "geometry": { "type": "MultiPolygon", "coordinates": [ [ [ [ 83.147410702342995, 27.1143575956199 ], [ 83.129693883750207, 27.107657348521514 ], [ 83.119747599627942, 27.114089585735965 ], [ 83.119436778249124, 27.114089585735965 ], [ 83.119747599627942, 27.113017546200222 ], [ 83.120369242385593, 27.099885061887381 ], [ 83.120369242385593, 27.097472972931961 ], [ 83.046704575605091, 27.094256854324737 ], [ 83.046393754226258, 27.093988844440801 ], [ 83.056650859727341, 27.085144518270926 ], [ 83.050745253529755, 27.084608498503055 ], [ 83.030231042527589, 27.081928399663703 ], [ 83.028987757012302, 27.080052330476153 ], [ 83.023392972193534, 27.069599945002665 ], [ 83.021838865299429, 27.064775767091827 ], [ 83.034582541831071, 27.039582838001888 ], [ 83.021217222541793, 27.04655109498421 ], [ 83.008784367388955, 27.043602986260922 ], [ 83.007851903252501, 27.032346571135626 ], [ 82.985783585356231, 27.03395463043924 ], [ 82.970553337794016, 27.048159154287823 ], [ 82.962782803323492, 27.028326422876596 ], [ 82.910564811681624, 27.020286126358528 ], [ 82.904970026862856, 27.004205533322398 ], [ 82.904659205484023, 27.003133493786656 ], [ 82.903726741347569, 26.999917375179429 ], [ 82.895645385498227, 27.013585879260141 ], [ 82.894712921361773, 27.014657918795884 ], [ 82.890050600679459, 27.014121899028012 ], [ 82.879482673799558, 27.01304985949227 ], [ 82.879171852420725, 27.01304985949227 ], [ 82.864563247616161, 27.037974778698274 ], [ 82.829440431809417, 27.019214086822785 ], [ 82.818561683550698, 27.038510798466145 ], [ 82.793695973245036, 27.048159154287823 ], [ 82.790587759456841, 27.080320340360089 ], [ 82.763546299499438, 27.11194550666448 ], [ 82.722207056116275, 27.100153071771317 ], [ 82.718166378191611, 27.109533417709059 ], [ 82.659731958973325, 27.114625605503836 ], [ 82.658799494836856, 27.123201921789772 ], [ 82.63610953418295, 27.104709239798222 ], [ 82.585756470814005, 27.104977249682157 ], [ 82.55902583223542, 27.081928399663703 ], [ 82.553431047416652, 27.092112775253252 ], [ 82.554674332931924, 27.102029140958866 ], [ 82.544417227430841, 27.108193368289385 ], [ 82.514267553685244, 27.126418040396999 ], [ 82.513024268169957, 27.12695406016487 ], [ 82.513024268169957, 27.12695406016487 ], [ 82.504942912320615, 27.121325852602222 ], [ 82.504942912320615, 27.121861872370093 ], [ 82.509916054381748, 27.133118287495385 ], [ 82.493442521304246, 27.145714752040355 ], [ 82.4897126647584, 27.165011463683715 ], [ 82.4897126647584, 27.165011463683715 ], [ 82.47075256065034, 27.161795345076488 ], [ 82.480698844772604, 27.151342959603003 ], [ 82.455833134466943, 27.151342959603003 ], [ 82.456143955845775, 27.150806939835132 ], [ 82.455211491709306, 27.150806939835132 ], [ 82.439359601389455, 27.16474345379978 ], [ 82.444954386208224, 27.181896086371655 ], [ 82.478523095120863, 27.202264837550754 ], [ 82.516754124715803, 27.174927829389329 ], [ 82.56679636670593, 27.184844195094943 ], [ 82.543795584673205, 27.202532847434689 ], [ 82.555295975689575, 27.204676926506174 ], [ 82.553120226037819, 27.215397321863595 ], [ 82.551876940522547, 27.215397321863595 ], [ 82.551876940522547, 27.216201351515402 ], [ 82.512402625412321, 27.211913193372432 ], [ 82.521105624019299, 27.231209905015792 ], [ 82.497794020607742, 27.237106122462372 ], [ 82.524835480565145, 27.252918705614569 ], [ 82.522970552292222, 27.253186715498504 ], [ 82.511159339897034, 27.254794774802118 ], [ 82.504321269562979, 27.25586681433786 ], [ 82.512713446791139, 27.275699545749088 ], [ 82.512091804033489, 27.275699545749088 ], [ 82.512091804033489, 27.275967555633024 ], [ 82.507740304730007, 27.276503575400895 ], [ 82.490955950273687, 27.279719694008122 ], [ 82.507118661972356, 27.295532277160319 ], [ 82.513956732306411, 27.302500534142641 ], [ 82.51488919644288, 27.303304563794448 ], [ 82.485982808212555, 27.298480385883607 ], [ 82.485361165454918, 27.29955242541935 ], [ 82.494685806819533, 27.315365008571547 ], [ 82.512713446791139, 27.310540830660706 ], [ 82.511470161275852, 27.313756949267933 ], [ 82.511159339897034, 27.315365008571547 ], [ 82.509916054381748, 27.319385156830581 ], [ 82.50649701921472, 27.319385156830581 ], [ 82.496550735092455, 27.319653166714517 ], [ 82.481942130287891, 27.320189186482388 ], [ 82.474482417196185, 27.322065255669933 ], [ 82.490023486137218, 27.334125700447032 ], [ 82.492199235788974, 27.357442560349426 ], [ 82.493753342683078, 27.359050619653036 ], [ 82.513645910927593, 27.36307076791207 ], [ 82.542552299157919, 27.368966985358654 ], [ 82.577985936343481, 27.422300952261821 ], [ 82.598500147345646, 27.407828418529306 ], [ 82.614662859044316, 27.418012794118855 ], [ 82.628649821091258, 27.401396181314851 ], [ 82.630825570742999, 27.411044537136529 ], [ 82.651028960366347, 27.410776527252594 ], [ 82.659421137594506, 27.40086016154698 ], [ 82.665015922413275, 27.415600705163435 ], [ 82.663772636897988, 27.403540260386336 ], [ 82.679313705839022, 27.413724635975885 ], [ 82.698584631325915, 27.407292398761435 ], [ 82.693611489264782, 27.417208764467048 ], [ 82.706665987175242, 27.407560408645367 ], [ 82.702625309250578, 27.421496922610014 ], [ 82.71599062853987, 27.412920606324079 ], [ 82.715679807161052, 27.401128171430916 ], [ 82.732464161617372, 27.416940754583113 ], [ 82.755775765028915, 27.406220359225692 ], [ 82.756086586407733, 27.406488369109628 ], [ 82.764789585014711, 27.412116576672272 ], [ 82.750802622967782, 27.43677348599434 ], [ 82.74582948090665, 27.445617812164215 ], [ 82.718788020949248, 27.465718553459379 ], [ 82.726247734040953, 27.478047008120413 ], [ 82.730288411965617, 27.482067156379447 ], [ 82.731220876102086, 27.486355314522413 ], [ 82.740856338845518, 27.502971927326417 ], [ 82.929214094410867, 27.501095858138868 ], [ 82.954390626095346, 27.468130642414799 ], [ 83.034893363209903, 27.448833930771439 ], [ 83.188439124347326, 27.453926118566216 ], [ 83.217656333956469, 27.417476774350984 ], [ 83.272360896628911, 27.383439519091169 ], [ 83.265833647673674, 27.365750866751426 ], [ 83.292875107631076, 27.33546574986671 ], [ 83.291942643494608, 27.334661720214903 ], [ 83.284793751781734, 27.334661720214903 ], [ 83.268320218704233, 27.325549384161096 ], [ 83.268631040083065, 27.317777097526967 ], [ 83.244076151156221, 27.300088445187221 ], [ 83.244076151156221, 27.29955242541935 ], [ 83.243765329777403, 27.299284415535414 ], [ 83.251225042869095, 27.284811881802895 ], [ 83.213615656031791, 27.264443130623796 ], [ 83.221386190502315, 27.245682438748311 ], [ 83.202426086394254, 27.226653736988887 ], [ 83.165749163693405, 27.224777667801337 ], [ 83.17631709057332, 27.160187285772874 ], [ 83.157978629222896, 27.152951018906617 ], [ 83.155181236813505, 27.165815493335522 ], [ 83.151451380267659, 27.165279473567651 ], [ 83.120369242385593, 27.160723305540746 ], [ 83.129693883750207, 27.134190327031128 ], [ 83.142748381660681, 27.122397892137965 ], [ 83.147410702342995, 27.1143575956199 ] ] ], [ [ [ 83.158289450601714, 27.151342959603003 ], [ 83.167924913345161, 27.148930870647582 ], [ 83.164505878178133, 27.146518781692162 ], [ 83.159532736117001, 27.144106692736745 ], [ 83.158289450601714, 27.151342959603003 ] ] ] ] } },
{ "type": "Feature", "properties": { "dt_code": "148", "district": "Mainpuri", "st_code": "09", "year": "2011_c", "st_nm": "Uttar Pradesh" }, "geometry": { "type": "Polygon", "coordinates": [ [ [ 78.718206054148126, 27.344310076036585 ], [ 78.734679587225614, 27.331981621375551 ], [ 78.754572155470143, 27.345382115572328 ], [ 78.775086366472308, 27.334393710330968 ], [ 78.781924436806364, 27.347258184759873 ], [ 78.834453249827064, 27.361730718492392 ], [ 78.854345818071579, 27.392283845261044 ], [ 78.839426391888196, 27.39844807259156 ], [ 78.837872284994091, 27.410508517368658 ], [ 78.871440993906717, 27.437577515646147 ], [ 78.8876037056054, 27.472954820325636 ], [ 78.8876037056054, 27.473222830209572 ], [ 78.926145556579158, 27.446153831932087 ], [ 78.93951087586845, 27.450978009842924 ], [ 78.938578411731996, 27.431681298199567 ], [ 78.958160158597693, 27.429805229012018 ], [ 78.960957551007084, 27.418280804002791 ], [ 78.975566155811649, 27.418012794118855 ], [ 78.984579975797459, 27.429537219128083 ], [ 78.993593795783255, 27.420960902842147 ], [ 78.998566937844387, 27.432485327851374 ], [ 79.06912339083668, 27.41774478423492 ], [ 79.106732777673983, 27.434629406922856 ], [ 79.107043599052801, 27.434629406922856 ], [ 79.115124954902143, 27.406220359225692 ], [ 79.140923129344259, 27.398180062707624 ], [ 79.140923129344259, 27.378079321412461 ], [ 79.17355937412043, 27.376739271992783 ], [ 79.195938513395518, 27.361462708608457 ], [ 79.21241204647302, 27.332785651027358 ], [ 79.248467326416218, 27.325549384161096 ], [ 79.251575540204428, 27.32715744346471 ], [ 79.254372932613819, 27.328497492884388 ], [ 79.258724431917301, 27.330641571955873 ], [ 79.263075931220797, 27.316169038223354 ], [ 79.266184145009007, 27.305448642865933 ], [ 79.289806569799367, 27.304108593446255 ], [ 79.290428212557018, 27.304108593446255 ], [ 79.287941641526444, 27.27864765447238 ], [ 79.308145031149792, 27.285615911454702 ], [ 79.325551028363748, 27.275163525981217 ], [ 79.314983101483847, 27.243538359676826 ], [ 79.337051419380117, 27.23254995443547 ], [ 79.336118955243663, 27.214861302095724 ], [ 79.351660024184696, 27.211913193372432 ], [ 79.365336164852806, 27.222097568961981 ], [ 79.365336164852806, 27.221829559078046 ], [ 79.365646986231624, 27.221829559078046 ], [ 79.384296268960867, 27.197440659639913 ], [ 79.39455337446195, 27.200388768363204 ], [ 79.394242553083131, 27.197172649755977 ], [ 79.392999267567845, 27.186720264282492 ], [ 79.389580232400817, 27.159383256121068 ], [ 79.389580232400817, 27.156703157281715 ], [ 79.413202657191192, 27.138478485174097 ], [ 79.412270193054724, 27.137674455522291 ], [ 79.382120519309126, 27.114625605503836 ], [ 79.394242553083131, 27.116769684575321 ], [ 79.396729124113691, 27.094792874092605 ], [ 79.436514260602735, 27.095060883976544 ], [ 79.426257155101652, 27.077104221752862 ], [ 79.433095225435707, 27.068527905466926 ], [ 79.401080623417187, 27.055395421154085 ], [ 79.381498876551476, 26.98785693040233 ], [ 79.355079059351723, 26.958375843169421 ], [ 79.324929385606112, 26.960519922240906 ], [ 79.321510350439084, 26.968292208875038 ], [ 79.318091315272056, 26.975796485625231 ], [ 79.313428994589742, 26.978744594348523 ], [ 79.299752853921632, 26.982228722839686 ], [ 79.271157287070139, 26.990001009473815 ], [ 79.208993011305992, 26.970168278062587 ], [ 79.194695227880246, 26.978208574580652 ], [ 79.192830299607323, 26.990269019357751 ], [ 79.181019087212135, 27.005277572858141 ], [ 79.179154158939212, 27.006081602509948 ], [ 79.125071239024408, 26.994021157732849 ], [ 79.093056637005873, 26.999381355411558 ], [ 79.097408136309369, 26.982228722839686 ], [ 79.086840209429468, 26.976868525160974 ], [ 79.076583103928385, 26.991073049009557 ], [ 79.063839427396729, 26.988392950170201 ], [ 79.011621435754847, 26.94524335885658 ], [ 78.991107224752682, 26.980084643768201 ], [ 78.976187798569299, 26.976868525160974 ], [ 78.958160158597693, 26.988124940286266 ], [ 78.944484017929582, 26.969364248410777 ], [ 78.923658985548599, 26.984640811795103 ], [ 78.921794057275676, 26.962395991428455 ], [ 78.896617525591196, 26.967756189107167 ], [ 78.867089494603235, 26.958375843169421 ], [ 78.853102532556306, 26.972312357134069 ], [ 78.831655857417672, 26.948995497231678 ], [ 78.809587539521402, 26.957571813517617 ], [ 78.809587539521402, 26.957839823401549 ], [ 78.802749469187347, 26.967756189107167 ], [ 78.817358073991926, 26.98785693040233 ], [ 78.817047252613094, 26.988124940286266 ], [ 78.803992754702634, 26.980620663536072 ], [ 78.782546079564, 27.001793444366978 ], [ 78.781613615427545, 27.002597474018785 ], [ 78.781924436806364, 27.002597474018785 ], [ 78.781613615427545, 27.00286548390272 ], [ 78.792181542307446, 27.014657918795884 ], [ 78.777572937502867, 27.019750106590656 ], [ 78.775708009229945, 27.020554136242467 ], [ 78.77477554509349, 27.020822146126399 ], [ 78.774464723714658, 27.024842294385433 ], [ 78.773843080957022, 27.029666472296274 ], [ 78.773843080957022, 27.031810551367755 ], [ 78.788451685761601, 27.042262936841244 ], [ 78.764207618213575, 27.051911292662922 ], [ 78.776329651987595, 27.060755618832793 ], [ 78.76638336786533, 27.06584780662757 ], [ 78.776640473366413, 27.094524864208672 ], [ 78.764829260971226, 27.105781279333964 ], [ 78.772910616820567, 27.114089585735965 ], [ 78.799019612641501, 27.100153071771317 ], [ 78.806790147112011, 27.119985803182544 ], [ 78.793114006443901, 27.124005951441578 ], [ 78.791249078170978, 27.138746495058033 ], [ 78.804303576081452, 27.145178732272484 ], [ 78.805546861596738, 27.145982761924291 ], [ 78.809276718142584, 27.143570672968874 ], [ 78.819844645022485, 27.140354554361647 ], [ 78.820155466401303, 27.141426593897389 ], [ 78.814560681582535, 27.148126840995776 ], [ 78.725354945861, 27.194492550916621 ], [ 78.726598231376272, 27.20494493639011 ], [ 78.751153120303115, 27.207625035229462 ], [ 78.759234476152457, 27.226653736988887 ], [ 78.719449339663399, 27.263639100971989 ], [ 78.688367201781332, 27.269803328302508 ], [ 78.718516875526944, 27.284007852151088 ], [ 78.711989626571707, 27.341361967313293 ], [ 78.711989626571707, 27.342702016732972 ], [ 78.713232912086994, 27.3421659969651 ], [ 78.718206054148126, 27.344310076036585 ] ] ] } },
{ "type": "Feature", "properties": { "dt_code": "187", "district": "Maharajganj", "st_code": "09", "year": "2011_c", "st_nm": "Uttar Pradesh" }, "geometry": { "type": "Polygon", "coordinates": [ [ [ 83.147410702342995, 27.1143575956199 ], [ 83.142748381660681, 27.122397892137965 ], [ 83.129693883750207, 27.134190327031128 ], [ 83.120369242385593, 27.160723305540746 ], [ 83.151451380267659, 27.165279473567651 ], [ 83.155181236813505, 27.165815493335522 ], [ 83.157978629222896, 27.152951018906617 ], [ 83.17631709057332, 27.160187285772874 ], [ 83.165749163693405, 27.224777667801337 ], [ 83.202426086394254, 27.226653736988887 ], [ 83.221386190502315, 27.245682438748311 ], [ 83.213615656031791, 27.264443130623796 ], [ 83.251225042869095, 27.284811881802895 ], [ 83.243765329777403, 27.299284415535414 ], [ 83.244076151156221, 27.29955242541935 ], [ 83.244076151156221, 27.300088445187221 ], [ 83.268631040083065, 27.317777097526967 ], [ 83.268320218704233, 27.325549384161096 ], [ 83.284793751781734, 27.334661720214903 ], [ 83.291942643494608, 27.334661720214903 ], [ 83.342917349621203, 27.33546574986671 ], [ 83.38767562817138, 27.375399222573105 ], [ 83.385499878519639, 27.390139766189559 ], [ 83.40974394606765, 27.413188616208014 ], [ 83.384878235762002, 27.436237466226469 ], [ 83.402595054354776, 27.456874227289507 ], [ 83.388918913686666, 27.471346761022026 ], [ 83.395446162641903, 27.479387057540091 ], [ 83.614886056089318, 27.469202681950541 ], [ 83.830906914369692, 27.370039024894396 ], [ 83.864164801903513, 27.347258184759873 ], [ 83.862299873630576, 27.33546574986671 ], [ 83.836812520567292, 27.322333265553869 ], [ 83.864164801903513, 27.31027282077677 ], [ 83.871624514995204, 27.307324712053479 ], [ 83.910166365968962, 27.323673314973547 ], [ 83.930369755592309, 27.313756949267933 ], [ 83.932234683865232, 27.311880880080384 ], [ 83.932856326622883, 27.30866476147316 ], [ 83.931302219728778, 27.296336306812123 ], [ 83.92197757836415, 27.286687950990444 ], [ 83.911098830105431, 27.278379644588444 ], [ 83.907368973559585, 27.275163525981217 ], [ 83.907368973559585, 27.275699545749088 ], [ 83.881259977738651, 27.283739842267153 ], [ 83.878151763950441, 27.289636059713736 ], [ 83.86696219431289, 27.293388198088834 ], [ 83.840542377113138, 27.2810597434278 ], [ 83.837434163324929, 27.278915664356315 ], [ 83.849556197098934, 27.25345472538244 ], [ 83.816919952322763, 27.241126270721406 ], [ 83.807595310958135, 27.249702587007341 ], [ 83.794851634426493, 27.244342389328633 ], [ 83.807595310958135, 27.228529806176436 ], [ 83.821271451626245, 27.232281944551531 ], [ 83.832771842642615, 27.212181203256367 ], [ 83.821271451626245, 27.199852748595333 ], [ 83.798892312351157, 27.212449213140303 ], [ 83.799203133729975, 27.210573143952754 ], [ 83.812568453019267, 27.186184244514621 ], [ 83.782418779273669, 27.166083503219458 ], [ 83.825312129550923, 27.174391809621458 ], [ 83.811325167503995, 27.161795345076488 ], [ 83.801068062002912, 27.11006943747693 ], [ 83.776513173076069, 27.106317299101836 ], [ 83.772783316530223, 27.08916466652996 ], [ 83.74574185657282, 27.077104221752862 ], [ 83.767810174469091, 27.073888103145634 ], [ 83.768120995847909, 27.053519351966536 ], [ 83.729889966252969, 27.055395421154085 ], [ 83.737038857965842, 27.036902739162532 ], [ 83.755688140695085, 27.035294679858918 ], [ 83.745431035194002, 27.015997968215562 ], [ 83.74574185657282, 27.013317869376205 ], [ 83.74885007036103, 27.010369760652914 ], [ 83.765323603438532, 27.002329464134849 ], [ 83.760039639998581, 27.0004533949473 ], [ 83.732998180041179, 26.989464989705944 ], [ 83.724606002813019, 26.951675596071034 ], [ 83.72367353867655, 26.95194360595497 ], [ 83.682023473914583, 26.965076090267811 ], [ 83.678915260126374, 26.947119428044129 ], [ 83.624521518832751, 26.955695744330068 ], [ 83.626697268484492, 26.930234805356193 ], [ 83.612088663679927, 26.928894755936515 ], [ 83.606493878861158, 26.91174212336464 ], [ 83.590952809920111, 26.915762271623674 ], [ 83.589087881647188, 26.93264689431161 ], [ 83.570749420296778, 26.933986943731288 ], [ 83.558005743765122, 26.92005042976664 ], [ 83.55365424446164, 26.889765312881927 ], [ 83.553343423082808, 26.888693273346185 ], [ 83.547748638264039, 26.889497302997992 ], [ 83.546194531369935, 26.889497302997992 ], [ 83.545883709991116, 26.888693273346185 ], [ 83.518220607276078, 26.894053471024897 ], [ 83.49801721765273, 26.897805609399992 ], [ 83.496773932137444, 26.909062024525284 ], [ 83.470975757695328, 26.926214657097159 ], [ 83.473462328725901, 26.942563260017227 ], [ 83.452637296344903, 26.951675596071034 ], [ 83.430879799827466, 26.945779378624451 ], [ 83.438028691540339, 26.958107833285489 ], [ 83.356593490289313, 26.962395991428455 ], [ 83.355039383395209, 26.949799526883485 ], [ 83.353485276501104, 26.950067536767421 ], [ 83.342917349621203, 26.952211615838905 ], [ 83.336390100665966, 26.957839823401549 ], [ 83.323957245513142, 26.968560218758974 ], [ 83.323024781376688, 26.989196979822008 ], [ 83.351309526849363, 27.0004533949473 ], [ 83.354106919258754, 27.026182343805111 ], [ 83.367472238548032, 27.023502244965755 ], [ 83.362188275108082, 27.047355124636017 ], [ 83.38767562817138, 27.058075519993437 ], [ 83.383634950246716, 27.07174402407415 ], [ 83.407568196415909, 27.088092626994218 ], [ 83.389540556444302, 27.082732429315506 ], [ 83.360634168213977, 27.100153071771317 ], [ 83.356904311668131, 27.088896656646025 ], [ 83.341984885484749, 27.093720834556866 ], [ 83.336390100665966, 27.081660389779767 ], [ 83.313389318633241, 27.087288597342411 ], [ 83.294118393146363, 27.061023628716729 ], [ 83.298159071071026, 27.041458907189437 ], [ 83.269874325598337, 27.029934482180209 ], [ 83.270495968355988, 27.078176261288604 ], [ 83.250603400111459, 27.065579796743634 ], [ 83.237859723579817, 27.070403974654475 ], [ 83.236927259443348, 27.062631688020343 ], [ 83.223561940154056, 27.090236706065703 ], [ 83.22294029739642, 27.090236706065703 ], [ 83.174452162300383, 27.094524864208672 ], [ 83.165438342314587, 27.108193368289385 ], [ 83.1536271299194, 27.097472972931961 ], [ 83.149897273373554, 27.115429635155643 ], [ 83.149275630615918, 27.115161625271707 ], [ 83.147410702342995, 27.1143575956199 ] ], [ [ 83.158289450601714, 27.151342959603003 ], [ 83.159532736117001, 27.144106692736745 ], [ 83.164505878178133, 27.146518781692162 ], [ 83.167924913345161, 27.148930870647582 ], [ 83.158289450601714, 27.151342959603003 ] ] ] } },
{ "type": "Feature", "properties": { "dt_code": "146", "district": "Agra", "st_code": "09", "year": "2011_c", "st_nm": "Uttar Pradesh" }, "geometry": { "type": "Polygon", "coordinates": [ [ [ 77.645561475837908, 27.242466320141084 ], [ 77.684414148190498, 27.24085826083747 ], [ 77.699955217131532, 27.254258755034247 ], [ 77.740672817757044, 27.241126270721406 ], [ 77.763051957032133, 27.24675447828405 ], [ 77.782633703897829, 27.234426023623016 ], [ 77.790715059747171, 27.258278903293281 ], [ 77.81899980521986, 27.260690992248698 ], [ 77.817756519704574, 27.274895516097281 ], [ 77.851636049996031, 27.296336306812123 ], [ 77.851325228617213, 27.259886962596891 ], [ 77.871839439619379, 27.250774626543084 ], [ 77.883029009256916, 27.268731288766766 ], [ 77.865001369285324, 27.273287456793668 ], [ 77.863136441012401, 27.288832030061929 ], [ 77.878366688574602, 27.29606829692819 ], [ 77.913489504381346, 27.284007852151088 ], [ 77.904786505774368, 27.251846666078826 ], [ 77.927476466428274, 27.233353984087273 ], [ 77.938666036065825, 27.24514641898044 ], [ 77.928098109185925, 27.265783180043474 ], [ 77.929030573322379, 27.266319199811345 ], [ 77.928719751943561, 27.266855219579217 ], [ 77.952031355355118, 27.290172079481607 ], [ 77.953585462249222, 27.294460237624577 ], [ 77.955761211900963, 27.293924217856706 ], [ 77.957626140173886, 27.29365620797277 ], [ 77.96166681809855, 27.292852178320963 ], [ 77.961045175340914, 27.267659249231023 ], [ 77.989329920813589, 27.285615911454702 ], [ 77.983113493237184, 27.317509087643032 ], [ 77.981559386343079, 27.325549384161096 ], [ 77.981248564964261, 27.326621423696839 ], [ 78.011709060088691, 27.319117146946645 ], [ 78.009533310436936, 27.326621423696839 ], [ 78.016993023528642, 27.321529235902062 ], [ 78.040615448319016, 27.33546574986671 ], [ 78.043723662107212, 27.34806221441168 ], [ 78.043723662107212, 27.34806221441168 ], [ 78.044966947622498, 27.347794204527744 ], [ 78.072940871716355, 27.336537789402453 ], [ 78.088481940657402, 27.356638530697619 ], [ 78.051183375198917, 27.368698975474718 ], [ 78.051494196577735, 27.369234995242589 ], [ 78.051805017956553, 27.370575044662267 ], [ 78.05615651726005, 27.381295440019688 ], [ 78.062372944836454, 27.379151360948203 ], [ 78.080089763429243, 27.393355884796787 ], [ 78.080711406186879, 27.39255185514498 ], [ 78.081022227565697, 27.393087874912851 ], [ 78.103090545461967, 27.369503005126525 ], [ 78.135726790238138, 27.364678827215684 ], [ 78.175201105348364, 27.389603746421688 ], [ 78.179241783273042, 27.408364438297177 ], [ 78.182349997061252, 27.408096428413238 ], [ 78.197269423244634, 27.407292398761435 ], [ 78.225864990096142, 27.405684339457821 ], [ 78.260055341766417, 27.392819865028915 ], [ 78.277772160359191, 27.394427924332529 ], [ 78.289894194133211, 27.386387627814461 ], [ 78.295178157573162, 27.383171509207237 ], [ 78.29548897895198, 27.383171509207237 ], [ 78.267515054858109, 27.303304563794448 ], [ 78.250419879022971, 27.301696504490835 ], [ 78.235500452839588, 27.314024959151869 ], [ 78.209702278397472, 27.301160484722963 ], [ 78.205972421851612, 27.311612870196448 ], [ 78.195093673592893, 27.308128741705289 ], [ 78.219959383898555, 27.287759990526187 ], [ 78.20472913633634, 27.255330794569989 ], [ 78.2177836342468, 27.246486468400114 ], [ 78.201310101169312, 27.232817964319402 ], [ 78.211256385291577, 27.22156154919411 ], [ 78.194161209456439, 27.191812452077269 ], [ 78.220581026656191, 27.159383256121068 ], [ 78.219648562519723, 27.157775196817454 ], [ 78.199755994275208, 27.121325852602222 ], [ 78.228662382505533, 27.095060883976544 ], [ 78.224310883202037, 27.077372231636797 ], [ 78.229284025263169, 27.076032182217119 ], [ 78.240162773521888, 27.075228152565312 ], [ 78.257568770735858, 27.085948547922733 ], [ 78.24047359490072, 27.102029140958866 ], [ 78.239230309385434, 27.103369190378544 ], [ 78.238919488006616, 27.103637200262479 ], [ 78.240784416279539, 27.113017546200222 ], [ 78.258812056251131, 27.108729388057252 ], [ 78.271555732782787, 27.083536458967313 ], [ 78.283366945177974, 27.08085636012796 ], [ 78.294867336194329, 27.088360636878154 ], [ 78.291759122406134, 27.113017546200222 ], [ 78.301705406528384, 27.125346000861256 ], [ 78.313516618923572, 27.126150030513063 ], [ 78.323152081667018, 27.109801427592995 ], [ 78.339936436123338, 27.128830129352419 ], [ 78.340558078880974, 27.128830129352419 ], [ 78.351436827139707, 27.12695406016487 ], [ 78.367599538838377, 27.124273961325514 ], [ 78.367288717459559, 27.123469931673707 ], [ 78.366977896080741, 27.116769684575321 ], [ 78.36635625332309, 27.112213516548415 ], [ 78.364180503671349, 27.112481526432351 ], [ 78.34428793542682, 27.114625605503836 ], [ 78.33434165130457, 27.099617052003445 ], [ 78.311340869271831, 27.098008992699832 ], [ 78.311340869271831, 27.053519351966536 ], [ 78.329990152001074, 27.074424122913506 ], [ 78.349882720245603, 27.072548053725956 ], [ 78.360450647125504, 27.082732429315506 ], [ 78.392776070522856, 27.057271490341634 ], [ 78.423547387026105, 27.0532513420826 ], [ 78.453386239392884, 27.007957671697497 ], [ 78.451210489741143, 26.984372801911167 ], [ 78.480427699350287, 26.991609068777429 ], [ 78.483225091759678, 26.965076090267811 ], [ 78.511509837232353, 26.961591961776648 ], [ 78.514307229641744, 26.940151171061807 ], [ 78.523631871006373, 26.938811121642129 ], [ 78.525807620658114, 26.955427734446133 ], [ 78.525807620658114, 26.958375843169421 ], [ 78.512131479990003, 26.967756189107167 ], [ 78.519902014460513, 26.974992455973425 ], [ 78.5211452999758, 26.976332505393103 ], [ 78.544767724766174, 26.960787932124841 ], [ 78.574295755754136, 26.961859971660584 ], [ 78.575849862648241, 26.961859971660584 ], [ 78.571187541965926, 26.944439329204776 ], [ 78.597918180544511, 26.918710380346965 ], [ 78.60941857156088, 26.925142617561416 ], [ 78.596053252271588, 26.949263507115614 ], [ 78.619986498440781, 26.94524335885658 ], [ 78.621851426713704, 26.944975348972648 ], [ 78.61781074878904, 26.918710380346965 ], [ 78.633351817730073, 26.90745396522167 ], [ 78.638946602548842, 26.883333075667473 ], [ 78.653555207353421, 26.880920986712056 ], [ 78.671893668703831, 26.879848947176313 ], [ 78.675312703870858, 26.92005042976664 ], [ 78.676245168007327, 26.919514409998769 ], [ 78.676245168007327, 26.920318439650579 ], [ 78.693340343842465, 26.910402073944962 ], [ 78.707638127268211, 26.91844237046303 ], [ 78.710435519677603, 26.903165807078704 ], [ 78.723179196209244, 26.900485708239348 ], [ 78.725044124482181, 26.903433816962639 ], [ 78.737166158256187, 26.920586449534511 ], [ 78.738409443771459, 26.92246251872206 ], [ 78.73903108652911, 26.92005042976664 ], [ 78.74431504996906, 26.902361777426897 ], [ 78.74742326375727, 26.89083735241767 ], [ 78.749599013409011, 26.888425263462249 ], [ 78.75208558443957, 26.892981431489154 ], [ 78.758923654773625, 26.906381925685931 ], [ 78.760166940288912, 26.908794014641348 ], [ 78.762342689940652, 26.906381925685931 ], [ 78.786586757488678, 26.879044917524507 ], [ 78.784721829215755, 26.863768354140181 ], [ 78.810830825036689, 26.872344670426116 ], [ 78.817668895370744, 26.847687761104048 ], [ 78.853413353935125, 26.811506426772752 ], [ 78.853413353935125, 26.810970407004881 ], [ 78.852170068419838, 26.80855831804946 ], [ 78.847507747737524, 26.799445981995653 ], [ 78.833209964311777, 26.789261606406104 ], [ 78.815182324340171, 26.801590061067138 ], [ 78.793114006443901, 26.801322051183202 ], [ 78.780681151291077, 26.768624845343069 ], [ 78.776951294745231, 26.769160865110941 ], [ 78.751774763060752, 26.786849517450683 ], [ 78.729706445164481, 26.775593102325391 ], [ 78.728463159649209, 26.77934524070049 ], [ 78.722868374830426, 26.795693843620555 ], [ 78.722557553451608, 26.796497873272362 ], [ 78.71385455484463, 26.794621804084812 ], [ 78.686813094887228, 26.788457576754297 ], [ 78.682461595583746, 26.78765354710249 ], [ 78.682150774204914, 26.786849517450683 ], [ 78.675934346628509, 26.772913003486035 ], [ 78.672204490082663, 26.764604697084035 ], [ 78.672204490082663, 26.7643366872001 ], [ 78.629000318426577, 26.772108973834229 ], [ 78.627135390153654, 26.772376983718164 ], [ 78.60941857156088, 26.751472212771194 ], [ 78.577403969542345, 26.748524104047902 ], [ 78.545078546144993, 26.763800667432228 ], [ 78.5211452999758, 26.780685290120168 ], [ 78.460535131105772, 26.78765354710249 ], [ 78.433493671148369, 26.825710950621335 ], [ 78.395262641553416, 26.8171346343354 ], [ 78.372261859520691, 26.864036364024116 ], [ 78.358585718852581, 26.869128551818889 ], [ 78.357653254716112, 26.868860541934957 ], [ 78.283366945177974, 26.854388008202438 ], [ 78.27342066105571, 26.826782990157078 ], [ 78.269069161752213, 26.815526575031786 ], [ 78.26502848382755, 26.814186525612108 ], [ 78.225243347338505, 26.830535128532176 ], [ 78.225243347338505, 26.830535128532176 ], [ 78.222135133550296, 26.831875177951851 ], [ 78.219026919762086, 26.833483237255464 ], [ 78.196647780486998, 26.880920986712056 ], [ 78.198823530138739, 26.878776907640571 ], [ 78.208769814261004, 26.868860541934957 ], [ 78.232703060430197, 26.874220739613666 ], [ 78.270934090025136, 26.920318439650579 ], [ 78.259433699008781, 26.931038835008 ], [ 78.255082199705285, 26.934790973383095 ], [ 78.254460556947649, 26.925678637329288 ], [ 78.238608666627798, 26.92675067686503 ], [ 78.224621704580855, 26.946047388508386 ], [ 78.215918705973877, 26.937471072222451 ], [ 78.21001309977629, 26.931306844891935 ], [ 78.209702278397472, 26.931306844891935 ], [ 78.20939145701864, 26.931306844891935 ], [ 78.148159645390976, 26.948727487347742 ], [ 78.141010753678088, 26.948995497231678 ], [ 78.113658472341868, 26.941491220481485 ], [ 78.112726008205414, 26.940687190829678 ], [ 78.115834221993623, 26.938007091990322 ], [ 78.122672292327678, 26.934522963499159 ], [ 78.122672292327678, 26.93264689431161 ], [ 78.122050649570028, 26.925678637329288 ], [ 78.12173982819121, 26.92246251872206 ], [ 78.121429006812392, 26.922730528605996 ], [ 78.105266295113708, 26.92675067686503 ], [ 78.10184725994668, 26.917906350695159 ], [ 78.111171901311309, 26.895929540212443 ], [ 78.110550258553673, 26.895929540212443 ], [ 78.109928615796022, 26.896197550096378 ], [ 78.097806582022017, 26.898877648935734 ], [ 78.081333048944515, 26.902629787310833 ], [ 78.048696804168344, 26.910134064061026 ], [ 78.055845695881217, 26.868324522167086 ], [ 78.04465612624368, 26.8699325814707 ], [ 78.026939307650906, 26.850099850059468 ], [ 78.026317664893256, 26.849563830291597 ], [ 78.021033701453305, 26.857604126809662 ], [ 78.035331484879052, 26.870736611122503 ], [ 78.024141915241515, 26.872612680310052 ], [ 78.030047521439101, 26.886013174506829 ], [ 78.014506452498068, 26.902897797194768 ], [ 77.987154171161848, 26.889229293114056 ], [ 77.971302280841996, 26.90584590591806 ], [ 77.948301498809258, 26.893517451257026 ], [ 77.93959850020228, 26.906649935569867 ], [ 77.915665254033087, 26.90745396522167 ], [ 77.906340612668473, 26.917906350695159 ], [ 77.908827183699032, 26.890569342533734 ], [ 77.896394328546208, 26.883869095435344 ], [ 77.850081943101927, 26.912814162900382 ], [ 77.810296806612882, 26.924070578025674 ], [ 77.792890809398912, 26.917102321043352 ], [ 77.760254564622741, 26.932110874543739 ], [ 77.753105672909868, 26.916834311159416 ], [ 77.732280640528884, 26.92005042976664 ], [ 77.724820927437193, 26.910402073944962 ], [ 77.722645177785438, 26.874220739613666 ], [ 77.706482466086769, 26.876900838453022 ], [ 77.697468646100958, 26.867252482631343 ], [ 77.686589897842239, 26.875292779149408 ], [ 77.674778685447052, 26.857604126809662 ], [ 77.620384944153429, 26.842863583193211 ], [ 77.610438660031164, 26.828659059344627 ], [ 77.608262910379423, 26.839111444818112 ], [ 77.574383380087966, 26.820886772710494 ], [ 77.525584423613125, 26.818742693639013 ], [ 77.516881425006147, 26.825710950621335 ], [ 77.520611281551993, 26.841523533773533 ], [ 77.501029534686282, 26.844471642496821 ], [ 77.487353394018172, 26.788189566870361 ], [ 77.502583641580387, 26.768892855227001 ], [ 77.502583641580387, 26.768624845343069 ], [ 77.496367214003982, 26.761388578476808 ], [ 77.485799287124067, 26.748792113931838 ], [ 77.485177644366431, 26.747988084280031 ], [ 77.454406327863182, 26.741823856949516 ], [ 77.455027970620819, 26.742895896485258 ], [ 77.458447005787846, 26.752008232539065 ], [ 77.470258218183034, 26.764604697084035 ], [ 77.464974254743083, 26.769160865110941 ], [ 77.460622755439601, 26.7726449936021 ], [ 77.454406327863182, 26.778005191280812 ], [ 77.43264883134573, 26.767820815691262 ], [ 77.429229796178703, 26.801590061067138 ], [ 77.397836836917818, 26.830267118648241 ], [ 77.429540617557535, 26.847151741336177 ], [ 77.42736486790578, 26.864036364024116 ], [ 77.459068648545497, 26.872880690193988 ], [ 77.460311934060783, 26.885745164622893 ], [ 77.490150786427563, 26.900485708239348 ], [ 77.583086378694944, 26.924070578025674 ], [ 77.592100198680754, 26.940151171061807 ], [ 77.602046482803019, 26.933182914079481 ], [ 77.660791723400123, 26.971240317598326 ], [ 77.672292114416493, 26.959983902473034 ], [ 77.676332792341157, 26.973116386785875 ], [ 77.72233435640662, 26.98785693040233 ], [ 77.743470210166421, 26.983032752491489 ], [ 77.745645959818177, 26.995093197268588 ], [ 77.758700457728636, 26.996969266456137 ], [ 77.750308280500477, 27.001793444366978 ], [ 77.759943743243923, 27.005813592626012 ], [ 77.763051957032133, 27.006885632161755 ], [ 77.750929923258127, 27.029130452528403 ], [ 77.749375816364022, 27.029130452528403 ], [ 77.744713495681708, 27.029398462412338 ], [ 77.737564603968835, 27.029666472296274 ], [ 77.736942961211199, 27.026182343805111 ], [ 77.730104890877143, 26.993753147848913 ], [ 77.711766429526719, 26.997237276340073 ], [ 77.689698111630449, 27.026718363572982 ], [ 77.693117146797476, 27.040922887421566 ], [ 77.680062648887002, 27.046819104868145 ], [ 77.679751827508184, 27.047087114752081 ], [ 77.665454044082438, 27.01733801763524 ], [ 77.642142440670881, 27.02564632403724 ], [ 77.630642049654512, 27.010905780420785 ], [ 77.623493157941638, 27.021894185662141 ], [ 77.601735661424186, 27.022430205430013 ], [ 77.57904570077028, 27.03824278858221 ], [ 77.563193810450429, 27.029398462412338 ], [ 77.575315844224434, 27.056467460689827 ], [ 77.574072558709148, 27.0615596484846 ], [ 77.571896809057407, 27.070403974654475 ], [ 77.571585987678588, 27.07174402407415 ], [ 77.568477773890379, 27.071476014190214 ], [ 77.547652741509395, 27.069331935118733 ], [ 77.524030316719021, 27.067187856047248 ], [ 77.526206066370762, 27.084608498503055 ], [ 77.506002676747414, 27.092112775253252 ], [ 77.517813889142602, 27.102297150842801 ], [ 77.537706457387131, 27.098277002583767 ], [ 77.550139312539955, 27.111409486896608 ], [ 77.597694983499522, 27.118109733994999 ], [ 77.598938269014809, 27.143570672968874 ], [ 77.613546873819374, 27.150538929951196 ], [ 77.610127838652346, 27.16286738461223 ], [ 77.620074122774611, 27.173587779969651 ], [ 77.637790941367399, 27.163939424147973 ], [ 77.63996669101914, 27.164475443915844 ], [ 77.642453262049699, 27.165279473567651 ], [ 77.658305152369564, 27.170103651478492 ], [ 77.666386508218892, 27.178679967764428 ], [ 77.680995113023471, 27.194492550916621 ], [ 77.665764865461256, 27.20896508464914 ], [ 77.646804761353195, 27.210305134068818 ], [ 77.652710367550782, 27.234962043390887 ], [ 77.643074904807349, 27.234962043390887 ], [ 77.645561475837908, 27.242466320141084 ] ] ] } },
{ "type": "Feature", "properties": { "dt_code": "183", "district": "Gonda", "st_code": "09", "year": "2011_c", "st_nm": "Uttar Pradesh" }, "geometry": { "type": "Polygon", "coordinates": [ [ [ 81.515287642155528, 27.083804468851248 ], [ 81.515287642155528, 27.083804468851248 ], [ 81.515287642155528, 27.084340488619119 ], [ 81.542639923491748, 27.077104221752862 ], [ 81.539531709703553, 27.094792874092605 ], [ 81.56750563379741, 27.129634159004226 ], [ 81.585844095147834, 27.117573714227127 ], [ 81.605736663392349, 27.145714752040355 ], [ 81.629359088182724, 27.141694603781325 ], [ 81.630291552319193, 27.158579226469261 ], [ 81.641170300577912, 27.157775196817454 ], [ 81.64148112195673, 27.157775196817454 ], [ 81.64148112195673, 27.187792303818235 ], [ 81.65515726262484, 27.202800857318625 ], [ 81.666657653641209, 27.200388768363204 ], [ 81.665103546747105, 27.233353984087273 ], [ 81.681266258445788, 27.236838112578436 ], [ 81.684374472233984, 27.25586681433786 ], [ 81.707996897024358, 27.277039595168766 ], [ 81.709551003918463, 27.292048148669156 ], [ 81.682820365339893, 27.301428494606899 ], [ 81.683442008097529, 27.315901028339418 ], [ 81.723537965965392, 27.322333265553869 ], [ 81.742498070073452, 27.325281374277161 ], [ 81.774512672091987, 27.308396751589221 ], [ 81.775445136228456, 27.30786073182135 ], [ 81.781039921047224, 27.290172079481607 ], [ 81.794716061715334, 27.292316158553092 ], [ 81.797513454124726, 27.273555466677603 ], [ 81.814297808581046, 27.265783180043474 ], [ 81.821135878915101, 27.270607357954312 ], [ 81.837920233371406, 27.281327753311736 ], [ 81.853461302312439, 27.326889433580774 ], [ 81.886408368467443, 27.329301522536195 ], [ 81.893557260180316, 27.315365008571547 ], [ 81.922152827031823, 27.312684909732191 ], [ 81.922774469789459, 27.325817394045032 ], [ 81.909409150500167, 27.332249631259486 ], [ 81.918733791864796, 27.34806221441168 ], [ 81.907544222227244, 27.364410817331748 ], [ 81.939248002866961, 27.386119617930525 ], [ 81.92868007598706, 27.412920606324079 ], [ 81.935828967699933, 27.425249060985113 ], [ 81.940802109761066, 27.431681298199567 ], [ 81.943288680791625, 27.434897416806791 ], [ 81.961937963520867, 27.434093387154984 ], [ 81.975924925567796, 27.433557367387117 ], [ 81.979965603492474, 27.433289357503178 ], [ 81.980276424871292, 27.43436139703892 ], [ 82.001101457252275, 27.408632448181109 ], [ 82.047724664075375, 27.414796675511628 ], [ 82.057360126818821, 27.416136724931306 ], [ 82.06823887507754, 27.406756378993563 ], [ 82.073522838517491, 27.401932201082722 ], [ 82.076009409548064, 27.399788122011238 ], [ 82.090928835731461, 27.39657200340401 ], [ 82.103361690884284, 27.400324141779109 ], [ 82.117348652931213, 27.404344290038143 ], [ 82.122321794992345, 27.392283845261044 ], [ 82.111753868112444, 27.377007281876718 ], [ 82.140038613585119, 27.361462708608457 ], [ 82.146565862540356, 27.333321670795229 ], [ 82.190391676954079, 27.319653166714517 ], [ 82.258150737536994, 27.273555466677603 ], [ 82.257529094779343, 27.261227012016569 ], [ 82.296692588510751, 27.24675447828405 ], [ 82.308503800905939, 27.227993786408565 ], [ 82.301354909193066, 27.212449213140303 ], [ 82.272137699583922, 27.235230053274822 ], [ 82.245717882384156, 27.222097568961981 ], [ 82.228001063791382, 27.169299621826685 ], [ 82.239812276186569, 27.150002910183325 ], [ 82.268097021659244, 27.136870425870484 ], [ 82.274624270614481, 27.113821575852029 ], [ 82.295138481616647, 27.11194550666448 ], [ 82.297314231268388, 27.099885061887381 ], [ 82.317206799512917, 27.104709239798222 ], [ 82.325288155362259, 27.066115816511505 ], [ 82.343004973955033, 27.070403974654475 ], [ 82.36849232701833, 27.054859401386214 ], [ 82.381857646307623, 27.073888103145634 ], [ 82.392736394566342, 27.066919846163312 ], [ 82.404236785582711, 27.07415611302957 ], [ 82.399574464900397, 27.092916804905059 ], [ 82.421331961417849, 27.085144518270926 ], [ 82.438116315874169, 27.109265407825124 ], [ 82.431278245540113, 27.112213516548415 ], [ 82.435318923464777, 27.140354554361647 ], [ 82.451170813784643, 27.128026099700612 ], [ 82.454900670330488, 27.125077990977321 ], [ 82.465779418589207, 27.128830129352419 ], [ 82.466090239968025, 27.129634159004226 ], [ 82.468887632377417, 27.133922317147192 ], [ 82.456143955845775, 27.150806939835132 ], [ 82.455833134466943, 27.151342959603003 ], [ 82.480698844772604, 27.151342959603003 ], [ 82.47075256065034, 27.161795345076488 ], [ 82.4897126647584, 27.165011463683715 ], [ 82.4897126647584, 27.165011463683715 ], [ 82.493442521304246, 27.145714752040355 ], [ 82.509916054381748, 27.133118287495385 ], [ 82.504942912320615, 27.121861872370093 ], [ 82.504942912320615, 27.121325852602222 ], [ 82.513024268169957, 27.12695406016487 ], [ 82.513024268169957, 27.12695406016487 ], [ 82.514267553685244, 27.126418040396999 ], [ 82.544417227430841, 27.108193368289385 ], [ 82.554674332931924, 27.102029140958866 ], [ 82.553431047416652, 27.092112775253252 ], [ 82.55902583223542, 27.081928399663703 ], [ 82.561201581887161, 27.077640241520733 ], [ 82.567728830842398, 27.07174402407415 ], [ 82.565553081190657, 27.067991885699055 ], [ 82.554363511553106, 27.049499203707501 ], [ 82.565553081190657, 27.046283085100274 ], [ 82.571147866009426, 27.012781849608334 ], [ 82.580783328752872, 27.019482096706724 ], [ 82.613730394907861, 27.000185385063364 ], [ 82.5842023639199, 27.0004533949473 ], [ 82.563066510160084, 26.986784890866588 ], [ 82.56213404602363, 26.964808080383875 ], [ 82.511159339897034, 26.946851418160193 ], [ 82.488158557864296, 26.903701826846575 ], [ 82.488158557864296, 26.903433816962639 ], [ 82.444332743450587, 26.931574854775871 ], [ 82.435318923464777, 26.927018686748966 ], [ 82.38838489526286, 26.949531516999549 ], [ 82.378127789761777, 26.935863012918837 ], [ 82.353572900834934, 26.932110874543739 ], [ 82.315652692618812, 26.977940564696716 ], [ 82.274313449235663, 26.936131022802773 ], [ 82.257839916158161, 26.942027240249356 ], [ 82.256596630642889, 26.941223210597549 ], [ 82.233906669988968, 26.919782419882708 ], [ 82.250069381687652, 26.897269589632121 ], [ 82.249447738930002, 26.896197550096378 ], [ 82.230487634821941, 26.86805651228315 ], [ 82.254731702369966, 26.825978960505271 ], [ 82.256907452021707, 26.8254429407374 ], [ 82.256285809264057, 26.823566871549851 ], [ 82.251623488581757, 26.811774436656687 ], [ 82.251623488581757, 26.810970407004881 ], [ 82.237947347913646, 26.818742693639013 ], [ 82.228933527927836, 26.812042446540623 ], [ 82.22302792173025, 26.808022298281589 ], [ 82.191324141090533, 26.836967365746627 ], [ 82.168634180436626, 26.828659059344627 ], [ 82.140971077721588, 26.835359306443014 ], [ 82.088131443322069, 26.811774436656687 ], [ 82.075387766790413, 26.810970407004881 ], [ 82.034048523407264, 26.808826327933396 ], [ 82.002033921388744, 26.785777477914941 ], [ 81.976857389704264, 26.781221309888039 ], [ 81.917179684970691, 26.791137675593653 ], [ 81.892313974665029, 26.827319009924949 ], [ 81.830149698900897, 26.84473965238076 ], [ 81.819892593399814, 26.865108403559859 ], [ 81.79005374103302, 26.853315968666696 ], [ 81.747782033513417, 26.866984472747408 ], [ 81.748403676271053, 26.867520492515279 ], [ 81.761147352802695, 26.879848947176313 ], [ 81.722916323207755, 26.925946647213223 ], [ 81.737524928012334, 26.950067536767421 ], [ 81.728821929405342, 26.966684149571424 ], [ 81.719497288040728, 26.972312357134069 ], [ 81.717632359767805, 26.963736040848133 ], [ 81.687482686022193, 26.957035793749746 ], [ 81.684063650855165, 26.967220169339296 ], [ 81.651116584700176, 26.980084643768201 ], [ 81.653913977109568, 26.996969266456137 ], [ 81.625940053015697, 27.010905780420785 ], [ 81.613818019241691, 27.032078561251694 ], [ 81.58957395169368, 27.031810551367755 ], [ 81.560667563463355, 27.053519351966536 ], [ 81.541085816597644, 27.052179302546858 ], [ 81.515287642155528, 27.083804468851248 ] ] ] } },
{ "type": "Feature", "properties": { "dt_code": "176", "district": "Barabanki", "st_code": "09", "year": "2011_c", "st_nm": "Uttar Pradesh" }, "geometry": { "type": "Polygon", "coordinates": [ [ [ 81.4127165871447, 27.334125700447032 ], [ 81.417378907827015, 27.330909581839808 ], [ 81.432298334010412, 27.320189186482388 ], [ 81.435406547798621, 27.221293539310174 ], [ 81.458096508452527, 27.190472402657591 ], [ 81.438203940207998, 27.17975200730017 ], [ 81.436960654692712, 27.179215987532299 ], [ 81.439758047102103, 27.163403404380102 ], [ 81.440690511238572, 27.159115246237132 ], [ 81.444109546405599, 27.140622564245582 ], [ 81.445974474678522, 27.137138435754419 ], [ 81.45156925949729, 27.126150030513063 ], [ 81.455609937421954, 27.119181773530741 ], [ 81.476434969802952, 27.108193368289385 ], [ 81.478610719454693, 27.075496162449248 ], [ 81.505030536654445, 27.05914755952918 ], [ 81.515287642155528, 27.083804468851248 ], [ 81.541085816597644, 27.052179302546858 ], [ 81.560667563463355, 27.053519351966536 ], [ 81.58957395169368, 27.031810551367755 ], [ 81.613818019241691, 27.032078561251694 ], [ 81.625940053015697, 27.010905780420785 ], [ 81.653913977109568, 26.996969266456137 ], [ 81.651116584700176, 26.980084643768201 ], [ 81.684063650855165, 26.967220169339296 ], [ 81.687482686022193, 26.957035793749746 ], [ 81.717632359767805, 26.963736040848133 ], [ 81.719497288040728, 26.972312357134069 ], [ 81.728821929405342, 26.966684149571424 ], [ 81.737524928012334, 26.950067536767421 ], [ 81.722916323207755, 26.925946647213223 ], [ 81.761147352802695, 26.879848947176313 ], [ 81.748403676271053, 26.867520492515279 ], [ 81.747160390755766, 26.86805651228315 ], [ 81.715145788737232, 26.841523533773533 ], [ 81.701158826690303, 26.849027810523726 ], [ 81.667590117777678, 26.837235375630563 ], [ 81.652359870215463, 26.845275672148631 ], [ 81.640859479199094, 26.822762841898044 ], [ 81.613507197862873, 26.833483237255464 ], [ 81.602006806846504, 26.84875980063979 ], [ 81.589884773072498, 26.832947217487593 ], [ 81.577141096540856, 26.834019257023336 ], [ 81.576208632404388, 26.834019257023336 ], [ 81.570924668964437, 26.806146229094043 ], [ 81.568127276555046, 26.791137675593653 ], [ 81.555694421402222, 26.783633398843456 ], [ 81.57278959723736, 26.767284795923391 ], [ 81.570303026206801, 26.749060123815774 ], [ 81.605115020634713, 26.723867194725834 ], [ 81.594547093754812, 26.700282324939508 ], [ 81.602317628225322, 26.68044959352828 ], [ 81.600763521331217, 26.680717603412216 ], [ 81.576208632404388, 26.68634581097486 ], [ 81.573722061373829, 26.684469741787311 ], [ 81.545126494522322, 26.664905020260019 ], [ 81.544504851764671, 26.645072288848787 ], [ 81.558802635190432, 26.640784130705821 ], [ 81.5643974200092, 26.638908061518272 ], [ 81.556626885538691, 26.617467270803431 ], [ 81.556626885538691, 26.616663241151624 ], [ 81.574654525510283, 26.612911102776525 ], [ 81.566262348282123, 26.591470312061684 ], [ 81.544504851764671, 26.576461758561294 ], [ 81.5538294931293, 26.571905590534389 ], [ 81.550099636583454, 26.566009373087809 ], [ 81.535491031778875, 26.543764552721157 ], [ 81.543261566249399, 26.526611920149286 ], [ 81.543572387628217, 26.525271870729608 ], [ 81.510314500094395, 26.528219979452899 ], [ 81.514044356640255, 26.549928780051676 ], [ 81.486381253925202, 26.54322853295329 ], [ 81.457164044316059, 26.57485369925768 ], [ 81.431676691252761, 26.560381165525161 ], [ 81.391580733384899, 26.575657728909487 ], [ 81.381945270641452, 26.589862252758071 ], [ 81.351484775517022, 26.545908631792642 ], [ 81.347444097592359, 26.546980671328384 ], [ 81.344957526561799, 26.543764552721157 ], [ 81.342781776910044, 26.545908631792642 ], [ 81.323200030044347, 26.553144898658903 ], [ 81.315429495573824, 26.540816443997869 ], [ 81.303929104557454, 26.544568582372968 ], [ 81.299888426632791, 26.545908631792642 ], [ 81.298334319738686, 26.550196789935612 ], [ 81.276576823221234, 26.571905590534389 ], [ 81.262279039795487, 26.578605837632779 ], [ 81.18177630268093, 26.606478865562075 ], [ 81.160951270299947, 26.587182153918715 ], [ 81.163748662709324, 26.606210855678135 ], [ 81.181465481302112, 26.620683389410654 ], [ 81.166546055118715, 26.644000249313045 ], [ 81.215966654351206, 26.707518591805766 ], [ 81.189236015772622, 26.761656588360744 ], [ 81.189236015772622, 26.761924598244679 ], [ 81.199803942652522, 26.771304944182422 ], [ 81.213480083320633, 26.78336538895952 ], [ 81.194830800591404, 26.792477725013331 ], [ 81.187371087499699, 26.779613250584426 ], [ 81.174005768210407, 26.789261606406104 ], [ 81.15970798478466, 26.775325092441456 ], [ 81.156599770996451, 26.798373942459911 ], [ 81.168721804770456, 26.808022298281589 ], [ 81.141058702055417, 26.812578466308494 ], [ 81.129869132417866, 26.8337512471394 ], [ 81.089773174550004, 26.83616333609482 ], [ 81.100651922808723, 26.8699325814707 ], [ 81.087597424898263, 26.890033322765863 ], [ 81.099097815914632, 26.902093767542961 ], [ 81.095367959368772, 26.91415421232006 ], [ 81.072367177336048, 26.910670083828897 ], [ 81.063975000107888, 26.928358736168644 ], [ 81.041285039453982, 26.940151171061807 ], [ 81.042528324969254, 26.955427734446133 ], [ 81.06366417872907, 26.968292208875038 ], [ 81.029784648437612, 26.967488179223231 ], [ 81.021703292588271, 26.976600515277038 ], [ 81.028230541543508, 26.985176831562974 ], [ 80.996526760903791, 27.000185385063364 ], [ 81.001810724343756, 27.020018116474596 ], [ 80.993107725736763, 27.024842294385433 ], [ 81.001810724343756, 27.037974778698274 ], [ 80.978188299553381, 27.037706768814338 ], [ 80.971971871976962, 27.055127411270149 ], [ 80.993729368494414, 27.075764172333184 ], [ 81.012067829844824, 27.06584780662757 ], [ 81.036933540150486, 27.073352083377763 ], [ 81.048744752545673, 27.092648795021123 ], [ 81.015797686390684, 27.105513269450029 ], [ 81.024500684997662, 27.118913763646805 ], [ 81.011446187087188, 27.141158584013453 ], [ 80.998080867797896, 27.147590821227904 ], [ 80.990310333327386, 27.137942465406226 ], [ 80.953322589247719, 27.140890574129518 ], [ 80.930632628593813, 27.158311216585325 ], [ 80.930321807214995, 27.158579226469261 ], [ 80.930321807214995, 27.158579226469261 ], [ 80.930321807214995, 27.158579226469261 ], [ 80.927213593426785, 27.200924788131076 ], [ 80.93715987754905, 27.194492550916621 ], [ 80.956430803035929, 27.219417470122629 ], [ 80.965755444400543, 27.217005381167208 ], [ 80.96917447956757, 27.239786221301728 ], [ 81.002432367101392, 27.226921746872822 ], [ 81.027298077407039, 27.227725776524629 ], [ 81.053407073227987, 27.222097568961981 ], [ 81.053407073227987, 27.21754140093508 ], [ 81.066772392517279, 27.219149460238693 ], [ 81.08511085386769, 27.228797816060371 ], [ 81.079516069048921, 27.236034082926629 ], [ 81.091638102822927, 27.264175120739861 ], [ 81.112773956582743, 27.274627506213346 ], [ 81.148518415147109, 27.258010893409342 ], [ 81.17338412545277, 27.266855219579217 ], [ 81.183019588196217, 27.245414428864372 ], [ 81.207263655744228, 27.237106122462372 ], [ 81.207263655744228, 27.252382685846698 ], [ 81.22529129571582, 27.272483427141861 ], [ 81.232751008807526, 27.262567061436247 ], [ 81.24207565017214, 27.270607357954312 ], [ 81.231196901913421, 27.298748395767543 ], [ 81.239899900520399, 27.307056702169547 ], [ 81.22529129571582, 27.311612870196448 ], [ 81.22839950950403, 27.323941324857483 ], [ 81.248292077748559, 27.314024959151869 ], [ 81.258238361870823, 27.334661720214903 ], [ 81.280617501145912, 27.332249631259486 ], [ 81.291807070783449, 27.359318629536972 ], [ 81.297091034223399, 27.336001769634581 ], [ 81.315740316952642, 27.32045719636632 ], [ 81.305483211451559, 27.301160484722963 ], [ 81.321956744529061, 27.297140336463929 ], [ 81.314807852816188, 27.27864765447238 ], [ 81.335322063818353, 27.271679397490054 ], [ 81.34122767001594, 27.253722735266376 ], [ 81.358322845851077, 27.257206863757538 ], [ 81.364228452048678, 27.262567061436247 ], [ 81.376039664443866, 27.273019446909732 ], [ 81.381323627883816, 27.277575614936637 ], [ 81.373553093413292, 27.292852178320963 ], [ 81.382566913399103, 27.294728247508509 ], [ 81.38225609202027, 27.31214888996432 ], [ 81.388161698217871, 27.311076850428577 ], [ 81.391269912006081, 27.310540830660706 ], [ 81.379769520989711, 27.316169038223354 ], [ 81.399972910613059, 27.325817394045032 ], [ 81.395310589930745, 27.340825947545422 ], [ 81.395310589930745, 27.340825947545422 ], [ 81.4127165871447, 27.334125700447032 ], [ 81.4127165871447, 27.334125700447032 ] ] ] } },
{ "type": "Feature", "properties": { "dt_code": "189", "district": "Kushinagar", "st_code": "09", "year": "2011_c", "st_nm": "Uttar Pradesh" }, "geometry": { "type": "Polygon", "coordinates": [ [ [ 83.545883709991116, 26.888693273346185 ], [ 83.546194531369935, 26.889497302997992 ], [ 83.547748638264039, 26.889497302997992 ], [ 83.553343423082808, 26.888693273346185 ], [ 83.55365424446164, 26.889765312881927 ], [ 83.558005743765122, 26.92005042976664 ], [ 83.570749420296778, 26.933986943731288 ], [ 83.589087881647188, 26.93264689431161 ], [ 83.590952809920111, 26.915762271623674 ], [ 83.606493878861158, 26.91174212336464 ], [ 83.612088663679927, 26.928894755936515 ], [ 83.626697268484492, 26.930234805356193 ], [ 83.624521518832751, 26.955695744330068 ], [ 83.678915260126374, 26.947119428044129 ], [ 83.682023473914583, 26.965076090267811 ], [ 83.72367353867655, 26.95194360595497 ], [ 83.724606002813019, 26.951675596071034 ], [ 83.732998180041179, 26.989464989705944 ], [ 83.760039639998581, 27.0004533949473 ], [ 83.765323603438532, 27.002329464134849 ], [ 83.74885007036103, 27.010369760652914 ], [ 83.74574185657282, 27.013317869376205 ], [ 83.745431035194002, 27.015997968215562 ], [ 83.755688140695085, 27.035294679858918 ], [ 83.737038857965842, 27.036902739162532 ], [ 83.729889966252969, 27.055395421154085 ], [ 83.768120995847909, 27.053519351966536 ], [ 83.767810174469091, 27.073888103145634 ], [ 83.74574185657282, 27.077104221752862 ], [ 83.772783316530223, 27.08916466652996 ], [ 83.776513173076069, 27.106317299101836 ], [ 83.801068062002912, 27.11006943747693 ], [ 83.811325167503995, 27.161795345076488 ], [ 83.825312129550923, 27.174391809621458 ], [ 83.782418779273669, 27.166083503219458 ], [ 83.812568453019267, 27.186184244514621 ], [ 83.799203133729975, 27.210573143952754 ], [ 83.798892312351157, 27.212449213140303 ], [ 83.821271451626245, 27.199852748595333 ], [ 83.832771842642615, 27.212181203256367 ], [ 83.821271451626245, 27.232281944551531 ], [ 83.807595310958135, 27.228529806176436 ], [ 83.794851634426493, 27.244342389328633 ], [ 83.807595310958135, 27.249702587007341 ], [ 83.816919952322763, 27.241126270721406 ], [ 83.849556197098934, 27.25345472538244 ], [ 83.837434163324929, 27.278915664356315 ], [ 83.840542377113138, 27.2810597434278 ], [ 83.86696219431289, 27.293388198088834 ], [ 83.878151763950441, 27.289636059713736 ], [ 83.881259977738651, 27.283739842267153 ], [ 83.907368973559585, 27.275699545749088 ], [ 83.907368973559585, 27.275163525981217 ], [ 83.905193223907844, 27.273555466677603 ], [ 83.905193223907844, 27.25747487364147 ], [ 83.911720472863067, 27.246486468400114 ], [ 83.912031294241899, 27.245950448632243 ], [ 83.912031294241899, 27.245682438748311 ], [ 83.968600785187263, 27.224509657917402 ], [ 83.970154892081368, 27.223437618381659 ], [ 83.967357499671976, 27.209501104417011 ], [ 83.987250067916506, 27.197172649755977 ], [ 83.990979924462351, 27.18564822474675 ], [ 83.994088138250561, 27.175195839273265 ], [ 83.958965322443817, 27.136870425870484 ], [ 83.946532467290993, 27.090772725833574 ], [ 83.964560107262585, 27.084072478735184 ], [ 84.016467277525649, 27.105513269450029 ], [ 84.030454239572578, 27.097740982815896 ], [ 84.016778098904467, 27.07174402407415 ], [ 83.999993744448147, 27.068527905466926 ], [ 84.049414343680638, 27.043334976376986 ], [ 84.037292309906633, 27.009029711233236 ], [ 84.05687405677233, 26.989732999589879 ], [ 84.045684487134793, 26.982228722839686 ], [ 84.055009128499407, 26.96025191235697 ], [ 84.032008346466682, 26.941223210597549 ], [ 84.046616951271247, 26.93934714141 ], [ 84.043197916104219, 26.931842864659806 ], [ 84.059982270560539, 26.920318439650579 ], [ 84.052522557468848, 26.906381925685931 ], [ 84.060293091939357, 26.888157253578314 ], [ 84.060603913318189, 26.887889243694378 ], [ 84.098213300155493, 26.876096808801215 ], [ 84.110335333929498, 26.898609639051799 ], [ 84.118105868400008, 26.887621233810442 ], [ 84.146390613872697, 26.885477154738957 ], [ 84.140795829053928, 26.852779948898824 ], [ 84.166283182117226, 26.8337512471394 ], [ 84.181824251058259, 26.833483237255464 ], [ 84.190216428286419, 26.858408156461469 ], [ 84.219433637895563, 26.87154064077431 ], [ 84.246785919231783, 26.859748205881147 ], [ 84.256110560596397, 26.849027810523726 ], [ 84.259218774384607, 26.836967365746627 ], [ 84.250204954398811, 26.819278713406881 ], [ 84.259840417142243, 26.80453816979043 ], [ 84.259840417142243, 26.804002150022558 ], [ 84.232488135806022, 26.753616291842679 ], [ 84.245542633716497, 26.735123609851126 ], [ 84.248961668883524, 26.729763412172417 ], [ 84.251137418535265, 26.73083545170816 ], [ 84.285949412963191, 26.750132163351516 ], [ 84.306152802586524, 26.749596143583645 ], [ 84.33039687013455, 26.683933722019439 ], [ 84.410588785870289, 26.670265217938727 ], [ 84.413075356900848, 26.638104031866465 ], [ 84.417116034825511, 26.637568012098594 ], [ 84.418359320340798, 26.631671794652014 ], [ 84.419602605856085, 26.626043587089367 ], [ 84.379506647988222, 26.614519162080139 ], [ 84.307396088101811, 26.616395231267688 ], [ 84.300247196388938, 26.603798766722718 ], [ 84.281597913659695, 26.599510608579749 ], [ 84.201095176545138, 26.624703537669689 ], [ 84.160377575919625, 26.624435527785753 ], [ 84.158823469025521, 26.636227962678916 ], [ 84.111889440823603, 26.630599755116272 ], [ 84.086402087760305, 26.639176071402208 ], [ 84.089199480169682, 26.602994737070912 ], [ 84.05221173609003, 26.55153683935529 ], [ 84.051900914711211, 26.551268829471354 ], [ 84.009940028570412, 26.578873847516714 ], [ 83.96300600036848, 26.628723685928723 ], [ 83.957411215549712, 26.674821385965632 ], [ 83.90581486666548, 26.690901979001765 ], [ 83.887787226693874, 26.734319580199319 ], [ 83.840542377113138, 26.758976489521388 ], [ 83.83183937850616, 26.744503955788872 ], [ 83.80914941785224, 26.750400173235452 ], [ 83.808216953715785, 26.724939234261576 ], [ 83.771540031014936, 26.700818344707379 ], [ 83.770296745499664, 26.700282324939508 ], [ 83.770296745499664, 26.700282324939508 ], [ 83.756931426210372, 26.706714562153962 ], [ 83.750093355876317, 26.69304605807325 ], [ 83.747606784845743, 26.693582077841121 ], [ 83.723362717297732, 26.698406255751959 ], [ 83.721808610403627, 26.687417850510602 ], [ 83.697875364234434, 26.683397702251568 ], [ 83.695388793203875, 26.682861682483697 ], [ 83.695388793203875, 26.683397702251568 ], [ 83.698497006992085, 26.699478295287701 ], [ 83.68015854564166, 26.702158394127057 ], [ 83.654671192578363, 26.660348852233113 ], [ 83.627940553999778, 26.661420891768856 ], [ 83.626386447105673, 26.666513079563632 ], [ 83.624521518832751, 26.672677306894148 ], [ 83.615507698846955, 26.703498443546735 ], [ 83.623278233317464, 26.727083313333061 ], [ 83.609912914028186, 26.739411767994095 ], [ 83.622034947802192, 26.754688331378421 ], [ 83.586601310616629, 26.760316538941066 ], [ 83.595615130602425, 26.790065636057911 ], [ 83.595615130602425, 26.790333645941846 ], [ 83.594682666465971, 26.791405685477589 ], [ 83.585047203722525, 26.807754288397653 ], [ 83.561113957553331, 26.823834881433786 ], [ 83.562357243068618, 26.836431345978756 ], [ 83.524437034852497, 26.852779948898824 ], [ 83.524437034852497, 26.852779948898824 ], [ 83.535004961732398, 26.861624275068696 ], [ 83.539356461035879, 26.865376413443794 ], [ 83.54153221068762, 26.866984472747408 ], [ 83.546194531369935, 26.888693273346185 ], [ 83.545883709991116, 26.888693273346185 ] ] ] } },
{ "type": "Feature", "properties": { "dt_code": "160", "district": "Kannauj", "st_code": "09", "year": "2011_c", "st_nm": "Uttar Pradesh" }, "geometry": { "type": "Polygon", "coordinates": [ [ [ 79.72153746498131, 27.220757519542303 ], [ 79.80452677312644, 27.171175691014231 ], [ 79.804837594505258, 27.171175691014231 ], [ 79.805148415884076, 27.170907681130295 ], [ 79.805770058641727, 27.171175691014231 ], [ 79.8595421571777, 27.161527335192552 ], [ 79.853325729601295, 27.150538929951196 ], [ 79.895597437120898, 27.148930870647582 ], [ 79.910516863304295, 27.134726346798999 ], [ 79.928233681897069, 27.142230623549196 ], [ 79.952166928066276, 27.113821575852029 ], [ 79.940977358428725, 27.103101180494608 ], [ 79.952166928066276, 27.095864913628347 ], [ 79.941599001186361, 27.085948547922733 ], [ 79.942220643944012, 27.085412528154862 ], [ 79.970505389416687, 27.061827658368536 ], [ 79.998479313510558, 27.056467460689827 ], [ 79.984492351463615, 27.036902739162532 ], [ 79.987911386630643, 27.010905780420785 ], [ 80.015263667966863, 26.972312357134069 ], [ 80.01650695348215, 26.958911862937292 ], [ 80.013087918315122, 26.956231764097939 ], [ 79.993195350070607, 26.963468030964197 ], [ 79.993195350070607, 26.963468030964197 ], [ 79.978897566644847, 26.949263507115614 ], [ 79.993506171449425, 26.938811121642129 ], [ 79.983870708705979, 26.929966795472257 ], [ 79.959937462536786, 26.952479625722841 ], [ 79.95931581977915, 26.953015645490712 ], [ 79.956518427369758, 26.951139576303163 ], [ 79.944085572216935, 26.941491220481485 ], [ 79.941599001186361, 26.939883161177871 ], [ 79.941288179807543, 26.926482666981094 ], [ 79.941288179807543, 26.923802568141738 ], [ 79.941288179807543, 26.922730528605996 ], [ 79.951545285308626, 26.920586449534511 ], [ 79.941288179807543, 26.89914565881967 ], [ 79.946882964626312, 26.887085214042571 ], [ 79.938490787398166, 26.87636481868515 ], [ 79.962113212188527, 26.858676166345404 ], [ 79.942842286701648, 26.845275672148631 ], [ 79.927922860518251, 26.85546004773818 ], [ 79.893732508847975, 26.849027810523726 ], [ 79.891556759196234, 26.828391049460691 ], [ 79.897151544015003, 26.816866624451464 ], [ 79.894043330226793, 26.814454535496044 ], [ 79.864204477860014, 26.827051000041013 ], [ 79.862650370965909, 26.824638911085593 ], [ 79.850217515813085, 26.804002150022558 ], [ 79.864204477860014, 26.796497873272362 ], [ 79.840892874448457, 26.773717033137842 ], [ 79.809499915187573, 26.784437428495263 ], [ 79.776863670411402, 26.768892855227001 ], [ 79.755416995272768, 26.79435379420088 ], [ 79.739565104952916, 26.81284647619243 ], [ 79.725578142905988, 26.804002150022558 ], [ 79.713456109131982, 26.809362347701267 ], [ 79.701023253979145, 26.823566871549851 ], [ 79.705685574661459, 26.837235375630563 ], [ 79.661548938868918, 26.86805651228315 ], [ 79.665589616793596, 26.887085214042571 ], [ 79.654710868534863, 26.891909391953412 ], [ 79.623628730652797, 26.884673125087151 ], [ 79.600006305862422, 26.892445411721283 ], [ 79.580113737617907, 26.873684719845794 ], [ 79.582600308648466, 26.864572383791987 ], [ 79.559599526615727, 26.860016215765082 ], [ 79.537531208719471, 26.875828798917279 ], [ 79.496502786715141, 26.88226103613173 ], [ 79.466663934348347, 26.906917945453799 ], [ 79.455474364710795, 26.903433816962639 ], [ 79.458893399877837, 26.915762271623674 ], [ 79.447703830240286, 26.930502815240128 ], [ 79.434027689572176, 26.92916276582045 ], [ 79.437135903360385, 26.941491220481485 ], [ 79.400458980659536, 26.936667042570644 ], [ 79.392688446189027, 26.92675067686503 ], [ 79.360673844170492, 26.946315398392322 ], [ 79.345443596608277, 26.933182914079481 ], [ 79.345754417987095, 26.930234805356193 ], [ 79.340470454547145, 26.93264689431161 ], [ 79.337983883516586, 26.933718933847352 ], [ 79.318402136650874, 26.950871566419227 ], [ 79.319023779408525, 26.954087685026455 ], [ 79.324929385606112, 26.960519922240906 ], [ 79.355079059351723, 26.958375843169421 ], [ 79.381498876551476, 26.98785693040233 ], [ 79.401080623417187, 27.055395421154085 ], [ 79.433095225435707, 27.068527905466926 ], [ 79.426257155101652, 27.077104221752862 ], [ 79.436514260602735, 27.095060883976544 ], [ 79.396729124113691, 27.094792874092605 ], [ 79.394242553083131, 27.116769684575321 ], [ 79.382120519309126, 27.114625605503836 ], [ 79.412270193054724, 27.137674455522291 ], [ 79.413202657191192, 27.138478485174097 ], [ 79.389580232400817, 27.156703157281715 ], [ 79.389580232400817, 27.159383256121068 ], [ 79.392999267567845, 27.186720264282492 ], [ 79.394242553083131, 27.197172649755977 ], [ 79.401391444796005, 27.197976679407784 ], [ 79.402323908932459, 27.19824468929172 ], [ 79.402634730311291, 27.200120758479269 ], [ 79.406675408235955, 27.222901598613788 ], [ 79.420040727525247, 27.228529806176436 ], [ 79.439000831633308, 27.210573143952754 ], [ 79.518571104611397, 27.208697074765205 ], [ 79.556491312827532, 27.156703157281715 ], [ 79.600006305862422, 27.172247730549973 ], [ 79.604979447923554, 27.187792303818235 ], [ 79.668387009202974, 27.166351513103393 ], [ 79.697604218812117, 27.21566533174753 ], [ 79.714077751889619, 27.212449213140303 ], [ 79.718118429814282, 27.211645183488496 ], [ 79.72153746498131, 27.220757519542303 ] ] ] } },
{ "type": "Feature", "properties": { "dt_code": "157", "district": "Lucknow", "st_code": "09", "year": "2011_c", "st_nm": "Uttar Pradesh" }, "geometry": { "type": "Polygon", "coordinates": [ [ [ 80.826507466688881, 27.100957101423123 ], [ 80.827439930825335, 27.100689091539188 ], [ 80.828061573582985, 27.09934904211951 ], [ 80.82899403771944, 27.100421081655252 ], [ 80.86473849628382, 27.126150030513063 ], [ 80.894888170029432, 27.127222070048806 ], [ 80.907321025182256, 27.151610969486939 ], [ 80.930321807214995, 27.158579226469261 ], [ 80.930321807214995, 27.158579226469261 ], [ 80.930321807214995, 27.158579226469261 ], [ 80.930321807214995, 27.158579226469261 ], [ 80.930632628593813, 27.158311216585325 ], [ 80.953322589247719, 27.140890574129518 ], [ 80.990310333327386, 27.137942465406226 ], [ 80.998080867797896, 27.147590821227904 ], [ 81.011446187087188, 27.141158584013453 ], [ 81.024500684997662, 27.118913763646805 ], [ 81.015797686390684, 27.105513269450029 ], [ 81.048744752545673, 27.092648795021123 ], [ 81.036933540150486, 27.073352083377763 ], [ 81.012067829844824, 27.06584780662757 ], [ 80.993729368494414, 27.075764172333184 ], [ 80.971971871976962, 27.055127411270149 ], [ 80.978188299553381, 27.037706768814338 ], [ 81.001810724343756, 27.037974778698274 ], [ 80.993107725736763, 27.024842294385433 ], [ 81.001810724343756, 27.020018116474596 ], [ 80.996526760903791, 27.000185385063364 ], [ 81.028230541543508, 26.985176831562974 ], [ 81.021703292588271, 26.976600515277038 ], [ 81.029784648437612, 26.967488179223231 ], [ 81.06366417872907, 26.968292208875038 ], [ 81.042528324969254, 26.955427734446133 ], [ 81.041285039453982, 26.940151171061807 ], [ 81.063975000107888, 26.928358736168644 ], [ 81.072367177336048, 26.910670083828897 ], [ 81.095367959368772, 26.91415421232006 ], [ 81.099097815914632, 26.902093767542961 ], [ 81.087597424898263, 26.890033322765863 ], [ 81.100651922808723, 26.8699325814707 ], [ 81.089773174550004, 26.83616333609482 ], [ 81.129869132417866, 26.8337512471394 ], [ 81.141058702055417, 26.812578466308494 ], [ 81.168721804770456, 26.808022298281589 ], [ 81.156599770996451, 26.798373942459911 ], [ 81.15970798478466, 26.775325092441456 ], [ 81.174005768210407, 26.789261606406104 ], [ 81.187371087499699, 26.779613250584426 ], [ 81.194830800591404, 26.792477725013331 ], [ 81.213480083320633, 26.78336538895952 ], [ 81.199803942652522, 26.771304944182422 ], [ 81.189236015772622, 26.761924598244679 ], [ 81.189236015772622, 26.761656588360744 ], [ 81.215966654351206, 26.707518591805766 ], [ 81.166546055118715, 26.644000249313045 ], [ 81.181465481302112, 26.620683389410654 ], [ 81.163748662709324, 26.606210855678135 ], [ 81.160951270299947, 26.587182153918715 ], [ 81.141058702055417, 26.588254193454457 ], [ 81.121787776568539, 26.559577135873354 ], [ 81.09940863729345, 26.562793254480582 ], [ 81.092259745580577, 26.542156493417547 ], [ 81.048744752545673, 26.505707149202316 ], [ 81.045325717378645, 26.505171129434444 ], [ 81.037244361529304, 26.512943416068573 ], [ 81.032892862225822, 26.520715702702702 ], [ 81.027608898785871, 26.522591771890252 ], [ 81.023568220861193, 26.526611920149286 ], [ 80.999634974692, 26.533044157363737 ], [ 80.979431585068653, 26.552876888774968 ], [ 80.979120763689835, 26.552876888774968 ], [ 80.973215157492248, 26.55153683935529 ], [ 80.967931194052298, 26.550196789935612 ], [ 80.97290433611343, 26.557433056801869 ], [ 80.93405166376084, 26.568689471927165 ], [ 80.941200555473714, 26.571905590534389 ], [ 80.930632628593813, 26.57485369925768 ], [ 80.924416201017394, 26.594150410901037 ], [ 80.910118417591647, 26.588522203338393 ], [ 80.908253489318724, 26.600582648115491 ], [ 80.902037061742305, 26.593614391133165 ], [ 80.888671742453013, 26.599242598695813 ], [ 80.892090777620041, 26.621755428946397 ], [ 80.874684780406085, 26.616395231267688 ], [ 80.870333281102589, 26.623899508017882 ], [ 80.879968743846035, 26.630867765000207 ], [ 80.841737714251096, 26.66544104002789 ], [ 80.793249579155059, 26.645340298732723 ], [ 80.784857401926899, 26.665977059795761 ], [ 80.766829761955307, 26.665977059795761 ], [ 80.769627154364684, 26.682325662715826 ], [ 80.755951013696574, 26.688489890046345 ], [ 80.728598732360354, 26.655792684206212 ], [ 80.716476698586348, 26.665173030143954 ], [ 80.713679306176971, 26.681253623180083 ], [ 80.695962487584183, 26.68634581097486 ], [ 80.718652448238103, 26.701622374359186 ], [ 80.697516594478287, 26.719311026698932 ], [ 80.706530414464083, 26.720383066234671 ], [ 80.704976307569993, 26.740215797645902 ], [ 80.693165095174805, 26.759512509289259 ], [ 80.69409755931126, 26.760584548825001 ], [ 80.733571874421486, 26.756296390682035 ], [ 80.740409944755541, 26.790333645941846 ], [ 80.721139019268662, 26.800786031415331 ], [ 80.678245668991408, 26.863232334372309 ], [ 80.626960141485995, 26.878508897756635 ], [ 80.640636282154105, 26.903433816962639 ], [ 80.621054535288394, 26.909598044293155 ], [ 80.608000037377934, 26.944171319320837 ], [ 80.592769789815719, 26.944975348972648 ], [ 80.580647756041714, 26.924874607677481 ], [ 80.561376830554821, 26.937203062338515 ], [ 80.579404470526427, 26.960787932124841 ], [ 80.595567182225096, 26.955427734446133 ], [ 80.599297038770956, 26.984104792027232 ], [ 80.599607860149774, 26.986516880982652 ], [ 80.579093649147609, 26.99804130599188 ], [ 80.550187260917284, 27.013585879260141 ], [ 80.575674613980581, 27.021090156010334 ], [ 80.581580220178168, 27.022698215313948 ], [ 80.581891041556986, 27.025378314153304 ], [ 80.582201862935818, 27.029130452528403 ], [ 80.582512684314636, 27.037438758930403 ], [ 80.615459750469626, 27.039314828117952 ], [ 80.624784391834254, 27.056735470573763 ], [ 80.656798993852775, 27.062899697904278 ], [ 80.642812031805846, 27.069599945002665 ], [ 80.646541888351692, 27.077640241520733 ], [ 80.700624808266497, 27.062363678136407 ], [ 80.739477480619087, 27.102297150842801 ], [ 80.765586476440021, 27.089968696181767 ], [ 80.770870439879971, 27.103101180494608 ], [ 80.780195081244599, 27.098008992699832 ], [ 80.792317115018605, 27.110873467128737 ], [ 80.826818288067699, 27.099885061887381 ], [ 80.826507466688881, 27.100957101423123 ] ] ] } },
{ "type": "Feature", "properties": { "dt_code": "185", "district": "Basti", "st_code": "09", "year": "2011_c", "st_nm": "Uttar Pradesh" }, "geometry": { "type": "Polygon", "coordinates": [ [ [ 82.55902583223542, 27.081928399663703 ], [ 82.585756470814005, 27.104977249682157 ], [ 82.63610953418295, 27.104709239798222 ], [ 82.658799494836856, 27.123201921789772 ], [ 82.659731958973325, 27.114625605503836 ], [ 82.718166378191611, 27.109533417709059 ], [ 82.722207056116275, 27.100153071771317 ], [ 82.763546299499438, 27.11194550666448 ], [ 82.790587759456841, 27.080320340360089 ], [ 82.793695973245036, 27.048159154287823 ], [ 82.818561683550698, 27.038510798466145 ], [ 82.829440431809417, 27.019214086822785 ], [ 82.864563247616161, 27.037974778698274 ], [ 82.879171852420725, 27.01304985949227 ], [ 82.879482673799558, 27.01304985949227 ], [ 82.890050600679459, 27.014121899028012 ], [ 82.894712921361773, 27.014657918795884 ], [ 82.895645385498227, 27.013585879260141 ], [ 82.903726741347569, 26.999917375179429 ], [ 82.904659205484023, 27.003133493786656 ], [ 82.904970026862856, 27.004205533322398 ], [ 82.908078240651051, 27.001257424599107 ], [ 82.907145776514596, 26.998845335643686 ], [ 82.899375242044073, 26.980888673420008 ], [ 82.913983846848652, 26.966416139687489 ], [ 82.907767419272233, 26.94175923036542 ], [ 82.916470417879211, 26.934522963499159 ], [ 82.930768201304971, 26.927822716400772 ], [ 82.926727523380293, 26.925410627445352 ], [ 82.914916310985106, 26.917906350695159 ], [ 82.882590887587753, 26.931306844891935 ], [ 82.885077458618326, 26.94175923036542 ], [ 82.869847211056111, 26.940151171061807 ], [ 82.84871135729631, 26.916834311159416 ], [ 82.872022960707852, 26.915494261739738 ], [ 82.870158032434929, 26.90155774777509 ], [ 82.854927784872714, 26.898609639051799 ], [ 82.872644603465503, 26.878776907640571 ], [ 82.846535607644554, 26.876096808801215 ], [ 82.840008358689317, 26.856800097157858 ], [ 82.822602361475361, 26.850099850059468 ], [ 82.826953860778858, 26.838843434934176 ], [ 82.839386715931681, 26.845811691916499 ], [ 82.856792713145637, 26.830535128532176 ], [ 82.882590887587753, 26.829731098880369 ], [ 82.886942386891249, 26.778809220932619 ], [ 82.931700665441426, 26.790869665709717 ], [ 82.918956988909784, 26.760852558708937 ], [ 82.937606271639027, 26.7643366872001 ], [ 82.940714485427236, 26.751472212771194 ], [ 82.963404446081142, 26.740215797645902 ], [ 82.965891017111701, 26.73914375811016 ], [ 82.977702229506889, 26.707786601689705 ], [ 82.965269374354065, 26.690365959233894 ], [ 82.970242516415198, 26.672945316778083 ], [ 82.969310052278729, 26.673213326662019 ], [ 82.942268592321327, 26.677769494688924 ], [ 82.916781239258029, 26.655792684206212 ], [ 82.932943950956712, 26.618539310339173 ], [ 82.93325477233553, 26.617467270803431 ], [ 82.907767419272233, 26.63595995279498 ], [ 82.894712921361773, 26.610231003937169 ], [ 82.868603925540825, 26.615859211499817 ], [ 82.859900926933847, 26.601118667883362 ], [ 82.829751253188249, 26.607282895213878 ], [ 82.825088932505935, 26.601922697535169 ], [ 82.819494147687152, 26.568689471927165 ], [ 82.80675047115551, 26.567081412623551 ], [ 82.712260771994025, 26.554752957962517 ], [ 82.662840172761534, 26.60433478649059 ], [ 82.577053472207012, 26.60433478649059 ], [ 82.473239131680913, 26.652308555715049 ], [ 82.47292831030208, 26.652576565598984 ], [ 82.47292831030208, 26.652576565598984 ], [ 82.445265207587042, 26.639444081286143 ], [ 82.392114751808705, 26.652308555715049 ], [ 82.389006538020496, 26.655524674322276 ], [ 82.316895978134099, 26.722795155190092 ], [ 82.282083983706187, 26.737803708690482 ], [ 82.279286591296795, 26.743163906369194 ], [ 82.24509623962652, 26.804002150022558 ], [ 82.243231311353597, 26.804806179674365 ], [ 82.23670406239836, 26.808290308165525 ], [ 82.228933527927836, 26.812042446540623 ], [ 82.237947347913646, 26.818742693639013 ], [ 82.251623488581757, 26.810970407004881 ], [ 82.251623488581757, 26.811774436656687 ], [ 82.256285809264057, 26.823566871549851 ], [ 82.256907452021707, 26.8254429407374 ], [ 82.254731702369966, 26.825978960505271 ], [ 82.230487634821941, 26.86805651228315 ], [ 82.249447738930002, 26.896197550096378 ], [ 82.250069381687652, 26.897269589632121 ], [ 82.233906669988968, 26.919782419882708 ], [ 82.256596630642889, 26.941223210597549 ], [ 82.257839916158161, 26.942027240249356 ], [ 82.274313449235663, 26.936131022802773 ], [ 82.315652692618812, 26.977940564696716 ], [ 82.353572900834934, 26.932110874543739 ], [ 82.378127789761777, 26.935863012918837 ], [ 82.38838489526286, 26.949531516999549 ], [ 82.435318923464777, 26.927018686748966 ], [ 82.444332743450587, 26.931574854775871 ], [ 82.488158557864296, 26.903433816962639 ], [ 82.488158557864296, 26.903701826846575 ], [ 82.511159339897034, 26.946851418160193 ], [ 82.56213404602363, 26.964808080383875 ], [ 82.563066510160084, 26.986784890866588 ], [ 82.5842023639199, 27.0004533949473 ], [ 82.613730394907861, 27.000185385063364 ], [ 82.580783328752872, 27.019482096706724 ], [ 82.571147866009426, 27.012781849608334 ], [ 82.565553081190657, 27.046283085100274 ], [ 82.554363511553106, 27.049499203707501 ], [ 82.565553081190657, 27.067991885699055 ], [ 82.567728830842398, 27.07174402407415 ], [ 82.561201581887161, 27.077640241520733 ], [ 82.55902583223542, 27.081928399663703 ] ] ] } },
{ "type": "Feature", "properties": { "dt_code": "188", "district": "Gorakhpur", "st_code": "09", "year": "2011_c", "st_nm": "Uttar Pradesh" }, "geometry": { "type": "Polygon", "coordinates": [ [ [ 83.120369242385593, 27.099885061887381 ], [ 83.119747599627942, 27.113017546200222 ], [ 83.119436778249124, 27.114089585735965 ], [ 83.119747599627942, 27.114089585735965 ], [ 83.129693883750207, 27.107657348521514 ], [ 83.147410702342995, 27.1143575956199 ], [ 83.149275630615918, 27.115161625271707 ], [ 83.149897273373554, 27.115429635155643 ], [ 83.1536271299194, 27.097472972931961 ], [ 83.165438342314587, 27.108193368289385 ], [ 83.174452162300383, 27.094524864208672 ], [ 83.22294029739642, 27.090236706065703 ], [ 83.223561940154056, 27.090236706065703 ], [ 83.236927259443348, 27.062631688020343 ], [ 83.237859723579817, 27.070403974654475 ], [ 83.250603400111459, 27.065579796743634 ], [ 83.270495968355988, 27.078176261288604 ], [ 83.269874325598337, 27.029934482180209 ], [ 83.298159071071026, 27.041458907189437 ], [ 83.294118393146363, 27.061023628716729 ], [ 83.313389318633241, 27.087288597342411 ], [ 83.336390100665966, 27.081660389779767 ], [ 83.341984885484749, 27.093720834556866 ], [ 83.356904311668131, 27.088896656646025 ], [ 83.360634168213977, 27.100153071771317 ], [ 83.389540556444302, 27.082732429315506 ], [ 83.407568196415909, 27.088092626994218 ], [ 83.383634950246716, 27.07174402407415 ], [ 83.38767562817138, 27.058075519993437 ], [ 83.362188275108082, 27.047355124636017 ], [ 83.367472238548032, 27.023502244965755 ], [ 83.354106919258754, 27.026182343805111 ], [ 83.351309526849363, 27.0004533949473 ], [ 83.323024781376688, 26.989196979822008 ], [ 83.323957245513142, 26.968560218758974 ], [ 83.336390100665966, 26.957839823401549 ], [ 83.342917349621203, 26.952211615838905 ], [ 83.353485276501104, 26.950067536767421 ], [ 83.355039383395209, 26.949799526883485 ], [ 83.356593490289313, 26.962395991428455 ], [ 83.438028691540339, 26.958107833285489 ], [ 83.430879799827466, 26.945779378624451 ], [ 83.452637296344903, 26.951675596071034 ], [ 83.473462328725901, 26.942563260017227 ], [ 83.470975757695328, 26.926214657097159 ], [ 83.496773932137444, 26.909062024525284 ], [ 83.49801721765273, 26.897805609399992 ], [ 83.518220607276078, 26.894053471024897 ], [ 83.545883709991116, 26.888693273346185 ], [ 83.546194531369935, 26.888693273346185 ], [ 83.54153221068762, 26.866984472747408 ], [ 83.539356461035879, 26.865376413443794 ], [ 83.535004961732398, 26.861624275068696 ], [ 83.524437034852497, 26.852779948898824 ], [ 83.524437034852497, 26.852779948898824 ], [ 83.562357243068618, 26.836431345978756 ], [ 83.561113957553331, 26.823834881433786 ], [ 83.585047203722525, 26.807754288397653 ], [ 83.594682666465971, 26.791405685477589 ], [ 83.595615130602425, 26.790333645941846 ], [ 83.595615130602425, 26.790065636057911 ], [ 83.586601310616629, 26.760316538941066 ], [ 83.622034947802192, 26.754688331378421 ], [ 83.609912914028186, 26.739411767994095 ], [ 83.623278233317464, 26.727083313333061 ], [ 83.615507698846955, 26.703498443546735 ], [ 83.624521518832751, 26.672677306894148 ], [ 83.626386447105673, 26.666513079563632 ], [ 83.627940553999778, 26.661420891768856 ], [ 83.631981231924442, 26.646948358036337 ], [ 83.633535338818547, 26.623631498133946 ], [ 83.616440162983409, 26.617199260919495 ], [ 83.631981231924442, 26.588790213222328 ], [ 83.631359589166806, 26.585842104499037 ], [ 83.629805482272701, 26.578337827748843 ], [ 83.627940553999778, 26.570029521346839 ], [ 83.627008089863324, 26.569761511462907 ], [ 83.613331949195214, 26.566813402739616 ], [ 83.613331949195214, 26.56654539285568 ], [ 83.600588272663558, 26.515355505023994 ], [ 83.55365424446164, 26.512407396300702 ], [ 83.546194531369935, 26.489358546282247 ], [ 83.53997810379353, 26.50115098117541 ], [ 83.535004961732398, 26.500614961407539 ], [ 83.496773932137444, 26.49284267477341 ], [ 83.493665718349234, 26.488822526514376 ], [ 83.493665718349234, 26.462825567772629 ], [ 83.476881363892929, 26.458805419513595 ], [ 83.505787752123254, 26.417531897387526 ], [ 83.486516826636361, 26.404935432842557 ], [ 83.486827648015179, 26.401719314235329 ], [ 83.488692576288116, 26.3939470276012 ], [ 83.524126213473664, 26.401719314235329 ], [ 83.510760894184386, 26.384566681663454 ], [ 83.532829212080642, 26.385370711315261 ], [ 83.544951245854662, 26.355621614198419 ], [ 83.555519172734563, 26.377866434565068 ], [ 83.568884492023855, 26.375186335725711 ], [ 83.547126995506403, 26.392070958413651 ], [ 83.583182275449602, 26.398235185744166 ], [ 83.58349309682842, 26.362321861296806 ], [ 83.611467020922277, 26.370094147930935 ], [ 83.599655808527103, 26.348921367100029 ], [ 83.616750984362241, 26.34302514965345 ], [ 83.61084537816464, 26.334716843251446 ], [ 83.62234576918101, 26.32185236882254 ], [ 83.638197659500861, 26.329088635688802 ], [ 83.623278233317464, 26.320780329286798 ], [ 83.618615912635164, 26.30094759787557 ], [ 83.655914478093649, 26.318100230447445 ], [ 83.663995833942977, 26.314080082188411 ], [ 83.665549940837082, 26.313276052536605 ], [ 83.66648240497355, 26.312740032768733 ], [ 83.67114472565585, 26.287279093794858 ], [ 83.638197659500861, 26.273074569946274 ], [ 83.629494660893883, 26.218668563507364 ], [ 83.608358807134081, 26.232605077472009 ], [ 83.616129341604591, 26.247345621088463 ], [ 83.577898312009651, 26.249757710043884 ], [ 83.535315783111216, 26.273878599598081 ], [ 83.525991141746587, 26.275218649017759 ], [ 83.466935079770664, 26.275218649017759 ], [ 83.468178365285951, 26.279506807160729 ], [ 83.434609656373311, 26.275218649017759 ], [ 83.417825301916992, 26.284330985071566 ], [ 83.417825301916992, 26.274146609482017 ], [ 83.338565850317721, 26.349189376983965 ], [ 83.337011743423616, 26.350261416519707 ], [ 83.301578106238054, 26.349993406635772 ], [ 83.228535082215188, 26.394751057253004 ], [ 83.182844339528543, 26.397699165976295 ], [ 83.177560376088593, 26.396359116556617 ], [ 83.13218045478078, 26.385370711315261 ], [ 83.087111354851771, 26.391266928761844 ], [ 83.085868069336499, 26.392338968297587 ], [ 83.084003141063562, 26.3939470276012 ], [ 83.067840429364892, 26.40815155144978 ], [ 83.070637821774284, 26.410563640405201 ], [ 83.0964359962164, 26.433076470655784 ], [ 83.097057638974036, 26.451837162531273 ], [ 83.083692319684744, 26.466041686379857 ], [ 83.095192710701113, 26.48614242767502 ], [ 83.166992449208692, 26.506779188738058 ], [ 83.188128302968494, 26.488018496862569 ], [ 83.193101445029626, 26.517231574211543 ], [ 83.204601836045995, 26.524467841077801 ], [ 83.189682409862598, 26.531972117827998 ], [ 83.177560376088593, 26.524735850961736 ], [ 83.154870415434686, 26.539476394578191 ], [ 83.13995098925129, 26.562525244596646 ], [ 83.137464418220731, 26.594418420784976 ], [ 83.10949049412686, 26.601386677767298 ], [ 83.110733779642146, 26.619075330107044 ], [ 83.134667025811339, 26.634887913259238 ], [ 83.132491276159598, 26.657936763277693 ], [ 83.101409138277532, 26.658472783045564 ], [ 83.116328564460915, 26.684469741787311 ], [ 83.090219568639981, 26.687417850510602 ], [ 83.082759855548289, 26.702158394127057 ], [ 83.082759855548289, 26.702158394127057 ], [ 83.093016961049372, 26.721991125538285 ], [ 83.108247208611587, 26.711270730180864 ], [ 83.107314744475119, 26.724671224377641 ], [ 83.133734561674885, 26.725743263913383 ], [ 83.131247990644312, 26.735659629618997 ], [ 83.144302488554786, 26.743699926137065 ], [ 83.134977847190157, 26.776933151745069 ], [ 83.125031563067893, 26.765408726735842 ], [ 83.106382280338664, 26.768088825575198 ], [ 83.114463636187992, 26.78175732965591 ], [ 83.097368460352854, 26.806682248861911 ], [ 83.120058421006775, 26.819814733174752 ], [ 83.11850431411267, 26.842327563425339 ], [ 83.134667025811339, 26.862696314604438 ], [ 83.130004705129025, 26.877168848336957 ], [ 83.138707703736003, 26.890301332649798 ], [ 83.152694665782946, 26.872344670426116 ], [ 83.216723869820001, 26.881993026247798 ], [ 83.217034691198819, 26.897805609399992 ], [ 83.203358550530709, 26.910134064061026 ], [ 83.215791405683547, 26.90584590591806 ], [ 83.221075369123497, 26.913350182668253 ], [ 83.206777585697736, 26.935326993150966 ], [ 83.226670153942266, 26.936667042570644 ], [ 83.211750727758869, 26.949531516999549 ], [ 83.203358550530709, 26.939615151293935 ], [ 83.196209658817835, 26.943099279785098 ], [ 83.195898837439017, 26.943367289669034 ], [ 83.192790623650808, 26.944707339088708 ], [ 83.208642513970659, 26.95194360595497 ], [ 83.194344730544913, 26.965612110035682 ], [ 83.221386190502315, 26.976332505393103 ], [ 83.224494404290525, 26.980352653652137 ], [ 83.211439906380051, 27.0004533949473 ], [ 83.212683191895337, 27.006885632161755 ], [ 83.20926415672831, 27.013317869376205 ], [ 83.169789841618083, 26.999917375179429 ], [ 83.168857377481615, 26.999649365295493 ], [ 83.168546556102797, 26.999381355411558 ], [ 83.171965591269824, 27.009297721117171 ], [ 83.159221914738168, 27.016533987983433 ], [ 83.157356986465246, 27.00286548390272 ], [ 83.149897273373554, 27.013317869376205 ], [ 83.141815917524212, 27.006081602509948 ], [ 83.14057263200894, 27.005009562974205 ], [ 83.145545774070058, 27.020554136242467 ], [ 83.137464418220731, 27.024574284501497 ], [ 83.15051891613119, 27.041190897305501 ], [ 83.130626347886675, 27.049767213591437 ], [ 83.149586451994736, 27.053519351966536 ], [ 83.135599489947808, 27.064239747323956 ], [ 83.124409920310256, 27.099081032235574 ], [ 83.120369242385593, 27.099885061887381 ] ] ] } },
{ "type": "Feature", "properties": { "dt_code": "186", "district": "Sant Kabir Nagar", "st_code": "09", "year": "2011_c", "st_nm": "Uttar Pradesh" }, "geometry": { "type": "Polygon", "coordinates": [ [ [ 82.904970026862856, 27.004205533322398 ], [ 82.910564811681624, 27.020286126358528 ], [ 82.962782803323492, 27.028326422876596 ], [ 82.970553337794016, 27.048159154287823 ], [ 82.985783585356231, 27.03395463043924 ], [ 83.007851903252501, 27.032346571135626 ], [ 83.008784367388955, 27.043602986260922 ], [ 83.021217222541793, 27.04655109498421 ], [ 83.034582541831071, 27.039582838001888 ], [ 83.021838865299429, 27.064775767091827 ], [ 83.023392972193534, 27.069599945002665 ], [ 83.028987757012302, 27.080052330476153 ], [ 83.030231042527589, 27.081928399663703 ], [ 83.050745253529755, 27.084608498503055 ], [ 83.056650859727341, 27.085144518270926 ], [ 83.046393754226258, 27.093988844440801 ], [ 83.046704575605091, 27.094256854324737 ], [ 83.120369242385593, 27.097472972931961 ], [ 83.120369242385593, 27.099885061887381 ], [ 83.124409920310256, 27.099081032235574 ], [ 83.135599489947808, 27.064239747323956 ], [ 83.149586451994736, 27.053519351966536 ], [ 83.130626347886675, 27.049767213591437 ], [ 83.15051891613119, 27.041190897305501 ], [ 83.137464418220731, 27.024574284501497 ], [ 83.145545774070058, 27.020554136242467 ], [ 83.14057263200894, 27.005009562974205 ], [ 83.141815917524212, 27.006081602509948 ], [ 83.149897273373554, 27.013317869376205 ], [ 83.157356986465246, 27.00286548390272 ], [ 83.159221914738168, 27.016533987983433 ], [ 83.171965591269824, 27.009297721117171 ], [ 83.168546556102797, 26.999381355411558 ], [ 83.168857377481615, 26.999649365295493 ], [ 83.169789841618083, 26.999917375179429 ], [ 83.20926415672831, 27.013317869376205 ], [ 83.212683191895337, 27.006885632161755 ], [ 83.211439906380051, 27.0004533949473 ], [ 83.224494404290525, 26.980352653652137 ], [ 83.221386190502315, 26.976332505393103 ], [ 83.194344730544913, 26.965612110035682 ], [ 83.208642513970659, 26.95194360595497 ], [ 83.192790623650808, 26.944707339088708 ], [ 83.195898837439017, 26.943367289669034 ], [ 83.196209658817835, 26.943099279785098 ], [ 83.203358550530709, 26.939615151293935 ], [ 83.211750727758869, 26.949531516999549 ], [ 83.226670153942266, 26.936667042570644 ], [ 83.206777585697736, 26.935326993150966 ], [ 83.221075369123497, 26.913350182668253 ], [ 83.215791405683547, 26.90584590591806 ], [ 83.203358550530709, 26.910134064061026 ], [ 83.217034691198819, 26.897805609399992 ], [ 83.216723869820001, 26.881993026247798 ], [ 83.152694665782946, 26.872344670426116 ], [ 83.138707703736003, 26.890301332649798 ], [ 83.130004705129025, 26.877168848336957 ], [ 83.134667025811339, 26.862696314604438 ], [ 83.11850431411267, 26.842327563425339 ], [ 83.120058421006775, 26.819814733174752 ], [ 83.097368460352854, 26.806682248861911 ], [ 83.114463636187992, 26.78175732965591 ], [ 83.106382280338664, 26.768088825575198 ], [ 83.125031563067893, 26.765408726735842 ], [ 83.134977847190157, 26.776933151745069 ], [ 83.144302488554786, 26.743699926137065 ], [ 83.131247990644312, 26.735659629618997 ], [ 83.133734561674885, 26.725743263913383 ], [ 83.107314744475119, 26.724671224377641 ], [ 83.108247208611587, 26.711270730180864 ], [ 83.093016961049372, 26.721991125538285 ], [ 83.082759855548289, 26.702158394127057 ], [ 83.082759855548289, 26.702158394127057 ], [ 83.090219568639981, 26.687417850510602 ], [ 83.116328564460915, 26.684469741787311 ], [ 83.101409138277532, 26.658472783045564 ], [ 83.132491276159598, 26.657936763277693 ], [ 83.134667025811339, 26.634887913259238 ], [ 83.110733779642146, 26.619075330107044 ], [ 83.10949049412686, 26.601386677767298 ], [ 83.137464418220731, 26.594418420784976 ], [ 83.13995098925129, 26.562525244596646 ], [ 83.154870415434686, 26.539476394578191 ], [ 83.177560376088593, 26.524735850961736 ], [ 83.189682409862598, 26.531972117827998 ], [ 83.204601836045995, 26.524467841077801 ], [ 83.193101445029626, 26.517231574211543 ], [ 83.188128302968494, 26.488018496862569 ], [ 83.166992449208692, 26.506779188738058 ], [ 83.095192710701113, 26.48614242767502 ], [ 83.083692319684744, 26.466041686379857 ], [ 83.097057638974036, 26.451837162531273 ], [ 83.0964359962164, 26.433076470655784 ], [ 83.070637821774284, 26.410563640405201 ], [ 83.019663115647688, 26.474618002665792 ], [ 82.899686063422891, 26.514551475372187 ], [ 82.844359857992814, 26.558773106221548 ], [ 82.839075894552863, 26.562793254480582 ], [ 82.831305360082339, 26.563865294016324 ], [ 82.819494147687152, 26.568689471927165 ], [ 82.825088932505935, 26.601922697535169 ], [ 82.829751253188249, 26.607282895213878 ], [ 82.859900926933847, 26.601118667883362 ], [ 82.868603925540825, 26.615859211499817 ], [ 82.894712921361773, 26.610231003937169 ], [ 82.907767419272233, 26.63595995279498 ], [ 82.93325477233553, 26.617467270803431 ], [ 82.932943950956712, 26.618539310339173 ], [ 82.916781239258029, 26.655792684206212 ], [ 82.942268592321327, 26.677769494688924 ], [ 82.969310052278729, 26.673213326662019 ], [ 82.970242516415198, 26.672945316778083 ], [ 82.965269374354065, 26.690365959233894 ], [ 82.977702229506889, 26.707786601689705 ], [ 82.965891017111701, 26.73914375811016 ], [ 82.963404446081142, 26.740215797645902 ], [ 82.940714485427236, 26.751472212771194 ], [ 82.937606271639027, 26.7643366872001 ], [ 82.918956988909784, 26.760852558708937 ], [ 82.931700665441426, 26.790869665709717 ], [ 82.886942386891249, 26.778809220932619 ], [ 82.882590887587753, 26.829731098880369 ], [ 82.856792713145637, 26.830535128532176 ], [ 82.839386715931681, 26.845811691916499 ], [ 82.826953860778858, 26.838843434934176 ], [ 82.822602361475361, 26.850099850059468 ], [ 82.840008358689317, 26.856800097157858 ], [ 82.846535607644554, 26.876096808801215 ], [ 82.872644603465503, 26.878776907640571 ], [ 82.854927784872714, 26.898609639051799 ], [ 82.870158032434929, 26.90155774777509 ], [ 82.872022960707852, 26.915494261739738 ], [ 82.84871135729631, 26.916834311159416 ], [ 82.869847211056111, 26.940151171061807 ], [ 82.885077458618326, 26.94175923036542 ], [ 82.882590887587753, 26.931306844891935 ], [ 82.914916310985106, 26.917906350695159 ], [ 82.926727523380293, 26.925410627445352 ], [ 82.930768201304971, 26.927822716400772 ], [ 82.916470417879211, 26.934522963499159 ], [ 82.907767419272233, 26.94175923036542 ], [ 82.913983846848652, 26.966416139687489 ], [ 82.899375242044073, 26.980888673420008 ], [ 82.907145776514596, 26.998845335643686 ], [ 82.908078240651051, 27.001257424599107 ], [ 82.904970026862856, 27.004205533322398 ] ] ] } },
{ "type": "Feature", "properties": { "dt_code": "156", "district": "Unnao", "st_code": "09", "year": "2011_c", "st_nm": "Uttar Pradesh" }, "geometry": { "type": "Polygon", "coordinates": [ [ [ 80.044170056197189, 26.924874607677481 ], [ 80.045102520333657, 26.925946647213223 ], [ 80.087063406474456, 26.961859971660584 ], [ 80.10726679609779, 26.961323951892712 ], [ 80.102293654036657, 26.978744594348523 ], [ 80.104780225067231, 26.982764742607557 ], [ 80.115969794704768, 26.995093197268588 ], [ 80.120321294008264, 26.992949118197107 ], [ 80.135862362949297, 26.986248871098717 ], [ 80.152957538784435, 26.978476584464588 ], [ 80.185904604939424, 26.99804130599188 ], [ 80.17875571322655, 26.957303803633678 ], [ 80.215432635927399, 26.968560218758974 ], [ 80.223513991776741, 26.970972307714391 ], [ 80.230973704868433, 26.973384396669811 ], [ 80.23750095382367, 26.995361207152527 ], [ 80.248690523461207, 27.014121899028012 ], [ 80.25583941517408, 27.019750106590656 ], [ 80.254285308279989, 27.024038264733626 ], [ 80.257082700689367, 27.028862442644467 ], [ 80.277596911691532, 27.029398462412338 ], [ 80.307435764058326, 27.025914333921175 ], [ 80.298732765451348, 26.99804130599188 ], [ 80.297489479936061, 26.996701256572202 ], [ 80.298111122693697, 26.996701256572202 ], [ 80.331369010227519, 26.991341058893493 ], [ 80.343180222622706, 26.967220169339296 ], [ 80.339450366076846, 26.950335546651356 ], [ 80.359964577079012, 26.924874607677481 ], [ 80.363072790867221, 26.921390479186318 ], [ 80.390114250824624, 26.932110874543739 ], [ 80.413425854236181, 26.890301332649798 ], [ 80.413736675614999, 26.889765312881927 ], [ 80.431764315586605, 26.915762271623674 ], [ 80.427723637661927, 26.943099279785098 ], [ 80.446994563148806, 26.949531516999549 ], [ 80.443886349360611, 26.962932011196326 ], [ 80.456008383134616, 26.97526046585736 ], [ 80.491442020320164, 26.990001009473815 ], [ 80.505118160988275, 26.985712851330845 ], [ 80.53464619197625, 27.007421651929626 ], [ 80.545524940234969, 27.0004533949473 ], [ 80.550187260917284, 27.013585879260141 ], [ 80.550187260917284, 27.013585879260141 ], [ 80.579093649147609, 26.99804130599188 ], [ 80.599607860149774, 26.986516880982652 ], [ 80.599297038770956, 26.984104792027232 ], [ 80.595567182225096, 26.955427734446133 ], [ 80.579404470526427, 26.960787932124841 ], [ 80.561376830554821, 26.937203062338515 ], [ 80.580647756041714, 26.924874607677481 ], [ 80.592769789815719, 26.944975348972648 ], [ 80.608000037377934, 26.944171319320837 ], [ 80.621054535288394, 26.909598044293155 ], [ 80.640636282154105, 26.903433816962639 ], [ 80.626960141485995, 26.878508897756635 ], [ 80.678245668991408, 26.863232334372309 ], [ 80.721139019268662, 26.800786031415331 ], [ 80.740409944755541, 26.790333645941846 ], [ 80.733571874421486, 26.756296390682035 ], [ 80.69409755931126, 26.760584548825001 ], [ 80.693165095174805, 26.759512509289259 ], [ 80.704976307569993, 26.740215797645902 ], [ 80.706530414464083, 26.720383066234671 ], [ 80.697516594478287, 26.719311026698932 ], [ 80.718652448238103, 26.701622374359186 ], [ 80.695962487584183, 26.68634581097486 ], [ 80.713679306176971, 26.681253623180083 ], [ 80.716476698586348, 26.665173030143954 ], [ 80.728598732360354, 26.655792684206212 ], [ 80.755951013696574, 26.688489890046345 ], [ 80.769627154364684, 26.682325662715826 ], [ 80.766829761955307, 26.665977059795761 ], [ 80.784857401926899, 26.665977059795761 ], [ 80.793249579155059, 26.645340298732723 ], [ 80.841737714251096, 26.66544104002789 ], [ 80.879968743846035, 26.630867765000207 ], [ 80.870333281102589, 26.623899508017882 ], [ 80.874684780406085, 26.616395231267688 ], [ 80.892090777620041, 26.621755428946397 ], [ 80.888671742453013, 26.599242598695813 ], [ 80.902037061742305, 26.593614391133165 ], [ 80.908253489318724, 26.600582648115491 ], [ 80.910118417591647, 26.588522203338393 ], [ 80.924416201017394, 26.594150410901037 ], [ 80.930632628593813, 26.57485369925768 ], [ 80.941200555473714, 26.571905590534389 ], [ 80.93405166376084, 26.568689471927165 ], [ 80.97290433611343, 26.557433056801869 ], [ 80.967931194052298, 26.550196789935612 ], [ 80.973215157492248, 26.55153683935529 ], [ 80.979120763689835, 26.552876888774968 ], [ 80.979431585068653, 26.552876888774968 ], [ 80.999634974692, 26.533044157363737 ], [ 81.004918938131951, 26.527683959685028 ], [ 80.9949726540097, 26.514551475372187 ], [ 80.99435101125205, 26.51374744572038 ], [ 80.99435101125205, 26.513479435836445 ], [ 81.007094687783706, 26.503831080014766 ], [ 81.007405509162524, 26.503563070130831 ], [ 80.993729368494414, 26.502491030595088 ], [ 80.99435101125205, 26.49873889221999 ], [ 81.001810724343756, 26.493110684657346 ], [ 80.998391689176714, 26.476494071853342 ], [ 80.99124279746384, 26.471937903826436 ], [ 80.985648012645072, 26.485338398023213 ], [ 80.981918156099226, 26.473009943362179 ], [ 81.013000293981293, 26.434416520075462 ], [ 81.009892080193083, 26.423964134601977 ], [ 81.030406291195249, 26.414583788664235 ], [ 81.021081649830634, 26.410563640405201 ], [ 81.031960398089353, 26.396627126440553 ], [ 81.029163005679976, 26.380814543288359 ], [ 81.04998803806096, 26.375990365377518 ], [ 80.998391689176714, 26.351065446171514 ], [ 80.998391689176714, 26.313008042652669 ], [ 80.947727804428951, 26.310059933929377 ], [ 80.948038625807769, 26.347581317680351 ], [ 80.935916592033763, 26.359373752573514 ], [ 80.92565948653268, 26.341953110117707 ], [ 80.915713202410416, 26.354281564778741 ], [ 80.891469134862405, 26.344365199073124 ], [ 80.890225849347118, 26.358569722921708 ], [ 80.865981781799107, 26.356961663618094 ], [ 80.864116853526184, 26.369826138046999 ], [ 80.84267017838755, 26.370898177582742 ], [ 80.827129109446517, 26.341417090349836 ], [ 80.844535106660473, 26.333376793831768 ], [ 80.867225067314394, 26.323192418242218 ], [ 80.867225067314394, 26.322924408358283 ], [ 80.868779174208498, 26.308183864741828 ], [ 80.886185171422454, 26.293979340893245 ], [ 80.871576566617875, 26.27334257983021 ], [ 80.846400034933396, 26.237161245498914 ], [ 80.823710074279489, 26.228048909445107 ], [ 80.819047753597175, 26.201515930935489 ], [ 80.769316332985866, 26.213308365828652 ], [ 80.763099905409462, 26.202587970471232 ], [ 80.776776046077572, 26.194547673953164 ], [ 80.769005511607048, 26.182487229176065 ], [ 80.753775264044833, 26.187311407086906 ], [ 80.737301730967346, 26.173106883238322 ], [ 80.693475916553624, 26.161314448345159 ], [ 80.684772917946646, 26.14442982565722 ], [ 80.697205773099469, 26.115484758192185 ], [ 80.673583348309094, 26.12352505471025 ], [ 80.670164313142067, 26.103692323299022 ], [ 80.647163531109342, 26.131297341344379 ], [ 80.654623244201034, 26.146037884960833 ], [ 80.616392214606094, 26.150326043103803 ], [ 80.614838107711989, 26.150594052987739 ], [ 80.613284000817885, 26.15354216171103 ], [ 80.591526504300433, 26.177127031497356 ], [ 80.603959359453256, 26.214380405364395 ], [ 80.595567182225096, 26.226976869909365 ], [ 80.591837325679251, 26.229656968748721 ], [ 80.590283218785146, 26.230997018168395 ], [ 80.575985435359399, 26.242521443177626 ], [ 80.574120507086477, 26.247345621088463 ], [ 80.545835761613787, 26.317028190911703 ], [ 80.516929373383462, 26.358301713037772 ], [ 80.465643845878049, 26.405203442726492 ], [ 80.422128852843159, 26.421820055530493 ], [ 80.389492608066988, 26.45022910322766 ], [ 80.369600039822458, 26.47354596313005 ], [ 80.380167966702359, 26.489358546282247 ], [ 80.374884003262409, 26.507583218389861 ], [ 80.308679049573598, 26.541620473649676 ], [ 80.307124942679494, 26.5448365922569 ], [ 80.30308426475483, 26.553680918426775 ], [ 80.283191696510301, 26.593614391133165 ], [ 80.270137198599841, 26.651504526063242 ], [ 80.246203952430648, 26.687953870278474 ], [ 80.164147108421986, 26.714754858672027 ], [ 80.135862362949297, 26.738339728458353 ], [ 80.135240720191661, 26.739411767994095 ], [ 80.116902258841236, 26.776665141861134 ], [ 80.123740329175291, 26.825174930853464 ], [ 80.14301125466217, 26.836431345978756 ], [ 80.142389611904534, 26.859212186113275 ], [ 80.076184658215723, 26.8948575006767 ], [ 80.044170056197189, 26.924874607677481 ] ] ] } },
{ "type": "Feature", "properties": { "dt_code": "161", "district": "Etawah", "st_code": "09", "year": "2011_c", "st_nm": "Uttar Pradesh" }, "geometry": { "type": "Polygon", "coordinates": [ [ [ 78.73903108652911, 26.92005042976664 ], [ 78.749909834787829, 26.916834311159416 ], [ 78.776951294745231, 26.948727487347742 ], [ 78.78783004300395, 26.944975348972648 ], [ 78.809276718142584, 26.957571813517617 ], [ 78.809587539521402, 26.957839823401549 ], [ 78.809587539521402, 26.957571813517617 ], [ 78.831655857417672, 26.948995497231678 ], [ 78.853102532556306, 26.972312357134069 ], [ 78.867089494603235, 26.958375843169421 ], [ 78.896617525591196, 26.967756189107167 ], [ 78.921794057275676, 26.962395991428455 ], [ 78.923658985548599, 26.984640811795103 ], [ 78.944484017929582, 26.969364248410777 ], [ 78.958160158597693, 26.988124940286266 ], [ 78.976187798569299, 26.976868525160974 ], [ 78.991107224752682, 26.980084643768201 ], [ 79.011621435754847, 26.94524335885658 ], [ 79.063839427396729, 26.988392950170201 ], [ 79.076583103928385, 26.991073049009557 ], [ 79.086840209429468, 26.976868525160974 ], [ 79.097408136309369, 26.982228722839686 ], [ 79.093056637005873, 26.999381355411558 ], [ 79.125071239024408, 26.994021157732849 ], [ 79.179154158939212, 27.006081602509948 ], [ 79.181019087212135, 27.005277572858141 ], [ 79.192830299607323, 26.990269019357751 ], [ 79.194695227880246, 26.978208574580652 ], [ 79.208993011305992, 26.970168278062587 ], [ 79.271157287070139, 26.990001009473815 ], [ 79.299752853921632, 26.982228722839686 ], [ 79.313428994589742, 26.978744594348523 ], [ 79.318091315272056, 26.975796485625231 ], [ 79.321510350439084, 26.968292208875038 ], [ 79.324929385606112, 26.960519922240906 ], [ 79.319023779408525, 26.954087685026455 ], [ 79.318402136650874, 26.950871566419227 ], [ 79.337983883516586, 26.933718933847352 ], [ 79.340470454547145, 26.93264689431161 ], [ 79.345754417987095, 26.930234805356193 ], [ 79.349795095911773, 26.928358736168644 ], [ 79.346686882123564, 26.912010133248575 ], [ 79.343267846956536, 26.895393520444571 ], [ 79.342335382820067, 26.889497302997992 ], [ 79.333943205591908, 26.845543682032563 ], [ 79.346065239365913, 26.833483237255464 ], [ 79.331456634561349, 26.818474683755078 ], [ 79.339227169031858, 26.799713991879589 ], [ 79.324618564227293, 26.778541211048683 ], [ 79.342957025577718, 26.731639481359963 ], [ 79.342646204198886, 26.731103461592095 ], [ 79.305036817361582, 26.687149840626667 ], [ 79.316226386999134, 26.680717603412216 ], [ 79.306590924255687, 26.671069247590534 ], [ 79.319645422166161, 26.6587407929295 ], [ 79.281414392571207, 26.619879359758848 ], [ 79.256859503644378, 26.618807320223105 ], [ 79.218628474049439, 26.564669323668131 ], [ 79.220493402322361, 26.548856740515934 ], [ 79.205263154760146, 26.543764552721157 ], [ 79.211479582336565, 26.535724256203093 ], [ 79.236656114021031, 26.541888483533612 ], [ 79.243805005733904, 26.512407396300702 ], [ 79.28700917738999, 26.527147939917157 ], [ 79.306590924255687, 26.517231574211543 ], [ 79.256237860886742, 26.500346951523603 ], [ 79.250332254689141, 26.492306655005539 ], [ 79.269292358797202, 26.48024621022844 ], [ 79.263386752599615, 26.463897607308372 ], [ 79.215209438882411, 26.436292589263012 ], [ 79.212722867851838, 26.437364628798754 ], [ 79.210547118200097, 26.438168658450561 ], [ 79.1956276920167, 26.42503617413772 ], [ 79.15149105622416, 26.440580747405981 ], [ 79.142477236238364, 26.440312737522046 ], [ 79.13532834452549, 26.44004472763811 ], [ 79.09958388596111, 26.45264119218308 ], [ 79.095232386657614, 26.442456816593531 ], [ 79.06974503359433, 26.441920796825659 ], [ 79.052649857759178, 26.453713231718822 ], [ 79.071609961867253, 26.478906160808762 ], [ 79.068190926700225, 26.496594813148505 ], [ 79.056379714305038, 26.494986753844891 ], [ 79.048609179834514, 26.51803560386335 ], [ 79.039595359848718, 26.515087495140058 ], [ 79.028405790211167, 26.546712661444449 ], [ 79.007891579209002, 26.543764552721157 ], [ 79.014418828164239, 26.550732809703483 ], [ 79.007269936451365, 26.565473353319938 ], [ 78.989863939237409, 26.578873847516714 ], [ 78.989242296479759, 26.595490460320715 ], [ 79.01659457781598, 26.600582648115491 ], [ 78.993593795783255, 26.641052140589757 ], [ 79.006959115072547, 26.670801237706598 ], [ 79.007269936451365, 26.67133725747447 ], [ 78.999499401980842, 26.672677306894148 ], [ 78.981471762009249, 26.675625415617439 ], [ 78.979917655115145, 26.675893425501375 ], [ 78.945416482066051, 26.654720644670469 ], [ 78.955673587567134, 26.691706008653572 ], [ 78.90967202350167, 26.706982572037894 ], [ 78.871751815285535, 26.698138245868023 ], [ 78.815803967097821, 26.76246061801255 ], [ 78.780681151291077, 26.768624845343069 ], [ 78.793114006443901, 26.801322051183202 ], [ 78.815182324340171, 26.801590061067138 ], [ 78.833209964311777, 26.789261606406104 ], [ 78.847507747737524, 26.799445981995653 ], [ 78.852170068419838, 26.80855831804946 ], [ 78.853413353935125, 26.810970407004881 ], [ 78.853413353935125, 26.811506426772752 ], [ 78.817668895370744, 26.847687761104048 ], [ 78.810830825036689, 26.872344670426116 ], [ 78.784721829215755, 26.863768354140181 ], [ 78.786586757488678, 26.879044917524507 ], [ 78.762342689940652, 26.906381925685931 ], [ 78.760166940288912, 26.908794014641348 ], [ 78.758923654773625, 26.906381925685931 ], [ 78.75208558443957, 26.892981431489154 ], [ 78.749599013409011, 26.888425263462249 ], [ 78.74742326375727, 26.89083735241767 ], [ 78.74431504996906, 26.902361777426897 ], [ 78.73903108652911, 26.92005042976664 ] ] ] } },
{ "type": "Feature", "properties": { "dt_code": "164", "district": "Kanpur Nagar", "st_code": "09", "year": "2011_c", "st_nm": "Uttar Pradesh" }, "geometry": { "type": "Polygon", "coordinates": [ [ [ 80.013087918315122, 26.956231764097939 ], [ 80.015574489345695, 26.955427734446133 ], [ 80.016817774860968, 26.95435569491039 ], [ 80.0171285962398, 26.952479625722841 ], [ 80.044170056197189, 26.924874607677481 ], [ 80.076184658215723, 26.8948575006767 ], [ 80.142389611904534, 26.859212186113275 ], [ 80.14301125466217, 26.836431345978756 ], [ 80.123740329175291, 26.825174930853464 ], [ 80.116902258841236, 26.776665141861134 ], [ 80.135240720191661, 26.739411767994095 ], [ 80.135862362949297, 26.738339728458353 ], [ 80.164147108421986, 26.714754858672027 ], [ 80.246203952430648, 26.687953870278474 ], [ 80.270137198599841, 26.651504526063242 ], [ 80.283191696510301, 26.593614391133165 ], [ 80.30308426475483, 26.553680918426775 ], [ 80.307124942679494, 26.5448365922569 ], [ 80.308679049573598, 26.541620473649676 ], [ 80.374884003262409, 26.507583218389861 ], [ 80.380167966702359, 26.489358546282247 ], [ 80.369600039822458, 26.47354596313005 ], [ 80.389492608066988, 26.45022910322766 ], [ 80.422128852843159, 26.421820055530493 ], [ 80.465643845878049, 26.405203442726492 ], [ 80.516929373383462, 26.358301713037772 ], [ 80.545835761613787, 26.317028190911703 ], [ 80.574120507086477, 26.247345621088463 ], [ 80.575985435359399, 26.242521443177626 ], [ 80.590283218785146, 26.230997018168395 ], [ 80.543970833340865, 26.223224731534266 ], [ 80.536200298870355, 26.197495782676455 ], [ 80.516929373383462, 26.187579416970841 ], [ 80.493928591350738, 26.195887723372842 ], [ 80.475590130000313, 26.173910912890129 ], [ 80.469684523802727, 26.18275523906 ], [ 80.447616205906456, 26.181951209408197 ], [ 80.428966923177214, 26.153274151827095 ], [ 80.403790391492734, 26.162386487880902 ], [ 80.387316858415232, 26.14282176635361 ], [ 80.3251525826511, 26.115216748308249 ], [ 80.312719727498276, 26.072067156994628 ], [ 80.254285308279989, 26.045266168601074 ], [ 80.245582309672997, 25.988716083090679 ], [ 80.213878529033295, 25.967543302259774 ], [ 80.22910877659551, 25.956018877250543 ], [ 80.236257668308383, 25.926001770249766 ], [ 80.223513991776741, 25.922517641758603 ], [ 80.212013600760372, 25.922517641758603 ], [ 80.193053496652311, 25.946102511544929 ], [ 80.085198478201519, 25.997292399376615 ], [ 80.101361189900203, 26.026773486609525 ], [ 80.111307474022468, 26.044998158717139 ], [ 80.111929116780104, 26.046070198252881 ], [ 80.105401867824867, 26.051698405815529 ], [ 80.095766405081434, 26.0605427319854 ], [ 80.093901476808512, 26.062150791289014 ], [ 80.047899912743048, 26.071799147110692 ], [ 80.042305127924266, 26.07313919653037 ], [ 80.041994306545448, 26.07313919653037 ], [ 79.990708779040034, 26.065366909896241 ], [ 79.95620760599094, 26.077695364557275 ], [ 79.965532247355554, 26.146037884960833 ], [ 79.962113212188527, 26.148449973916254 ], [ 79.962734854946177, 26.154078181478901 ], [ 79.967086354249659, 26.155954250666447 ], [ 79.976410995614287, 26.153810171594966 ], [ 80.018993524512723, 26.176591011729485 ], [ 80.01650695348215, 26.179003100684906 ], [ 80.001276705919935, 26.193475634417425 ], [ 80.010601347284563, 26.235017166427429 ], [ 79.998790134889376, 26.242521443177626 ], [ 80.00811477625399, 26.261014125169176 ], [ 80.03018309415026, 26.263158204240661 ], [ 80.048521555500685, 26.283526955419759 ], [ 80.068414123745214, 26.276558698437437 ], [ 80.093901476808512, 26.29022720251815 ], [ 80.123429507796473, 26.266642332731823 ], [ 80.141767969146898, 26.281114866464343 ], [ 80.127781007099955, 26.297195459500472 ], [ 80.125294436069396, 26.321048339170733 ], [ 80.137416469843402, 26.322924408358283 ], [ 80.13772729122222, 26.305503765902476 ], [ 80.163214644285517, 26.303895706598862 ], [ 80.163214644285517, 26.304163716482797 ], [ 80.162593001527881, 26.322924408358283 ], [ 80.184972140802969, 26.334984853135381 ], [ 80.184661319424151, 26.334984853135381 ], [ 80.184972140802969, 26.335252863019317 ], [ 80.175958320817173, 26.344633208957063 ], [ 80.189634461485284, 26.343293159537382 ], [ 80.180931462878306, 26.351601465939385 ], [ 80.174715035301887, 26.350797436287579 ], [ 80.150470967753876, 26.348117337448222 ], [ 80.150781789132694, 26.36634200955584 ], [ 80.136484005706933, 26.365805989787969 ], [ 80.153890002920903, 26.38135056305623 ], [ 80.134929898812842, 26.394215037485132 ], [ 80.151092610511512, 26.405203442726492 ], [ 80.136484005706933, 26.401987324119265 ], [ 80.139592219495142, 26.422088065414428 ], [ 80.119699651250627, 26.46523765672805 ], [ 80.130578399509346, 26.46764974568347 ], [ 80.130578399509346, 26.479174170692698 ], [ 80.155133288436176, 26.471669893942501 ], [ 80.138970576737506, 26.496862823032441 ], [ 80.146119468450379, 26.489626556166183 ], [ 80.175025856680705, 26.503831080014766 ], [ 80.161971358770231, 26.519911673050899 ], [ 80.177512427711278, 26.528219979452899 ], [ 80.14301125466217, 26.531972117827998 ], [ 80.15979560911849, 26.553144898658903 ], [ 80.131510863645815, 26.549124750399869 ], [ 80.13306497053992, 26.570297531230775 ], [ 80.094833940944966, 26.583430015543616 ], [ 80.091414905777938, 26.600314638231556 ], [ 80.069968230639319, 26.590130262642006 ], [ 80.05225141204653, 26.608622944633556 ], [ 80.021480095543282, 26.609426974285363 ], [ 80.014642025209227, 26.643464229545177 ], [ 79.981073316296587, 26.663296960956405 ], [ 80.004695741086962, 26.677233474921053 ], [ 80.00345245557169, 26.697870235984087 ], [ 79.977965102508392, 26.703766453430671 ], [ 79.981694959054238, 26.713682819136285 ], [ 79.96397814046145, 26.725743263913383 ], [ 79.963045676324995, 26.742895896485258 ], [ 79.935382573609957, 26.761656588360744 ], [ 79.951234463929808, 26.777469171512941 ], [ 79.941599001186361, 26.79435379420088 ], [ 79.898394829530289, 26.814454535496044 ], [ 79.897151544015003, 26.816866624451464 ], [ 79.891556759196234, 26.828391049460691 ], [ 79.893732508847975, 26.849027810523726 ], [ 79.927922860518251, 26.85546004773818 ], [ 79.942842286701648, 26.845275672148631 ], [ 79.962113212188527, 26.858676166345404 ], [ 79.938490787398166, 26.87636481868515 ], [ 79.946882964626312, 26.887085214042571 ], [ 79.941288179807543, 26.89914565881967 ], [ 79.951545285308626, 26.920586449534511 ], [ 79.941288179807543, 26.922730528605996 ], [ 79.941288179807543, 26.923802568141738 ], [ 79.941288179807543, 26.926482666981094 ], [ 79.941599001186361, 26.939883161177871 ], [ 79.944085572216935, 26.941491220481485 ], [ 79.956518427369758, 26.951139576303163 ], [ 79.95931581977915, 26.953015645490712 ], [ 79.959937462536786, 26.952479625722841 ], [ 79.983870708705979, 26.929966795472257 ], [ 79.993506171449425, 26.938811121642129 ], [ 79.978897566644847, 26.949263507115614 ], [ 79.993195350070607, 26.963468030964197 ], [ 79.993195350070607, 26.963468030964197 ], [ 80.013087918315122, 26.956231764097939 ] ] ] } },
{ "type": "Feature", "properties": { "dt_code": "162", "district": "Auraiya", "st_code": "09", "year": "2011_c", "st_nm": "Uttar Pradesh" }, "geometry": { "type": "Polygon", "coordinates": [ [ [ 79.345754417987095, 26.930234805356193 ], [ 79.345443596608277, 26.933182914079481 ], [ 79.360673844170492, 26.946315398392322 ], [ 79.392688446189027, 26.92675067686503 ], [ 79.400458980659536, 26.936667042570644 ], [ 79.437135903360385, 26.941491220481485 ], [ 79.434027689572176, 26.92916276582045 ], [ 79.447703830240286, 26.930502815240128 ], [ 79.458893399877837, 26.915762271623674 ], [ 79.455474364710795, 26.903433816962639 ], [ 79.466663934348347, 26.906917945453799 ], [ 79.496502786715141, 26.88226103613173 ], [ 79.537531208719471, 26.875828798917279 ], [ 79.559599526615727, 26.860016215765082 ], [ 79.582600308648466, 26.864572383791987 ], [ 79.580113737617907, 26.873684719845794 ], [ 79.600006305862422, 26.892445411721283 ], [ 79.623628730652797, 26.884673125087151 ], [ 79.654710868534863, 26.891909391953412 ], [ 79.665589616793596, 26.887085214042571 ], [ 79.661548938868918, 26.86805651228315 ], [ 79.705685574661459, 26.837235375630563 ], [ 79.701023253979145, 26.823566871549851 ], [ 79.713456109131982, 26.809362347701267 ], [ 79.725578142905988, 26.804002150022558 ], [ 79.739565104952916, 26.81284647619243 ], [ 79.755416995272768, 26.79435379420088 ], [ 79.748268103559894, 26.775325092441456 ], [ 79.736767712543525, 26.765140716851906 ], [ 79.724334857390701, 26.754420321494486 ], [ 79.720294179466038, 26.750936193003323 ], [ 79.715010216026087, 26.749060123815774 ], [ 79.674603436779392, 26.743967936021001 ], [ 79.720294179466038, 26.690901979001765 ], [ 79.71159118085906, 26.675893425501375 ], [ 79.717185965677828, 26.658204773161629 ], [ 79.682373971249902, 26.631939804535946 ], [ 79.672427687127652, 26.611303043472912 ], [ 79.639791442351481, 26.607014885329946 ], [ 79.634507478911516, 26.576461758561294 ], [ 79.645697048549067, 26.571369570766517 ], [ 79.627669408577461, 26.544300572489028 ], [ 79.638237335457376, 26.530900078292255 ], [ 79.636683228563271, 26.509995307345282 ], [ 79.621763802379874, 26.514551475372187 ], [ 79.609952589984687, 26.504099089898702 ], [ 79.621452981001056, 26.491234615469796 ], [ 79.596276449316576, 26.479442180576633 ], [ 79.598452198968317, 26.466309696263792 ], [ 79.567991703843887, 26.446744974736497 ], [ 79.577005523829698, 26.43334448053972 ], [ 79.557734598342805, 26.408687571217651 ], [ 79.506138249458573, 26.364465940368291 ], [ 79.486867323971694, 26.418603936923269 ], [ 79.473502004682402, 26.43173642123611 ], [ 79.471015433651843, 26.431468411352171 ], [ 79.403878015826564, 26.424500154369849 ], [ 79.324929385606112, 26.398503195628102 ], [ 79.292914783587577, 26.439508707870239 ], [ 79.290739033935836, 26.442456816593531 ], [ 79.243494184355086, 26.426108213673462 ], [ 79.215209438882411, 26.436292589263012 ], [ 79.263386752599615, 26.463897607308372 ], [ 79.269292358797202, 26.48024621022844 ], [ 79.250332254689141, 26.492306655005539 ], [ 79.256237860886742, 26.500346951523603 ], [ 79.306590924255687, 26.517231574211543 ], [ 79.28700917738999, 26.527147939917157 ], [ 79.243805005733904, 26.512407396300702 ], [ 79.236656114021031, 26.541888483533612 ], [ 79.211479582336565, 26.535724256203093 ], [ 79.205263154760146, 26.543764552721157 ], [ 79.220493402322361, 26.548856740515934 ], [ 79.218628474049439, 26.564669323668131 ], [ 79.256859503644378, 26.618807320223105 ], [ 79.281414392571207, 26.619879359758848 ], [ 79.319645422166161, 26.6587407929295 ], [ 79.306590924255687, 26.671069247590534 ], [ 79.316226386999134, 26.680717603412216 ], [ 79.305036817361582, 26.687149840626667 ], [ 79.342646204198886, 26.731103461592095 ], [ 79.342957025577718, 26.731639481359963 ], [ 79.324618564227293, 26.778541211048683 ], [ 79.339227169031858, 26.799713991879589 ], [ 79.331456634561349, 26.818474683755078 ], [ 79.346065239365913, 26.833483237255464 ], [ 79.333943205591908, 26.845543682032563 ], [ 79.342335382820067, 26.889497302997992 ], [ 79.343267846956536, 26.895393520444571 ], [ 79.346686882123564, 26.912010133248575 ], [ 79.349795095911773, 26.928358736168644 ], [ 79.345754417987095, 26.930234805356193 ] ] ] } },
{ "type": "Feature", "properties": { "dt_code": "177", "district": "Ayodhya", "st_code": "09", "year": "2011_c", "st_nm": "Uttar Pradesh" }, "geometry": { "type": "Polygon", "coordinates": [ [ [ 81.748403676271053, 26.867520492515279 ], [ 81.747782033513417, 26.866984472747408 ], [ 81.79005374103302, 26.853315968666696 ], [ 81.819892593399814, 26.865108403559859 ], [ 81.830149698900897, 26.84473965238076 ], [ 81.892313974665029, 26.827319009924949 ], [ 81.917179684970691, 26.791137675593653 ], [ 81.976857389704264, 26.781221309888039 ], [ 82.002033921388744, 26.785777477914941 ], [ 82.034048523407264, 26.808826327933396 ], [ 82.075387766790413, 26.810970407004881 ], [ 82.088131443322069, 26.811774436656687 ], [ 82.140971077721588, 26.835359306443014 ], [ 82.168634180436626, 26.828659059344627 ], [ 82.191324141090533, 26.836967365746627 ], [ 82.22302792173025, 26.808022298281589 ], [ 82.228933527927836, 26.812042446540623 ], [ 82.23670406239836, 26.808290308165525 ], [ 82.243231311353597, 26.804806179674365 ], [ 82.24509623962652, 26.804002150022558 ], [ 82.279286591296795, 26.743163906369194 ], [ 82.282083983706187, 26.737803708690482 ], [ 82.316895978134099, 26.722795155190092 ], [ 82.389006538020496, 26.655524674322276 ], [ 82.392114751808705, 26.652308555715049 ], [ 82.445265207587042, 26.639444081286143 ], [ 82.47292831030208, 26.652576565598984 ], [ 82.47292831030208, 26.652576565598984 ], [ 82.473239131680913, 26.652308555715049 ], [ 82.467955168240962, 26.629795725464465 ], [ 82.47603652409029, 26.610499013821105 ], [ 82.453035742057565, 26.605138816142397 ], [ 82.450238349648174, 26.594418420784976 ], [ 82.465157775831571, 26.582625985891809 ], [ 82.465157775831571, 26.582625985891809 ], [ 82.464846954452753, 26.582357976007877 ], [ 82.443089457935301, 26.561185195176968 ], [ 82.428170031751904, 26.546712661444449 ], [ 82.427548388994268, 26.54724868121232 ], [ 82.414493891083794, 26.558505096337612 ], [ 82.414183069704976, 26.558237086453676 ], [ 82.401750214552152, 26.542692513185418 ], [ 82.39366885870281, 26.543764552721157 ], [ 82.383100931822909, 26.545372612024771 ], [ 82.370978898048904, 26.546980671328384 ], [ 82.368181505639512, 26.552340869007097 ], [ 82.367249041503044, 26.55394892831071 ], [ 82.365694934608953, 26.557165046917937 ], [ 82.377195325625308, 26.559309125989419 ], [ 82.375330397352386, 26.572709620186195 ], [ 82.336166903620978, 26.578605837632779 ], [ 82.309747086421226, 26.526611920149286 ], [ 82.306328051254198, 26.512943416068573 ], [ 82.315652692618812, 26.509995307345282 ], [ 82.315341871239994, 26.50945928757741 ], [ 82.297935874026038, 26.486678447442891 ], [ 82.284881376115564, 26.485070388139277 ], [ 82.273691806478027, 26.449425073575853 ], [ 82.265921272007503, 26.446744974736497 ], [ 82.25348841685468, 26.421552045646557 ], [ 82.221784636214963, 26.410027620637329 ], [ 82.220852172078509, 26.409491600869458 ], [ 82.215879030017376, 26.407615531681909 ], [ 82.192567426605819, 26.409759610753394 ], [ 82.186040177650582, 26.410563640405201 ], [ 82.183242785241205, 26.410831650289136 ], [ 82.186661820408233, 26.421820055530493 ], [ 82.146255041161538, 26.436024579379076 ], [ 82.15371475425323, 26.447280994504368 ], [ 82.125740830159373, 26.449961093343724 ], [ 82.131646436356959, 26.464969646844114 ], [ 82.125740830159373, 26.470865864290694 ], [ 82.12076768809824, 26.45853740962966 ], [ 82.096523620550229, 26.478102131156955 ], [ 82.062333268879954, 26.478638150924827 ], [ 82.045859735802452, 26.467917755567406 ], [ 82.038400022710761, 26.486678447442891 ], [ 82.031251130997887, 26.482658299183857 ], [ 82.018196633087413, 26.496058793380634 ], [ 82.007939527586331, 26.479442180576633 ], [ 82.007939527586331, 26.49284267477341 ], [ 81.973127533158419, 26.514551475372187 ], [ 81.940180467003415, 26.507315208505929 ], [ 81.940180467003415, 26.507315208505929 ], [ 81.940180467003415, 26.507583218389861 ], [ 81.917179684970691, 26.51964366316696 ], [ 81.912517364288377, 26.508119238157732 ], [ 81.896354652589707, 26.508119238157732 ], [ 81.888894939498002, 26.522859781774187 ], [ 81.898841223620266, 26.529024009104706 ], [ 81.878637833996919, 26.537332315506706 ], [ 81.875840441587542, 26.538404355042449 ], [ 81.847555696114853, 26.52393182130993 ], [ 81.846623231978384, 26.512139386416766 ], [ 81.809946309277549, 26.540280424229998 ], [ 81.797824275503544, 26.528487989336835 ], [ 81.782904849320147, 26.544032562605096 ], [ 81.762079816939163, 26.546980671328384 ], [ 81.718875645283092, 26.538136345158513 ], [ 81.719497288040728, 26.518839633515157 ], [ 81.680955437066956, 26.526611920149286 ], [ 81.67722558052111, 26.530364058524384 ], [ 81.679712151551684, 26.540548434113933 ], [ 81.681577079824606, 26.543496542837225 ], [ 81.68872597153748, 26.543764552721157 ], [ 81.698050612902094, 26.544032562605096 ], [ 81.698361434280926, 26.544032562605096 ], [ 81.698983077038562, 26.551000819587419 ], [ 81.701469648069121, 26.587182153918715 ], [ 81.701780469447954, 26.589594242874135 ], [ 81.699915541175017, 26.589594242874135 ], [ 81.649251656427253, 26.583698025427552 ], [ 81.649251656427253, 26.584770064963294 ], [ 81.648940835048435, 26.608622944633556 ], [ 81.676293116384656, 26.602726727186976 ], [ 81.663238618474182, 26.625775577205431 ], [ 81.641791943335548, 26.639712091170079 ], [ 81.615061304756978, 26.628723685928723 ], [ 81.600452699952399, 26.651236516179306 ], [ 81.566883991039774, 26.665977059795761 ], [ 81.565951526903305, 26.666245069679697 ], [ 81.565951526903305, 26.665709049911825 ], [ 81.562532491736278, 26.654184624902598 ], [ 81.560667563463355, 26.647484377804208 ], [ 81.558802635190432, 26.640784130705821 ], [ 81.544504851764671, 26.645072288848787 ], [ 81.545126494522322, 26.664905020260019 ], [ 81.573722061373829, 26.684469741787311 ], [ 81.576208632404388, 26.68634581097486 ], [ 81.600763521331217, 26.680717603412216 ], [ 81.602317628225322, 26.68044959352828 ], [ 81.594547093754812, 26.700282324939508 ], [ 81.605115020634713, 26.723867194725834 ], [ 81.570303026206801, 26.749060123815774 ], [ 81.57278959723736, 26.767284795923391 ], [ 81.555694421402222, 26.783633398843456 ], [ 81.568127276555046, 26.791137675593653 ], [ 81.570924668964437, 26.806146229094043 ], [ 81.576208632404388, 26.834019257023336 ], [ 81.577141096540856, 26.834019257023336 ], [ 81.589884773072498, 26.832947217487593 ], [ 81.602006806846504, 26.84875980063979 ], [ 81.613507197862873, 26.833483237255464 ], [ 81.640859479199094, 26.822762841898044 ], [ 81.652359870215463, 26.845275672148631 ], [ 81.667590117777678, 26.837235375630563 ], [ 81.701158826690303, 26.849027810523726 ], [ 81.715145788737232, 26.841523533773533 ], [ 81.747160390755766, 26.86805651228315 ], [ 81.748403676271053, 26.867520492515279 ] ] ] } },
{ "type": "Feature", "properties": { "dt_code": "163", "district": "Kanpur Dehat", "st_code": "09", "year": "2011_c", "st_nm": "Uttar Pradesh" }, "geometry": { "type": "Polygon", "coordinates": [ [ [ 79.755416995272768, 26.79435379420088 ], [ 79.776863670411402, 26.768892855227001 ], [ 79.809499915187573, 26.784437428495263 ], [ 79.840892874448457, 26.773717033137842 ], [ 79.864204477860014, 26.796497873272362 ], [ 79.850217515813085, 26.804002150022558 ], [ 79.862650370965909, 26.824638911085593 ], [ 79.864204477860014, 26.827051000041013 ], [ 79.894043330226793, 26.814454535496044 ], [ 79.897151544015003, 26.816866624451464 ], [ 79.898394829530289, 26.814454535496044 ], [ 79.941599001186361, 26.79435379420088 ], [ 79.951234463929808, 26.777469171512941 ], [ 79.935382573609957, 26.761656588360744 ], [ 79.963045676324995, 26.742895896485258 ], [ 79.96397814046145, 26.725743263913383 ], [ 79.981694959054238, 26.713682819136285 ], [ 79.977965102508392, 26.703766453430671 ], [ 80.00345245557169, 26.697870235984087 ], [ 80.004695741086962, 26.677233474921053 ], [ 79.981073316296587, 26.663296960956405 ], [ 80.014642025209227, 26.643464229545177 ], [ 80.021480095543282, 26.609426974285363 ], [ 80.05225141204653, 26.608622944633556 ], [ 80.069968230639319, 26.590130262642006 ], [ 80.091414905777938, 26.600314638231556 ], [ 80.094833940944966, 26.583430015543616 ], [ 80.13306497053992, 26.570297531230775 ], [ 80.131510863645815, 26.549124750399869 ], [ 80.15979560911849, 26.553144898658903 ], [ 80.14301125466217, 26.531972117827998 ], [ 80.177512427711278, 26.528219979452899 ], [ 80.161971358770231, 26.519911673050899 ], [ 80.175025856680705, 26.503831080014766 ], [ 80.146119468450379, 26.489626556166183 ], [ 80.138970576737506, 26.496862823032441 ], [ 80.155133288436176, 26.471669893942501 ], [ 80.130578399509346, 26.479174170692698 ], [ 80.130578399509346, 26.46764974568347 ], [ 80.119699651250627, 26.46523765672805 ], [ 80.139592219495142, 26.422088065414428 ], [ 80.136484005706933, 26.401987324119265 ], [ 80.151092610511512, 26.405203442726492 ], [ 80.134929898812842, 26.394215037485132 ], [ 80.153890002920903, 26.38135056305623 ], [ 80.136484005706933, 26.365805989787969 ], [ 80.150781789132694, 26.36634200955584 ], [ 80.150470967753876, 26.348117337448222 ], [ 80.174715035301887, 26.350797436287579 ], [ 80.180931462878306, 26.351601465939385 ], [ 80.189634461485284, 26.343293159537382 ], [ 80.175958320817173, 26.344633208957063 ], [ 80.184972140802969, 26.335252863019317 ], [ 80.184661319424151, 26.334984853135381 ], [ 80.184972140802969, 26.334984853135381 ], [ 80.162593001527881, 26.322924408358283 ], [ 80.163214644285517, 26.304163716482797 ], [ 80.163214644285517, 26.303895706598862 ], [ 80.13772729122222, 26.305503765902476 ], [ 80.137416469843402, 26.322924408358283 ], [ 80.125294436069396, 26.321048339170733 ], [ 80.127781007099955, 26.297195459500472 ], [ 80.141767969146898, 26.281114866464343 ], [ 80.123429507796473, 26.266642332731823 ], [ 80.093901476808512, 26.29022720251815 ], [ 80.068414123745214, 26.276558698437437 ], [ 80.048521555500685, 26.283526955419759 ], [ 80.03018309415026, 26.263158204240661 ], [ 80.00811477625399, 26.261014125169176 ], [ 79.998790134889376, 26.242521443177626 ], [ 80.010601347284563, 26.235017166427429 ], [ 80.001276705919935, 26.193475634417425 ], [ 80.01650695348215, 26.179003100684906 ], [ 80.018993524512723, 26.176591011729485 ], [ 79.976410995614287, 26.153810171594966 ], [ 79.967086354249659, 26.155954250666447 ], [ 79.962734854946177, 26.154078181478901 ], [ 79.962113212188527, 26.148449973916254 ], [ 79.944396393595753, 26.161046438461224 ], [ 79.941909822565179, 26.162654497764837 ], [ 79.941599001186361, 26.161582458229095 ], [ 79.940666537049907, 26.16185046811303 ], [ 79.916422469501896, 26.090291829102245 ], [ 79.865758584754118, 26.116556797727927 ], [ 79.836541375144975, 26.101280234343601 ], [ 79.781525991093716, 26.110660580281344 ], [ 79.744849068392867, 26.136121519255219 ], [ 79.763498351122109, 26.169622754747159 ], [ 79.762255065606823, 26.179271110568841 ], [ 79.761944244228005, 26.182487229176065 ], [ 79.761944244228005, 26.183827278595743 ], [ 79.713766930510801, 26.185971357667228 ], [ 79.648494440958459, 26.210628266989296 ], [ 79.652224297504304, 26.236625225731043 ], [ 79.641656370624403, 26.249489700159948 ], [ 79.602182055514163, 26.251365769347498 ], [ 79.552450634902854, 26.270126461222983 ], [ 79.528828210112479, 26.295587400196858 ], [ 79.525719996324284, 26.314616101956283 ], [ 79.56457266867686, 26.340077040930158 ], [ 79.56830252522272, 26.357229673502033 ], [ 79.555248027312246, 26.362321861296806 ], [ 79.553693920418141, 26.361517831644999 ], [ 79.524476710808997, 26.34302514965345 ], [ 79.524165889430179, 26.34302514965345 ], [ 79.523544246672529, 26.343293159537382 ], [ 79.506449070837391, 26.363393900832548 ], [ 79.506138249458573, 26.364465940368291 ], [ 79.557734598342805, 26.408687571217651 ], [ 79.577005523829698, 26.43334448053972 ], [ 79.567991703843887, 26.446744974736497 ], [ 79.598452198968317, 26.466309696263792 ], [ 79.596276449316576, 26.479442180576633 ], [ 79.621452981001056, 26.491234615469796 ], [ 79.609952589984687, 26.504099089898702 ], [ 79.621763802379874, 26.514551475372187 ], [ 79.636683228563271, 26.509995307345282 ], [ 79.638237335457376, 26.530900078292255 ], [ 79.627669408577461, 26.544300572489028 ], [ 79.645697048549067, 26.571369570766517 ], [ 79.634507478911516, 26.576461758561294 ], [ 79.639791442351481, 26.607014885329946 ], [ 79.672427687127652, 26.611303043472912 ], [ 79.682373971249902, 26.631939804535946 ], [ 79.717185965677828, 26.658204773161629 ], [ 79.71159118085906, 26.675893425501375 ], [ 79.720294179466038, 26.690901979001765 ], [ 79.674603436779392, 26.743967936021001 ], [ 79.715010216026087, 26.749060123815774 ], [ 79.720294179466038, 26.750936193003323 ], [ 79.724334857390701, 26.754420321494486 ], [ 79.736767712543525, 26.765140716851906 ], [ 79.748268103559894, 26.775325092441456 ], [ 79.755416995272768, 26.79435379420088 ] ] ] } },
{ "type": "Feature", "properties": { "dt_code": "190", "district": "Deoria", "st_code": "09", "year": "2011_c", "st_nm": "Uttar Pradesh" }, "geometry": { "type": "Polygon", "coordinates": [ [ [ 83.627940553999778, 26.661420891768856 ], [ 83.654671192578363, 26.660348852233113 ], [ 83.68015854564166, 26.702158394127057 ], [ 83.698497006992085, 26.699478295287701 ], [ 83.695388793203875, 26.683397702251568 ], [ 83.695388793203875, 26.682861682483697 ], [ 83.697875364234434, 26.683397702251568 ], [ 83.721808610403627, 26.687417850510602 ], [ 83.723362717297732, 26.698406255751959 ], [ 83.747606784845743, 26.693582077841121 ], [ 83.750093355876317, 26.69304605807325 ], [ 83.756931426210372, 26.706714562153962 ], [ 83.770296745499664, 26.700282324939508 ], [ 83.770296745499664, 26.700282324939508 ], [ 83.771540031014936, 26.700818344707379 ], [ 83.808216953715785, 26.724939234261576 ], [ 83.80914941785224, 26.750400173235452 ], [ 83.83183937850616, 26.744503955788872 ], [ 83.840542377113138, 26.758976489521388 ], [ 83.887787226693874, 26.734319580199319 ], [ 83.90581486666548, 26.690901979001765 ], [ 83.957411215549712, 26.674821385965632 ], [ 83.96300600036848, 26.628723685928723 ], [ 84.009940028570412, 26.578873847516714 ], [ 84.051900914711211, 26.551268829471354 ], [ 84.05221173609003, 26.55153683935529 ], [ 84.055941592635875, 26.549392760283805 ], [ 84.056563235393511, 26.548856740515934 ], [ 84.055009128499407, 26.547784700980191 ], [ 84.008696743055125, 26.521787742238445 ], [ 83.976682141036591, 26.533580177131608 ], [ 83.974817212763668, 26.508119238157732 ], [ 83.97139817759664, 26.508119238157732 ], [ 83.950883966594475, 26.508923267809539 ], [ 83.940316039714574, 26.525271870729608 ], [ 83.907990616317221, 26.519107643399089 ], [ 83.915139508030094, 26.502759040479024 ], [ 83.907990616317221, 26.447012984620432 ], [ 83.991601567219988, 26.432272441003981 ], [ 83.997817994796407, 26.446476964852561 ], [ 84.017399741662103, 26.447549004388303 ], [ 84.033873274739605, 26.411903689824879 ], [ 84.063712127106385, 26.400915284583522 ], [ 84.075212518122754, 26.387514790386746 ], [ 84.100078228428416, 26.384030661895583 ], [ 84.121214082188217, 26.385102701431325 ], [ 84.157269362131416, 26.375722355493583 ], [ 84.176851108997127, 26.370630167698806 ], [ 84.172810431072449, 26.333644803715703 ], [ 84.186175750361741, 26.313008042652669 ], [ 84.174675359345372, 26.292371281589634 ], [ 84.176851108997127, 26.26503427342821 ], [ 84.161620861434912, 26.256993976910145 ], [ 84.166283182117226, 26.241181393757948 ], [ 84.151052934555011, 26.257798006561949 ], [ 84.121835724945868, 26.258602036213755 ], [ 84.117484225642372, 26.240109354222206 ], [ 84.091064408442605, 26.233677117007751 ], [ 84.086402087760305, 26.218668563507364 ], [ 84.022683705102054, 26.237697265266785 ], [ 84.012737420979803, 26.232605077472009 ], [ 84.012426599600971, 26.232069057704138 ], [ 84.020507955450313, 26.225636820489687 ], [ 84.031075882330214, 26.217328514087686 ], [ 84.031075882330214, 26.217060504203751 ], [ 84.030454239572578, 26.210896276873232 ], [ 84.028589311299655, 26.199103841980069 ], [ 84.028589311299655, 26.198031802444326 ], [ 84.010561671328048, 26.189723496042326 ], [ 84.009007564433944, 26.181683199524258 ], [ 84.009318385812776, 26.17873509080097 ], [ 84.033873274739605, 26.160242408809417 ], [ 84.027656847163186, 26.142285746585738 ], [ 84.049725165059456, 26.129957291924704 ], [ 84.050346807817107, 26.129689282040768 ], [ 84.050346807817107, 26.127009183201412 ], [ 84.055941592635875, 26.100208194807859 ], [ 84.052833378847666, 26.091363868637988 ], [ 84.052522557468848, 26.09002381921831 ], [ 84.015223992010363, 26.114144708772507 ], [ 83.977303783794241, 26.115216748308249 ], [ 83.963316821747313, 26.13183336111225 ], [ 83.906125688044298, 26.122453015174507 ], [ 83.900220081846712, 26.127545202969284 ], [ 83.873178621889309, 26.155686240782515 ], [ 83.864786444661149, 26.181147179756387 ], [ 83.858880838463548, 26.184095288479678 ], [ 83.861367409494122, 26.183827278595743 ], [ 83.839920734355488, 26.224028761186073 ], [ 83.834636770915537, 26.232605077472009 ], [ 83.777445637212537, 26.232605077472009 ], [ 83.742633642784611, 26.266106312963952 ], [ 83.741701178648157, 26.265838303080017 ], [ 83.629494660893883, 26.218668563507364 ], [ 83.638197659500861, 26.273074569946274 ], [ 83.67114472565585, 26.287279093794858 ], [ 83.66648240497355, 26.312740032768733 ], [ 83.665549940837082, 26.313276052536605 ], [ 83.663995833942977, 26.314080082188411 ], [ 83.655914478093649, 26.318100230447445 ], [ 83.618615912635164, 26.30094759787557 ], [ 83.623278233317464, 26.320780329286798 ], [ 83.638197659500861, 26.329088635688802 ], [ 83.62234576918101, 26.32185236882254 ], [ 83.61084537816464, 26.334716843251446 ], [ 83.616750984362241, 26.34302514965345 ], [ 83.599655808527103, 26.348921367100029 ], [ 83.611467020922277, 26.370094147930935 ], [ 83.58349309682842, 26.362321861296806 ], [ 83.583182275449602, 26.398235185744166 ], [ 83.547126995506403, 26.392070958413651 ], [ 83.568884492023855, 26.375186335725711 ], [ 83.555519172734563, 26.377866434565068 ], [ 83.544951245854662, 26.355621614198419 ], [ 83.532829212080642, 26.385370711315261 ], [ 83.510760894184386, 26.384566681663454 ], [ 83.524126213473664, 26.401719314235329 ], [ 83.488692576288116, 26.3939470276012 ], [ 83.486827648015179, 26.401719314235329 ], [ 83.486516826636361, 26.404935432842557 ], [ 83.505787752123254, 26.417531897387526 ], [ 83.476881363892929, 26.458805419513595 ], [ 83.493665718349234, 26.462825567772629 ], [ 83.493665718349234, 26.488822526514376 ], [ 83.496773932137444, 26.49284267477341 ], [ 83.535004961732398, 26.500614961407539 ], [ 83.53997810379353, 26.50115098117541 ], [ 83.546194531369935, 26.489358546282247 ], [ 83.55365424446164, 26.512407396300702 ], [ 83.600588272663558, 26.515355505023994 ], [ 83.613331949195214, 26.56654539285568 ], [ 83.613331949195214, 26.566813402739616 ], [ 83.627008089863324, 26.569761511462907 ], [ 83.627940553999778, 26.570029521346839 ], [ 83.629805482272701, 26.578337827748843 ], [ 83.631359589166806, 26.585842104499037 ], [ 83.631981231924442, 26.588790213222328 ], [ 83.616440162983409, 26.617199260919495 ], [ 83.633535338818547, 26.623631498133946 ], [ 83.631981231924442, 26.646948358036337 ], [ 83.627940553999778, 26.661420891768856 ] ] ] } },
{ "type": "Feature", "properties": { "dt_code": "179", "district": "Sultanpur", "st_code": "09", "year": "2011_c", "st_nm": "Uttar Pradesh" }, "geometry": { "type": "Polygon", "coordinates": [ [ [ 81.940180467003415, 26.507315208505929 ], [ 81.973127533158419, 26.514551475372187 ], [ 82.007939527586331, 26.49284267477341 ], [ 82.007939527586331, 26.479442180576633 ], [ 82.018196633087413, 26.496058793380634 ], [ 82.031251130997887, 26.482658299183857 ], [ 82.038400022710761, 26.486678447442891 ], [ 82.045859735802452, 26.467917755567406 ], [ 82.062333268879954, 26.478638150924827 ], [ 82.096523620550229, 26.478102131156955 ], [ 82.12076768809824, 26.45853740962966 ], [ 82.125740830159373, 26.470865864290694 ], [ 82.131646436356959, 26.464969646844114 ], [ 82.125740830159373, 26.449961093343724 ], [ 82.15371475425323, 26.447280994504368 ], [ 82.146255041161538, 26.436024579379076 ], [ 82.186661820408233, 26.421820055530493 ], [ 82.183242785241205, 26.410831650289136 ], [ 82.186040177650582, 26.410563640405201 ], [ 82.192567426605819, 26.409759610753394 ], [ 82.215879030017376, 26.407615531681909 ], [ 82.220852172078509, 26.409491600869458 ], [ 82.221784636214963, 26.410027620637329 ], [ 82.222406278972613, 26.408419561333716 ], [ 82.241366383080674, 26.395823096788746 ], [ 82.249136917551184, 26.392874988065458 ], [ 82.265921272007503, 26.403863393306814 ], [ 82.280219055433264, 26.390194889226102 ], [ 82.301354909193066, 26.405739462494363 ], [ 82.318450085028203, 26.392874988065458 ], [ 82.315341871239994, 26.379206483984746 ], [ 82.326531440877545, 26.386174740967068 ], [ 82.377816968382959, 26.379742503752617 ], [ 82.378749432519413, 26.376794395029325 ], [ 82.382168467686441, 26.365001960136162 ], [ 82.400506929036865, 26.356425643850223 ], [ 82.401128571794501, 26.325872517081574 ], [ 82.417291283493185, 26.319440279867123 ], [ 82.398331179385124, 26.300679587991635 ], [ 82.404858428340361, 26.289959192634214 ], [ 82.419467033144926, 26.289155162982407 ], [ 82.435940566222428, 26.307647844973957 ], [ 82.447751778617615, 26.291299242053892 ], [ 82.452414099299915, 26.284867004839437 ], [ 82.468887632377417, 26.278434767624987 ], [ 82.473239131680913, 26.277362728089244 ], [ 82.476347345469108, 26.278702777508922 ], [ 82.478212273742031, 26.285671034491244 ], [ 82.483496237181996, 26.281918896116146 ], [ 82.510848518518216, 26.293443321125373 ], [ 82.539444085369709, 26.2800428269286 ], [ 82.549701190870792, 26.2883511333306 ], [ 82.577985936343481, 26.267982382151501 ], [ 82.578918400479949, 26.256993976910145 ], [ 82.605338217679702, 26.264498253660339 ], [ 82.633622963152391, 26.242253433293691 ], [ 82.639839390728795, 26.252705818767176 ], [ 82.649164032093424, 26.242253433293691 ], [ 82.662840172761534, 26.261818154820983 ], [ 82.663150994140352, 26.261818154820983 ], [ 82.665015922413275, 26.252169798999304 ], [ 82.678381241702567, 26.256993976910145 ], [ 82.678692063081385, 26.255921937374403 ], [ 82.680867812733126, 26.248953680392077 ], [ 82.671543171368512, 26.228852939096914 ], [ 82.688949168582468, 26.208752197801747 ], [ 82.683043562384881, 26.163190517532708 ], [ 82.692368203749496, 26.156490270434318 ], [ 82.678692063081385, 26.151398082639545 ], [ 82.659731958973325, 26.165602606488129 ], [ 82.655691281048661, 26.164798576836322 ], [ 82.637663641077054, 26.161046438461224 ], [ 82.648853210714606, 26.174178922774065 ], [ 82.623055036272476, 26.170962804166837 ], [ 82.600054254239751, 26.199371851864004 ], [ 82.599121790103283, 26.200711901283682 ], [ 82.598810968724464, 26.199907871631876 ], [ 82.59725686183036, 26.181147179756387 ], [ 82.579540043237586, 26.186239367551163 ], [ 82.573323615661167, 26.148985993684125 ], [ 82.559958296371875, 26.145769875076898 ], [ 82.57052622325179, 26.141481716933932 ], [ 82.567107188084762, 26.131029331460446 ], [ 82.530741086762731, 26.146305894844769 ], [ 82.501523877153588, 26.133441420415863 ], [ 82.486604450970191, 26.144965845425091 ], [ 82.477279809605577, 26.129421272156833 ], [ 82.443711100692937, 26.132369380880121 ], [ 82.435318923464777, 26.098064115736374 ], [ 82.476347345469108, 26.069655068039207 ], [ 82.46298202617983, 26.063222830824756 ], [ 82.457698062739865, 26.044730148833203 ], [ 82.504010448184161, 26.042050049993851 ], [ 82.517375767473439, 26.029989605216752 ], [ 82.502145519911238, 26.016589111019975 ], [ 82.52017315988283, 26.003992646475005 ], [ 82.505564555078266, 25.996488369724808 ], [ 82.506186197835902, 25.989520112742486 ], [ 82.49282087854661, 25.975851608661774 ], [ 82.490645128894869, 25.974779569126031 ], [ 82.476347345469108, 25.999704488332036 ], [ 82.433764816570687, 26.006404735430422 ], [ 82.434075637949505, 26.006672745314361 ], [ 82.397709536627474, 26.011496923225199 ], [ 82.392114751808705, 26.02704149649346 ], [ 82.391182287672251, 26.029453585448881 ], [ 82.386209145611119, 26.029721595332816 ], [ 82.377506147004141, 26.030257615100687 ], [ 82.374397933215931, 26.03052562498462 ], [ 82.358856864274898, 26.005064686010748 ], [ 82.345491544985606, 26.003456626707134 ], [ 82.338964296030369, 26.0077447848501 ], [ 82.34642400912206, 26.017661150555718 ], [ 82.31596351399763, 26.03052562498462 ], [ 82.31907172778584, 26.039101941270559 ], [ 82.275867556129768, 26.047678257556495 ], [ 82.269651128553349, 26.040173980806301 ], [ 82.242920489974779, 26.05652258372637 ], [ 82.203446174864553, 26.020073239511134 ], [ 82.198783854182238, 26.01792916043965 ], [ 82.18417524937766, 26.040173980806301 ], [ 82.154025575632062, 26.057594623262109 ], [ 82.125119187401737, 26.056790593610302 ], [ 82.103983333641921, 26.073675216298241 ], [ 82.099010191580788, 26.07742735467334 ], [ 82.100253477096075, 26.072067156994628 ], [ 82.057981769576458, 26.054110494770949 ], [ 82.053319448894158, 26.055986563958498 ], [ 82.048657128211843, 26.057594623262109 ], [ 82.048967949590661, 26.057594623262109 ], [ 82.051143699242402, 26.061078751753271 ], [ 82.070414624729295, 26.091363868637988 ], [ 82.045238093044816, 26.107176451790181 ], [ 82.049589592348298, 26.149522013451996 ], [ 82.022858953769727, 26.158366339621868 ], [ 82.020372382739154, 26.174446932658 ], [ 81.989290244857088, 26.18463130824755 ], [ 81.965667820066713, 26.220276622810974 ], [ 81.949815929746862, 26.212504336176845 ], [ 81.941423752518702, 26.224028761186073 ], [ 81.925261040820033, 26.223760751302137 ], [ 81.907544222227244, 26.23984134433827 ], [ 81.905368472575503, 26.259942085633433 ], [ 81.883300154679233, 26.267178352499695 ], [ 81.873664691935787, 26.284062975187631 ], [ 81.852218016797167, 26.284062975187631 ], [ 81.838541876129057, 26.320780329286798 ], [ 81.808703023762263, 26.332036744412093 ], [ 81.820825057536268, 26.340077040930158 ], [ 81.840717625780798, 26.33444883336751 ], [ 81.861231836782963, 26.348385347332158 ], [ 81.882056869163947, 26.388318820038553 ], [ 81.928990897365878, 26.380546533404424 ], [ 81.948261822852757, 26.419675976459011 ], [ 81.931788289775255, 26.43763263868269 ], [ 81.945775251822198, 26.44004472763811 ], [ 81.949194286989226, 26.453981241602758 ], [ 81.924017755304746, 26.457197360209982 ], [ 81.925261040820033, 26.443528856129269 ], [ 81.90599011533314, 26.452105172415209 ], [ 81.910030793257818, 26.467381735799535 ], [ 81.914693113940118, 26.467917755567406 ], [ 81.921220362895355, 26.462825567772629 ], [ 81.94235621665517, 26.472205913710372 ], [ 81.943288680791625, 26.48024621022844 ], [ 81.922774469789459, 26.492574664889474 ], [ 81.920909541516536, 26.49445073407702 ], [ 81.940180467003415, 26.507315208505929 ] ] ] } },
{ "type": "Feature", "properties": { "dt_code": "178", "district": "Ambedkar Nagar", "st_code": "09", "year": "2011_c", "st_nm": "Uttar Pradesh" }, "geometry": { "type": "Polygon", "coordinates": [ [ [ 82.473239131680913, 26.652308555715049 ], [ 82.577053472207012, 26.60433478649059 ], [ 82.662840172761534, 26.60433478649059 ], [ 82.712260771994025, 26.554752957962517 ], [ 82.80675047115551, 26.567081412623551 ], [ 82.819494147687152, 26.568689471927165 ], [ 82.831305360082339, 26.563865294016324 ], [ 82.839075894552863, 26.562793254480582 ], [ 82.844359857992814, 26.558773106221548 ], [ 82.899686063422891, 26.514551475372187 ], [ 83.019663115647688, 26.474618002665792 ], [ 83.070637821774284, 26.410563640405201 ], [ 83.067840429364892, 26.40815155144978 ], [ 83.084003141063562, 26.3939470276012 ], [ 83.085868069336499, 26.392338968297587 ], [ 83.087111354851771, 26.391266928761844 ], [ 83.13218045478078, 26.385370711315261 ], [ 83.113531172051538, 26.358033703153836 ], [ 83.113220350672719, 26.355353604314484 ], [ 83.108868851369223, 26.283526955419759 ], [ 83.084003141063562, 26.279774817044665 ], [ 83.074989321077766, 26.291031232169956 ], [ 83.064110572819047, 26.279774817044665 ], [ 83.063799751440229, 26.279774817044665 ], [ 83.041109790786308, 26.295855410080794 ], [ 83.036758291482826, 26.308183864741828 ], [ 83.038623219755749, 26.316224161259896 ], [ 83.030231042527589, 26.327212566501252 ], [ 83.024325436330003, 26.334984853135381 ], [ 83.022149686678247, 26.337932961858673 ], [ 83.01935229426887, 26.337128932206866 ], [ 82.987337692250335, 26.352137485707257 ], [ 82.972418266066938, 26.346509278144609 ], [ 82.965269374354065, 26.358569722921708 ], [ 82.973661551582225, 26.383226632243776 ], [ 82.95314734058006, 26.389926879342166 ], [ 82.936673807502558, 26.382154592708034 ], [ 82.935430521987271, 26.410027620637329 ], [ 82.927349166137944, 26.411367670057007 ], [ 82.913983846848652, 26.410831650289136 ], [ 82.916470417879211, 26.393142997949393 ], [ 82.881969244830117, 26.382690612475905 ], [ 82.870158032434929, 26.356961663618094 ], [ 82.896267028255863, 26.344633208957063 ], [ 82.882280066208935, 26.325336497313703 ], [ 82.860522569691483, 26.319172269983184 ], [ 82.872022960707852, 26.311399983349055 ], [ 82.880415137936012, 26.28593904437518 ], [ 82.871090496571398, 26.273878599598081 ], [ 82.886009922754781, 26.24573756178485 ], [ 82.86238749796442, 26.218132543739493 ], [ 82.868603925540825, 26.206876128614198 ], [ 82.856171070388001, 26.204464039658781 ], [ 82.872644603465503, 26.186507377435099 ], [ 82.879482673799558, 26.186507377435099 ], [ 82.885077458618326, 26.182219219292129 ], [ 82.882901708966585, 26.172838873354387 ], [ 82.879171852420725, 26.169086734979288 ], [ 82.872644603465503, 26.171766833818644 ], [ 82.866117354510266, 26.156758280318257 ], [ 82.821359075960089, 26.18704339720297 ], [ 82.779087368440472, 26.193207624533486 ], [ 82.759194800195942, 26.211968316408974 ], [ 82.74893769469486, 26.224028761186073 ], [ 82.751735087104251, 26.262622184472789 ], [ 82.748626873316041, 26.259674075749498 ], [ 82.731220876102086, 26.242253433293691 ], [ 82.689259989961286, 26.26744636238363 ], [ 82.684597669278972, 26.257261986794077 ], [ 82.678692063081385, 26.255921937374403 ], [ 82.678381241702567, 26.256993976910145 ], [ 82.665015922413275, 26.252169798999304 ], [ 82.663150994140352, 26.261818154820983 ], [ 82.662840172761534, 26.261818154820983 ], [ 82.649164032093424, 26.242253433293691 ], [ 82.639839390728795, 26.252705818767176 ], [ 82.633622963152391, 26.242253433293691 ], [ 82.605338217679702, 26.264498253660339 ], [ 82.578918400479949, 26.256993976910145 ], [ 82.577985936343481, 26.267982382151501 ], [ 82.549701190870792, 26.2883511333306 ], [ 82.539444085369709, 26.2800428269286 ], [ 82.510848518518216, 26.293443321125373 ], [ 82.483496237181996, 26.281918896116146 ], [ 82.478212273742031, 26.285671034491244 ], [ 82.476347345469108, 26.278702777508922 ], [ 82.473239131680913, 26.277362728089244 ], [ 82.468887632377417, 26.278434767624987 ], [ 82.452414099299915, 26.284867004839437 ], [ 82.447751778617615, 26.291299242053892 ], [ 82.435940566222428, 26.307647844973957 ], [ 82.419467033144926, 26.289155162982407 ], [ 82.404858428340361, 26.289959192634214 ], [ 82.398331179385124, 26.300679587991635 ], [ 82.417291283493185, 26.319440279867123 ], [ 82.401128571794501, 26.325872517081574 ], [ 82.400506929036865, 26.356425643850223 ], [ 82.382168467686441, 26.365001960136162 ], [ 82.378749432519413, 26.376794395029325 ], [ 82.377816968382959, 26.379742503752617 ], [ 82.326531440877545, 26.386174740967068 ], [ 82.315341871239994, 26.379206483984746 ], [ 82.318450085028203, 26.392874988065458 ], [ 82.301354909193066, 26.405739462494363 ], [ 82.280219055433264, 26.390194889226102 ], [ 82.265921272007503, 26.403863393306814 ], [ 82.249136917551184, 26.392874988065458 ], [ 82.241366383080674, 26.395823096788746 ], [ 82.222406278972613, 26.408419561333716 ], [ 82.221784636214963, 26.410027620637329 ], [ 82.25348841685468, 26.421552045646557 ], [ 82.265921272007503, 26.446744974736497 ], [ 82.273691806478027, 26.449425073575853 ], [ 82.284881376115564, 26.485070388139277 ], [ 82.297935874026038, 26.486678447442891 ], [ 82.315341871239994, 26.50945928757741 ], [ 82.315652692618812, 26.509995307345282 ], [ 82.306328051254198, 26.512943416068573 ], [ 82.309747086421226, 26.526611920149286 ], [ 82.336166903620978, 26.578605837632779 ], [ 82.375330397352386, 26.572709620186195 ], [ 82.377195325625308, 26.559309125989419 ], [ 82.365694934608953, 26.557165046917937 ], [ 82.367249041503044, 26.55394892831071 ], [ 82.368181505639512, 26.552340869007097 ], [ 82.370978898048904, 26.546980671328384 ], [ 82.383100931822909, 26.545372612024771 ], [ 82.39366885870281, 26.543764552721157 ], [ 82.401750214552152, 26.542692513185418 ], [ 82.414183069704976, 26.558237086453676 ], [ 82.414493891083794, 26.558505096337612 ], [ 82.427548388994268, 26.54724868121232 ], [ 82.428170031751904, 26.546712661444449 ], [ 82.443089457935301, 26.561185195176968 ], [ 82.464846954452753, 26.582357976007877 ], [ 82.465157775831571, 26.582625985891809 ], [ 82.465157775831571, 26.582625985891809 ], [ 82.450238349648174, 26.594418420784976 ], [ 82.453035742057565, 26.605138816142397 ], [ 82.47603652409029, 26.610499013821105 ], [ 82.467955168240962, 26.629795725464465 ], [ 82.473239131680913, 26.652308555715049 ] ] ] } },
{ "type": "Feature", "properties": { "dt_code": "158", "district": "Rae Bareli", "st_code": "09", "year": "2011_c", "st_nm": "Uttar Pradesh" }, "geometry": { "type": "Polygon", "coordinates": [ [ [ 81.160951270299947, 26.587182153918715 ], [ 81.18177630268093, 26.606478865562075 ], [ 81.262279039795487, 26.578605837632779 ], [ 81.276576823221234, 26.571905590534389 ], [ 81.298334319738686, 26.550196789935612 ], [ 81.299888426632791, 26.545908631792642 ], [ 81.303929104557454, 26.544568582372968 ], [ 81.315429495573824, 26.540816443997869 ], [ 81.323200030044347, 26.553144898658903 ], [ 81.342781776910044, 26.545908631792642 ], [ 81.344957526561799, 26.543764552721157 ], [ 81.344335883804149, 26.542960523069354 ], [ 81.360809416881651, 26.525539880613543 ], [ 81.360809416881651, 26.500346951523603 ], [ 81.37759377133797, 26.479174170692698 ], [ 81.370134058246265, 26.465773676495921 ], [ 81.378837056853243, 26.453713231718822 ], [ 81.363606809291028, 26.444868905548951 ], [ 81.394067304415458, 26.4309323915843 ], [ 81.399351267855408, 26.41833592703933 ], [ 81.382877734777921, 26.390998918877909 ], [ 81.394688947173108, 26.343293159537382 ], [ 81.370755701003915, 26.335520872903253 ], [ 81.367647487215706, 26.334716843251446 ], [ 81.384742663050844, 26.327748586269124 ], [ 81.407121802325932, 26.315420131608089 ], [ 81.391580733384899, 26.291835261821763 ], [ 81.359876952745182, 26.278970787392858 ], [ 81.357390381714623, 26.277898747857115 ], [ 81.358012024472259, 26.274682629249888 ], [ 81.361431059639287, 26.255653927490464 ], [ 81.348687383107645, 26.244397512365175 ], [ 81.353660525168777, 26.227512889677236 ], [ 81.376039664443866, 26.222152691998524 ], [ 81.361120238260469, 26.224028761186073 ], [ 81.373242272034474, 26.188651456506584 ], [ 81.356768738956973, 26.174446932658 ], [ 81.372931450655656, 26.158098329737932 ], [ 81.372620629276838, 26.144965845425091 ], [ 81.364539273427496, 26.120576945986958 ], [ 81.344957526561799, 26.112268639584958 ], [ 81.3555254534417, 26.093239937825537 ], [ 81.342781776910044, 26.082787552352048 ], [ 81.339362741743017, 26.04794626744043 ], [ 81.307969782482132, 26.049286316860108 ], [ 81.307348139724496, 26.01873319009146 ], [ 81.364228452048678, 25.986572004019195 ], [ 81.386918412702585, 25.990860162162164 ], [ 81.390959090627263, 25.977459667965388 ], [ 81.440690511238572, 25.957894946438092 ], [ 81.44628529605734, 25.934310076651766 ], [ 81.443487903647949, 25.939670274330478 ], [ 81.449082688466731, 25.920909582454989 ], [ 81.426081906433993, 25.918229483615633 ], [ 81.410851658871778, 25.895984663248985 ], [ 81.389715805111976, 25.886068297543371 ], [ 81.371377343761552, 25.896788692900792 ], [ 81.361741881018105, 25.88794436673092 ], [ 81.373863914792111, 25.878832030677113 ], [ 81.368890772730992, 25.866771585900015 ], [ 81.332524671408962, 25.869987704507238 ], [ 81.32506495831727, 25.857391239962269 ], [ 81.328794814863116, 25.851227012631753 ], [ 81.330659743136039, 25.848278903908462 ], [ 81.335322063818353, 25.840506617274333 ], [ 81.352417239653491, 25.835950449247427 ], [ 81.338430277606562, 25.810757520157487 ], [ 81.291185428025813, 25.848010894024526 ], [ 81.219385689518234, 25.865967556248208 ], [ 81.216277475730024, 25.939938284214413 ], [ 81.165924412361079, 25.963255144116804 ], [ 81.118990384159147, 25.969419371447319 ], [ 81.063353357350252, 26.000240508099907 ], [ 81.014243579496579, 26.074747255833984 ], [ 81.001499902964923, 26.078767404093018 ], [ 80.927835236184421, 26.050358356395851 ], [ 80.875928065921372, 26.055182534306692 ], [ 80.82899403771944, 26.01873319009146 ], [ 80.809723112232561, 26.029989605216752 ], [ 80.794492864670346, 26.073407206414306 ], [ 80.769937975743517, 26.079571433744825 ], [ 80.75191033577191, 26.102620283763279 ], [ 80.732017767527381, 26.106104412254439 ], [ 80.721760662026298, 26.075015265717919 ], [ 80.669853491763249, 26.101548244227537 ], [ 80.673583348309094, 26.12352505471025 ], [ 80.697205773099469, 26.115484758192185 ], [ 80.684772917946646, 26.14442982565722 ], [ 80.693475916553624, 26.161314448345159 ], [ 80.737301730967346, 26.173106883238322 ], [ 80.753775264044833, 26.187311407086906 ], [ 80.769005511607048, 26.182487229176065 ], [ 80.776776046077572, 26.194547673953164 ], [ 80.763099905409462, 26.202587970471232 ], [ 80.769316332985866, 26.213308365828652 ], [ 80.819047753597175, 26.201515930935489 ], [ 80.823710074279489, 26.228048909445107 ], [ 80.846400034933396, 26.237161245498914 ], [ 80.871576566617875, 26.27334257983021 ], [ 80.886185171422454, 26.293979340893245 ], [ 80.868779174208498, 26.308183864741828 ], [ 80.867225067314394, 26.322924408358283 ], [ 80.867225067314394, 26.323192418242218 ], [ 80.844535106660473, 26.333376793831768 ], [ 80.827129109446517, 26.341417090349836 ], [ 80.84267017838755, 26.370898177582742 ], [ 80.864116853526184, 26.369826138046999 ], [ 80.865981781799107, 26.356961663618094 ], [ 80.890225849347118, 26.358569722921708 ], [ 80.891469134862405, 26.344365199073124 ], [ 80.915713202410416, 26.354281564778741 ], [ 80.92565948653268, 26.341953110117707 ], [ 80.935916592033763, 26.359373752573514 ], [ 80.948038625807769, 26.347581317680351 ], [ 80.947727804428951, 26.310059933929377 ], [ 80.998391689176714, 26.313008042652669 ], [ 80.998391689176714, 26.351065446171514 ], [ 81.04998803806096, 26.375990365377518 ], [ 81.029163005679976, 26.380814543288359 ], [ 81.031960398089353, 26.396627126440553 ], [ 81.021081649830634, 26.410563640405201 ], [ 81.030406291195249, 26.414583788664235 ], [ 81.009892080193083, 26.423964134601977 ], [ 81.013000293981293, 26.434416520075462 ], [ 80.981918156099226, 26.473009943362179 ], [ 80.985648012645072, 26.485338398023213 ], [ 80.99124279746384, 26.471937903826436 ], [ 80.998391689176714, 26.476494071853342 ], [ 81.001810724343756, 26.493110684657346 ], [ 80.99435101125205, 26.49873889221999 ], [ 80.993729368494414, 26.502491030595088 ], [ 81.007405509162524, 26.503563070130831 ], [ 81.007094687783706, 26.503831080014766 ], [ 80.99435101125205, 26.513479435836445 ], [ 80.99435101125205, 26.51374744572038 ], [ 80.9949726540097, 26.514551475372187 ], [ 81.004918938131951, 26.527683959685028 ], [ 80.999634974692, 26.533044157363737 ], [ 81.023568220861193, 26.526611920149286 ], [ 81.027608898785871, 26.522591771890252 ], [ 81.032892862225822, 26.520715702702702 ], [ 81.037244361529304, 26.512943416068573 ], [ 81.045325717378645, 26.505171129434444 ], [ 81.048744752545673, 26.505707149202316 ], [ 81.092259745580577, 26.542156493417547 ], [ 81.09940863729345, 26.562793254480582 ], [ 81.121787776568539, 26.559577135873354 ], [ 81.141058702055417, 26.588254193454457 ], [ 81.160951270299947, 26.587182153918715 ] ] ] } },
{ "type": "Feature", "properties": { "dt_code": "165", "district": "Jalaun", "st_code": "09", "year": "2011_c", "st_nm": "Uttar Pradesh" }, "geometry": { "type": "Polygon", "coordinates": [ [ [ 79.13532834452549, 26.44004472763811 ], [ 79.142477236238364, 26.440312737522046 ], [ 79.15149105622416, 26.440580747405981 ], [ 79.1956276920167, 26.42503617413772 ], [ 79.210547118200097, 26.438168658450561 ], [ 79.212722867851838, 26.437364628798754 ], [ 79.215209438882411, 26.436292589263012 ], [ 79.243494184355086, 26.426108213673462 ], [ 79.290739033935836, 26.442456816593531 ], [ 79.292914783587577, 26.439508707870239 ], [ 79.324929385606112, 26.398503195628102 ], [ 79.403878015826564, 26.424500154369849 ], [ 79.471015433651843, 26.431468411352171 ], [ 79.473502004682402, 26.43173642123611 ], [ 79.486867323971694, 26.418603936923269 ], [ 79.506138249458573, 26.364465940368291 ], [ 79.506449070837391, 26.363393900832548 ], [ 79.523544246672529, 26.343293159537382 ], [ 79.524165889430179, 26.34302514965345 ], [ 79.524476710808997, 26.34302514965345 ], [ 79.553693920418141, 26.361517831644999 ], [ 79.555248027312246, 26.362321861296806 ], [ 79.56830252522272, 26.357229673502033 ], [ 79.56457266867686, 26.340077040930158 ], [ 79.525719996324284, 26.314616101956283 ], [ 79.528828210112479, 26.295587400196858 ], [ 79.552450634902854, 26.270126461222983 ], [ 79.602182055514163, 26.251365769347498 ], [ 79.641656370624403, 26.249489700159948 ], [ 79.652224297504304, 26.236625225731043 ], [ 79.648494440958459, 26.210628266989296 ], [ 79.713766930510801, 26.185971357667228 ], [ 79.761944244228005, 26.183827278595743 ], [ 79.761944244228005, 26.182487229176065 ], [ 79.762255065606823, 26.179271110568841 ], [ 79.763498351122109, 26.169622754747159 ], [ 79.744849068392867, 26.136121519255219 ], [ 79.781525991093716, 26.110660580281344 ], [ 79.836541375144975, 26.101280234343601 ], [ 79.865758584754118, 26.116556797727927 ], [ 79.916422469501896, 26.090291829102245 ], [ 79.920773968805378, 26.08814775003076 ], [ 79.927301217760615, 26.084663621539598 ], [ 79.944396393595753, 26.060810741869336 ], [ 79.941909822565179, 26.033473733707911 ], [ 79.916422469501896, 26.032133684288233 ], [ 79.907097828137267, 26.013104982528812 ], [ 79.919530683290091, 26.010424883689456 ], [ 79.941909822565179, 26.029721595332816 ], [ 79.954342677718017, 26.023289358118362 ], [ 79.943463929459284, 25.999972498215971 ], [ 79.931652717064111, 25.998900458680229 ], [ 79.931341895685279, 25.973975539474225 ], [ 79.931341895685279, 25.972635490054547 ], [ 79.923260539835951, 25.962987134232868 ], [ 79.908341113652554, 25.970491410983062 ], [ 79.898084008151471, 25.95682290690235 ], [ 79.887205259892738, 25.964059173768611 ], [ 79.876326511634019, 25.948514600500349 ], [ 79.860785442692986, 25.952802758643319 ], [ 79.872596655088174, 25.971563450518804 ], [ 79.852393265464826, 25.97183146040274 ], [ 79.84648765926724, 25.960307035393512 ], [ 79.845244373751953, 25.95682290690235 ], [ 79.866380227511755, 25.936454155723251 ], [ 79.870731726815251, 25.882316159168273 ], [ 79.867623513027041, 25.882584169052208 ], [ 79.839960410312003, 25.884460238239758 ], [ 79.815094700006341, 25.914477345240538 ], [ 79.813851414491054, 25.876151931837757 ], [ 79.78556666901838, 25.863555467292787 ], [ 79.758836030439795, 25.880708099864663 ], [ 79.748578924938712, 25.90884913767789 ], [ 79.709104609828486, 25.903756949883117 ], [ 79.68641464917458, 25.929753908624864 ], [ 79.659062367838359, 25.904292969650989 ], [ 79.632331729259775, 25.930557938276671 ], [ 79.614614910667001, 25.932165997580281 ], [ 79.60342534102945, 25.92332167141041 ], [ 79.610885054121155, 25.897056702784727 ], [ 79.570478274874461, 25.883924218471886 ], [ 79.536287923204185, 25.894376603945371 ], [ 79.521990139778424, 25.888480386498792 ], [ 79.523855068051361, 25.865967556248208 ], [ 79.55991034799456, 25.864359496944594 ], [ 79.571721560389747, 25.853371091703238 ], [ 79.551207349387582, 25.821477915514908 ], [ 79.538463672855926, 25.821209905630973 ], [ 79.525719996324284, 25.842382686461882 ], [ 79.497746072230413, 25.857659249846204 ], [ 79.459204221256655, 25.823353984702457 ], [ 79.459825864014292, 25.789316729442646 ], [ 79.441487402663867, 25.787976680022968 ], [ 79.422838119934625, 25.807273391666325 ], [ 79.402634730311291, 25.807809411434196 ], [ 79.397661588250159, 25.789048719558711 ], [ 79.388026125506713, 25.789584739326582 ], [ 79.353214131078801, 25.790656778862324 ], [ 79.323996921469643, 25.766535889308127 ], [ 79.291360676693472, 25.785028571299677 ], [ 79.290428212557018, 25.796284986424968 ], [ 79.302550246331023, 25.800841154451874 ], [ 79.292603962208759, 25.820405875979166 ], [ 79.263075931220797, 25.789316729442646 ], [ 79.242250898839814, 25.806469362014518 ], [ 79.210857939578915, 25.788780709674775 ], [ 79.163923911376997, 25.812097569577166 ], [ 79.134706701767854, 25.809417470737809 ], [ 79.115124954902143, 25.8244260242382 ], [ 79.126625345918512, 25.863823477176723 ], [ 79.105800313537529, 25.855247160890787 ], [ 79.096164850794082, 25.862483427757045 ], [ 79.107354420431633, 25.891160485338148 ], [ 79.105178670779878, 25.891160485338148 ], [ 79.07751556806484, 25.890088445802405 ], [ 79.075339818413099, 25.861947407989174 ], [ 79.072231604624889, 25.860071338801625 ], [ 79.038352074333432, 25.868111635319693 ], [ 79.043325216394564, 25.879368050444985 ], [ 79.033068110893481, 25.885800287659436 ], [ 79.031514003999376, 25.904024959767053 ], [ 79.052649857759178, 25.89223252487389 ], [ 79.055447250168569, 25.907241078374277 ], [ 79.079380496337762, 25.904560979534924 ], [ 79.082488710125972, 25.919033513267443 ], [ 78.977120262705753, 25.9466385313128 ], [ 78.969038906856412, 25.935650126071444 ], [ 78.937335126216709, 25.952534748759383 ], [ 78.937024304837891, 25.954946837714804 ], [ 78.930497055882654, 25.958966985973834 ], [ 78.933294448292045, 25.977727677849323 ], [ 78.933916091049682, 25.979871756920808 ], [ 78.933916091049682, 25.980407776688679 ], [ 78.934537733807318, 25.980407776688679 ], [ 78.956916873082406, 25.996488369724808 ], [ 78.944484017929582, 26.006404735430422 ], [ 78.953497837915378, 26.015249061600297 ], [ 78.948213874475428, 26.027845526145267 ], [ 79.01193225713368, 26.083055562235984 ], [ 79.011621435754847, 26.083591582003855 ], [ 78.997634473707919, 26.093507947709469 ], [ 78.976187798569299, 26.10905252097773 ], [ 78.948835517233078, 26.128617242505026 ], [ 78.966863157204671, 26.150058033219867 ], [ 79.004783365420792, 26.148181964032318 ], [ 79.004472544041974, 26.169354744863227 ], [ 78.983025868903354, 26.184363298363614 ], [ 78.993593795783255, 26.196959762908584 ], [ 79.026540861938244, 26.19133155534594 ], [ 79.025919219180608, 26.220008612927039 ], [ 78.996702009571464, 26.228048909445107 ], [ 78.991728867510332, 26.239037314686463 ], [ 79.019391970225371, 26.247613630972399 ], [ 79.034933039166404, 26.225368810605751 ], [ 79.063528606017911, 26.225904830373622 ], [ 79.06974503359433, 26.24573756178485 ], [ 79.045500966046305, 26.260210095517369 ], [ 79.055758071547388, 26.258870046097691 ], [ 79.076893925307203, 26.280578846696471 ], [ 79.090570065975314, 26.270126461222983 ], [ 79.102070456991669, 26.306843815322154 ], [ 79.117300704553884, 26.299071528688021 ], [ 79.124760417645589, 26.311667993232991 ], [ 79.115435776280961, 26.320512319402862 ], [ 79.135017523146672, 26.324800477545832 ], [ 79.137504094177231, 26.338468981626544 ], [ 79.084353638398895, 26.358033703153836 ], [ 79.084975281156531, 26.358837732805643 ], [ 79.089015959081209, 26.364465940368291 ], [ 79.095854029415264, 26.374114296189969 ], [ 79.089015959081209, 26.396359116556617 ], [ 79.089015959081209, 26.396627126440553 ], [ 79.089015959081209, 26.396627126440553 ], [ 79.095232386657614, 26.412707719476685 ], [ 79.126003703160862, 26.411367670057007 ], [ 79.13532834452549, 26.44004472763811 ] ] ] } },
{ "type": "Feature", "properties": { "dt_code": "191", "district": "Azamgarh", "st_code": "09", "year": "2011_c", "st_nm": "Uttar Pradesh" }, "geometry": { "type": "Polygon", "coordinates": [ [ [ 83.13218045478078, 26.385370711315261 ], [ 83.177560376088593, 26.396359116556617 ], [ 83.182844339528543, 26.397699165976295 ], [ 83.228535082215188, 26.394751057253004 ], [ 83.301578106238054, 26.349993406635772 ], [ 83.337011743423616, 26.350261416519707 ], [ 83.338565850317721, 26.349189376983965 ], [ 83.417825301916992, 26.274146609482017 ], [ 83.417825301916992, 26.284330985071566 ], [ 83.434609656373311, 26.275218649017759 ], [ 83.468178365285951, 26.279506807160729 ], [ 83.466935079770664, 26.275218649017759 ], [ 83.451083189450799, 26.223224731534266 ], [ 83.409122303310014, 26.168014695443546 ], [ 83.422176801220488, 26.133977440183735 ], [ 83.411608874340573, 26.123257044826314 ], [ 83.419068587432278, 26.110660580281344 ], [ 83.359390882698705, 26.0688510383874 ], [ 83.371823737851528, 26.057058603494237 ], [ 83.319605746209646, 26.049286316860108 ], [ 83.318673282073192, 26.035885822663332 ], [ 83.331106137226016, 26.03132965463643 ], [ 83.295672500040453, 25.946102511544929 ], [ 83.34105242134828, 25.953070768527255 ], [ 83.374931951639738, 25.935382116187508 ], [ 83.37462113026092, 25.928413859205186 ], [ 83.374310308882102, 25.926537790017637 ], [ 83.373999487503269, 25.923589681294345 ], [ 83.372134559230346, 25.924125701062216 ], [ 83.358769239941054, 25.926805799901572 ], [ 83.355039383395209, 25.915281374892345 ], [ 83.339187493075357, 25.924661720830088 ], [ 83.351931169606999, 25.914477345240538 ], [ 83.350066241334076, 25.909653167329697 ], [ 83.34944459857644, 25.907241078374277 ], [ 83.347579670303517, 25.901612870811633 ], [ 83.319916567588479, 25.890892475454212 ], [ 83.324889709649611, 25.862215417873109 ], [ 83.315565068284982, 25.83943457773859 ], [ 83.327687102058988, 25.843990745765492 ], [ 83.350998705470545, 25.823621994586393 ], [ 83.35472856201639, 25.820405875979166 ], [ 83.348201313061153, 25.819065826559488 ], [ 83.323024781376688, 25.814509658532586 ], [ 83.320227388967297, 25.796016976541033 ], [ 83.304686320026264, 25.785564591067548 ], [ 83.303132213132159, 25.755547484066767 ], [ 83.28323964488763, 25.756351513718574 ], [ 83.27484746765947, 25.776452255013741 ], [ 83.218588798092924, 25.75903161255793 ], [ 83.218277976714106, 25.768947978263544 ], [ 83.193723087787276, 25.778596334085226 ], [ 83.189060767104962, 25.766267879424191 ], [ 83.217034691198819, 25.762515741049093 ], [ 83.213926477410624, 25.73142659451257 ], [ 83.241589580125662, 25.70864575437805 ], [ 83.238792187716271, 25.708377744494115 ], [ 83.194033909166095, 25.702213517163599 ], [ 83.187195838832039, 25.676752578189724 ], [ 83.148653987858268, 25.657187856662429 ], [ 83.148653987858268, 25.636015075831523 ], [ 83.120680063764411, 25.654507757823076 ], [ 83.066286322470788, 25.652363678751591 ], [ 83.061934823167292, 25.659599945617849 ], [ 83.078719177623611, 25.682112775868433 ], [ 83.056340038348523, 25.683452825288111 ], [ 83.04079896940749, 25.691493121806179 ], [ 83.043907183195699, 25.701677497395728 ], [ 83.032717613558148, 25.697657349136694 ], [ 83.009095188767787, 25.715077991592505 ], [ 82.998527261887872, 25.684256854939918 ], [ 82.982053728810385, 25.680236706680887 ], [ 82.923930130970916, 25.732498634048312 ], [ 82.929214094410867, 25.757423553254316 ], [ 82.899375242044073, 25.774844195710127 ], [ 82.825399753884753, 25.769752007915351 ], [ 82.822291540096543, 25.78234847246032 ], [ 82.806128828397874, 25.788512699790839 ], [ 82.808615399428433, 25.805933342246647 ], [ 82.785614617395709, 25.82683811319362 ], [ 82.754532479513628, 25.83702248878317 ], [ 82.772870940864053, 25.896252673132921 ], [ 82.725936912662135, 25.991664191813971 ], [ 82.731220876102086, 26.025433437189847 ], [ 82.703246952008215, 26.02462940753804 ], [ 82.721896234737457, 26.035617812779396 ], [ 82.698584631325915, 26.040173980806301 ], [ 82.712571593372843, 26.050626366279786 ], [ 82.69703052443181, 26.06724297908379 ], [ 82.706665987175242, 26.094847997129147 ], [ 82.683665205142518, 26.098868145388181 ], [ 82.683043562384881, 26.102352273879344 ], [ 82.68024616997549, 26.116556797727927 ], [ 82.667502493443834, 26.123257044826314 ], [ 82.666259207928562, 26.135853509371284 ], [ 82.665948386549729, 26.138801618094575 ], [ 82.665637565170911, 26.14282176635361 ], [ 82.674340563777889, 26.147377934380511 ], [ 82.678692063081385, 26.151398082639545 ], [ 82.678692063081385, 26.151398082639545 ], [ 82.692368203749496, 26.156490270434318 ], [ 82.683043562384881, 26.163190517532708 ], [ 82.688949168582468, 26.208752197801747 ], [ 82.671543171368512, 26.228852939096914 ], [ 82.680867812733126, 26.248953680392077 ], [ 82.678692063081385, 26.255921937374403 ], [ 82.684597669278972, 26.257261986794077 ], [ 82.689259989961286, 26.26744636238363 ], [ 82.731220876102086, 26.242253433293691 ], [ 82.748626873316041, 26.259674075749498 ], [ 82.751735087104251, 26.262622184472789 ], [ 82.74893769469486, 26.224028761186073 ], [ 82.759194800195942, 26.211968316408974 ], [ 82.779087368440472, 26.193207624533486 ], [ 82.821359075960089, 26.18704339720297 ], [ 82.866117354510266, 26.156758280318257 ], [ 82.872644603465503, 26.171766833818644 ], [ 82.879171852420725, 26.169086734979288 ], [ 82.882901708966585, 26.172838873354387 ], [ 82.885077458618326, 26.182219219292129 ], [ 82.879482673799558, 26.186507377435099 ], [ 82.872644603465503, 26.186507377435099 ], [ 82.856171070388001, 26.204464039658781 ], [ 82.868603925540825, 26.206876128614198 ], [ 82.86238749796442, 26.218132543739493 ], [ 82.886009922754781, 26.24573756178485 ], [ 82.871090496571398, 26.273878599598081 ], [ 82.880415137936012, 26.28593904437518 ], [ 82.872022960707852, 26.311399983349055 ], [ 82.860522569691483, 26.319172269983184 ], [ 82.882280066208935, 26.325336497313703 ], [ 82.896267028255863, 26.344633208957063 ], [ 82.870158032434929, 26.356961663618094 ], [ 82.881969244830117, 26.382690612475905 ], [ 82.916470417879211, 26.393142997949393 ], [ 82.913983846848652, 26.410831650289136 ], [ 82.927349166137944, 26.411367670057007 ], [ 82.935430521987271, 26.410027620637329 ], [ 82.936673807502558, 26.382154592708034 ], [ 82.95314734058006, 26.389926879342166 ], [ 82.973661551582225, 26.383226632243776 ], [ 82.965269374354065, 26.358569722921708 ], [ 82.972418266066938, 26.346509278144609 ], [ 82.987337692250335, 26.352137485707257 ], [ 83.01935229426887, 26.337128932206866 ], [ 83.022149686678247, 26.337932961858673 ], [ 83.024325436330003, 26.334984853135381 ], [ 83.030231042527589, 26.327212566501252 ], [ 83.038623219755749, 26.316224161259896 ], [ 83.036758291482826, 26.308183864741828 ], [ 83.041109790786308, 26.295855410080794 ], [ 83.063799751440229, 26.279774817044665 ], [ 83.064110572819047, 26.279774817044665 ], [ 83.074989321077766, 26.291031232169956 ], [ 83.084003141063562, 26.279774817044665 ], [ 83.108868851369223, 26.283526955419759 ], [ 83.113220350672719, 26.355353604314484 ], [ 83.113531172051538, 26.358033703153836 ], [ 83.13218045478078, 26.385370711315261 ] ] ] } },
{ "type": "Feature", "properties": { "dt_code": "192", "district": "Mau", "st_code": "09", "year": "2011_c", "st_nm": "Uttar Pradesh" }, "geometry": { "type": "Polygon", "coordinates": [ [ [ 83.466935079770664, 26.275218649017759 ], [ 83.525991141746587, 26.275218649017759 ], [ 83.535315783111216, 26.273878599598081 ], [ 83.577898312009651, 26.249757710043884 ], [ 83.616129341604591, 26.247345621088463 ], [ 83.608358807134081, 26.232605077472009 ], [ 83.629494660893883, 26.218668563507364 ], [ 83.741701178648157, 26.265838303080017 ], [ 83.742633642784611, 26.266106312963952 ], [ 83.777445637212537, 26.232605077472009 ], [ 83.834636770915537, 26.232605077472009 ], [ 83.839920734355488, 26.224028761186073 ], [ 83.861367409494122, 26.183827278595743 ], [ 83.858880838463548, 26.184095288479678 ], [ 83.843961412280166, 26.191599565229875 ], [ 83.808527775094603, 26.190527525694133 ], [ 83.806973668200499, 26.179539120452777 ], [ 83.77868892272781, 26.162654497764837 ], [ 83.779621386864278, 26.16185046811303 ], [ 83.805108739927576, 26.133709430299799 ], [ 83.794851634426493, 26.107444461674117 ], [ 83.761282925513854, 26.101280234343601 ], [ 83.764080317923245, 26.092167898289794 ], [ 83.752890748285694, 26.096456056432761 ], [ 83.756931426210372, 26.08814775003076 ], [ 83.742322821405793, 26.090291829102245 ], [ 83.739525428996416, 26.082519542468113 ], [ 83.708132469735517, 26.09404396747734 ], [ 83.705956720083776, 26.09243590817373 ], [ 83.703470149053203, 26.090559838986181 ], [ 83.681401831156933, 26.073675216298241 ], [ 83.687618258733352, 26.059470692449658 ], [ 83.677361153232269, 26.043390099413529 ], [ 83.677050331853451, 26.010960903457327 ], [ 83.70160522078028, 26.008816824385843 ], [ 83.727403395222396, 26.006672745314361 ], [ 83.76252621102914, 25.994344290653324 ], [ 83.775891530318432, 26.000240508099907 ], [ 83.778999744106642, 25.986303994135259 ], [ 83.76563442481735, 25.97424354935816 ], [ 83.788013564092438, 25.976923648197516 ], [ 83.781175493758383, 25.933238037116023 ], [ 83.80075724062408, 25.929485898740928 ], [ 83.806973668200499, 25.915817394660216 ], [ 83.797649026835884, 25.902416900463439 ], [ 83.765945246196168, 25.900272821391955 ], [ 83.737971322102311, 25.883656208587951 ], [ 83.721808610403627, 25.856587210310462 ], [ 83.721186967645991, 25.856587210310462 ], [ 83.723051895918914, 25.865967556248208 ], [ 83.724606002813019, 25.868915664971496 ], [ 83.723362717297732, 25.86864765508756 ], [ 83.700983578022644, 25.863823477176723 ], [ 83.645657372592552, 25.900004811508019 ], [ 83.644724908456098, 25.898396752204405 ], [ 83.63073794640917, 25.869451684739367 ], [ 83.595925951981243, 25.884460238239758 ], [ 83.549613566536962, 25.865699546364272 ], [ 83.497084753516276, 25.864091487060659 ], [ 83.481543684575229, 25.839702587622526 ], [ 83.461340294951896, 25.850959002747818 ], [ 83.44548840463203, 25.840238607390397 ], [ 83.424352550872229, 25.848278903908462 ], [ 83.400108483324217, 25.840238607390397 ], [ 83.400419304703036, 25.823353984702457 ], [ 83.384878235762002, 25.821745925398844 ], [ 83.37151291647271, 25.797357025960711 ], [ 83.362499096486914, 25.811025530041423 ], [ 83.34944459857644, 25.812097569577166 ], [ 83.345714742030594, 25.814777668416522 ], [ 83.348201313061153, 25.819065826559488 ], [ 83.35472856201639, 25.820405875979166 ], [ 83.350998705470545, 25.823621994586393 ], [ 83.327687102058988, 25.843990745765492 ], [ 83.315565068284982, 25.83943457773859 ], [ 83.324889709649611, 25.862215417873109 ], [ 83.319916567588479, 25.890892475454212 ], [ 83.347579670303517, 25.901612870811633 ], [ 83.34944459857644, 25.907241078374277 ], [ 83.350066241334076, 25.909653167329697 ], [ 83.351931169606999, 25.914477345240538 ], [ 83.339187493075357, 25.924661720830088 ], [ 83.355039383395209, 25.915281374892345 ], [ 83.358769239941054, 25.926805799901572 ], [ 83.372134559230346, 25.924125701062216 ], [ 83.373999487503269, 25.923589681294345 ], [ 83.374310308882102, 25.926537790017637 ], [ 83.37462113026092, 25.928413859205186 ], [ 83.374931951639738, 25.935382116187508 ], [ 83.34105242134828, 25.953070768527255 ], [ 83.295672500040453, 25.946102511544929 ], [ 83.331106137226016, 26.03132965463643 ], [ 83.318673282073192, 26.035885822663332 ], [ 83.319605746209646, 26.049286316860108 ], [ 83.371823737851528, 26.057058603494237 ], [ 83.359390882698705, 26.0688510383874 ], [ 83.419068587432278, 26.110660580281344 ], [ 83.411608874340573, 26.123257044826314 ], [ 83.422176801220488, 26.133977440183735 ], [ 83.409122303310014, 26.168014695443546 ], [ 83.451083189450799, 26.223224731534266 ], [ 83.466935079770664, 26.275218649017759 ] ] ] } },
{ "type": "Feature", "properties": { "dt_code": "172", "district": "Fatehpur", "st_code": "09", "year": "2011_c", "st_nm": "Uttar Pradesh" }, "geometry": { "type": "Polygon", "coordinates": [ [ [ 80.590283218785146, 26.230997018168395 ], [ 80.591837325679251, 26.229656968748721 ], [ 80.595567182225096, 26.226976869909365 ], [ 80.603959359453256, 26.214380405364395 ], [ 80.591526504300433, 26.177127031497356 ], [ 80.613284000817885, 26.15354216171103 ], [ 80.614838107711989, 26.150594052987739 ], [ 80.616392214606094, 26.150326043103803 ], [ 80.654623244201034, 26.146037884960833 ], [ 80.647163531109342, 26.131297341344379 ], [ 80.670164313142067, 26.103692323299022 ], [ 80.673583348309094, 26.12352505471025 ], [ 80.669853491763249, 26.101548244227537 ], [ 80.721760662026298, 26.075015265717919 ], [ 80.732017767527381, 26.106104412254439 ], [ 80.75191033577191, 26.102620283763279 ], [ 80.769937975743517, 26.079571433744825 ], [ 80.794492864670346, 26.073407206414306 ], [ 80.809723112232561, 26.029989605216752 ], [ 80.82899403771944, 26.01873319009146 ], [ 80.875928065921372, 26.055182534306692 ], [ 80.927835236184421, 26.050358356395851 ], [ 81.001499902964923, 26.078767404093018 ], [ 81.014243579496579, 26.074747255833984 ], [ 81.063353357350252, 26.000240508099907 ], [ 81.118990384159147, 25.969419371447319 ], [ 81.165924412361079, 25.963255144116804 ], [ 81.216277475730024, 25.939938284214413 ], [ 81.219385689518234, 25.865967556248208 ], [ 81.291185428025813, 25.848010894024526 ], [ 81.338430277606562, 25.810757520157487 ], [ 81.308591425239769, 25.770020017799286 ], [ 81.262279039795487, 25.75313539511135 ], [ 81.247048792233272, 25.76144370151335 ], [ 81.226534581231107, 25.715077991592505 ], [ 81.19856065713725, 25.720438189271214 ], [ 81.193898336454936, 25.703017546815406 ], [ 81.204155441956019, 25.684256854939918 ], [ 81.237724150868658, 25.677556607841531 ], [ 81.21534501159357, 25.670856360743141 ], [ 81.207263655744228, 25.597689662428742 ], [ 81.238345793626294, 25.585897227535579 ], [ 81.260414111522564, 25.548107833900669 ], [ 81.247981256369741, 25.515410628060536 ], [ 81.269738752887179, 25.504958242587051 ], [ 81.259792468764928, 25.490217698970596 ], [ 81.234926758459267, 25.484857501291884 ], [ 81.216588297108842, 25.44921218672846 ], [ 81.221250617791156, 25.438491791371039 ], [ 81.199493121273704, 25.44921218672846 ], [ 81.1932766936973, 25.448408157076653 ], [ 81.187681908878517, 25.447872137308782 ], [ 81.191411765424377, 25.45564442394291 ], [ 81.194209157833754, 25.461272631505558 ], [ 81.191722586803195, 25.478157254193498 ], [ 81.188303551636167, 25.490217698970596 ], [ 81.188303551636167, 25.490753718738468 ], [ 81.034446969119927, 25.532831270516343 ], [ 81.031338755331717, 25.53363530016815 ], [ 81.022014113967089, 25.5438196757577 ], [ 81.01952754293653, 25.54623176471312 ], [ 81.020460007072984, 25.546767784480991 ], [ 80.997459225040259, 25.570084644383382 ], [ 81.029784648437612, 25.591525435098227 ], [ 81.036311897392849, 25.621274532215068 ], [ 81.03320368360464, 25.623954631054424 ], [ 81.021703292588271, 25.63494303629578 ], [ 80.95549833889946, 25.608946077554034 ], [ 80.943687126504273, 25.630922888036746 ], [ 80.94182219823135, 25.634675026411845 ], [ 80.945241233398377, 25.681576756100561 ], [ 80.945241233398377, 25.68532889447566 ], [ 80.939957269958427, 25.688008993315016 ], [ 80.934984127897295, 25.690689092154372 ], [ 80.931254271351449, 25.692565161341921 ], [ 80.859143711465052, 25.678360637493338 ], [ 80.838629500462886, 25.724994357298119 ], [ 80.83800785770525, 25.726334406717797 ], [ 80.8373862149476, 25.725798386949926 ], [ 80.777397688835208, 25.688813022966823 ], [ 80.723314768920403, 25.681308746216626 ], [ 80.651515030412824, 25.706501675306566 ], [ 80.573188042950008, 25.717758090431857 ], [ 80.554849581599598, 25.73383868346799 ], [ 80.576917899495868, 25.756887533486445 ], [ 80.575674613980581, 25.779936383504904 ], [ 80.522834979581063, 25.773504146290449 ], [ 80.466887131393335, 25.820941895747037 ], [ 80.466265488635699, 25.822281945166715 ], [ 80.472792737590936, 25.831126271336586 ], [ 80.477144236894418, 25.835950449247427 ], [ 80.50418569685182, 25.837826518434976 ], [ 80.538376048522096, 25.839702587622526 ], [ 80.538686869900914, 25.839970597506461 ], [ 80.54303836920441, 25.845598805069105 ], [ 80.554538760220765, 25.86033934868556 ], [ 80.554538760220765, 25.860875368453431 ], [ 80.553606296084311, 25.86462750682853 ], [ 80.552052189190206, 25.871595763810852 ], [ 80.549254796780815, 25.872399793462659 ], [ 80.41653406802439, 25.91072520686544 ], [ 80.406587783902125, 25.913673315588731 ], [ 80.405966141144475, 25.913405305704796 ], [ 80.394776571506938, 25.910993216749375 ], [ 80.345666793653265, 25.900004811508019 ], [ 80.346288436410902, 25.89812874232047 ], [ 80.346288436410902, 25.89812874232047 ], [ 80.309611513710067, 25.888748396382727 ], [ 80.308057406815962, 25.890356455686341 ], [ 80.268583091705736, 25.932970027232088 ], [ 80.267339806190449, 25.932702017348152 ], [ 80.237190132444852, 25.923589681294345 ], [ 80.236879311066019, 25.923589681294345 ], [ 80.236257668308383, 25.926001770249766 ], [ 80.22910877659551, 25.956018877250543 ], [ 80.213878529033295, 25.967543302259774 ], [ 80.245582309672997, 25.988716083090679 ], [ 80.254285308279989, 26.045266168601074 ], [ 80.312719727498276, 26.072067156994628 ], [ 80.3251525826511, 26.115216748308249 ], [ 80.387316858415232, 26.14282176635361 ], [ 80.403790391492734, 26.162386487880902 ], [ 80.428966923177214, 26.153274151827095 ], [ 80.447616205906456, 26.181951209408197 ], [ 80.469684523802727, 26.18275523906 ], [ 80.475590130000313, 26.173910912890129 ], [ 80.493928591350738, 26.195887723372842 ], [ 80.516929373383462, 26.187579416970841 ], [ 80.536200298870355, 26.197495782676455 ], [ 80.543970833340865, 26.223224731534266 ], [ 80.590283218785146, 26.230997018168395 ] ] ] } },
{ "type": "Feature", "properties": { "dt_code": "193", "district": "Ballia", "st_code": "09", "year": "2011_c", "st_nm": "Uttar Pradesh" }, "geometry": { "type": "Polygon", "coordinates": [ [ [ 83.858880838463548, 26.184095288479678 ], [ 83.864786444661149, 26.181147179756387 ], [ 83.873178621889309, 26.155686240782515 ], [ 83.900220081846712, 26.127545202969284 ], [ 83.906125688044298, 26.122453015174507 ], [ 83.963316821747313, 26.13183336111225 ], [ 83.977303783794241, 26.115216748308249 ], [ 84.015223992010363, 26.114144708772507 ], [ 84.052522557468848, 26.09002381921831 ], [ 84.052833378847666, 26.091363868637988 ], [ 84.055941592635875, 26.100208194807859 ], [ 84.103808084974261, 26.092703918057666 ], [ 84.172499609693631, 26.02462940753804 ], [ 84.170013038663072, 25.987644043554937 ], [ 84.175918644860658, 25.996488369724808 ], [ 84.196432855862824, 25.987912053438873 ], [ 84.207000782742725, 25.999972498215971 ], [ 84.29682816122191, 25.945298481893122 ], [ 84.354019294924925, 25.958698976089899 ], [ 84.411832071385561, 25.930825948160603 ], [ 84.427683961705426, 25.891160485338148 ], [ 84.472442240255603, 25.881780139400401 ], [ 84.489537416090741, 25.888480386498792 ], [ 84.510984091229375, 25.871327753926916 ], [ 84.533984873262099, 25.876151931837757 ], [ 84.543931157384364, 25.858999299265882 ], [ 84.52310612500338, 25.860071338801625 ], [ 84.530565838095072, 25.831662291104458 ], [ 84.548593478066678, 25.828446172497234 ], [ 84.550769227718419, 25.840774627158268 ], [ 84.624744715877739, 25.791996828282002 ], [ 84.623501430362452, 25.771092057335029 ], [ 84.613555146240202, 25.77591623524587 ], [ 84.602987219360287, 25.761979721281222 ], [ 84.629407036560053, 25.743219029405736 ], [ 84.634691, 25.72794246602141 ], [ 84.599879005572092, 25.732230624164377 ], [ 84.599879005572092, 25.732230624164377 ], [ 84.560404690461851, 25.737054802075217 ], [ 84.557296476673656, 25.679700686913016 ], [ 84.535538980156204, 25.690421082270436 ], [ 84.539890479459686, 25.726870426485668 ], [ 84.529011731200967, 25.682648795636304 ], [ 84.499172878834187, 25.674876509002175 ], [ 84.493267272636587, 25.690689092154372 ], [ 84.47057731198268, 25.686936953779274 ], [ 84.453482136147542, 25.714005952056763 ], [ 84.429548889978349, 25.711057843333471 ], [ 84.426751497568958, 25.693101181109789 ], [ 84.406548107945611, 25.69792535902063 ], [ 84.400020858990388, 25.728746495673217 ], [ 84.384168968670522, 25.732230624164377 ], [ 84.391007039004577, 25.744559078825411 ], [ 84.390074574868123, 25.744827088709346 ], [ 84.378263362472936, 25.74402305905754 ], [ 84.37391186316944, 25.74241499975393 ], [ 84.375155148684726, 25.734642713119797 ], [ 84.336613297710954, 25.743219029405736 ], [ 84.323869621179313, 25.67032034097527 ], [ 84.319828943254635, 25.667372232251982 ], [ 84.304287874313601, 25.673804469466432 ], [ 84.287192698478464, 25.676752578189724 ], [ 84.298071446737197, 25.666300192716239 ], [ 84.29993637501012, 25.664692133412625 ], [ 84.295895697085456, 25.663620093876883 ], [ 84.283773663311436, 25.660939995037527 ], [ 84.276313950219745, 25.659331935733913 ], [ 84.222541851683758, 25.667372232251982 ], [ 84.207622425500375, 25.669516311323463 ], [ 84.205757497227452, 25.669784321207398 ], [ 84.198919426893397, 25.702213517163599 ], [ 84.154782791100857, 25.729282515441088 ], [ 84.150431291797361, 25.719366149735471 ], [ 84.129917080795195, 25.717758090431857 ], [ 84.141728293190383, 25.722046248574827 ], [ 84.13986336491746, 25.731694604396505 ], [ 84.089199480169682, 25.713469932288891 ], [ 84.074901696743936, 25.695245260181274 ], [ 84.081428945699173, 25.636551095599394 ], [ 84.017399741662103, 25.614842295000617 ], [ 83.930369755592309, 25.557488179838412 ], [ 83.930369755592309, 25.558024199606283 ], [ 83.930680576971127, 25.588309316490999 ], [ 83.941870146608679, 25.58214508916048 ], [ 83.942491789366315, 25.581877079276545 ], [ 83.942180967987497, 25.583753148464094 ], [ 83.93938357557812, 25.598761701964484 ], [ 83.93627536178991, 25.615646324652424 ], [ 83.920734292848877, 25.634675026411845 ], [ 83.936586183168728, 25.642447313045977 ], [ 83.947154110048629, 25.67514451888611 ], [ 83.962073536232026, 25.684792874707789 ], [ 83.959586965201453, 25.684792874707789 ], [ 83.951505609352125, 25.68532889447566 ], [ 83.95243807348858, 25.702481527047535 ], [ 83.93627536178991, 25.708377744494115 ], [ 83.941248503851043, 25.723654307878441 ], [ 83.959276143822635, 25.72553037706599 ], [ 83.957100394170894, 25.728210475905346 ], [ 83.948086574185098, 25.740002910798509 ], [ 83.94777575280628, 25.74053893056638 ], [ 83.94777575280628, 25.741342960218187 ], [ 83.95305971624623, 25.749383256736252 ], [ 83.949019038321552, 25.752331365459543 ], [ 83.928815648698205, 25.765999869540256 ], [ 83.926329077667646, 25.767875938727805 ], [ 83.926018256288828, 25.767339918959934 ], [ 83.912342115620717, 25.749383256736252 ], [ 83.916071972166563, 25.761175691629415 ], [ 83.882814084632741, 25.764391810236642 ], [ 83.854529339160067, 25.798161055612518 ], [ 83.852042768129493, 25.786100610835419 ], [ 83.833393485400251, 25.793872897469548 ], [ 83.81505502404984, 25.777792304433419 ], [ 83.820338987489791, 25.78663663060329 ], [ 83.799824776487625, 25.812365579461101 ], [ 83.786770278577151, 25.808613441086003 ], [ 83.751025820012771, 25.834074380059878 ], [ 83.747295963466925, 25.854711141122916 ], [ 83.746985142088107, 25.856855220194397 ], [ 83.738282143481129, 25.844526765533363 ], [ 83.735484751071738, 25.841310646926139 ], [ 83.731133251768256, 25.857123230078333 ], [ 83.721808610403627, 25.856587210310462 ], [ 83.737971322102311, 25.883656208587951 ], [ 83.765945246196168, 25.900272821391955 ], [ 83.797649026835884, 25.902416900463439 ], [ 83.806973668200499, 25.915817394660216 ], [ 83.80075724062408, 25.929485898740928 ], [ 83.781175493758383, 25.933238037116023 ], [ 83.788013564092438, 25.976923648197516 ], [ 83.76563442481735, 25.97424354935816 ], [ 83.778999744106642, 25.986303994135259 ], [ 83.775891530318432, 26.000240508099907 ], [ 83.76252621102914, 25.994344290653324 ], [ 83.727403395222396, 26.006672745314361 ], [ 83.70160522078028, 26.008816824385843 ], [ 83.677050331853451, 26.010960903457327 ], [ 83.677361153232269, 26.043390099413529 ], [ 83.687618258733352, 26.059470692449658 ], [ 83.681401831156933, 26.073675216298241 ], [ 83.703470149053203, 26.090559838986181 ], [ 83.705956720083776, 26.09243590817373 ], [ 83.708132469735517, 26.09404396747734 ], [ 83.739525428996416, 26.082519542468113 ], [ 83.742322821405793, 26.090291829102245 ], [ 83.756931426210372, 26.08814775003076 ], [ 83.752890748285694, 26.096456056432761 ], [ 83.764080317923245, 26.092167898289794 ], [ 83.761282925513854, 26.101280234343601 ], [ 83.794851634426493, 26.107444461674117 ], [ 83.805108739927576, 26.133709430299799 ], [ 83.779621386864278, 26.16185046811303 ], [ 83.77868892272781, 26.162654497764837 ], [ 83.806973668200499, 26.179539120452777 ], [ 83.808527775094603, 26.190527525694133 ], [ 83.843961412280166, 26.191599565229875 ], [ 83.858880838463548, 26.184095288479678 ] ] ] } },
{ "type": "Feature", "properties": { "dt_code": "194", "district": "Jaunpur", "st_code": "09", "year": "2011_c", "st_nm": "Uttar Pradesh" }, "geometry": { "type": "Polygon", "coordinates": [ [ [ 82.433764816570687, 26.006404735430422 ], [ 82.476347345469108, 25.999704488332036 ], [ 82.490645128894869, 25.974779569126031 ], [ 82.49282087854661, 25.975851608661774 ], [ 82.506186197835902, 25.989520112742486 ], [ 82.505564555078266, 25.996488369724808 ], [ 82.52017315988283, 26.003992646475005 ], [ 82.502145519911238, 26.016589111019975 ], [ 82.517375767473439, 26.029989605216752 ], [ 82.504010448184161, 26.042050049993851 ], [ 82.457698062739865, 26.044730148833203 ], [ 82.46298202617983, 26.063222830824756 ], [ 82.476347345469108, 26.069655068039207 ], [ 82.435318923464777, 26.098064115736374 ], [ 82.443711100692937, 26.132369380880121 ], [ 82.477279809605577, 26.129421272156833 ], [ 82.486604450970191, 26.144965845425091 ], [ 82.501523877153588, 26.133441420415863 ], [ 82.530741086762731, 26.146305894844769 ], [ 82.567107188084762, 26.131029331460446 ], [ 82.57052622325179, 26.141481716933932 ], [ 82.559958296371875, 26.145769875076898 ], [ 82.573323615661167, 26.148985993684125 ], [ 82.579540043237586, 26.186239367551163 ], [ 82.59725686183036, 26.181147179756387 ], [ 82.598810968724464, 26.199907871631876 ], [ 82.599121790103283, 26.200711901283682 ], [ 82.600054254239751, 26.199371851864004 ], [ 82.623055036272476, 26.170962804166837 ], [ 82.648853210714606, 26.174178922774065 ], [ 82.637663641077054, 26.161046438461224 ], [ 82.655691281048661, 26.164798576836322 ], [ 82.659731958973325, 26.165602606488129 ], [ 82.678692063081385, 26.151398082639545 ], [ 82.678692063081385, 26.151398082639545 ], [ 82.674340563777889, 26.147377934380511 ], [ 82.665637565170911, 26.14282176635361 ], [ 82.665948386549729, 26.138801618094575 ], [ 82.666259207928562, 26.135853509371284 ], [ 82.667502493443834, 26.123257044826314 ], [ 82.68024616997549, 26.116556797727927 ], [ 82.683043562384881, 26.102352273879344 ], [ 82.683665205142518, 26.098868145388181 ], [ 82.706665987175242, 26.094847997129147 ], [ 82.69703052443181, 26.06724297908379 ], [ 82.712571593372843, 26.050626366279786 ], [ 82.698584631325915, 26.040173980806301 ], [ 82.721896234737457, 26.035617812779396 ], [ 82.703246952008215, 26.02462940753804 ], [ 82.731220876102086, 26.025433437189847 ], [ 82.725936912662135, 25.991664191813971 ], [ 82.772870940864053, 25.896252673132921 ], [ 82.754532479513628, 25.83702248878317 ], [ 82.785614617395709, 25.82683811319362 ], [ 82.808615399428433, 25.805933342246647 ], [ 82.806128828397874, 25.788512699790839 ], [ 82.822291540096543, 25.78234847246032 ], [ 82.825399753884753, 25.769752007915351 ], [ 82.899375242044073, 25.774844195710127 ], [ 82.929214094410867, 25.757423553254316 ], [ 82.923930130970916, 25.732498634048312 ], [ 82.982053728810385, 25.680236706680887 ], [ 82.998527261887872, 25.684256854939918 ], [ 83.009095188767787, 25.715077991592505 ], [ 83.032717613558148, 25.697657349136694 ], [ 83.043907183195699, 25.701677497395728 ], [ 83.04079896940749, 25.691493121806179 ], [ 83.056340038348523, 25.683452825288111 ], [ 83.078719177623611, 25.682112775868433 ], [ 83.061934823167292, 25.659599945617849 ], [ 83.066286322470788, 25.652363678751591 ], [ 83.064732215576683, 25.626902739777716 ], [ 83.076854249350689, 25.615646324652424 ], [ 83.066597143849606, 25.595277573473322 ], [ 83.086178890715317, 25.59072140544642 ], [ 83.090219568639981, 25.573568772874545 ], [ 83.076232606593052, 25.56311638740106 ], [ 83.070327000395451, 25.551323952507897 ], [ 83.071881107289556, 25.548107833900669 ], [ 83.067840429364892, 25.554540071115124 ], [ 83.060380716273201, 25.550787932740025 ], [ 83.048569503878014, 25.541943606570154 ], [ 83.046393754226258, 25.544623705409506 ], [ 83.024636257708821, 25.572228723454867 ], [ 83.020906401162961, 25.576784891481772 ], [ 83.001635475676082, 25.556148130418734 ], [ 83.010027652904242, 25.548911863552476 ], [ 82.977702229506889, 25.556684150186605 ], [ 82.955633911610619, 25.525863013534021 ], [ 82.955323090231801, 25.525595003650086 ], [ 82.941957770942508, 25.532295250748472 ], [ 82.932943950956712, 25.567404545544029 ], [ 82.874509531738425, 25.566868525776158 ], [ 82.86704981864672, 25.580001010088999 ], [ 82.855238606251532, 25.56311638740106 ], [ 82.836278502143472, 25.568208575195833 ], [ 82.837521787658758, 25.554808080999059 ], [ 82.827264682157676, 25.549447883320347 ], [ 82.7930743304874, 25.553200021695446 ], [ 82.779087368440472, 25.529347142025184 ], [ 82.740234696087882, 25.546499774597056 ], [ 82.733396625753826, 25.544355695525571 ], [ 82.716301449918689, 25.532027240864537 ], [ 82.715679807161052, 25.53122321121273 ], [ 82.725315269904485, 25.502814163515566 ], [ 82.71008502234227, 25.483517451872206 ], [ 82.738369767814959, 25.46663282918427 ], [ 82.706355165796424, 25.457788503014395 ], [ 82.703557773387047, 25.447604127424846 ], [ 82.720342127843352, 25.431791544272649 ], [ 82.683976026521336, 25.421339158799164 ], [ 82.693300667885964, 25.394002150637739 ], [ 82.692989846507132, 25.394002150637739 ], [ 82.672786456883784, 25.399630358200387 ], [ 82.669367421716771, 25.400434387852194 ], [ 82.669056600337939, 25.400434387852194 ], [ 82.61994682248428, 25.394002150637739 ], [ 82.619636001105448, 25.393734140753804 ], [ 82.621500929378371, 25.403382496575485 ], [ 82.639528569349977, 25.404454536111228 ], [ 82.601297539755038, 25.413298862281099 ], [ 82.602851646649142, 25.41571095123652 ], [ 82.612487109392575, 25.433667613460198 ], [ 82.61404121628668, 25.436347712299554 ], [ 82.612487109392575, 25.441171890210395 ], [ 82.607203145952624, 25.449748206496331 ], [ 82.601919182512674, 25.450552236148138 ], [ 82.585134828056354, 25.44921218672846 ], [ 82.582959078404613, 25.421607168683099 ], [ 82.577053472207012, 25.418123040191936 ], [ 82.576742650828194, 25.414906921584713 ], [ 82.575499365312908, 25.417319010540133 ], [ 82.564309795675371, 25.44492402858549 ], [ 82.55902583223542, 25.45752049313046 ], [ 82.544417227430841, 25.458860542550138 ], [ 82.557471725341316, 25.445192038469425 ], [ 82.549079548113156, 25.43661572218349 ], [ 82.516754124715803, 25.441707909978266 ], [ 82.503699626805329, 25.474137105934464 ], [ 82.470130917892703, 25.47011695767543 ], [ 82.470130917892703, 25.470384967559365 ], [ 82.465779418589207, 25.478425264077433 ], [ 82.480077202014968, 25.487269590247305 ], [ 82.449616706890538, 25.495577896649305 ], [ 82.443400279314119, 25.517554707132021 ], [ 82.428170031751904, 25.516214657712343 ], [ 82.424750996584876, 25.515678637944472 ], [ 82.412628962810871, 25.495309886765369 ], [ 82.397087893869838, 25.519430776319567 ], [ 82.356681114623143, 25.508978390846082 ], [ 82.335856082242159, 25.536583408891442 ], [ 82.329639654665741, 25.533367290284215 ], [ 82.326531440877545, 25.541139576918347 ], [ 82.325909798119895, 25.543015646105893 ], [ 82.322179941574049, 25.542747636221961 ], [ 82.290476160934332, 25.541675596686218 ], [ 82.290165339555514, 25.54221161645409 ], [ 82.26405634373458, 25.565260466472544 ], [ 82.250691024445288, 25.560972308329575 ], [ 82.246028703762988, 25.580001010088999 ], [ 82.246028703762988, 25.58053702985687 ], [ 82.223960385866718, 25.589381356026742 ], [ 82.205000281758643, 25.573300762990609 ], [ 82.201892067970448, 25.584289168231965 ], [ 82.185729356271764, 25.577320911249643 ], [ 82.171431572846018, 25.598225682196613 ], [ 82.154647218389698, 25.600905781035969 ], [ 82.122632616371163, 25.644859402001394 ], [ 82.145633398403902, 25.650755619447978 ], [ 82.138484506691015, 25.654775767707012 ], [ 82.151539004601489, 25.67273242993069 ], [ 82.163350216996676, 25.680236706680887 ], [ 82.16739089492134, 25.694977250297338 ], [ 82.169566644573095, 25.703821576467213 ], [ 82.169877465951913, 25.703821576467213 ], [ 82.187905105923505, 25.707841724726244 ], [ 82.196918925909316, 25.742146989869994 ], [ 82.187905105923505, 25.760371661977608 ], [ 82.198162211424588, 25.766803899192062 ], [ 82.169877465951913, 25.790388768978389 ], [ 82.18417524937766, 25.80164518410368 ], [ 82.178580464558891, 25.826570103309685 ], [ 82.208108495546853, 25.820673885863101 ], [ 82.218054779669117, 25.840238607390397 ], [ 82.248204453414729, 25.8327343306402 ], [ 82.267475378901608, 25.846670844604848 ], [ 82.279597412675614, 25.842918706229753 ], [ 82.295760124374297, 25.86864765508756 ], [ 82.295760124374297, 25.89223252487389 ], [ 82.332437047075132, 25.898932771972277 ], [ 82.345491544985606, 25.915013365008409 ], [ 82.35481618635022, 25.905096999302792 ], [ 82.370046433912435, 25.916621424312023 ], [ 82.393358037323992, 25.909385157445762 ], [ 82.384965860095832, 25.919837542919247 ], [ 82.390871466293419, 25.933238037116023 ], [ 82.36383000633603, 25.938062215026864 ], [ 82.361032613926639, 25.94074231386622 ], [ 82.353572900834934, 25.947978580732478 ], [ 82.344248259470319, 25.956554897018414 ], [ 82.346734830500878, 25.957626936554156 ], [ 82.359167685653716, 25.96164708481319 ], [ 82.368803148397149, 25.982283845876225 ], [ 82.403925964203893, 25.973439519706353 ], [ 82.425061817963694, 25.984963944715581 ], [ 82.426615924857799, 25.982283845876225 ], [ 82.429413317267191, 25.983355885411967 ], [ 82.429413317267191, 25.988180063322808 ], [ 82.429413317267191, 25.999972498215971 ], [ 82.429413317267191, 26.006672745314361 ], [ 82.429413317267191, 26.006940755198293 ], [ 82.433764816570687, 26.006404735430422 ] ] ] } },
{ "type": "Feature", "properties": { "dt_code": "166", "district": "Jhansi", "st_code": "09", "year": "2011_c", "st_nm": "Uttar Pradesh" }, "geometry": { "type": "Polygon", "coordinates": [ [ [ 78.937335126216709, 25.952534748759383 ], [ 78.969038906856412, 25.935650126071444 ], [ 78.977120262705753, 25.9466385313128 ], [ 79.082488710125972, 25.919033513267443 ], [ 79.079380496337762, 25.904560979534924 ], [ 79.055447250168569, 25.907241078374277 ], [ 79.052649857759178, 25.89223252487389 ], [ 79.031514003999376, 25.904024959767053 ], [ 79.033068110893481, 25.885800287659436 ], [ 79.043325216394564, 25.879368050444985 ], [ 79.038352074333432, 25.868111635319693 ], [ 79.072231604624889, 25.860071338801625 ], [ 79.075339818413099, 25.861947407989174 ], [ 79.07751556806484, 25.890088445802405 ], [ 79.105178670779878, 25.891160485338148 ], [ 79.107354420431633, 25.891160485338148 ], [ 79.096164850794082, 25.862483427757045 ], [ 79.105800313537529, 25.855247160890787 ], [ 79.126625345918512, 25.863823477176723 ], [ 79.115124954902143, 25.8244260242382 ], [ 79.134706701767854, 25.809417470737809 ], [ 79.163923911376997, 25.812097569577166 ], [ 79.210857939578915, 25.788780709674775 ], [ 79.242250898839814, 25.806469362014518 ], [ 79.263075931220797, 25.789316729442646 ], [ 79.292603962208759, 25.820405875979166 ], [ 79.302550246331023, 25.800841154451874 ], [ 79.290428212557018, 25.796284986424968 ], [ 79.291360676693472, 25.785028571299677 ], [ 79.323996921469643, 25.766535889308127 ], [ 79.353214131078801, 25.790656778862324 ], [ 79.388026125506713, 25.789584739326582 ], [ 79.397661588250159, 25.789048719558711 ], [ 79.401702266174823, 25.789048719558711 ], [ 79.394864195840768, 25.779400363737032 ], [ 79.391755982052558, 25.774844195710127 ], [ 79.390201875158454, 25.772968126522578 ], [ 79.361917129685779, 25.769752007915351 ], [ 79.375282448975071, 25.762515741049093 ], [ 79.376525734490343, 25.744559078825411 ], [ 79.399526516523082, 25.73812684161096 ], [ 79.398904873765431, 25.737590821843089 ], [ 79.370620128292757, 25.715077991592505 ], [ 79.368755200019834, 25.700873467743921 ], [ 79.387404482749076, 25.683184815404175 ], [ 79.379012305520916, 25.663352083992947 ], [ 79.384607090339685, 25.659867955501785 ], [ 79.403567194447746, 25.650487609564042 ], [ 79.400148159280718, 25.650755619447978 ], [ 79.366579450368079, 25.652899698519462 ], [ 79.355389880730542, 25.643787362465652 ], [ 79.374971627596238, 25.621542542099004 ], [ 79.369066021398652, 25.602781850223518 ], [ 79.385850375854972, 25.576248871713901 ], [ 79.419419084767597, 25.576248871713901 ], [ 79.417554156494674, 25.575176832178158 ], [ 79.406053765478319, 25.568476585079768 ], [ 79.397972409628977, 25.563652407168931 ], [ 79.411026907539437, 25.538995497846862 ], [ 79.410405264781801, 25.538191468195055 ], [ 79.411026907539437, 25.537387438543249 ], [ 79.393931731704299, 25.519162766435631 ], [ 79.393931731704299, 25.519162766435631 ], [ 79.38616119723379, 25.510854460033631 ], [ 79.362227951064597, 25.48512551117582 ], [ 79.362227951064597, 25.48512551117582 ], [ 79.366890271746911, 25.460200591969816 ], [ 79.332699920076635, 25.433667613460198 ], [ 79.340159633168327, 25.402310457039743 ], [ 79.340159633168327, 25.402042447155807 ], [ 79.323064457333189, 25.401238417504 ], [ 79.298820389785178, 25.377117527949803 ], [ 79.297266282891073, 25.373365389574705 ], [ 79.280171107055935, 25.323783561046632 ], [ 79.278927821540648, 25.324051570930568 ], [ 79.262765109841979, 25.273397702866752 ], [ 79.279549464298285, 25.243112585982036 ], [ 79.283900963601781, 25.192994737686092 ], [ 79.284833427738249, 25.192190708034289 ], [ 79.292293140829941, 25.184150411516221 ], [ 79.304725995982764, 25.180398273141122 ], [ 79.304415174603946, 25.178254194069641 ], [ 79.320888707681448, 25.152257235327895 ], [ 79.322753635954371, 25.149309126604603 ], [ 79.306901745634505, 25.12920838530944 ], [ 79.28638753463234, 25.131084454496985 ], [ 79.282968499465312, 25.117415950416273 ], [ 79.259967717432588, 25.125188237050406 ], [ 79.268981537418384, 25.138320721363247 ], [ 79.260589360190224, 25.153061264979701 ], [ 79.245048291249191, 25.113663812041178 ], [ 79.227331472656417, 25.121704108559243 ], [ 79.214898617503593, 25.111251723085758 ], [ 79.204330690623678, 25.13992878066686 ], [ 79.192208656849672, 25.146361017881311 ], [ 79.176045945151003, 25.13992878066686 ], [ 79.185992229273268, 25.115003861460856 ], [ 79.130976845221994, 25.109375653898208 ], [ 79.123517132130303, 25.115539881228727 ], [ 79.132220130737281, 25.12733231612189 ], [ 79.116057419038611, 25.13992878066686 ], [ 79.126003703160862, 25.161369571381702 ], [ 79.095854029415264, 25.175038075462414 ], [ 79.090570065975314, 25.191118668498547 ], [ 79.050784929486255, 25.134300573104213 ], [ 79.03089236124174, 25.138320721363247 ], [ 79.039906181227536, 25.171285937087315 ], [ 79.03089236124174, 25.184954441168028 ], [ 79.05233903638036, 25.207735281302547 ], [ 79.048609179834514, 25.193798767337899 ], [ 79.059487928093233, 25.190582648730675 ], [ 79.063528606017911, 25.221939805151131 ], [ 79.033378932272299, 25.234000249928229 ], [ 79.039906181227536, 25.242844576098101 ], [ 79.022189362634762, 25.241236516794491 ], [ 79.022189362634762, 25.241772536562362 ], [ 79.02187854125593, 25.241772536562362 ], [ 79.02250018401358, 25.264553376696881 ], [ 79.017837863331266, 25.269377554607718 ], [ 78.994526259919709, 25.273129692982817 ], [ 78.976187798569299, 25.240164477258748 ], [ 79.001053508874946, 25.233732240044294 ], [ 79.006026650936079, 25.195138816757577 ], [ 78.96157919376472, 25.215239558052744 ], [ 78.941686625520191, 25.212827469097324 ], [ 78.930497055882654, 25.207199261534676 ], [ 78.90905038074402, 25.179594243489319 ], [ 78.902833953167615, 25.170481907435509 ], [ 78.90065820351586, 25.169141858015831 ], [ 78.880454813892527, 25.157617433006603 ], [ 78.870508529770262, 25.187098520239513 ], [ 78.89071191939361, 25.214435528400937 ], [ 78.87081935114908, 25.230248111553131 ], [ 78.869576065633794, 25.231052141204938 ], [ 78.871130172527899, 25.234268259812165 ], [ 78.880765635271345, 25.25383298133946 ], [ 78.880765635271345, 25.254100991223396 ], [ 78.881076456650163, 25.254100991223396 ], [ 78.899725739379406, 25.243112585982036 ], [ 78.917131736593362, 25.273665712750688 ], [ 78.945105660687219, 25.259461188902105 ], [ 78.954741123430665, 25.261337258089654 ], [ 78.955362766188301, 25.282778048804495 ], [ 78.979917655115145, 25.2790259104294 ], [ 78.957538515840056, 25.302342770331791 ], [ 78.960646729628266, 25.344956341877538 ], [ 78.928010484852081, 25.324051570930568 ], [ 78.932361984155577, 25.335844005823731 ], [ 78.922415700033312, 25.342812262806056 ], [ 78.911847773153411, 25.332627887216503 ], [ 78.882008920786632, 25.34361629245786 ], [ 78.881387278028981, 25.324855600582374 ], [ 78.867711137360871, 25.325659630234181 ], [ 78.862737995299739, 25.314403215108889 ], [ 78.874549207694926, 25.308775007546242 ], [ 78.879833171134877, 25.285726157527787 ], [ 78.866467851845584, 25.280365959849075 ], [ 78.849683497389279, 25.228908062133456 ], [ 78.809587539521402, 25.270449594143461 ], [ 78.818601359507198, 25.298858641840628 ], [ 78.828547643629463, 25.302610780215726 ], [ 78.817047252613094, 25.306630928474757 ], [ 78.798708791262683, 25.28921028601895 ], [ 78.78783004300395, 25.295910533117336 ], [ 78.798087148505033, 25.313867195341018 ], [ 78.819223002264849, 25.306898938358692 ], [ 78.842534605676391, 25.336648035475537 ], [ 78.846264462222251, 25.326999679653859 ], [ 78.845642819464601, 25.355676737234958 ], [ 78.880143992513695, 25.385961854119675 ], [ 78.913712701426334, 25.384353794816061 ], [ 78.917753379350998, 25.396146229709224 ], [ 78.95318701653656, 25.400166377968258 ], [ 78.957538515840056, 25.393734140753804 ], [ 78.938267590353163, 25.374705438994383 ], [ 78.915888451078075, 25.381405686092769 ], [ 78.896306704212378, 25.374169419226511 ], [ 78.901279846273511, 25.361572954681542 ], [ 78.938578411731996, 25.347100420949022 ], [ 78.959092622734161, 25.371489320387155 ], [ 78.975255334432831, 25.366129122708447 ], [ 78.989242296479759, 25.374169419226511 ], [ 78.96997137099288, 25.389982002378709 ], [ 78.976187798569299, 25.419999109379486 ], [ 78.967173978583489, 25.434471643112005 ], [ 78.951011266884819, 25.440635870442524 ], [ 78.938267590353163, 25.422143188450971 ], [ 78.908739559365202, 25.442511939630073 ], [ 78.936091840701422, 25.461540641389494 ], [ 78.943240732414296, 25.48083735303285 ], [ 78.926767199336808, 25.489949689086661 ], [ 78.942308268277841, 25.492093768158146 ], [ 78.919929129002753, 25.515142618176601 ], [ 78.920239950381571, 25.515410628060536 ], [ 78.952876195157742, 25.537655448427184 ], [ 78.9401325186261, 25.555880120534798 ], [ 78.938267590353163, 25.555880120534798 ], [ 78.923348164169781, 25.536047389123571 ], [ 78.911226130395775, 25.555076090882991 ], [ 78.882630563544268, 25.554004051347253 ], [ 78.874238386316108, 25.540871567034412 ], [ 78.886360420090114, 25.532295250748472 ], [ 78.884495491817191, 25.515678637944472 ], [ 78.8350748925847, 25.505762272238854 ], [ 78.866157030466766, 25.465560789648528 ], [ 78.844088712570496, 25.427771396013618 ], [ 78.820777109158954, 25.438759801254974 ], [ 78.854967460829229, 25.447604127424846 ], [ 78.8350748925847, 25.454840394291104 ], [ 78.840980498782287, 25.461540641389494 ], [ 78.820466287780121, 25.467704868720013 ], [ 78.809276718142584, 25.453500344871429 ], [ 78.81829053812838, 25.471725016979043 ], [ 78.79155989954981, 25.483517451872206 ], [ 78.767937474759435, 25.469312928023623 ], [ 78.747734085136088, 25.484321481524013 ], [ 78.744936692726696, 25.499330035024403 ], [ 78.738098622392641, 25.494773866997498 ], [ 78.732193016195055, 25.45752049313046 ], [ 78.752396405818402, 25.446800097773039 ], [ 78.762342689940652, 25.426967366361811 ], [ 78.803060290566165, 25.437151741951361 ], [ 78.82139875191659, 25.422411198334906 ], [ 78.748355727893724, 25.409814733789936 ], [ 78.748355727893724, 25.391590061682322 ], [ 78.767937474759435, 25.399898368084322 ], [ 78.757058726500702, 25.385425834351803 ], [ 78.773843080957022, 25.376045488414061 ], [ 78.76576172510768, 25.369077231431735 ], [ 78.77477554509349, 25.352996638395606 ], [ 78.726598231376272, 25.343348282573924 ], [ 78.709503055541134, 25.351388579091992 ], [ 78.714787018981099, 25.373097379690769 ], [ 78.660082456308643, 25.38381777504819 ], [ 78.665677241127426, 25.415442941352584 ], [ 78.674380239734404, 25.399898368084322 ], [ 78.711367983814071, 25.428039405897554 ], [ 78.688988844538969, 25.445728058237297 ], [ 78.682150774204914, 25.433399603576262 ], [ 78.658217528035721, 25.440903880326459 ], [ 78.641122352200583, 25.433399603576262 ], [ 78.644852208746443, 25.414638911700777 ], [ 78.635216746002996, 25.400702397736129 ], [ 78.610661857076167, 25.415978961120455 ], [ 78.591390931589274, 25.385961854119675 ], [ 78.566525221283626, 25.390786032030515 ], [ 78.561862900601312, 25.378457577369481 ], [ 78.577714790921164, 25.381673695976705 ], [ 78.58735025366461, 25.372561359922898 ], [ 78.584863682634037, 25.346832411065087 ], [ 78.56217372198013, 25.340936193618507 ], [ 78.552538259236684, 25.355944747118894 ], [ 78.529537477203959, 25.353264648279541 ], [ 78.553159901994334, 25.319763412787598 ], [ 78.532956512370987, 25.301002720912113 ], [ 78.510266551717081, 25.295374513349465 ], [ 78.498144517943075, 25.320031422671534 ], [ 78.472967986258595, 25.285458147643851 ], [ 78.454007882150535, 25.301002720912113 ], [ 78.453075418014066, 25.300466701144241 ], [ 78.435358599421292, 25.284654117992044 ], [ 78.435047778042474, 25.284386108108109 ], [ 78.450588846983507, 25.262141287741461 ], [ 78.503428481383025, 25.289478295902885 ], [ 78.512442301368822, 25.27661382147398 ], [ 78.5317132268557, 25.283850088340238 ], [ 78.534510619265092, 25.26803750518804 ], [ 78.578025612299982, 25.253296961571589 ], [ 78.555646473024893, 25.209075330722225 ], [ 78.559065508191921, 25.212559459213388 ], [ 78.537308011674483, 25.184150411516221 ], [ 78.450899668362325, 25.124384207398599 ], [ 78.446858990437661, 25.121704108559243 ], [ 78.446548169058829, 25.122240128327114 ], [ 78.42727724357195, 25.153865294631508 ], [ 78.447791454574116, 25.152793255095766 ], [ 78.458359381454017, 25.164585689988929 ], [ 78.423547387026105, 25.169409867899766 ], [ 78.416709316692049, 25.18361439174835 ], [ 78.395262641553416, 25.187902549891319 ], [ 78.391221963628752, 25.201303044088096 ], [ 78.392465249144038, 25.201839063855967 ], [ 78.391843606386388, 25.205859212114998 ], [ 78.390911142249934, 25.206395231882869 ], [ 78.410803710494449, 25.212559459213388 ], [ 78.359829004367867, 25.242308556330229 ], [ 78.372572680899509, 25.259997208669976 ], [ 78.350193541624421, 25.277417851125787 ], [ 78.354545040927903, 25.292158394742238 ], [ 78.311651690650649, 25.303414809867533 ], [ 78.343666292669184, 25.328339729073537 ], [ 78.327503580970514, 25.35272862851167 ], [ 78.30077294239193, 25.360232905261864 ], [ 78.302637870664853, 25.365861112824511 ], [ 78.306989369968349, 25.378725587253417 ], [ 78.310097583756544, 25.380601656440962 ], [ 78.316935654090599, 25.378725587253417 ], [ 78.340558078880974, 25.399630358200387 ], [ 78.341179721638625, 25.416246971004391 ], [ 78.339936436123338, 25.415978961120455 ], [ 78.33962561474452, 25.415978961120455 ], [ 78.339314793365702, 25.424823287290327 ], [ 78.33900397198687, 25.430987514620842 ], [ 78.340247257502156, 25.432863583808391 ], [ 78.342733828532729, 25.431523534388713 ], [ 78.355166683685553, 25.45162427568388 ], [ 78.363558860913713, 25.445996068121232 ], [ 78.373815966414796, 25.439295821022846 ], [ 78.394951820174597, 25.444119998933683 ], [ 78.416398495313231, 25.476549194889884 ], [ 78.431317921496614, 25.473601086166592 ], [ 78.416709316692049, 25.501742123979824 ], [ 78.428831350466055, 25.511658489685438 ], [ 78.420128351859077, 25.53122321121273 ], [ 78.434115313906005, 25.551591962391832 ], [ 78.44934556146822, 25.573300762990609 ], [ 78.451521311119961, 25.571960713570931 ], [ 78.446548169058829, 25.561508328097446 ], [ 78.464575809030435, 25.545427735061313 ], [ 78.466751558682176, 25.559364249025961 ], [ 78.493482197260761, 25.578660960669321 ], [ 78.587661075043428, 25.556684150186605 ], [ 78.618121570167858, 25.583753148464094 ], [ 78.619054034304312, 25.583217128696223 ], [ 78.6308652466995, 25.578928970553257 ], [ 78.624337997744277, 25.567404545544029 ], [ 78.658217528035721, 25.559900268793832 ], [ 78.678731739037886, 25.585361207767708 ], [ 78.717273590011658, 25.605193939178939 ], [ 78.742139300317319, 25.596885632776935 ], [ 78.810520003657871, 25.620470502563261 ], [ 78.816736431234276, 25.676216558421853 ], [ 78.795600577474474, 25.696853319484887 ], [ 78.799952076777956, 25.705161625886888 ], [ 78.763275154077121, 25.719902169503342 ], [ 78.753018048576038, 25.750991316039865 ], [ 78.782856900942818, 25.758227582906123 ], [ 78.808344254006116, 25.800841154451874 ], [ 78.828858465008281, 25.795480956773162 ], [ 78.827926000871827, 25.814509658532586 ], [ 78.814249860203716, 25.807005381782389 ], [ 78.805546861596738, 25.813437618996844 ], [ 78.81829053812838, 25.829250202149041 ], [ 78.843777891191678, 25.823353984702457 ], [ 78.850615961525733, 25.811293539925359 ], [ 78.852480889798656, 25.856587210310462 ], [ 78.864602923572662, 25.871595763810852 ], [ 78.870197708391444, 25.872131783578723 ], [ 78.877657421483136, 25.873203823114466 ], [ 78.888846991120687, 25.874275862650208 ], [ 78.895063418697092, 25.895180633597178 ], [ 78.885427955953645, 25.912601276052989 ], [ 78.884495491817191, 25.913941325472667 ], [ 78.926767199336808, 25.946906541196736 ], [ 78.938267590353163, 25.942886392937702 ], [ 78.937024304837891, 25.952802758643319 ], [ 78.937335126216709, 25.952534748759383 ] ] ] } },
{ "type": "Feature", "properties": { "dt_code": "170", "district": "Banda", "st_code": "09", "year": "2011_c", "st_nm": "Uttar Pradesh" }, "geometry": { "type": "Polygon", "coordinates": [ [ [ 80.346288436410902, 25.89812874232047 ], [ 80.346288436410902, 25.89812874232047 ], [ 80.345666793653265, 25.900004811508019 ], [ 80.394776571506938, 25.910993216749375 ], [ 80.405966141144475, 25.913405305704796 ], [ 80.406587783902125, 25.913673315588731 ], [ 80.41653406802439, 25.91072520686544 ], [ 80.549254796780815, 25.872399793462659 ], [ 80.552052189190206, 25.871595763810852 ], [ 80.553606296084311, 25.86462750682853 ], [ 80.554538760220765, 25.860875368453431 ], [ 80.554538760220765, 25.86033934868556 ], [ 80.54303836920441, 25.845598805069105 ], [ 80.538686869900914, 25.839970597506461 ], [ 80.538376048522096, 25.839702587622526 ], [ 80.50418569685182, 25.837826518434976 ], [ 80.477144236894418, 25.835950449247427 ], [ 80.472792737590936, 25.831126271336586 ], [ 80.466265488635699, 25.822281945166715 ], [ 80.466887131393335, 25.820941895747037 ], [ 80.522834979581063, 25.773504146290449 ], [ 80.575674613980581, 25.779936383504904 ], [ 80.576917899495868, 25.756887533486445 ], [ 80.554849581599598, 25.73383868346799 ], [ 80.573188042950008, 25.717758090431857 ], [ 80.651515030412824, 25.706501675306566 ], [ 80.723314768920403, 25.681308746216626 ], [ 80.777397688835208, 25.688813022966823 ], [ 80.8373862149476, 25.725798386949926 ], [ 80.83800785770525, 25.726334406717797 ], [ 80.838629500462886, 25.724994357298119 ], [ 80.859143711465052, 25.678360637493338 ], [ 80.931254271351449, 25.692565161341921 ], [ 80.934984127897295, 25.690689092154372 ], [ 80.939957269958427, 25.688008993315016 ], [ 80.945241233398377, 25.68532889447566 ], [ 80.945241233398377, 25.681576756100561 ], [ 80.94182219823135, 25.634675026411845 ], [ 80.943687126504273, 25.630922888036746 ], [ 80.95549833889946, 25.608946077554034 ], [ 81.021703292588271, 25.63494303629578 ], [ 81.03320368360464, 25.623954631054424 ], [ 81.036311897392849, 25.621274532215068 ], [ 81.029784648437612, 25.591525435098227 ], [ 80.997459225040259, 25.570084644383382 ], [ 81.020460007072984, 25.546767784480991 ], [ 81.01952754293653, 25.54623176471312 ], [ 81.004918938131951, 25.535779379239635 ], [ 81.024500684997662, 25.505494262354922 ], [ 80.9949726540097, 25.485393521059756 ], [ 80.994661832630868, 25.475477155354142 ], [ 80.978499120932199, 25.474137105934464 ], [ 80.978499120932199, 25.462344671041301 ], [ 80.978499120932199, 25.462076661157365 ], [ 80.940889734094895, 25.46824088848788 ], [ 80.925970307911498, 25.439295821022846 ], [ 80.902658704499942, 25.439295821022846 ], [ 80.903280347257592, 25.429379455317232 ], [ 80.882455314876609, 25.415174931468648 ], [ 80.884009421770699, 25.400434387852194 ], [ 80.870954923860239, 25.398558318664644 ], [ 80.864116853526184, 25.374437429110447 ], [ 80.836453750811145, 25.35031653955625 ], [ 80.770248797122335, 25.330215798261086 ], [ 80.755951013696574, 25.319227393019727 ], [ 80.752531978529547, 25.29751859242095 ], [ 80.728287910981535, 25.278757900545465 ], [ 80.714611770313425, 25.290550335438628 ], [ 80.691921809659519, 25.269377554607718 ], [ 80.688191953113673, 25.220599755731453 ], [ 80.694408380690078, 25.208271301070418 ], [ 80.704665486191161, 25.213095478981259 ], [ 80.711192735146398, 25.204251152811388 ], [ 80.714922591692243, 25.162173601033508 ], [ 80.693475916553624, 25.155741363819054 ], [ 80.685083739325464, 25.132424503916663 ], [ 80.685394560704282, 25.131352464380921 ], [ 80.695030023447728, 25.102407396915886 ], [ 80.715544234449894, 25.09141899167453 ], [ 80.695651666205364, 25.081770635852848 ], [ 80.695962487584183, 25.081502625968913 ], [ 80.715233413071076, 25.065154023048848 ], [ 80.713368484798139, 25.060865864905878 ], [ 80.679488954506695, 25.048537410244844 ], [ 80.674204991066745, 25.060597855021943 ], [ 80.684772917946646, 25.076946457942011 ], [ 80.672961705551458, 25.082574665504655 ], [ 80.661772135913907, 25.067566112004265 ], [ 80.65897474350453, 25.083378695156462 ], [ 80.641568746290559, 25.091955011442401 ], [ 80.640325460775287, 25.092491031210269 ], [ 80.636284782850609, 25.089542922486981 ], [ 80.62540603459189, 25.08471874457614 ], [ 80.607378394620284, 25.098119238772917 ], [ 80.63379821182005, 25.114199831809049 ], [ 80.635663140092973, 25.115271871344792 ], [ 80.638149711123532, 25.11661192076447 ], [ 80.635352318714155, 25.122240128327114 ], [ 80.630379176653022, 25.131084454496985 ], [ 80.628825069758918, 25.133496543452406 ], [ 80.626649320107177, 25.132692513800599 ], [ 80.611419072544962, 25.127868335889762 ], [ 80.607378394620284, 25.146897037649182 ], [ 80.606445930483829, 25.150381166140345 ], [ 80.605513466347361, 25.147969077184925 ], [ 80.59494553946746, 25.12733231612189 ], [ 80.607067573241466, 25.117951970184144 ], [ 80.597432110498033, 25.113931821925114 ], [ 80.592458968436901, 25.090078942254852 ], [ 80.59805375325567, 25.079358546897431 ], [ 80.606756751862648, 25.086862823647625 ], [ 80.613284000817885, 25.065690042816719 ], [ 80.568525722267708, 25.086862823647625 ], [ 80.56510668710068, 25.071586260263299 ], [ 80.562309294691289, 25.06971019107575 ], [ 80.547079047129074, 25.064886013164912 ], [ 80.52563237199044, 25.074266359102655 ], [ 80.521902515444594, 25.076142428290204 ], [ 80.521280872686958, 25.078018497477753 ], [ 80.514753623731721, 25.095171130049625 ], [ 80.514131980974085, 25.096779189353239 ], [ 80.500145018927157, 25.096511179469303 ], [ 80.484603949986109, 25.096511179469303 ], [ 80.479630807924991, 25.096243169585367 ], [ 80.506672267882379, 25.083914714924333 ], [ 80.496415162381297, 25.072926309682977 ], [ 80.509158838912953, 25.058721785834393 ], [ 80.500455840305975, 25.041569153262522 ], [ 80.54614658299262, 25.032456817208711 ], [ 80.549565618159647, 25.002439710207934 ], [ 80.499212554790688, 25.006191848583029 ], [ 80.477144236894418, 24.976174741582252 ], [ 80.456319204513434, 24.98153493926096 ], [ 80.462846453468671, 25.001903690440063 ], [ 80.462224810711021, 25.001903690440063 ], [ 80.450413598315833, 24.998687571832836 ], [ 80.438913207299478, 24.995739463109544 ], [ 80.45476509761933, 25.005655828815158 ], [ 80.433007601101878, 25.02361249103884 ], [ 80.454454276240511, 25.042105173030393 ], [ 80.474346844485027, 25.030580748021162 ], [ 80.502009947200079, 25.037280995119552 ], [ 80.475279308621495, 25.037817014887423 ], [ 80.466576310014517, 25.064886013164912 ], [ 80.465022203120412, 25.064618003280977 ], [ 80.451346062452302, 25.062205914325556 ], [ 80.449170312800561, 25.078018497477753 ], [ 80.448859491421743, 25.078554517245625 ], [ 80.433007601101878, 25.065690042816719 ], [ 80.41591242526674, 25.073194319566912 ], [ 80.408763533553866, 25.05523765734323 ], [ 80.400682177704525, 25.06971019107575 ], [ 80.387938501172883, 25.050949499200264 ], [ 80.373640717747122, 25.056041686995037 ], [ 80.370532503958927, 25.042641192798261 ], [ 80.389803429445806, 25.035672935815938 ], [ 80.377992217050618, 25.027096619530003 ], [ 80.396330678401043, 25.012088066029612 ], [ 80.387316858415232, 25.004315779395483 ], [ 80.363072790867221, 25.02361249103884 ], [ 80.357478006048453, 25.011552046261741 ], [ 80.341626115728602, 25.01342811544929 ], [ 80.331058188848687, 24.992255334618385 ], [ 80.299665229587802, 25.015572194520775 ], [ 80.284745803404405, 25.01932433289587 ], [ 80.263299128265785, 25.024952540458518 ], [ 80.287543195813797, 25.037817014887423 ], [ 80.287854017192615, 25.037817014887423 ], [ 80.287854017192615, 25.038085024771359 ], [ 80.287854017192615, 25.038085024771359 ], [ 80.290340588223188, 25.058721785834393 ], [ 80.290962230980824, 25.059257805602265 ], [ 80.291273052359642, 25.059257805602265 ], [ 80.31147644198299, 25.044249252101874 ], [ 80.331679831606337, 25.048001390476973 ], [ 80.336652973667469, 25.058989795718329 ], [ 80.355302256396712, 25.055773677111102 ], [ 80.345666793653265, 25.064886013164912 ], [ 80.348464186062657, 25.086594813763689 ], [ 80.370532503958927, 25.09972729807653 ], [ 80.373019074989486, 25.11661192076447 ], [ 80.354991435017894, 25.126260276586148 ], [ 80.351883221229684, 25.123848187630728 ], [ 80.354680613639061, 25.132424503916663 ], [ 80.356856363290817, 25.139124751015054 ], [ 80.357788827427271, 25.142608879506213 ], [ 80.428034459040745, 25.172625986506993 ], [ 80.431142672828955, 25.173966035926671 ], [ 80.430521030071318, 25.175574095230285 ], [ 80.40814189079623, 25.232660200508551 ], [ 80.403790391492734, 25.243648605749907 ], [ 80.403479570113916, 25.243380595865972 ], [ 80.383587001869387, 25.237216368535456 ], [ 80.351572399850866, 25.277149841241851 ], [ 80.310854799225353, 25.286530187179594 ], [ 80.322666011620541, 25.332091867448632 ], [ 80.309922335088885, 25.354872707583155 ], [ 80.320490261968786, 25.366129122708447 ], [ 80.320179440589968, 25.366933152360254 ], [ 80.31986861921115, 25.368273201779928 ], [ 80.315517119907653, 25.388909962842966 ], [ 80.300908515103089, 25.404186526227292 ], [ 80.297489479936061, 25.407402644834516 ], [ 80.288475659950265, 25.417051000656198 ], [ 80.26423159240224, 25.42401925763852 ], [ 80.26423159240224, 25.42401925763852 ], [ 80.253663665522339, 25.400970407620065 ], [ 80.236257668308383, 25.407938664602387 ], [ 80.22071659936735, 25.396682249477095 ], [ 80.202378138016925, 25.414102891932906 ], [ 80.194918424925234, 25.37792155760161 ], [ 80.169120250483118, 25.376849518065868 ], [ 80.167255322210195, 25.363985043636962 ], [ 80.131200042266983, 25.334235946520117 ], [ 80.103847760930762, 25.350048529672314 ], [ 80.104158582309594, 25.350852559324121 ], [ 80.125916078827032, 25.381405686092769 ], [ 80.141146326389247, 25.381405686092769 ], [ 80.130267578130528, 25.387033893655417 ], [ 80.133686613297556, 25.400166377968258 ], [ 80.133997434676374, 25.401238417504 ], [ 80.151092610511512, 25.401774437271872 ], [ 80.15140343189033, 25.402846476807614 ], [ 80.145187004313925, 25.407670654718451 ], [ 80.127159364342319, 25.409546723906001 ], [ 80.117834722977705, 25.407670654718451 ], [ 80.119388829871795, 25.410350753557807 ], [ 80.121875400902368, 25.41571095123652 ], [ 80.142389611904534, 25.458592532666202 ], [ 80.193053496652311, 25.443315969281876 ], [ 80.202999780774562, 25.485393521059756 ], [ 80.215121814548581, 25.469580937907558 ], [ 80.226311384186118, 25.473065066398721 ], [ 80.211391958002721, 25.495577896649305 ], [ 80.223203170397909, 25.496381926301112 ], [ 80.221027420746168, 25.512462519337245 ], [ 80.214500171790931, 25.514606598408729 ], [ 80.219162492473245, 25.513534558872987 ], [ 80.224446455913196, 25.526667043185828 ], [ 80.207972922835694, 25.529347142025184 ], [ 80.212946064896826, 25.552127982159703 ], [ 80.215432635927399, 25.553468031579381 ], [ 80.226311384186118, 25.559096239142026 ], [ 80.236568489687201, 25.564188426936802 ], [ 80.254906951037626, 25.591793444982162 ], [ 80.279461839964455, 25.58402115834803 ], [ 80.293759623390216, 25.608678067670098 ], [ 80.27790773307035, 25.625294680474102 ], [ 80.279461839964455, 25.625830700241973 ], [ 80.278840197206819, 25.626902739777716 ], [ 80.312098084740626, 25.644055372349587 ], [ 80.317692869559409, 25.650487609564042 ], [ 80.315827941286486, 25.660671985153591 ], [ 80.305570835785403, 25.680772726448758 ], [ 80.307435764058326, 25.700605457859986 ], [ 80.323598475756995, 25.712397892753149 ], [ 80.350639935714398, 25.703821576467213 ], [ 80.31986861921115, 25.750991316039865 ], [ 80.231595347626069, 25.798965085264324 ], [ 80.276042804797427, 25.820673885863101 ], [ 80.285367446162056, 25.815045678300457 ], [ 80.297489479936061, 25.823890004470329 ], [ 80.28692155305616, 25.839702587622526 ], [ 80.296867837178411, 25.846134824836977 ], [ 80.328882439196946, 25.843722735881556 ], [ 80.351572399850866, 25.871059744042981 ], [ 80.346288436410902, 25.89812874232047 ] ] ] } },
{ "type": "Feature", "properties": { "dt_code": "195", "district": "Ghazipur", "st_code": "09", "year": "2011_c", "st_nm": "Uttar Pradesh" }, "geometry": { "type": "Polygon", "coordinates": [ [ [ 83.066286322470788, 25.652363678751591 ], [ 83.120680063764411, 25.654507757823076 ], [ 83.148653987858268, 25.636015075831523 ], [ 83.148653987858268, 25.657187856662429 ], [ 83.187195838832039, 25.676752578189724 ], [ 83.194033909166095, 25.702213517163599 ], [ 83.238792187716271, 25.708377744494115 ], [ 83.241589580125662, 25.70864575437805 ], [ 83.213926477410624, 25.73142659451257 ], [ 83.217034691198819, 25.762515741049093 ], [ 83.189060767104962, 25.766267879424191 ], [ 83.193723087787276, 25.778596334085226 ], [ 83.218277976714106, 25.768947978263544 ], [ 83.218588798092924, 25.75903161255793 ], [ 83.27484746765947, 25.776452255013741 ], [ 83.28323964488763, 25.756351513718574 ], [ 83.303132213132159, 25.755547484066767 ], [ 83.304686320026264, 25.785564591067548 ], [ 83.320227388967297, 25.796016976541033 ], [ 83.323024781376688, 25.814509658532586 ], [ 83.348201313061153, 25.819065826559488 ], [ 83.345714742030594, 25.814777668416522 ], [ 83.34944459857644, 25.812097569577166 ], [ 83.362499096486914, 25.811025530041423 ], [ 83.37151291647271, 25.797357025960711 ], [ 83.384878235762002, 25.821745925398844 ], [ 83.400419304703036, 25.823353984702457 ], [ 83.400108483324217, 25.840238607390397 ], [ 83.424352550872229, 25.848278903908462 ], [ 83.44548840463203, 25.840238607390397 ], [ 83.461340294951896, 25.850959002747818 ], [ 83.481543684575229, 25.839702587622526 ], [ 83.497084753516276, 25.864091487060659 ], [ 83.549613566536962, 25.865699546364272 ], [ 83.595925951981243, 25.884460238239758 ], [ 83.63073794640917, 25.869451684739367 ], [ 83.644724908456098, 25.898396752204405 ], [ 83.645657372592552, 25.900004811508019 ], [ 83.700983578022644, 25.863823477176723 ], [ 83.723362717297732, 25.86864765508756 ], [ 83.724606002813019, 25.868915664971496 ], [ 83.723051895918914, 25.865967556248208 ], [ 83.721186967645991, 25.856587210310462 ], [ 83.721808610403627, 25.856587210310462 ], [ 83.731133251768256, 25.857123230078333 ], [ 83.735484751071738, 25.841310646926139 ], [ 83.738282143481129, 25.844526765533363 ], [ 83.746985142088107, 25.856855220194397 ], [ 83.747295963466925, 25.854711141122916 ], [ 83.751025820012771, 25.834074380059878 ], [ 83.786770278577151, 25.808613441086003 ], [ 83.799824776487625, 25.812365579461101 ], [ 83.820338987489791, 25.78663663060329 ], [ 83.81505502404984, 25.777792304433419 ], [ 83.833393485400251, 25.793872897469548 ], [ 83.852042768129493, 25.786100610835419 ], [ 83.854529339160067, 25.798161055612518 ], [ 83.882814084632741, 25.764391810236642 ], [ 83.916071972166563, 25.761175691629415 ], [ 83.912342115620717, 25.749383256736252 ], [ 83.926018256288828, 25.767339918959934 ], [ 83.926329077667646, 25.767875938727805 ], [ 83.928815648698205, 25.765999869540256 ], [ 83.949019038321552, 25.752331365459543 ], [ 83.95305971624623, 25.749383256736252 ], [ 83.94777575280628, 25.741342960218187 ], [ 83.94777575280628, 25.74053893056638 ], [ 83.948086574185098, 25.740002910798509 ], [ 83.957100394170894, 25.728210475905346 ], [ 83.959276143822635, 25.72553037706599 ], [ 83.941248503851043, 25.723654307878441 ], [ 83.93627536178991, 25.708377744494115 ], [ 83.95243807348858, 25.702481527047535 ], [ 83.951505609352125, 25.68532889447566 ], [ 83.959586965201453, 25.684792874707789 ], [ 83.962073536232026, 25.684792874707789 ], [ 83.947154110048629, 25.67514451888611 ], [ 83.936586183168728, 25.642447313045977 ], [ 83.920734292848877, 25.634675026411845 ], [ 83.93627536178991, 25.615646324652424 ], [ 83.93938357557812, 25.598761701964484 ], [ 83.942180967987497, 25.583753148464094 ], [ 83.942491789366315, 25.581877079276545 ], [ 83.941870146608679, 25.58214508916048 ], [ 83.930680576971127, 25.588309316490999 ], [ 83.930369755592309, 25.558024199606283 ], [ 83.930369755592309, 25.557488179838412 ], [ 83.903328295634907, 25.52532699376615 ], [ 83.903017474256089, 25.525058983882214 ], [ 83.876286835677519, 25.518090726899892 ], [ 83.877840942571623, 25.499330035024403 ], [ 83.856705088811808, 25.468508898371816 ], [ 83.832771842642615, 25.45752049313046 ], [ 83.816298309565127, 25.461272631505558 ], [ 83.812879274398085, 25.448140147192717 ], [ 83.842096484007243, 25.447068107656975 ], [ 83.846137161931907, 25.435275672763812 ], [ 83.846447983310725, 25.434471643112005 ], [ 83.822514737141532, 25.432059554156584 ], [ 83.802622168897017, 25.429111445433296 ], [ 83.81443338129219, 25.421339158799164 ], [ 83.813811738534554, 25.420267119263421 ], [ 83.813190095776918, 25.419195079727679 ], [ 83.807906132336967, 25.409010704138129 ], [ 83.80075724062408, 25.406866625066645 ], [ 83.791121777880647, 25.397486279128902 ], [ 83.779621386864278, 25.398558318664644 ], [ 83.769675102742013, 25.388105933191159 ], [ 83.769053459984377, 25.386497873887546 ], [ 83.768120995847909, 25.386765883771481 ], [ 83.762837032407958, 25.388909962842966 ], [ 83.755066497937449, 25.392394091334126 ], [ 83.755688140695085, 25.392930111101997 ], [ 83.766256067574986, 25.400970407620065 ], [ 83.745120213815184, 25.400434387852194 ], [ 83.740768714511688, 25.410350753557807 ], [ 83.70999739800844, 25.385961854119675 ], [ 83.701294399401462, 25.394806180289546 ], [ 83.696632078719148, 25.382477725628512 ], [ 83.682955938051037, 25.378993597137352 ], [ 83.683888402187506, 25.377117527949803 ], [ 83.693834686309771, 25.369613251199606 ], [ 83.689794008385093, 25.368541211663864 ], [ 83.687618258733352, 25.367737182012057 ], [ 83.676739510474633, 25.364253053520898 ], [ 83.670833904277032, 25.368273201779928 ], [ 83.665239119458263, 25.368273201779928 ], [ 83.667104047731186, 25.362644994217284 ], [ 83.656225299472467, 25.368273201779928 ], [ 83.649076407759594, 25.339596144198829 ], [ 83.648765586380762, 25.339596144198829 ], [ 83.648765586380762, 25.339328134314894 ], [ 83.633846160197379, 25.343348282573924 ], [ 83.628562196757429, 25.328607738957473 ], [ 83.596236773360076, 25.327803709305666 ], [ 83.573546812706155, 25.307166948242628 ], [ 83.572614348569701, 25.306094908706886 ], [ 83.57199270581205, 25.314671224992825 ], [ 83.53997810379353, 25.315743264528567 ], [ 83.537180711384138, 25.309847047081984 ], [ 83.530031819671265, 25.322979531394825 ], [ 83.530031819671265, 25.323247541278761 ], [ 83.530031819671265, 25.323247541278761 ], [ 83.53624824724767, 25.34602838141328 ], [ 83.544018781718194, 25.348976490136572 ], [ 83.52257210657956, 25.379797626789156 ], [ 83.53096428380772, 25.392394091334126 ], [ 83.438961155676793, 25.454572384407172 ], [ 83.404459982627699, 25.49343381757782 ], [ 83.38301330748908, 25.49343381757782 ], [ 83.33576845790833, 25.463684720460979 ], [ 83.24438697253504, 25.523986944346472 ], [ 83.201493622257786, 25.534707339703893 ], [ 83.199317872606045, 25.535243359471764 ], [ 83.173208876785111, 25.526399033301892 ], [ 83.155802879571155, 25.520502815855309 ], [ 83.15424877267705, 25.519698786203502 ], [ 83.164816699556951, 25.506298292006726 ], [ 83.131869633401948, 25.507102321658532 ], [ 83.102341602413986, 25.526131023417957 ], [ 83.098611745868141, 25.514070578640858 ], [ 83.116639385839747, 25.500402074560146 ], [ 83.108868851369223, 25.494237847229627 ], [ 83.094571067943477, 25.505762272238854 ], [ 83.084003141063562, 25.496381926301112 ], [ 83.084003141063562, 25.496381926301112 ], [ 83.064110572819047, 25.528811122257313 ], [ 83.07654342797187, 25.53792345831112 ], [ 83.071881107289556, 25.548107833900669 ], [ 83.070327000395451, 25.551323952507897 ], [ 83.076232606593052, 25.56311638740106 ], [ 83.090219568639981, 25.573568772874545 ], [ 83.086178890715317, 25.59072140544642 ], [ 83.066597143849606, 25.595277573473322 ], [ 83.076854249350689, 25.615646324652424 ], [ 83.064732215576683, 25.626902739777716 ], [ 83.066286322470788, 25.652363678751591 ] ] ] } },
{ "type": "Feature", "properties": { "dt_code": "174", "district": "Kaushambi", "st_code": "09", "year": "2011_c", "st_nm": "Uttar Pradesh" }, "geometry": { "type": "Polygon", "coordinates": [ [ [ 81.1932766936973, 25.448408157076653 ], [ 81.199493121273704, 25.44921218672846 ], [ 81.221250617791156, 25.438491791371039 ], [ 81.216588297108842, 25.44921218672846 ], [ 81.234926758459267, 25.484857501291884 ], [ 81.259792468764928, 25.490217698970596 ], [ 81.269738752887179, 25.504958242587051 ], [ 81.247981256369741, 25.515410628060536 ], [ 81.260414111522564, 25.548107833900669 ], [ 81.238345793626294, 25.585897227535579 ], [ 81.207263655744228, 25.597689662428742 ], [ 81.21534501159357, 25.670856360743141 ], [ 81.237724150868658, 25.677556607841531 ], [ 81.204155441956019, 25.684256854939918 ], [ 81.193898336454936, 25.703017546815406 ], [ 81.19856065713725, 25.720438189271214 ], [ 81.226534581231107, 25.715077991592505 ], [ 81.247048792233272, 25.76144370151335 ], [ 81.262279039795487, 25.75313539511135 ], [ 81.308591425239769, 25.770020017799286 ], [ 81.338430277606562, 25.810757520157487 ], [ 81.357390381714623, 25.780204393388839 ], [ 81.358944488608728, 25.779668373620968 ], [ 81.389715805111976, 25.773236136406513 ], [ 81.391580733384899, 25.772700116638642 ], [ 81.401837838885982, 25.760639671861544 ], [ 81.396243054067213, 25.734106693351926 ], [ 81.36857995135216, 25.711861872985278 ], [ 81.373863914792111, 25.694977250297338 ], [ 81.375418021686215, 25.694173220645531 ], [ 81.422662871266965, 25.673536459582497 ], [ 81.468975256711246, 25.61993448279539 ], [ 81.524923104898974, 25.620738512447197 ], [ 81.540153352461189, 25.591257425214291 ], [ 81.565019062766851, 25.572764743222738 ], [ 81.565329884145669, 25.572496733338802 ], [ 81.610709805453482, 25.597957672312678 ], [ 81.637751265410884, 25.585093197883772 ], [ 81.641791943335548, 25.576248871713901 ], [ 81.641170300577912, 25.526935053069764 ], [ 81.64210276471438, 25.526935053069764 ], [ 81.699604719796199, 25.51273052922118 ], [ 81.689969257052766, 25.503350183283438 ], [ 81.670387510187055, 25.50603028212279 ], [ 81.637129622653248, 25.472797056514786 ], [ 81.648008370911967, 25.482445412336464 ], [ 81.659508761928336, 25.47011695767543 ], [ 81.645521799881408, 25.440635870442524 ], [ 81.654535619867204, 25.437419751835296 ], [ 81.645832621260226, 25.418391050075872 ], [ 81.663860261231818, 25.41571095123652 ], [ 81.658576297791868, 25.381405686092769 ], [ 81.658576297791868, 25.381405686092769 ], [ 81.674739009490551, 25.372829369806833 ], [ 81.694320756356248, 25.394002150637739 ], [ 81.713280860464309, 25.389713992494773 ], [ 81.698050612902094, 25.357552806422508 ], [ 81.628737445425088, 25.350852559324121 ], [ 81.550099636583454, 25.292158394742238 ], [ 81.540774995218825, 25.2873342168314 ], [ 81.519639141459024, 25.276077801706109 ], [ 81.464002114650114, 25.260533228437847 ], [ 81.4546774732855, 25.258657159250298 ], [ 81.385053484429662, 25.276077801706109 ], [ 81.400905374749513, 25.314939234876761 ], [ 81.4021486602648, 25.317619333716117 ], [ 81.394688947173108, 25.323783561046632 ], [ 81.378837056853243, 25.336916045359473 ], [ 81.376350485822684, 25.339060124430958 ], [ 81.330659743136039, 25.348976490136572 ], [ 81.265698074962515, 25.326195650002052 ], [ 81.24269729292979, 25.35862484595825 ], [ 81.184573695090322, 25.373901409342576 ], [ 81.159086342027024, 25.389445982610837 ], [ 81.151626628935318, 25.395878219825288 ], [ 81.153180735829423, 25.428575425665425 ], [ 81.155045664102346, 25.429915475085103 ], [ 81.1932766936973, 25.448408157076653 ] ] ] } },
{ "type": "Feature", "properties": { "dt_code": "175", "district": "Prayagraj", "st_code": "09", "year": "2011_c", "st_nm": "Uttar Pradesh" }, "geometry": { "type": "Polygon", "coordinates": [ [ [ 82.151539004601489, 25.67273242993069 ], [ 82.138484506691015, 25.654775767707012 ], [ 82.145633398403902, 25.650755619447978 ], [ 82.122632616371163, 25.644859402001394 ], [ 82.154647218389698, 25.600905781035969 ], [ 82.171431572846018, 25.598225682196613 ], [ 82.185729356271764, 25.577320911249643 ], [ 82.201892067970448, 25.584289168231965 ], [ 82.205000281758643, 25.573300762990609 ], [ 82.223960385866718, 25.589381356026742 ], [ 82.246028703762988, 25.58053702985687 ], [ 82.246028703762988, 25.580001010088999 ], [ 82.250691024445288, 25.560972308329575 ], [ 82.26405634373458, 25.565260466472544 ], [ 82.290165339555514, 25.54221161645409 ], [ 82.290476160934332, 25.541675596686218 ], [ 82.322179941574049, 25.542747636221961 ], [ 82.325909798119895, 25.543015646105893 ], [ 82.326531440877545, 25.541139576918347 ], [ 82.329639654665741, 25.533367290284215 ], [ 82.338964296030369, 25.509246400730017 ], [ 82.334612796726873, 25.503886203051309 ], [ 82.332437047075132, 25.501206104211953 ], [ 82.329328833286922, 25.497453965836854 ], [ 82.327153083635181, 25.501206104211953 ], [ 82.317206799512917, 25.520502815855309 ], [ 82.298868338162492, 25.521842865274987 ], [ 82.311922836072966, 25.503082173399502 ], [ 82.313787764345889, 25.499866054792275 ], [ 82.315031049861176, 25.498257995488661 ], [ 82.284881376115564, 25.492361778042081 ], [ 82.284259733357928, 25.489681679202725 ], [ 82.285192197494382, 25.484857501291884 ], [ 82.307260515390652, 25.483249441988271 ], [ 82.307260515390652, 25.461540641389494 ], [ 82.335545260863341, 25.44921218672846 ], [ 82.352640436698479, 25.422411198334906 ], [ 82.348910580152634, 25.414906921584713 ], [ 82.34642400912206, 25.410350753557807 ], [ 82.340518402924474, 25.39882632854858 ], [ 82.313166121588253, 25.388105933191159 ], [ 82.313476942967071, 25.371489320387155 ], [ 82.313787764345889, 25.354068677931348 ], [ 82.314098585724707, 25.331555847680761 ], [ 82.314098585724707, 25.330215798261086 ], [ 82.313476942967071, 25.329947788377147 ], [ 82.300111623677779, 25.324319580814503 ], [ 82.299179159541325, 25.302342770331791 ], [ 82.261258951325189, 25.292426404626177 ], [ 82.251312667202939, 25.27232566333101 ], [ 82.222095457593781, 25.277685861009722 ], [ 82.198162211424588, 25.223279854570809 ], [ 82.205311103137475, 25.19621085629332 ], [ 82.209351781062139, 25.187098520239513 ], [ 82.215257387259726, 25.185490460935899 ], [ 82.260015665809917, 25.183346381864414 ], [ 82.268097021659244, 25.182810362096543 ], [ 82.271205235447454, 25.159493502194152 ], [ 82.278043305781509, 25.155473353935118 ], [ 82.30228737332952, 25.151989225443959 ], [ 82.301976551950702, 25.107231574826724 ], [ 82.324666512604622, 25.086594813763689 ], [ 82.324666512604622, 25.086594813763689 ], [ 82.324977333983441, 25.086326803879754 ], [ 82.325598976741077, 25.071586260263299 ], [ 82.318760906407022, 25.066494072468526 ], [ 82.295760124374297, 25.049073430012715 ], [ 82.295760124374297, 25.049073430012715 ], [ 82.305395587117729, 25.03862104453923 ], [ 82.301665730571884, 25.01101602649387 ], [ 82.251312667202939, 24.951785842144119 ], [ 82.239190633428933, 24.96063016831399 ], [ 82.225825314139641, 24.930077041545339 ], [ 82.208730138304503, 24.937045298527664 ], [ 82.201892067970448, 24.917748586884304 ], [ 82.186972641787051, 24.914532468277081 ], [ 82.167080073542522, 24.887999489767463 ], [ 82.166769252163704, 24.887195460115656 ], [ 82.151228183222671, 24.895771776401592 ], [ 82.122943437749981, 24.864950639749008 ], [ 82.108645654324235, 24.875135015338557 ], [ 82.111753868112444, 24.862002531025716 ], [ 82.091861299867915, 24.849138056596811 ], [ 82.115794546037108, 24.853694224623716 ], [ 82.118902759825318, 24.844849898453841 ], [ 82.080050087472728, 24.831717414141 ], [ 82.094037049519656, 24.817512890292416 ], [ 82.016953347572127, 24.845921937989583 ], [ 81.971573426264314, 24.838953681007261 ], [ 81.965356998687895, 24.827161246114098 ], [ 81.942667038033989, 24.845921937989583 ], [ 81.933653218048178, 24.870846857195588 ], [ 81.90288190154493, 24.891751628142558 ], [ 81.91966625600125, 24.928200972357793 ], [ 81.905679293954321, 24.97322663285896 ], [ 81.903192722923762, 24.993059364270188 ], [ 81.906922579469608, 25.006191848583029 ], [ 81.901638616029658, 25.008067917770578 ], [ 81.900706151893189, 25.008335927654514 ], [ 81.895733009832057, 25.009943986958127 ], [ 81.899152044999084, 25.004583789279415 ], [ 81.893246438801498, 24.990915285198707 ], [ 81.891692331907393, 24.989307225895093 ], [ 81.835122840962029, 25.017180253824385 ], [ 81.792851133442412, 25.004583789279415 ], [ 81.731619321814733, 25.048537410244844 ], [ 81.713280860464309, 25.03620895558381 ], [ 81.689658435673948, 25.038889054423166 ], [ 81.693699113598612, 25.04880542012878 ], [ 81.667279296398846, 25.061401884673749 ], [ 81.666657653641209, 25.075070388754462 ], [ 81.641170300577912, 25.056845716646844 ], [ 81.61164226958995, 25.056309696878973 ], [ 81.617237054408719, 25.061133874789814 ], [ 81.600141878573581, 25.074266359102655 ], [ 81.640859479199094, 25.098923268424723 ], [ 81.624385946121592, 25.120096049255629 ], [ 81.608223234422923, 25.095975159701432 ], [ 81.597655307543022, 25.131352464380921 ], [ 81.623453481985138, 25.141000820202603 ], [ 81.626250874394515, 25.16083355161383 ], [ 81.615682947514614, 25.169141858015831 ], [ 81.588641487557211, 25.165657729524671 ], [ 81.595479557891267, 25.182006332444736 ], [ 81.595479557891267, 25.182006332444736 ], [ 81.594236272375994, 25.182542352212607 ], [ 81.576830275162024, 25.19031463884674 ], [ 81.572478775858542, 25.192190708034289 ], [ 81.551964564856377, 25.184954441168028 ], [ 81.540153352461189, 25.188706579543126 ], [ 81.517152570428451, 25.19621085629332 ], [ 81.522436533868415, 25.235072289463972 ], [ 81.522747355247233, 25.235608309231843 ], [ 81.522747355247233, 25.235608309231843 ], [ 81.562221670357459, 25.23882442783907 ], [ 81.550099636583454, 25.292158394742238 ], [ 81.628737445425088, 25.350852559324121 ], [ 81.698050612902094, 25.357552806422508 ], [ 81.713280860464309, 25.389713992494773 ], [ 81.694320756356248, 25.394002150637739 ], [ 81.674739009490551, 25.372829369806833 ], [ 81.658576297791868, 25.381405686092769 ], [ 81.658576297791868, 25.381405686092769 ], [ 81.663860261231818, 25.41571095123652 ], [ 81.645832621260226, 25.418391050075872 ], [ 81.654535619867204, 25.437419751835296 ], [ 81.645521799881408, 25.440635870442524 ], [ 81.659508761928336, 25.47011695767543 ], [ 81.648008370911967, 25.482445412336464 ], [ 81.637129622653248, 25.472797056514786 ], [ 81.670387510187055, 25.50603028212279 ], [ 81.689969257052766, 25.503350183283438 ], [ 81.699604719796199, 25.51273052922118 ], [ 81.64210276471438, 25.526935053069764 ], [ 81.641170300577912, 25.526935053069764 ], [ 81.641791943335548, 25.576248871713901 ], [ 81.637751265410884, 25.585093197883772 ], [ 81.610709805453482, 25.597957672312678 ], [ 81.604182556498245, 25.612162196161261 ], [ 81.618480339924005, 25.62663472989378 ], [ 81.619101982681642, 25.641107263626299 ], [ 81.618791161302823, 25.643251342697781 ], [ 81.601074342710049, 25.647271490956815 ], [ 81.597033664785371, 25.659599945617849 ], [ 81.596722843406553, 25.660671985153591 ], [ 81.598587771679476, 25.660939995037527 ], [ 81.63837290816852, 25.666568202600175 ], [ 81.639927015062625, 25.642179303162042 ], [ 81.62780498128862, 25.63923119443875 ], [ 81.65826547641305, 25.608410057786163 ], [ 81.683752829476347, 25.63494303629578 ], [ 81.725092072859496, 25.622078561866875 ], [ 81.730686857678279, 25.638427164786943 ], [ 81.718564823904259, 25.658259896198171 ], [ 81.692455828083325, 25.663620093876883 ], [ 81.719808109419546, 25.67514451888611 ], [ 81.752444354195717, 25.669784321207398 ], [ 81.753065996953367, 25.691493121806179 ], [ 81.740322320421711, 25.699265408440308 ], [ 81.75493092522629, 25.713469932288891 ], [ 81.75493092522629, 25.714541971824634 ], [ 81.753065996953367, 25.734374703235861 ], [ 81.753065996953367, 25.734642713119797 ], [ 81.755863389362744, 25.735714752655539 ], [ 81.794405240336516, 25.748847236968381 ], [ 81.797824275503544, 25.749919276504123 ], [ 81.825176556839764, 25.741610970102123 ], [ 81.820203414778632, 25.726066396833861 ], [ 81.843204196811357, 25.73142659451257 ], [ 81.885786725709792, 25.711861872985278 ], [ 81.914693113940118, 25.715614011360376 ], [ 81.928990897365878, 25.753671414879221 ], [ 81.928990897365878, 25.753939424763157 ], [ 81.94701853733747, 25.740002910798509 ], [ 81.981519710386578, 25.741878979986058 ], [ 81.984627924174774, 25.748579227084445 ], [ 81.991776815887647, 25.74241499975393 ], [ 82.020994025496805, 25.743755049173604 ], [ 82.020994025496805, 25.743487039289668 ], [ 82.021615668254441, 25.743487039289668 ], [ 82.045238093044816, 25.707841724726244 ], [ 82.012912669647463, 25.694977250297338 ], [ 82.062644090258772, 25.682380785752368 ], [ 82.06357655439524, 25.655043777590947 ], [ 82.095591156413761, 25.660403975269656 ], [ 82.114862081900654, 25.65182765898372 ], [ 82.126051651538191, 25.657991886314235 ], [ 82.126984115674659, 25.681844765984497 ], [ 82.155579682526167, 25.678360637493338 ], [ 82.151539004601489, 25.67273242993069 ] ] ] } },
{ "type": "Feature", "properties": { "dt_code": "197", "district": "Varanasi", "st_code": "09", "year": "2011_c", "st_nm": "Uttar Pradesh" }, "geometry": { "type": "Polygon", "coordinates": [ [ [ 82.692989846507132, 25.394002150637739 ], [ 82.693300667885964, 25.394002150637739 ], [ 82.683976026521336, 25.421339158799164 ], [ 82.720342127843352, 25.431791544272649 ], [ 82.703557773387047, 25.447604127424846 ], [ 82.706355165796424, 25.457788503014395 ], [ 82.738369767814959, 25.46663282918427 ], [ 82.71008502234227, 25.483517451872206 ], [ 82.725315269904485, 25.502814163515566 ], [ 82.715679807161052, 25.53122321121273 ], [ 82.716301449918689, 25.532027240864537 ], [ 82.733396625753826, 25.544355695525571 ], [ 82.740234696087882, 25.546499774597056 ], [ 82.779087368440472, 25.529347142025184 ], [ 82.7930743304874, 25.553200021695446 ], [ 82.827264682157676, 25.549447883320347 ], [ 82.837521787658758, 25.554808080999059 ], [ 82.836278502143472, 25.568208575195833 ], [ 82.855238606251532, 25.56311638740106 ], [ 82.86704981864672, 25.580001010088999 ], [ 82.874509531738425, 25.566868525776158 ], [ 82.932943950956712, 25.567404545544029 ], [ 82.941957770942508, 25.532295250748472 ], [ 82.955323090231801, 25.525595003650086 ], [ 82.955633911610619, 25.525863013534021 ], [ 82.977702229506889, 25.556684150186605 ], [ 83.010027652904242, 25.548911863552476 ], [ 83.001635475676082, 25.556148130418734 ], [ 83.020906401162961, 25.576784891481772 ], [ 83.024636257708821, 25.572228723454867 ], [ 83.046393754226258, 25.544623705409506 ], [ 83.048569503878014, 25.541943606570154 ], [ 83.060380716273201, 25.550787932740025 ], [ 83.067840429364892, 25.554540071115124 ], [ 83.071881107289556, 25.548107833900669 ], [ 83.07654342797187, 25.53792345831112 ], [ 83.064110572819047, 25.528811122257313 ], [ 83.084003141063562, 25.496381926301112 ], [ 83.084003141063562, 25.496381926301112 ], [ 83.094571067943477, 25.505762272238854 ], [ 83.108868851369223, 25.494237847229627 ], [ 83.116639385839747, 25.500402074560146 ], [ 83.098611745868141, 25.514070578640858 ], [ 83.102341602413986, 25.526131023417957 ], [ 83.131869633401948, 25.507102321658532 ], [ 83.164816699556951, 25.506298292006726 ], [ 83.15424877267705, 25.519698786203502 ], [ 83.155802879571155, 25.520502815855309 ], [ 83.173208876785111, 25.526399033301892 ], [ 83.166370806451056, 25.492361778042081 ], [ 83.165749163693405, 25.491021728622403 ], [ 83.165127520935769, 25.489949689086661 ], [ 83.128450598234934, 25.453232334987494 ], [ 83.125342384446725, 25.450284226264202 ], [ 83.126274848583179, 25.448944176844524 ], [ 83.130315526507857, 25.444656018701554 ], [ 83.139018525114835, 25.434471643112005 ], [ 83.188128302968494, 25.416246971004391 ], [ 83.160154378874637, 25.340936193618507 ], [ 83.142748381660681, 25.323247541278761 ], [ 83.140883453387758, 25.321907491859083 ], [ 83.058204966621446, 25.330215798261086 ], [ 83.020595579784143, 25.314939234876761 ], [ 83.016244080480661, 25.307702968010499 ], [ 83.009095188767787, 25.295910533117336 ], [ 83.033650077694617, 25.290014315670756 ], [ 83.040488148028672, 25.269109544723783 ], [ 83.05758332386381, 25.255977060410942 ], [ 83.063178108682578, 25.247936763892877 ], [ 83.052610181802677, 25.246596714473199 ], [ 83.030231042527589, 25.243648605749907 ], [ 83.029920221148771, 25.242844576098101 ], [ 83.009406010146606, 25.209611350490096 ], [ 83.005365332221928, 25.205323192347127 ], [ 82.941336128184872, 25.207735281302547 ], [ 82.906834955135778, 25.195674836525448 ], [ 82.900307706180541, 25.215239558052744 ], [ 82.87233378208667, 25.200767024320225 ], [ 82.871090496571398, 25.199962994668418 ], [ 82.869847211056111, 25.199426974900547 ], [ 82.860833391070315, 25.168873848131895 ], [ 82.840008358689317, 25.168337828364024 ], [ 82.808304578049615, 25.188974589427062 ], [ 82.803331435988483, 25.169945887667637 ], [ 82.793695973245036, 25.177986184185706 ], [ 82.802709793230846, 25.188974589427062 ], [ 82.783438867743953, 25.203179113275645 ], [ 82.815764291141306, 25.20451916269532 ], [ 82.804263900124951, 25.219259706311774 ], [ 82.817007576656593, 25.228372042365585 ], [ 82.812034434595461, 25.240968506910555 ], [ 82.817318398035411, 25.251152882500104 ], [ 82.820737433202439, 25.254100991223396 ], [ 82.818561683550698, 25.253564971455525 ], [ 82.785925438774527, 25.249276813312555 ], [ 82.784371331880422, 25.24900880342862 ], [ 82.78468215325924, 25.24900880342862 ], [ 82.784371331880422, 25.24900880342862 ], [ 82.791831044972113, 25.229176072017392 ], [ 82.789655295320372, 25.228908062133456 ], [ 82.780641475334576, 25.23212418074068 ], [ 82.781573939471031, 25.249544823196491 ], [ 82.77628997603108, 25.254100991223396 ], [ 82.77628997603108, 25.262141287741461 ], [ 82.781263118092212, 25.264821386580817 ], [ 82.776600797409898, 25.269645564491654 ], [ 82.775979154652262, 25.270181584259525 ], [ 82.775668333273444, 25.270449594143461 ], [ 82.760748907090047, 25.266697455768366 ], [ 82.748005230558405, 25.238556417955134 ], [ 82.735572375405567, 25.253296961571589 ], [ 82.714125700266948, 25.250616862732233 ], [ 82.712571593372843, 25.261605267973589 ], [ 82.681489455490777, 25.257853129598491 ], [ 82.671232349989694, 25.246864724357135 ], [ 82.66657002930738, 25.253564971455525 ], [ 82.667191672065016, 25.255709050527006 ], [ 82.672475635504966, 25.280097949965139 ], [ 82.689570811340104, 25.281169989500881 ], [ 82.703868594765865, 25.323247541278761 ], [ 82.687395061688363, 25.331555847680761 ], [ 82.682732741006049, 25.355676737234958 ], [ 82.701382023735292, 25.366129122708447 ], [ 82.706355165796424, 25.359428875610057 ], [ 82.709463379584633, 25.384085784932125 ], [ 82.694233132022418, 25.393466130869868 ], [ 82.692989846507132, 25.394002150637739 ], [ 82.692989846507132, 25.394002150637739 ] ] ] } },
{ "type": "Feature", "properties": { "dt_code": "171", "district": "Chitrakoot", "st_code": "09", "year": "2011_c", "st_nm": "Uttar Pradesh" }, "geometry": { "type": "Polygon", "coordinates": [ [ [ 81.01952754293653, 25.54623176471312 ], [ 81.022014113967089, 25.5438196757577 ], [ 81.031338755331717, 25.53363530016815 ], [ 81.034446969119927, 25.532831270516343 ], [ 81.188303551636167, 25.490753718738468 ], [ 81.188303551636167, 25.490217698970596 ], [ 81.191722586803195, 25.478157254193498 ], [ 81.194209157833754, 25.461272631505558 ], [ 81.191411765424377, 25.45564442394291 ], [ 81.187681908878517, 25.447872137308782 ], [ 81.1932766936973, 25.448408157076653 ], [ 81.155045664102346, 25.429915475085103 ], [ 81.153180735829423, 25.428575425665425 ], [ 81.151626628935318, 25.395878219825288 ], [ 81.159086342027024, 25.389445982610837 ], [ 81.184573695090322, 25.373901409342576 ], [ 81.24269729292979, 25.35862484595825 ], [ 81.265698074962515, 25.326195650002052 ], [ 81.330659743136039, 25.348976490136572 ], [ 81.376350485822684, 25.339060124430958 ], [ 81.378837056853243, 25.336916045359473 ], [ 81.394688947173108, 25.323783561046632 ], [ 81.4021486602648, 25.317619333716117 ], [ 81.400905374749513, 25.314939234876761 ], [ 81.385053484429662, 25.276077801706109 ], [ 81.4546774732855, 25.258657159250298 ], [ 81.464002114650114, 25.260533228437847 ], [ 81.519639141459024, 25.276077801706109 ], [ 81.540774995218825, 25.2873342168314 ], [ 81.550099636583454, 25.292158394742238 ], [ 81.562221670357459, 25.23882442783907 ], [ 81.522747355247233, 25.235608309231843 ], [ 81.522747355247233, 25.235608309231843 ], [ 81.522436533868415, 25.235072289463972 ], [ 81.517152570428451, 25.19621085629332 ], [ 81.540153352461189, 25.188706579543126 ], [ 81.539842531082371, 25.180666283025058 ], [ 81.516530927670814, 25.183346381864414 ], [ 81.514665999397891, 25.18361439174835 ], [ 81.514665999397891, 25.180398273141122 ], [ 81.514665999397891, 25.175842105114221 ], [ 81.514665999397891, 25.173698026042736 ], [ 81.536423495915344, 25.160565541729895 ], [ 81.523058176626051, 25.148237087068861 ], [ 81.523368998004869, 25.147701067300989 ], [ 81.523679819383688, 25.146361017881311 ], [ 81.524923104898974, 25.143948928925891 ], [ 81.499435751835676, 25.148773106836732 ], [ 81.496638359426285, 25.12920838530944 ], [ 81.47985400496998, 25.132156494032728 ], [ 81.49042193184988, 25.109643663782144 ], [ 81.518085034564919, 25.101067347496208 ], [ 81.500368215972145, 25.096511179469303 ], [ 81.501300680108599, 25.078018497477753 ], [ 81.498503287699208, 25.07641043817414 ], [ 81.48980028909223, 25.073194319566912 ], [ 81.464934578786583, 25.090078942254852 ], [ 81.412405765765882, 25.103747446335564 ], [ 81.447528581572627, 25.107231574826724 ], [ 81.438514761586816, 25.130280424845179 ], [ 81.438203940207998, 25.130548434729114 ], [ 81.406189338189463, 25.131352464380921 ], [ 81.414270694038805, 25.120900078907436 ], [ 81.399662089234241, 25.119292019603822 ], [ 81.392824018900185, 25.131084454496985 ], [ 81.371066522382733, 25.134836592872084 ], [ 81.375418021686215, 25.14180484985441 ], [ 81.360498595502833, 25.160565541729895 ], [ 81.334700421060717, 25.169141858015831 ], [ 81.319470173498502, 25.156813403354796 ], [ 81.331281385893675, 25.114735851576921 ], [ 81.321335101771425, 25.112859782389371 ], [ 81.313564567300901, 25.163781660337122 ], [ 81.277509287357702, 25.165925739408607 ], [ 81.281549965282366, 25.151989225443959 ], [ 81.266319717720151, 25.139660770782925 ], [ 81.265076432204879, 25.117415950416273 ], [ 81.252021934294405, 25.102139387031951 ], [ 81.266941360477801, 25.084450734692204 ], [ 81.259481647386096, 25.075874418406269 ], [ 81.268806288750724, 25.067566112004265 ], [ 81.263833146689592, 25.053093578271749 ], [ 81.226534581231107, 25.001635680556127 ], [ 81.208817762638333, 24.992523344502317 ], [ 81.22062897503352, 24.977246781117994 ], [ 81.207263655744228, 24.964382306689089 ], [ 81.218453225381765, 24.931953110732888 ], [ 81.215034190214737, 24.927932962473857 ], [ 81.194830800591404, 24.925520873518437 ], [ 81.193898336454936, 24.925788883402372 ], [ 81.207263655744228, 24.930345051429274 ], [ 81.16810016201282, 24.955269970635278 ], [ 81.160329627542296, 24.913460428741338 ], [ 81.145410201358914, 24.910244310134111 ], [ 81.139504595161313, 24.887463469999592 ], [ 81.119612026916798, 24.903008043267853 ], [ 81.118368741401511, 24.907564211294755 ], [ 81.093813852474668, 24.927664952589922 ], [ 81.088529889034717, 24.940261417134892 ], [ 81.089773174550004, 24.946157634581471 ], [ 81.086043318004158, 24.946693654349342 ], [ 81.034136147741094, 24.952589871795926 ], [ 81.033514504983458, 24.952589871795926 ], [ 81.033514504983458, 24.952589871795926 ], [ 81.031649576710535, 24.949641763072634 ], [ 81.025433149134116, 24.940261417134892 ], [ 81.015797686390684, 24.951249822376248 ], [ 81.028852184301144, 24.933293160152566 ], [ 81.022946578103557, 24.927664952589922 ], [ 81.004608116753133, 24.937045298527664 ], [ 80.98658047678154, 24.923376794446952 ], [ 80.974147621628703, 24.934097189804373 ], [ 80.957363267172383, 24.917748586884304 ], [ 80.946173697534846, 24.965990365992702 ], [ 80.945862876156028, 24.966258375876638 ], [ 80.899239669332914, 24.948569723536892 ], [ 80.90669938242462, 24.935169229340115 ], [ 80.892712420377691, 24.945353604929664 ], [ 80.860697818359156, 24.928736992125664 ], [ 80.837697036326418, 24.928468982241728 ], [ 80.835832108053495, 24.919624656071854 ], [ 80.81220968326312, 24.922572764795145 ], [ 80.820291039112462, 24.93302515026863 ], [ 80.792317115018605, 24.96491832645696 ], [ 80.824020895658307, 24.967866435180248 ], [ 80.852305641130997, 24.988771206127222 ], [ 80.855103033540388, 25.004047769511544 ], [ 80.831791430128831, 25.032992836976582 ], [ 80.878103815573112, 25.065422032932783 ], [ 80.867535888693212, 25.075338398638397 ], [ 80.879657922467217, 25.099191278308659 ], [ 80.868468352829666, 25.115807891112663 ], [ 80.879657922467217, 25.138320721363247 ], [ 80.894888170029432, 25.134032563220277 ], [ 80.912915810001024, 25.159225492310217 ], [ 80.884631064528349, 25.187098520239513 ], [ 80.869400816966134, 25.174502055694543 ], [ 80.844224285281655, 25.186830510355577 ], [ 80.843602642524019, 25.186294490587706 ], [ 80.843291821145201, 25.185758470819835 ], [ 80.838318679084068, 25.180666283025058 ], [ 80.842980999766368, 25.172357976623058 ], [ 80.842980999766368, 25.148773106836732 ], [ 80.836453750811145, 25.133764553336341 ], [ 80.842980999766368, 25.1123237626215 ], [ 80.829926501855908, 25.099995307960466 ], [ 80.826818288067699, 25.121436098675307 ], [ 80.819047753597175, 25.122776148094985 ], [ 80.811898861884302, 25.124116197514663 ], [ 80.809101469474925, 25.133764553336341 ], [ 80.808169005338456, 25.136980671943569 ], [ 80.786411508821004, 25.129476395193372 ], [ 80.778019331592844, 25.142340869622281 ], [ 80.741964051649646, 25.123580177746792 ], [ 80.730463660633291, 25.146629027765247 ], [ 80.704976307569993, 25.128940375425504 ], [ 80.704354664812342, 25.128404355657633 ], [ 80.705287128948811, 25.125188237050406 ], [ 80.707152057221734, 25.119292019603822 ], [ 80.70777369997937, 25.117683960300209 ], [ 80.724247233056872, 25.118487989952015 ], [ 80.725490518572158, 25.09141899167453 ], [ 80.752842799908379, 25.090882971906659 ], [ 80.757194299211861, 25.082038645736784 ], [ 80.783303295032795, 25.075874418406269 ], [ 80.787654794336291, 25.061669894557685 ], [ 80.736680088209695, 25.053361588155685 ], [ 80.736369266830877, 25.05362959803962 ], [ 80.717098341343998, 25.069174171307878 ], [ 80.715233413071076, 25.065154023048848 ], [ 80.695962487584183, 25.081502625968913 ], [ 80.695651666205364, 25.081770635852848 ], [ 80.715544234449894, 25.09141899167453 ], [ 80.695030023447728, 25.102407396915886 ], [ 80.685394560704282, 25.131352464380921 ], [ 80.685083739325464, 25.132424503916663 ], [ 80.693475916553624, 25.155741363819054 ], [ 80.714922591692243, 25.162173601033508 ], [ 80.711192735146398, 25.204251152811388 ], [ 80.704665486191161, 25.213095478981259 ], [ 80.694408380690078, 25.208271301070418 ], [ 80.688191953113673, 25.220599755731453 ], [ 80.691921809659519, 25.269377554607718 ], [ 80.714611770313425, 25.290550335438628 ], [ 80.728287910981535, 25.278757900545465 ], [ 80.752531978529547, 25.29751859242095 ], [ 80.755951013696574, 25.319227393019727 ], [ 80.770248797122335, 25.330215798261086 ], [ 80.836453750811145, 25.35031653955625 ], [ 80.864116853526184, 25.374437429110447 ], [ 80.870954923860239, 25.398558318664644 ], [ 80.884009421770699, 25.400434387852194 ], [ 80.882455314876609, 25.415174931468648 ], [ 80.903280347257592, 25.429379455317232 ], [ 80.902658704499942, 25.439295821022846 ], [ 80.925970307911498, 25.439295821022846 ], [ 80.940889734094895, 25.46824088848788 ], [ 80.978499120932199, 25.462076661157365 ], [ 80.978499120932199, 25.462344671041301 ], [ 80.978499120932199, 25.474137105934464 ], [ 80.994661832630868, 25.475477155354142 ], [ 80.9949726540097, 25.485393521059756 ], [ 81.024500684997662, 25.505494262354922 ], [ 81.004918938131951, 25.535779379239635 ], [ 81.01952754293653, 25.54623176471312 ] ] ] } },
{ "type": "Feature", "properties": { "dt_code": "196", "district": "Chandauli", "st_code": "09", "year": "2011_c", "st_nm": "Uttar Pradesh" }, "geometry": { "type": "Polygon", "coordinates": [ [ [ 83.173208876785111, 25.526399033301892 ], [ 83.199317872606045, 25.535243359471764 ], [ 83.201493622257786, 25.534707339703893 ], [ 83.24438697253504, 25.523986944346472 ], [ 83.33576845790833, 25.463684720460979 ], [ 83.38301330748908, 25.49343381757782 ], [ 83.404459982627699, 25.49343381757782 ], [ 83.438961155676793, 25.454572384407172 ], [ 83.53096428380772, 25.392394091334126 ], [ 83.52257210657956, 25.379797626789156 ], [ 83.544018781718194, 25.348976490136572 ], [ 83.53624824724767, 25.34602838141328 ], [ 83.530031819671265, 25.323247541278761 ], [ 83.530031819671265, 25.323247541278761 ], [ 83.530031819671265, 25.322979531394825 ], [ 83.537180711384138, 25.309847047081984 ], [ 83.55303260170399, 25.308506997662306 ], [ 83.53686989000532, 25.299126651724563 ], [ 83.534383318974747, 25.29751859242095 ], [ 83.523504570716028, 25.302610780215726 ], [ 83.526923605883056, 25.292962424394045 ], [ 83.505476930744422, 25.281169989500881 ], [ 83.502368716956227, 25.287602226715336 ], [ 83.491489968697493, 25.279829940081207 ], [ 83.490246683182207, 25.289478295902885 ], [ 83.466935079770664, 25.252760941803718 ], [ 83.450150725314344, 25.261069248205718 ], [ 83.438961155676793, 25.257853129598491 ], [ 83.436163763267416, 25.244184625517779 ], [ 83.428082407418074, 25.253564971455525 ], [ 83.427460764660438, 25.253296961571589 ], [ 83.42714994328162, 25.253296961571589 ], [ 83.415649552265251, 25.250080842964362 ], [ 83.414717088128782, 25.246864724357135 ], [ 83.40197341159714, 25.209075330722225 ], [ 83.397621912293644, 25.216311597588486 ], [ 83.393270412990162, 25.204251152811388 ], [ 83.386121521277275, 25.212291449329452 ], [ 83.382080843352611, 25.201839063855967 ], [ 83.357215133046964, 25.199694984784482 ], [ 83.350066241334076, 25.185490460935899 ], [ 83.349755419955258, 25.184954441168028 ], [ 83.350066241334076, 25.183882401632285 ], [ 83.358769239941054, 25.154937334167251 ], [ 83.367472238548032, 25.125188237050406 ], [ 83.363431560623368, 25.111251723085758 ], [ 83.350066241334076, 25.113395802157243 ], [ 83.336079279287148, 25.061401884673749 ], [ 83.343538992378853, 25.050949499200264 ], [ 83.32426806689196, 25.037280995119552 ], [ 83.320227388967297, 25.017180253824385 ], [ 83.350687884091727, 25.008871947422385 ], [ 83.343228171000021, 24.963310267153346 ], [ 83.361566632350446, 24.953661911331668 ], [ 83.364053203381019, 24.913728438625274 ], [ 83.35472856201639, 24.90542013222327 ], [ 83.369647988199787, 24.88022720313333 ], [ 83.357525954425782, 24.870578847311652 ], [ 83.394824519884267, 24.834397512980356 ], [ 83.39668944815719, 24.829037315301647 ], [ 83.394513698505435, 24.79580408969364 ], [ 83.39358123436898, 24.782403595496863 ], [ 83.395135341263085, 24.781599565845056 ], [ 83.387986449550212, 24.780527526309314 ], [ 83.336700922044798, 24.77302324955912 ], [ 83.320849031724933, 24.789103842595253 ], [ 83.321470674482583, 24.773291259443056 ], [ 83.33266024412012, 24.771683200139442 ], [ 83.302821391753341, 24.73710992511176 ], [ 83.303132213132159, 24.719689282655949 ], [ 83.289456072464048, 24.720761322191692 ], [ 83.282307180751175, 24.736841915227824 ], [ 83.268320218704233, 24.727193559406146 ], [ 83.257752291824332, 24.736305895459953 ], [ 83.255887363551409, 24.727461569290082 ], [ 83.226359332563447, 24.734965846040275 ], [ 83.186574196074403, 24.719153262888078 ], [ 83.183155160907376, 24.719957292539885 ], [ 83.179114482982698, 24.721029332075627 ], [ 83.169168198860433, 24.723977440798919 ], [ 83.158289450601714, 24.728533608825824 ], [ 83.138086060978367, 24.757746686174794 ], [ 83.086178890715317, 24.781599565845056 ], [ 83.097990103110504, 24.817780900176352 ], [ 83.12378827755262, 24.821801048435386 ], [ 83.128761419613753, 24.835737562400034 ], [ 83.114152814809174, 24.827697265881969 ], [ 83.092084496912904, 24.840829750194811 ], [ 83.075610963835402, 24.882103272320879 ], [ 83.079029999002444, 24.904884112455399 ], [ 83.079029999002444, 24.904884112455399 ], [ 83.078719177623611, 24.905956151991141 ], [ 83.060069894894369, 24.957414049706763 ], [ 83.061313180409655, 24.957682059590699 ], [ 83.05758332386381, 24.970010514251733 ], [ 83.074367678320129, 24.976174741582252 ], [ 83.073746035562479, 25.031116767789033 ], [ 83.061934823167292, 25.062473924209492 ], [ 83.063488930061396, 25.06381397362917 ], [ 83.08804381898824, 25.0678341218882 ], [ 83.132491276159598, 25.060329845138007 ], [ 83.132491276159598, 25.095975159701432 ], [ 83.125342384446725, 25.096779189353239 ], [ 83.138707703736003, 25.108303614362466 ], [ 83.133112918917234, 25.130548434729114 ], [ 83.171965591269824, 25.13751669171144 ], [ 83.170100662996902, 25.166997778944349 ], [ 83.181290232634439, 25.168873848131895 ], [ 83.18097941125562, 25.178522203953577 ], [ 83.15891109335935, 25.189510609194933 ], [ 83.125031563067893, 25.187098520239513 ], [ 83.122234170658515, 25.20291110339171 ], [ 83.072813571426025, 25.212559459213388 ], [ 83.070016179016633, 25.229980101669199 ], [ 83.030231042527589, 25.243648605749907 ], [ 83.052610181802677, 25.246596714473199 ], [ 83.063178108682578, 25.247936763892877 ], [ 83.05758332386381, 25.255977060410942 ], [ 83.040488148028672, 25.269109544723783 ], [ 83.033650077694617, 25.290014315670756 ], [ 83.009095188767787, 25.295910533117336 ], [ 83.016244080480661, 25.307702968010499 ], [ 83.020595579784143, 25.314939234876761 ], [ 83.058204966621446, 25.330215798261086 ], [ 83.140883453387758, 25.321907491859083 ], [ 83.142748381660681, 25.323247541278761 ], [ 83.160154378874637, 25.340936193618507 ], [ 83.188128302968494, 25.416246971004391 ], [ 83.139018525114835, 25.434471643112005 ], [ 83.130315526507857, 25.444656018701554 ], [ 83.126274848583179, 25.448944176844524 ], [ 83.125342384446725, 25.450284226264202 ], [ 83.128450598234934, 25.453232334987494 ], [ 83.165127520935769, 25.489949689086661 ], [ 83.165749163693405, 25.491021728622403 ], [ 83.166370806451056, 25.492361778042081 ], [ 83.173208876785111, 25.526399033301892 ] ] ] } },
{ "type": "Feature", "properties": { "dt_code": "198", "district": "Bhadohi", "st_code": "09", "year": "2011_c", "st_nm": "Uttar Pradesh" }, "geometry": { "type": "Polygon", "coordinates": [ [ [ 82.329639654665741, 25.533367290284215 ], [ 82.335856082242159, 25.536583408891442 ], [ 82.356681114623143, 25.508978390846082 ], [ 82.397087893869838, 25.519430776319567 ], [ 82.412628962810871, 25.495309886765369 ], [ 82.424750996584876, 25.515678637944472 ], [ 82.428170031751904, 25.516214657712343 ], [ 82.443400279314119, 25.517554707132021 ], [ 82.449616706890538, 25.495577896649305 ], [ 82.480077202014968, 25.487269590247305 ], [ 82.465779418589207, 25.478425264077433 ], [ 82.470130917892703, 25.470384967559365 ], [ 82.470130917892703, 25.47011695767543 ], [ 82.503699626805329, 25.474137105934464 ], [ 82.516754124715803, 25.441707909978266 ], [ 82.549079548113156, 25.43661572218349 ], [ 82.557471725341316, 25.445192038469425 ], [ 82.544417227430841, 25.458860542550138 ], [ 82.55902583223542, 25.45752049313046 ], [ 82.564309795675371, 25.44492402858549 ], [ 82.575499365312908, 25.417319010540133 ], [ 82.576742650828194, 25.414906921584713 ], [ 82.577053472207012, 25.418123040191936 ], [ 82.582959078404613, 25.421607168683099 ], [ 82.585134828056354, 25.44921218672846 ], [ 82.601919182512674, 25.450552236148138 ], [ 82.607203145952624, 25.449748206496331 ], [ 82.612487109392575, 25.441171890210395 ], [ 82.61404121628668, 25.436347712299554 ], [ 82.612487109392575, 25.433667613460198 ], [ 82.602851646649142, 25.41571095123652 ], [ 82.601297539755038, 25.413298862281099 ], [ 82.639528569349977, 25.404454536111228 ], [ 82.621500929378371, 25.403382496575485 ], [ 82.619636001105448, 25.393734140753804 ], [ 82.61994682248428, 25.394002150637739 ], [ 82.669056600337939, 25.400434387852194 ], [ 82.669367421716771, 25.400434387852194 ], [ 82.672786456883784, 25.399630358200387 ], [ 82.692989846507132, 25.394002150637739 ], [ 82.692989846507132, 25.394002150637739 ], [ 82.694233132022418, 25.393466130869868 ], [ 82.709463379584633, 25.384085784932125 ], [ 82.706355165796424, 25.359428875610057 ], [ 82.701382023735292, 25.366129122708447 ], [ 82.682732741006049, 25.355676737234958 ], [ 82.687395061688363, 25.331555847680761 ], [ 82.703868594765865, 25.323247541278761 ], [ 82.689570811340104, 25.281169989500881 ], [ 82.672475635504966, 25.280097949965139 ], [ 82.667191672065016, 25.255709050527006 ], [ 82.660975244488611, 25.255709050527006 ], [ 82.657245387942751, 25.258657159250298 ], [ 82.642325961759369, 25.255977060410942 ], [ 82.636420355561768, 25.220867765615388 ], [ 82.615595323180784, 25.225959953410165 ], [ 82.614352037665498, 25.24472064528565 ], [ 82.583269899783431, 25.249544823196491 ], [ 82.517997410231089, 25.232660200508551 ], [ 82.475104059953836, 25.243380595865972 ], [ 82.466401061346858, 25.220331745847517 ], [ 82.452103277921097, 25.218991696427839 ], [ 82.43562974484361, 25.23882442783907 ], [ 82.387452431126391, 25.259193179018169 ], [ 82.386830788368755, 25.259461188902105 ], [ 82.372222183564176, 25.248740793544684 ], [ 82.361654256684275, 25.212023439445517 ], [ 82.349221401531452, 25.206663241766805 ], [ 82.331193761559845, 25.210683390025839 ], [ 82.303530658844807, 25.267501485420169 ], [ 82.303219837465988, 25.268841534839847 ], [ 82.297314231268388, 25.268841534839847 ], [ 82.271826878205104, 25.268573524955912 ], [ 82.266853736143972, 25.268573524955912 ], [ 82.264677986492217, 25.265625416232623 ], [ 82.231109277579591, 25.222743834802937 ], [ 82.230487634821941, 25.221939805151131 ], [ 82.233906669988968, 25.220331745847517 ], [ 82.274935091993299, 25.203179113275645 ], [ 82.282083983706187, 25.200231004552354 ], [ 82.283327269221459, 25.196478866177255 ], [ 82.273070163720377, 25.187098520239513 ], [ 82.268097021659244, 25.182810362096543 ], [ 82.260015665809917, 25.183346381864414 ], [ 82.215257387259726, 25.185490460935899 ], [ 82.209351781062139, 25.187098520239513 ], [ 82.205311103137475, 25.19621085629332 ], [ 82.198162211424588, 25.223279854570809 ], [ 82.222095457593781, 25.277685861009722 ], [ 82.251312667202939, 25.27232566333101 ], [ 82.261258951325189, 25.292426404626177 ], [ 82.299179159541325, 25.302342770331791 ], [ 82.300111623677779, 25.324319580814503 ], [ 82.313476942967071, 25.329947788377147 ], [ 82.314098585724707, 25.330215798261086 ], [ 82.314098585724707, 25.331555847680761 ], [ 82.313787764345889, 25.354068677931348 ], [ 82.313476942967071, 25.371489320387155 ], [ 82.313166121588253, 25.388105933191159 ], [ 82.340518402924474, 25.39882632854858 ], [ 82.34642400912206, 25.410350753557807 ], [ 82.348910580152634, 25.414906921584713 ], [ 82.352640436698479, 25.422411198334906 ], [ 82.335545260863341, 25.44921218672846 ], [ 82.307260515390652, 25.461540641389494 ], [ 82.307260515390652, 25.483249441988271 ], [ 82.285192197494382, 25.484857501291884 ], [ 82.284259733357928, 25.489681679202725 ], [ 82.284881376115564, 25.492361778042081 ], [ 82.315031049861176, 25.498257995488661 ], [ 82.313787764345889, 25.499866054792275 ], [ 82.311922836072966, 25.503082173399502 ], [ 82.298868338162492, 25.521842865274987 ], [ 82.317206799512917, 25.520502815855309 ], [ 82.327153083635181, 25.501206104211953 ], [ 82.329328833286922, 25.497453965836854 ], [ 82.332437047075132, 25.501206104211953 ], [ 82.334612796726873, 25.503886203051309 ], [ 82.338964296030369, 25.509246400730017 ], [ 82.329639654665741, 25.533367290284215 ] ] ] } },
{ "type": "Feature", "properties": { "dt_code": "199", "district": "Mirzapur", "st_code": "09", "year": "2011_c", "st_nm": "Uttar Pradesh" }, "geometry": { "type": "Polygon", "coordinates": [ [ [ 82.094037049519656, 24.817512890292416 ], [ 82.080050087472728, 24.831717414141 ], [ 82.118902759825318, 24.844849898453841 ], [ 82.115794546037108, 24.853694224623716 ], [ 82.091861299867915, 24.849138056596811 ], [ 82.111753868112444, 24.862002531025716 ], [ 82.108645654324235, 24.875135015338557 ], [ 82.122943437749981, 24.864950639749008 ], [ 82.151228183222671, 24.895771776401592 ], [ 82.166769252163704, 24.887195460115656 ], [ 82.167080073542522, 24.887999489767463 ], [ 82.186972641787051, 24.914532468277081 ], [ 82.201892067970448, 24.917748586884304 ], [ 82.208730138304503, 24.937045298527664 ], [ 82.225825314139641, 24.930077041545339 ], [ 82.239190633428933, 24.96063016831399 ], [ 82.251312667202939, 24.951785842144119 ], [ 82.301665730571884, 25.01101602649387 ], [ 82.305395587117729, 25.03862104453923 ], [ 82.295760124374297, 25.049073430012715 ], [ 82.295760124374297, 25.049073430012715 ], [ 82.318760906407022, 25.066494072468526 ], [ 82.325598976741077, 25.071586260263299 ], [ 82.324977333983441, 25.086326803879754 ], [ 82.324666512604622, 25.086594813763689 ], [ 82.324666512604622, 25.086594813763689 ], [ 82.301976551950702, 25.107231574826724 ], [ 82.30228737332952, 25.151989225443959 ], [ 82.278043305781509, 25.155473353935118 ], [ 82.271205235447454, 25.159493502194152 ], [ 82.268097021659244, 25.182810362096543 ], [ 82.273070163720377, 25.187098520239513 ], [ 82.283327269221459, 25.196478866177255 ], [ 82.282083983706187, 25.200231004552354 ], [ 82.274935091993299, 25.203179113275645 ], [ 82.233906669988968, 25.220331745847517 ], [ 82.230487634821941, 25.221939805151131 ], [ 82.231109277579591, 25.222743834802937 ], [ 82.264677986492217, 25.265625416232623 ], [ 82.266853736143972, 25.268573524955912 ], [ 82.271826878205104, 25.268573524955912 ], [ 82.297314231268388, 25.268841534839847 ], [ 82.303219837465988, 25.268841534839847 ], [ 82.303530658844807, 25.267501485420169 ], [ 82.331193761559845, 25.210683390025839 ], [ 82.349221401531452, 25.206663241766805 ], [ 82.361654256684275, 25.212023439445517 ], [ 82.372222183564176, 25.248740793544684 ], [ 82.386830788368755, 25.259461188902105 ], [ 82.387452431126391, 25.259193179018169 ], [ 82.43562974484361, 25.23882442783907 ], [ 82.452103277921097, 25.218991696427839 ], [ 82.466401061346858, 25.220331745847517 ], [ 82.475104059953836, 25.243380595865972 ], [ 82.517997410231089, 25.232660200508551 ], [ 82.583269899783431, 25.249544823196491 ], [ 82.614352037665498, 25.24472064528565 ], [ 82.615595323180784, 25.225959953410165 ], [ 82.636420355561768, 25.220867765615388 ], [ 82.642325961759369, 25.255977060410942 ], [ 82.657245387942751, 25.258657159250298 ], [ 82.660975244488611, 25.255709050527006 ], [ 82.667191672065016, 25.255709050527006 ], [ 82.66657002930738, 25.253564971455525 ], [ 82.671232349989694, 25.246864724357135 ], [ 82.681489455490777, 25.257853129598491 ], [ 82.712571593372843, 25.261605267973589 ], [ 82.714125700266948, 25.250616862732233 ], [ 82.735572375405567, 25.253296961571589 ], [ 82.748005230558405, 25.238556417955134 ], [ 82.760748907090047, 25.266697455768366 ], [ 82.775668333273444, 25.270449594143461 ], [ 82.775979154652262, 25.270181584259525 ], [ 82.776600797409898, 25.269645564491654 ], [ 82.781263118092212, 25.264821386580817 ], [ 82.77628997603108, 25.262141287741461 ], [ 82.77628997603108, 25.254100991223396 ], [ 82.781573939471031, 25.249544823196491 ], [ 82.780641475334576, 25.23212418074068 ], [ 82.789655295320372, 25.228908062133456 ], [ 82.791831044972113, 25.229176072017392 ], [ 82.784371331880422, 25.24900880342862 ], [ 82.78468215325924, 25.24900880342862 ], [ 82.784371331880422, 25.24900880342862 ], [ 82.785925438774527, 25.249276813312555 ], [ 82.818561683550698, 25.253564971455525 ], [ 82.820737433202439, 25.254100991223396 ], [ 82.817318398035411, 25.251152882500104 ], [ 82.812034434595461, 25.240968506910555 ], [ 82.817007576656593, 25.228372042365585 ], [ 82.804263900124951, 25.219259706311774 ], [ 82.815764291141306, 25.20451916269532 ], [ 82.783438867743953, 25.203179113275645 ], [ 82.802709793230846, 25.188974589427062 ], [ 82.793695973245036, 25.177986184185706 ], [ 82.803331435988483, 25.169945887667637 ], [ 82.808304578049615, 25.188974589427062 ], [ 82.840008358689317, 25.168337828364024 ], [ 82.860833391070315, 25.168873848131895 ], [ 82.869847211056111, 25.199426974900547 ], [ 82.871090496571398, 25.199962994668418 ], [ 82.87233378208667, 25.200767024320225 ], [ 82.900307706180541, 25.215239558052744 ], [ 82.906834955135778, 25.195674836525448 ], [ 82.941336128184872, 25.207735281302547 ], [ 83.005365332221928, 25.205323192347127 ], [ 83.009406010146606, 25.209611350490096 ], [ 83.029920221148771, 25.242844576098101 ], [ 83.030231042527589, 25.243648605749907 ], [ 83.070016179016633, 25.229980101669199 ], [ 83.072813571426025, 25.212559459213388 ], [ 83.122234170658515, 25.20291110339171 ], [ 83.125031563067893, 25.187098520239513 ], [ 83.15891109335935, 25.189510609194933 ], [ 83.18097941125562, 25.178522203953577 ], [ 83.181290232634439, 25.168873848131895 ], [ 83.170100662996902, 25.166997778944349 ], [ 83.171965591269824, 25.13751669171144 ], [ 83.133112918917234, 25.130548434729114 ], [ 83.138707703736003, 25.108303614362466 ], [ 83.125342384446725, 25.096779189353239 ], [ 83.132491276159598, 25.095975159701432 ], [ 83.132491276159598, 25.060329845138007 ], [ 83.08804381898824, 25.0678341218882 ], [ 83.063488930061396, 25.06381397362917 ], [ 83.061934823167292, 25.062473924209492 ], [ 83.073746035562479, 25.031116767789033 ], [ 83.074367678320129, 24.976174741582252 ], [ 83.05758332386381, 24.970010514251733 ], [ 83.061313180409655, 24.957682059590699 ], [ 83.060069894894369, 24.957414049706763 ], [ 83.054785931454418, 24.956878029938892 ], [ 83.053231824560314, 24.959826138662184 ], [ 83.043285540438063, 24.955269970635278 ], [ 83.047637039741545, 24.941065446786698 ], [ 83.010649295661878, 24.922572764795145 ], [ 83.008162724631319, 24.901399983964239 ], [ 82.987026870871517, 24.896843815937334 ], [ 82.983297014325657, 24.867898748472296 ], [ 82.955633911610619, 24.855302283927326 ], [ 82.954390626095346, 24.836809601935776 ], [ 82.929835737168503, 24.839757710659068 ], [ 82.931700665441426, 24.853962234507652 ], [ 82.922376024076812, 24.855570293811262 ], [ 82.909943168923974, 24.845921937989583 ], [ 82.919267810288602, 24.840829750194811 ], [ 82.910564811681624, 24.832253433908871 ], [ 82.80675047115551, 24.851818155436167 ], [ 82.751424265725433, 24.818852939712094 ], [ 82.72376116301038, 24.816172840872742 ], [ 82.702003666492942, 24.826357216462291 ], [ 82.700760380977655, 24.805720455399253 ], [ 82.657867030700402, 24.781063546077185 ], [ 82.62460914316658, 24.786155733871961 ], [ 82.633622963152391, 24.816440850756678 ], [ 82.615284501801966, 24.810008613542223 ], [ 82.597567683209178, 24.819924979247837 ], [ 82.58109415013169, 24.82930532518558 ], [ 82.580783328752872, 24.829841344953451 ], [ 82.570837044630608, 24.812688712381579 ], [ 82.545660512946128, 24.80411239609564 ], [ 82.552498583280183, 24.738449974531438 ], [ 82.535714228823863, 24.733089776852726 ], [ 82.535714228823863, 24.730141668129434 ], [ 82.535714228823863, 24.729069628593692 ], [ 82.535714228823863, 24.718885253004142 ], [ 82.541930656400282, 24.708164857646722 ], [ 82.546282155703764, 24.693424314030267 ], [ 82.523592195049858, 24.678147750645945 ], [ 82.523903016428676, 24.676807701226267 ], [ 82.522970552292222, 24.676271681458395 ], [ 82.449927528269356, 24.674663622154782 ], [ 82.453346563436384, 24.68860013611943 ], [ 82.43189988829775, 24.702536650084078 ], [ 82.430967424161295, 24.701732620432271 ], [ 82.407655820749738, 24.682167898904975 ], [ 82.406412535234452, 24.681363869253168 ], [ 82.418534569008472, 24.651882782020262 ], [ 82.409209927643843, 24.625349803510645 ], [ 82.419467033144926, 24.5956007063938 ], [ 82.418534569008472, 24.594528666858057 ], [ 82.371289719427722, 24.596672745929542 ], [ 82.365073291851303, 24.597476775581349 ], [ 82.338653474651551, 24.620257615715868 ], [ 82.31969337054349, 24.606053091867285 ], [ 82.300111623677779, 24.607125131403027 ], [ 82.300733266435429, 24.605785081983349 ], [ 82.296692588510751, 24.605785081983349 ], [ 82.296692588510751, 24.606053091867285 ], [ 82.295138481616647, 24.608465180822705 ], [ 82.300733266435429, 24.65081074248452 ], [ 82.30290901608717, 24.665283276217039 ], [ 82.30290901608717, 24.666087305868846 ], [ 82.30290901608717, 24.666891335520649 ], [ 82.287678768524955, 24.666355315752782 ], [ 82.269651128553349, 24.682703918672846 ], [ 82.268718664416895, 24.683507948324653 ], [ 82.262813058219294, 24.678951780297751 ], [ 82.26716455752279, 24.677075711110202 ], [ 82.260948129946371, 24.661531137841941 ], [ 82.249136917551184, 24.671447503547554 ], [ 82.238879812050101, 24.660995118074069 ], [ 82.229865992064305, 24.681631879137104 ], [ 82.250069381687652, 24.697176452405365 ], [ 82.250691024445288, 24.769807130951893 ], [ 82.245407061005338, 24.744078182094082 ], [ 82.234217491367801, 24.760694794898086 ], [ 82.224892850003172, 24.75801469605873 ], [ 82.229244349306668, 24.745150221629824 ], [ 82.215879030017376, 24.754530567567567 ], [ 82.206865210031566, 24.747294300701309 ], [ 82.221162993457327, 24.72210137161137 ], [ 82.213703280365635, 24.734161816388468 ], [ 82.177958821801255, 24.73282176696879 ], [ 82.20313535348572, 24.75801469605873 ], [ 82.196608104530497, 24.778115437353897 ], [ 82.217743958290299, 24.776775387934219 ], [ 82.209351781062139, 24.778383447237832 ], [ 82.216189851396194, 24.794196030390026 ], [ 82.18417524937766, 24.795536079809704 ], [ 82.203756996243371, 24.81912094959603 ], [ 82.166769252163704, 24.800896277488416 ], [ 82.178891285937709, 24.795000060041833 ], [ 82.167080073542522, 24.785351704220155 ], [ 82.138795328069847, 24.799556228068738 ], [ 82.133822186008715, 24.788031803059511 ], [ 82.11548372465829, 24.784547674568348 ], [ 82.103983333641921, 24.807328514702867 ], [ 82.100875119853711, 24.810544633310094 ], [ 82.097766906065516, 24.816172840872742 ], [ 82.094037049519656, 24.817512890292416 ] ] ] } },
{ "type": "Feature", "properties": { "dt_code": "167", "district": "Lalitpur", "st_code": "09", "year": "2011_c", "st_nm": "Uttar Pradesh" }, "geometry": { "type": "Polygon", "coordinates": [ [ [ 78.446548169058829, 25.122240128327114 ], [ 78.446858990437661, 25.121704108559243 ], [ 78.450899668362325, 25.124384207398599 ], [ 78.537308011674483, 25.184150411516221 ], [ 78.559065508191921, 25.212559459213388 ], [ 78.568390149556549, 25.224619903990487 ], [ 78.569322613693004, 25.222743834802937 ], [ 78.570255077829472, 25.220331745847517 ], [ 78.603202143984461, 25.146897037649182 ], [ 78.602269679848007, 25.094903120165689 ], [ 78.627757032911305, 25.086326803879754 ], [ 78.628067854290123, 25.086058793995818 ], [ 78.630243603941864, 25.083110685272526 ], [ 78.639568245306478, 25.071318250379363 ], [ 78.640500709442946, 25.068102131772136 ], [ 78.652622743216952, 25.050681489316329 ], [ 78.650136172186393, 25.040229103842844 ], [ 78.631797710835968, 24.957682059590699 ], [ 78.663501491475671, 24.938385347947342 ], [ 78.676555989386145, 24.898719885124883 ], [ 78.770113224411176, 24.859054422302425 ], [ 78.789694971276873, 24.811080653077966 ], [ 78.770424045789994, 24.788299812943446 ], [ 78.780991972669895, 24.706020778575237 ], [ 78.744004228590242, 24.654026861091744 ], [ 78.75208558443957, 24.600156874420705 ], [ 78.783789365079286, 24.588632449411477 ], [ 78.803060290566165, 24.603641002911864 ], [ 78.834453249827064, 24.604445032563671 ], [ 78.843156248434042, 24.62320572443916 ], [ 78.859629781511529, 24.617577516876512 ], [ 78.868021958739689, 24.640090347127099 ], [ 78.883252206301904, 24.641430396546774 ], [ 78.920239950381571, 24.57469593544683 ], [ 78.95318701653656, 24.546822907517534 ], [ 78.943551553793128, 24.534494452856499 ], [ 78.947281410338974, 24.502333266784238 ], [ 78.971525477886985, 24.494292970266169 ], [ 78.937645947595527, 24.478748396997908 ], [ 78.927078020715626, 24.481964515605135 ], [ 78.937024304837891, 24.491076851658946 ], [ 78.920550771760389, 24.498849138293075 ], [ 78.91433434418397, 24.459719695238487 ], [ 78.939821697247268, 24.453555467907968 ], [ 78.947281410338974, 24.436670845220032 ], [ 78.985823261312731, 24.441763033014805 ], [ 78.985823261312731, 24.441495023130869 ], [ 78.985823261312731, 24.441227013246937 ], [ 78.985823261312731, 24.441227013246937 ], [ 78.992661331646786, 24.420322242299964 ], [ 78.991418046131514, 24.417374133576672 ], [ 78.991107224752682, 24.417642143460608 ], [ 78.969660549614062, 24.369132354468277 ], [ 78.971525477886985, 24.347691563753436 ], [ 78.90967202350167, 24.298109735225363 ], [ 78.916820915214544, 24.26889665787639 ], [ 78.884495491817191, 24.25040397588484 ], [ 78.884495491817191, 24.219850849116188 ], [ 78.863048816678557, 24.209666473526639 ], [ 78.847196926358706, 24.213954631669608 ], [ 78.826371893977722, 24.195461949678055 ], [ 78.815182324340171, 24.206986374687283 ], [ 78.806790147112011, 24.179649366525858 ], [ 78.803681933323816, 24.179113346757987 ], [ 78.789384149898055, 24.18259747524915 ], [ 78.781613615427545, 24.195729959561991 ], [ 78.762031868561834, 24.259516311938647 ], [ 78.748666549272542, 24.232983333429029 ], [ 78.734368765846796, 24.252548054956325 ], [ 78.725665767239818, 24.236467461920192 ], [ 78.702975806585911, 24.226819106098514 ], [ 78.668785454915636, 24.239951590411355 ], [ 78.660082456308643, 24.267556608456712 ], [ 78.638635781170024, 24.285245260796458 ], [ 78.62558128325955, 24.280689092769553 ], [ 78.619986498440781, 24.292749537546651 ], [ 78.628378675668941, 24.303737942788008 ], [ 78.603512965363279, 24.314458338145432 ], [ 78.586106968149323, 24.353587781200016 ], [ 78.529848298582777, 24.368060314932535 ], [ 78.51865872894524, 24.387893046343766 ], [ 78.501874374488921, 24.390305135299187 ], [ 78.493482197260761, 24.381460809129312 ], [ 78.4745220931527, 24.356267880039372 ], [ 78.477941128319728, 24.3391152474675 ], [ 78.443750776649452, 24.319282516056269 ], [ 78.431007100117796, 24.28390521137678 ], [ 78.418574244964972, 24.284977250912522 ], [ 78.415155209797945, 24.276132924742651 ], [ 78.388735392598193, 24.263536460197681 ], [ 78.387802928461724, 24.264340489849488 ], [ 78.362004754019608, 24.29221351777878 ], [ 78.345531220942107, 24.309634160234591 ], [ 78.329057687864619, 24.327054802690402 ], [ 78.369775288490118, 24.375028571914861 ], [ 78.365734610565454, 24.386016977156217 ], [ 78.348950256109134, 24.387357026575895 ], [ 78.340868900259792, 24.40209757019235 ], [ 78.267515054858109, 24.450071339416809 ], [ 78.267204233479291, 24.450339349300744 ], [ 78.267515054858109, 24.45060735918468 ], [ 78.264096019691081, 24.455699546979453 ], [ 78.274974767949814, 24.47392421908707 ], [ 78.245757558340671, 24.486252673748105 ], [ 78.246068379719489, 24.509569533650495 ], [ 78.225243347338505, 24.522434008079401 ], [ 78.225864990096142, 24.524578087150886 ], [ 78.228351561126715, 24.533422413320757 ], [ 78.229594846641987, 24.537442561579791 ], [ 78.229905668020805, 24.537710571463727 ], [ 78.264406841069913, 24.552183105196246 ], [ 78.278082981738024, 24.614629408153224 ], [ 78.262541912796991, 24.645986564573679 ], [ 78.276218053465101, 24.66340720702949 ], [ 78.246068379719489, 24.714061075093305 ], [ 78.22617581147496, 24.747294300701309 ], [ 78.225554168717323, 24.748098330353116 ], [ 78.23518963146077, 24.772487229791249 ], [ 78.197269423244634, 24.83841766123939 ], [ 78.189809710152943, 24.841097760078746 ], [ 78.173336177075441, 24.84672596764139 ], [ 78.171471248802519, 24.86950680777591 ], [ 78.172403712938987, 24.875939044990364 ], [ 78.210634742533927, 24.894699736865849 ], [ 78.223689240444401, 24.915336497928887 ], [ 78.294556514815511, 24.963042257269411 ], [ 78.308543476862454, 24.976442751466188 ], [ 78.339936436123338, 25.006995878234836 ], [ 78.345220399563289, 25.012088066029612 ], [ 78.344598756805652, 25.016108214288646 ], [ 78.335584936819842, 25.068906161423943 ], [ 78.337449865092765, 25.085254764344011 ], [ 78.338693150608051, 25.085790784111882 ], [ 78.367599538838377, 25.096243169585367 ], [ 78.373815966414796, 25.098655258540788 ], [ 78.406763032569785, 25.128940375425504 ], [ 78.446237347680011, 25.121972118443178 ], [ 78.446548169058829, 25.122240128327114 ] ] ] } },
{ "type": "Feature", "properties": { "dt_code": "200", "district": "Sonbhadra", "st_code": "09", "year": "2011_c", "st_nm": "Uttar Pradesh" }, "geometry": { "type": "Polygon", "coordinates": [ [ [ 83.060069894894369, 24.957414049706763 ], [ 83.078719177623611, 24.905956151991141 ], [ 83.079029999002444, 24.904884112455399 ], [ 83.079029999002444, 24.904884112455399 ], [ 83.075610963835402, 24.882103272320879 ], [ 83.092084496912904, 24.840829750194811 ], [ 83.114152814809174, 24.827697265881969 ], [ 83.128761419613753, 24.835737562400034 ], [ 83.12378827755262, 24.821801048435386 ], [ 83.097990103110504, 24.817780900176352 ], [ 83.086178890715317, 24.781599565845056 ], [ 83.138086060978367, 24.757746686174794 ], [ 83.158289450601714, 24.728533608825824 ], [ 83.169168198860433, 24.723977440798919 ], [ 83.179114482982698, 24.721029332075627 ], [ 83.183155160907376, 24.719957292539885 ], [ 83.186574196074403, 24.719153262888078 ], [ 83.226359332563447, 24.734965846040275 ], [ 83.255887363551409, 24.727461569290082 ], [ 83.257752291824332, 24.736305895459953 ], [ 83.268320218704233, 24.727193559406146 ], [ 83.282307180751175, 24.736841915227824 ], [ 83.289456072464048, 24.720761322191692 ], [ 83.303132213132159, 24.719689282655949 ], [ 83.302821391753341, 24.73710992511176 ], [ 83.33266024412012, 24.771683200139442 ], [ 83.321470674482583, 24.773291259443056 ], [ 83.320849031724933, 24.789103842595253 ], [ 83.336700922044798, 24.77302324955912 ], [ 83.387986449550212, 24.780527526309314 ], [ 83.395135341263085, 24.781599565845056 ], [ 83.397000269536008, 24.782135585612927 ], [ 83.428082407418074, 24.768199071648279 ], [ 83.458232081163686, 24.731481717549112 ], [ 83.489314219045752, 24.736573905343889 ], [ 83.484962719742256, 24.701732620432271 ], [ 83.498638860410367, 24.703340679735884 ], [ 83.517288143139609, 24.681363869253168 ], [ 83.520396356927819, 24.677611730878073 ], [ 83.500503788683289, 24.651346762252391 ], [ 83.529720998292447, 24.643038455850387 ], [ 83.524747856231315, 24.627761892466065 ], [ 83.547748638264039, 24.622937714555224 ], [ 83.548059459642857, 24.622937714555224 ], [ 83.53624824724767, 24.613557368617482 ], [ 83.523504570716028, 24.602836973260061 ], [ 83.530031819671265, 24.567459668580568 ], [ 83.525058677610133, 24.554327184267727 ], [ 83.52319374933721, 24.550307036008697 ], [ 83.522261285200742, 24.547626937169341 ], [ 83.497084753516276, 24.539050620883405 ], [ 83.503301181092681, 24.525382116802692 ], [ 83.497706396273912, 24.524042067383014 ], [ 83.400108483324217, 24.497777098757332 ], [ 83.386743164034925, 24.448999299881066 ], [ 83.394202877126617, 24.434794776032483 ], [ 83.404770804006517, 24.436134825452161 ], [ 83.40508162538535, 24.404777669031702 ], [ 83.434298834994493, 24.400757520772672 ], [ 83.457299617027218, 24.364576186441376 ], [ 83.433055549479207, 24.338847237583565 ], [ 83.432744728100388, 24.338311217815694 ], [ 83.411298052961754, 24.339919277119307 ], [ 83.380526736458506, 24.313654308493625 ], [ 83.386121521277275, 24.29891376487717 ], [ 83.407257375037091, 24.288729389287621 ], [ 83.409122303310014, 24.266216559037034 ], [ 83.378661808185583, 24.230303234589673 ], [ 83.38301330748908, 24.197874038633476 ], [ 83.354106919258754, 24.124975350203012 ], [ 83.334214351014225, 24.104070579256039 ], [ 83.332349422741302, 24.104338589139974 ], [ 83.330173673089561, 24.102194510068493 ], [ 83.327065459301352, 24.102462519952429 ], [ 83.321470674482583, 24.105946648443588 ], [ 83.281996359372343, 24.049664572817129 ], [ 83.279198966962966, 24.01830741639667 ], [ 83.242522044262117, 24.011607169298284 ], [ 83.242522044262117, 23.997134635565764 ], [ 83.223561940154056, 23.986682250092279 ], [ 83.208020871213023, 23.92128783841201 ], [ 83.159532736117001, 23.907351324447362 ], [ 83.141505096145394, 23.884838494196778 ], [ 83.091462854155267, 23.871438 ], [ 83.088354640367058, 23.871974019767872 ], [ 83.066907965228424, 23.8751901383751 ], [ 83.041731433543958, 23.878674266866259 ], [ 82.947863377140109, 23.871438 ], [ 82.927349166137944, 23.892342770946971 ], [ 82.884766637239508, 23.908959383750975 ], [ 82.83192700283999, 23.957469172743306 ], [ 82.812656077353097, 23.959881261698726 ], [ 82.812034434595461, 23.962025340770211 ], [ 82.803953078746119, 24.003566872780215 ], [ 82.751113444346601, 24.011875179182219 ], [ 82.751113444346601, 24.012679208834026 ], [ 82.747383587800755, 24.026883732682609 ], [ 82.766343691908816, 24.046448454209902 ], [ 82.774114226379339, 24.075929541442811 ], [ 82.71381487888813, 24.074589492023133 ], [ 82.706976808554074, 24.096834312389781 ], [ 82.664394279655639, 24.127655449042368 ], [ 82.665015922413275, 24.127923458926304 ], [ 82.683043562384881, 24.154724447319854 ], [ 82.700449559598837, 24.139179874051596 ], [ 82.728112662313876, 24.135695745560433 ], [ 82.744275374012545, 24.165712852561214 ], [ 82.734639911269113, 24.217438760160768 ], [ 82.758883978817124, 24.236735471804128 ], [ 82.755775765028915, 24.261928400894067 ], [ 82.772870940864053, 24.307758091047042 ], [ 82.765411227772361, 24.314190328261496 ], [ 82.769451905697025, 24.370740413771891 ], [ 82.760127264332411, 24.377440660870281 ], [ 82.725315269904485, 24.368060314932535 ], [ 82.713504057509297, 24.380388769593569 ], [ 82.721896234737457, 24.413621995201577 ], [ 82.739923874709064, 24.430238608005578 ], [ 82.732464161617372, 24.43131064754132 ], [ 82.729977590586799, 24.472584169667392 ], [ 82.743653731254909, 24.496437049337654 ], [ 82.720652949222185, 24.513857691793465 ], [ 82.720652949222185, 24.528866245293855 ], [ 82.730910054723267, 24.534762462740435 ], [ 82.71909884232808, 24.552451115080181 ], [ 82.743032088497273, 24.547090917401469 ], [ 82.748316051937223, 24.561295441250053 ], [ 82.797425829790896, 24.576572004634379 ], [ 82.802709793230846, 24.596940755813478 ], [ 82.765411227772361, 24.595868716277735 ], [ 82.77939818981929, 24.614093388385353 ], [ 82.773803405000521, 24.641698406430709 ], [ 82.706665987175242, 24.636338208752001 ], [ 82.698273809947082, 24.647058604109422 ], [ 82.70169284511411, 24.675199641922653 ], [ 82.670921528610862, 24.69690844252143 ], [ 82.540687370884996, 24.647862633761228 ], [ 82.54006572812736, 24.648130643645164 ], [ 82.538511621233255, 24.648666663413035 ], [ 82.529497801247459, 24.652954821556005 ], [ 82.524213837807494, 24.674931632038717 ], [ 82.523903016428676, 24.676807701226267 ], [ 82.523592195049858, 24.678147750645945 ], [ 82.546282155703764, 24.693424314030267 ], [ 82.541930656400282, 24.708164857646722 ], [ 82.535714228823863, 24.718885253004142 ], [ 82.535714228823863, 24.729069628593692 ], [ 82.535714228823863, 24.730141668129434 ], [ 82.535714228823863, 24.733089776852726 ], [ 82.552498583280183, 24.738449974531438 ], [ 82.545660512946128, 24.80411239609564 ], [ 82.570837044630608, 24.812688712381579 ], [ 82.580783328752872, 24.829841344953451 ], [ 82.58109415013169, 24.82930532518558 ], [ 82.597567683209178, 24.819924979247837 ], [ 82.615284501801966, 24.810008613542223 ], [ 82.633622963152391, 24.816440850756678 ], [ 82.62460914316658, 24.786155733871961 ], [ 82.657867030700402, 24.781063546077185 ], [ 82.700760380977655, 24.805720455399253 ], [ 82.702003666492942, 24.826357216462291 ], [ 82.72376116301038, 24.816172840872742 ], [ 82.751424265725433, 24.818852939712094 ], [ 82.80675047115551, 24.851818155436167 ], [ 82.910564811681624, 24.832253433908871 ], [ 82.919267810288602, 24.840829750194811 ], [ 82.909943168923974, 24.845921937989583 ], [ 82.922376024076812, 24.855570293811262 ], [ 82.931700665441426, 24.853962234507652 ], [ 82.929835737168503, 24.839757710659068 ], [ 82.954390626095346, 24.836809601935776 ], [ 82.955633911610619, 24.855302283927326 ], [ 82.983297014325657, 24.867898748472296 ], [ 82.987026870871517, 24.896843815937334 ], [ 83.008162724631319, 24.901399983964239 ], [ 83.010649295661878, 24.922572764795145 ], [ 83.047637039741545, 24.941065446786698 ], [ 83.043285540438063, 24.955269970635278 ], [ 83.053231824560314, 24.959826138662184 ], [ 83.054785931454418, 24.956878029938892 ], [ 83.060069894894369, 24.957414049706763 ] ] ] } },
{ "type": "Feature", "properties": { "dt_code": "706", "district": "Amethi", "st_code": "09", "year": "update2014", "st_nm": "Uttar Pradesh" }, "geometry": { "type": "Polygon", "coordinates": [ [ [ 81.344957526561799, 26.543764552721157 ], [ 81.347444097592359, 26.546980671328384 ], [ 81.351484775517022, 26.545908631792642 ], [ 81.381945270641452, 26.589862252758071 ], [ 81.391580733384899, 26.575657728909487 ], [ 81.431676691252761, 26.560381165525161 ], [ 81.457164044316059, 26.57485369925768 ], [ 81.486381253925202, 26.54322853295329 ], [ 81.514044356640255, 26.549928780051676 ], [ 81.510314500094395, 26.528219979452899 ], [ 81.543572387628217, 26.525271870729608 ], [ 81.543261566249399, 26.526611920149286 ], [ 81.535491031778875, 26.543764552721157 ], [ 81.550099636583454, 26.566009373087809 ], [ 81.5538294931293, 26.571905590534389 ], [ 81.544504851764671, 26.576461758561294 ], [ 81.566262348282123, 26.591470312061684 ], [ 81.574654525510283, 26.612911102776525 ], [ 81.556626885538691, 26.616663241151624 ], [ 81.556626885538691, 26.617467270803431 ], [ 81.5643974200092, 26.638908061518272 ], [ 81.558802635190432, 26.640784130705821 ], [ 81.560667563463355, 26.647484377804208 ], [ 81.562532491736278, 26.654184624902598 ], [ 81.565951526903305, 26.665709049911825 ], [ 81.565951526903305, 26.666245069679697 ], [ 81.566883991039774, 26.665977059795761 ], [ 81.600452699952399, 26.651236516179306 ], [ 81.615061304756978, 26.628723685928723 ], [ 81.641791943335548, 26.639712091170079 ], [ 81.663238618474182, 26.625775577205431 ], [ 81.676293116384656, 26.602726727186976 ], [ 81.648940835048435, 26.608622944633556 ], [ 81.649251656427253, 26.584770064963294 ], [ 81.649251656427253, 26.583698025427552 ], [ 81.699915541175017, 26.589594242874135 ], [ 81.701780469447954, 26.589594242874135 ], [ 81.701469648069121, 26.587182153918715 ], [ 81.698983077038562, 26.551000819587419 ], [ 81.698361434280926, 26.544032562605096 ], [ 81.698050612902094, 26.544032562605096 ], [ 81.68872597153748, 26.543764552721157 ], [ 81.681577079824606, 26.543496542837225 ], [ 81.679712151551684, 26.540548434113933 ], [ 81.67722558052111, 26.530364058524384 ], [ 81.680955437066956, 26.526611920149286 ], [ 81.719497288040728, 26.518839633515157 ], [ 81.718875645283092, 26.538136345158513 ], [ 81.762079816939163, 26.546980671328384 ], [ 81.782904849320147, 26.544032562605096 ], [ 81.797824275503544, 26.528487989336835 ], [ 81.809946309277549, 26.540280424229998 ], [ 81.846623231978384, 26.512139386416766 ], [ 81.847555696114853, 26.52393182130993 ], [ 81.875840441587542, 26.538404355042449 ], [ 81.878637833996919, 26.537332315506706 ], [ 81.898841223620266, 26.529024009104706 ], [ 81.888894939498002, 26.522859781774187 ], [ 81.896354652589707, 26.508119238157732 ], [ 81.912517364288377, 26.508119238157732 ], [ 81.917179684970691, 26.51964366316696 ], [ 81.940180467003415, 26.507583218389861 ], [ 81.940180467003415, 26.507315208505929 ], [ 81.940180467003415, 26.507315208505929 ], [ 81.920909541516536, 26.49445073407702 ], [ 81.922774469789459, 26.492574664889474 ], [ 81.943288680791625, 26.48024621022844 ], [ 81.94235621665517, 26.472205913710372 ], [ 81.921220362895355, 26.462825567772629 ], [ 81.914693113940118, 26.467917755567406 ], [ 81.910030793257818, 26.467381735799535 ], [ 81.90599011533314, 26.452105172415209 ], [ 81.925261040820033, 26.443528856129269 ], [ 81.924017755304746, 26.457197360209982 ], [ 81.949194286989226, 26.453981241602758 ], [ 81.945775251822198, 26.44004472763811 ], [ 81.931788289775255, 26.43763263868269 ], [ 81.948261822852757, 26.419675976459011 ], [ 81.928990897365878, 26.380546533404424 ], [ 81.882056869163947, 26.388318820038553 ], [ 81.861231836782963, 26.348385347332158 ], [ 81.840717625780798, 26.33444883336751 ], [ 81.820825057536268, 26.340077040930158 ], [ 81.808703023762263, 26.332036744412093 ], [ 81.838541876129057, 26.320780329286798 ], [ 81.852218016797167, 26.284062975187631 ], [ 81.873664691935787, 26.284062975187631 ], [ 81.883300154679233, 26.267178352499695 ], [ 81.905368472575503, 26.259942085633433 ], [ 81.907544222227244, 26.23984134433827 ], [ 81.925261040820033, 26.223760751302137 ], [ 81.941423752518702, 26.224028761186073 ], [ 81.949815929746862, 26.212504336176845 ], [ 81.965667820066713, 26.220276622810974 ], [ 81.989290244857088, 26.18463130824755 ], [ 82.020372382739154, 26.174446932658 ], [ 82.022858953769727, 26.158366339621868 ], [ 82.049589592348298, 26.149522013451996 ], [ 82.045238093044816, 26.107176451790181 ], [ 82.070414624729295, 26.091363868637988 ], [ 82.051143699242402, 26.061078751753271 ], [ 82.048967949590661, 26.057594623262109 ], [ 82.048657128211843, 26.057594623262109 ], [ 82.030629488240237, 26.064562880244434 ], [ 82.021615668254441, 26.063758850592627 ], [ 81.987425316584165, 26.060810741869336 ], [ 81.976857389704264, 26.07555128548579 ], [ 81.975614104188978, 26.07742735467334 ], [ 81.97219506902195, 26.076623325021533 ], [ 81.964424534551426, 26.075015265717919 ], [ 81.95851892835384, 26.073943226182177 ], [ 81.961937963520867, 26.066170939548048 ], [ 81.936761431836388, 26.075283275601855 ], [ 81.930234182881151, 26.051698405815529 ], [ 81.884854261573338, 26.08144750293237 ], [ 81.8677590857382, 26.072603176762499 ], [ 81.85936690851004, 26.046874227904688 ], [ 81.828284770627974, 26.037493881966945 ], [ 81.802797417564676, 26.047410247672559 ], [ 81.799689203776467, 26.032401694172169 ], [ 81.784148134835434, 26.028113536029203 ], [ 81.769850351409673, 26.041246020342044 ], [ 81.768917887273219, 26.06724297908379 ], [ 81.726957001132419, 26.093775957593408 ], [ 81.713902503221959, 26.083055562235984 ], [ 81.716389074252518, 26.065902929664112 ], [ 81.687171864643375, 26.076087305253662 ], [ 81.682509543961061, 26.114144708772507 ], [ 81.682509543961061, 26.114948738424314 ], [ 81.682198722582243, 26.114948738424314 ], [ 81.659819583307154, 26.117360827379734 ], [ 81.646454264017862, 26.133709430299799 ], [ 81.652981512973099, 26.143893805889348 ], [ 81.618480339924005, 26.180611159988516 ], [ 81.599520235815945, 26.143357786121477 ], [ 81.569370562070333, 26.146573904728704 ], [ 81.569059740691515, 26.146305894844769 ], [ 81.537666781430616, 26.118164857031537 ], [ 81.53704513867298, 26.11762883726367 ], [ 81.535180210400057, 26.103424313415086 ], [ 81.552586207614013, 26.098064115736374 ], [ 81.567194812418592, 26.07313919653037 ], [ 81.566883991039774, 26.072603176762499 ], [ 81.54232910211293, 26.055450544190627 ], [ 81.541707459355294, 26.055182534306692 ], [ 81.532693639369498, 26.061614771521143 ], [ 81.530828711096561, 26.044730148833203 ], [ 81.546680601416426, 26.032401694172169 ], [ 81.545748137279958, 26.030793634868559 ], [ 81.542950744870581, 26.025165427305911 ], [ 81.541396637976476, 26.022753338350491 ], [ 81.566883991039774, 26.026773486609525 ], [ 81.560045920705718, 25.996220359840873 ], [ 81.592060522724239, 25.969419371447319 ], [ 81.569059740691515, 25.975315588893903 ], [ 81.524612283520156, 25.955750867366611 ], [ 81.512179428367318, 25.960039025509577 ], [ 81.50347642976034, 25.946906541196736 ], [ 81.49042193184988, 25.947710570848542 ], [ 81.483894682894643, 25.931361967928474 ], [ 81.473637577393561, 25.938062215026864 ], [ 81.450015152603186, 25.927609829553379 ], [ 81.44628529605734, 25.934310076651766 ], [ 81.440690511238572, 25.957894946438092 ], [ 81.390959090627263, 25.977459667965388 ], [ 81.386918412702585, 25.990860162162164 ], [ 81.364228452048678, 25.986572004019195 ], [ 81.307348139724496, 26.01873319009146 ], [ 81.307969782482132, 26.049286316860108 ], [ 81.339362741743017, 26.04794626744043 ], [ 81.342781776910044, 26.082787552352048 ], [ 81.3555254534417, 26.093239937825537 ], [ 81.344957526561799, 26.112268639584958 ], [ 81.364539273427496, 26.120576945986958 ], [ 81.372620629276838, 26.144965845425091 ], [ 81.372931450655656, 26.158098329737932 ], [ 81.356768738956973, 26.174446932658 ], [ 81.373242272034474, 26.188651456506584 ], [ 81.361120238260469, 26.224028761186073 ], [ 81.376039664443866, 26.222152691998524 ], [ 81.353660525168777, 26.227512889677236 ], [ 81.348687383107645, 26.244397512365175 ], [ 81.361431059639287, 26.255653927490464 ], [ 81.358012024472259, 26.274682629249888 ], [ 81.357390381714623, 26.277898747857115 ], [ 81.359876952745182, 26.278970787392858 ], [ 81.391580733384899, 26.291835261821763 ], [ 81.407121802325932, 26.315420131608089 ], [ 81.384742663050844, 26.327748586269124 ], [ 81.367647487215706, 26.334716843251446 ], [ 81.370755701003915, 26.335520872903253 ], [ 81.394688947173108, 26.343293159537382 ], [ 81.382877734777921, 26.390998918877909 ], [ 81.399351267855408, 26.41833592703933 ], [ 81.394067304415458, 26.4309323915843 ], [ 81.363606809291028, 26.444868905548951 ], [ 81.378837056853243, 26.453713231718822 ], [ 81.370134058246265, 26.465773676495921 ], [ 81.37759377133797, 26.479174170692698 ], [ 81.360809416881651, 26.500346951523603 ], [ 81.360809416881651, 26.525539880613543 ], [ 81.344335883804149, 26.542960523069354 ], [ 81.344957526561799, 26.543764552721157 ] ] ] } },
{ "type": "Feature", "properties": { "dt_code": "140", "district": "Ghaziabad", "st_code": "09", "year": "2011_c", "st_nm": "Uttar Pradesh" }, "geometry": { "type": "Polygon", "coordinates": [ [ [ 77.689698111630449, 28.744125699831852 ], [ 77.687211540599876, 28.743321670180045 ], [ 77.682238398538757, 28.72429296842062 ], [ 77.67042718614357, 28.728849136447526 ], [ 77.656129402717809, 28.734477344010173 ], [ 77.655818581338991, 28.734209334126234 ], [ 77.640899155155594, 28.724024958536688 ], [ 77.640277512397958, 28.724024958536688 ], [ 77.639655869640322, 28.72429296842062 ], [ 77.61479015933466, 28.732065255054753 ], [ 77.613236052440556, 28.732601274822624 ], [ 77.607330446242969, 28.72858112656359 ], [ 77.6063979821065, 28.727777096911783 ], [ 77.605776339348864, 28.727509087027848 ], [ 77.615100980713478, 28.71598466201862 ], [ 77.580288986285566, 28.700440088750359 ], [ 77.565058738723351, 28.693471831768036 ], [ 77.546098634615291, 28.684895515482097 ], [ 77.545787813236473, 28.666670843374483 ], [ 77.566302024238638, 28.653002339293771 ], [ 77.547652741509395, 28.651930299758028 ], [ 77.545166170478822, 28.653002339293771 ], [ 77.544855349100004, 28.651930299758028 ], [ 77.542057956690613, 28.633437617766475 ], [ 77.520300460173175, 28.648714181150801 ], [ 77.500407891928646, 28.64898219103474 ], [ 77.477407109895921, 28.62727339043596 ], [ 77.456582077514923, 28.63799378579338 ], [ 77.433581295482199, 28.622181202641187 ], [ 77.390998766583763, 28.634241647418285 ], [ 77.386647267280267, 28.654342388713449 ], [ 77.385714803143813, 28.651930299758028 ], [ 77.373281947990989, 28.622181202641187 ], [ 77.358362521807592, 28.617893044498217 ], [ 77.368930448687493, 28.608780708444407 ], [ 77.343753917003013, 28.61038876774802 ], [ 77.342199810108909, 28.609584738096217 ], [ 77.342510631487741, 28.621913192757248 ], [ 77.316401635666793, 28.641209904400608 ], [ 77.323550527379666, 28.676855218964032 ], [ 77.332875168744295, 28.681947406758809 ], [ 77.323239706000848, 28.698564019562809 ], [ 77.331010240471372, 28.713036553295328 ], [ 77.298373995695201, 28.708748395152362 ], [ 77.291225103982313, 28.707944365500556 ], [ 77.28936017570939, 28.70767635561662 ], [ 77.289670997088223, 28.709016405036294 ], [ 77.290603461224677, 28.722416899233075 ], [ 77.276305677798931, 28.735549383545916 ], [ 77.260764608857897, 28.734209334126234 ], [ 77.256413109554401, 28.75618614460895 ], [ 77.235588077173418, 28.761010322519788 ], [ 77.228128364081712, 28.769854648689662 ], [ 77.227817542702894, 28.770390668457534 ], [ 77.221911936505307, 28.777358925439856 ], [ 77.234033970279313, 28.78379116265431 ], [ 77.207614153079547, 28.791563449288439 ], [ 77.202641011018429, 28.793171508592053 ], [ 77.201397725503142, 28.812468220235409 ], [ 77.218803722717098, 28.808180062092443 ], [ 77.222533579262944, 28.831496921994834 ], [ 77.222844400641762, 28.833372991182383 ], [ 77.230614935112285, 28.822652595824962 ], [ 77.252683253008556, 28.827744783619735 ], [ 77.280035534344776, 28.83417702083419 ], [ 77.29309003225525, 28.8274767737358 ], [ 77.304590423271605, 28.790759419636633 ], [ 77.324172170137317, 28.80228384464586 ], [ 77.341267345972454, 28.795047577779602 ], [ 77.34810541630651, 28.806035983020958 ], [ 77.363335663868725, 28.786203251609727 ], [ 77.395039444508427, 28.776554895788049 ], [ 77.40591819276716, 28.782451113234632 ], [ 77.394417801750791, 28.803623894065538 ], [ 77.405607371388328, 28.813808269655087 ], [ 77.390066302447295, 28.828548813271542 ], [ 77.413999548616488, 28.840341248164705 ], [ 77.401255872084846, 28.849989603986383 ], [ 77.402809978978951, 28.877594622031744 ], [ 77.41897269067762, 28.880006710987164 ], [ 77.447257436150309, 28.927176450559816 ], [ 77.447257436150309, 28.927176450559816 ], [ 77.458757827166679, 28.925300381372267 ], [ 77.456582077514923, 28.906807699380717 ], [ 77.503516105716855, 28.895015264487554 ], [ 77.531490029810712, 28.888047007505229 ], [ 77.544855349100004, 28.893943224951812 ], [ 77.557288204252828, 28.893675215067876 ], [ 77.57127516629977, 28.887242977853422 ], [ 77.582464735937307, 28.89287118541607 ], [ 77.59272184143839, 28.874914523192388 ], [ 77.642453262049699, 28.881882780174713 ], [ 77.655196938581355, 28.868214276094001 ], [ 77.683170862675212, 28.873306463888774 ], [ 77.699955217131532, 28.853205722593611 ], [ 77.69187386128219, 28.823724635360705 ], [ 77.709590679874978, 28.813004240003281 ], [ 77.708036572980873, 28.78968738010089 ], [ 77.684414148190498, 28.767442559734242 ], [ 77.679441006129366, 28.762886391707337 ], [ 77.689698111630449, 28.744125699831852 ] ] ] } },
{ "type": "Feature", "properties": { "dt_code": "754", "district": "Sambhal", "st_code": "09", "year": "2011_c", "st_nm": "Uttar Pradesh" }, "geometry": { "type": "Polygon", "coordinates": [ [ [ 78.304813620316594, 28.43779040249354 ], [ 78.304502798937776, 28.438326422261412 ], [ 78.337760686471597, 28.436718362957798 ], [ 78.390911142249934, 28.47557979612845 ], [ 78.411425353252099, 28.462447311815609 ], [ 78.427588064950768, 28.507740982200716 ], [ 78.41360110290384, 28.519265407209943 ], [ 78.434736956663642, 28.541510227576591 ], [ 78.422304101510818, 28.55357067235369 ], [ 78.439088455967138, 28.588679967149243 ], [ 78.424790672541391, 28.596988273551247 ], [ 78.432872028390719, 28.607708668908668 ], [ 78.412046996009735, 28.613872896239183 ], [ 78.39992496223573, 28.64898219103474 ], [ 78.424169029783741, 28.671227011401385 ], [ 78.406763032569785, 28.689451683509002 ], [ 78.417952602207336, 28.709552424804166 ], [ 78.410182067736812, 28.747341818439075 ], [ 78.421993280132, 28.754042065537465 ], [ 78.407695496706253, 28.781647083582826 ], [ 78.407384675327421, 28.782183103350697 ], [ 78.422304101510818, 28.790759419636633 ], [ 78.436291063557746, 28.779503004511341 ], [ 78.445926526301193, 28.791831459172375 ], [ 78.460224309726939, 28.777358925439856 ], [ 78.483225091759678, 28.788347330681212 ], [ 78.500631088973634, 28.776286885904113 ], [ 78.506847516550053, 28.787811310913341 ], [ 78.547254295796733, 28.784059172538242 ], [ 78.559997972328389, 28.800407775458311 ], [ 78.613148428106726, 28.809788121396053 ], [ 78.622162248092522, 28.806035983020958 ], [ 78.634905924624178, 28.800675785342246 ], [ 78.638946602548842, 28.803355884181602 ], [ 78.643919744609974, 28.80657200278883 ], [ 78.681218310068459, 28.763958431243079 ], [ 78.680907488689641, 28.762618381823401 ], [ 78.677799274901432, 28.747341818439075 ], [ 78.664744776990958, 28.746001769019401 ], [ 78.662569027339217, 28.695347900955586 ], [ 78.644230565988792, 28.669082932329903 ], [ 78.652311921838134, 28.670422981749581 ], [ 78.649203708049924, 28.662918704999385 ], [ 78.670339561809726, 28.644158013123899 ], [ 78.692407879705996, 28.64228194393635 ], [ 78.695205272115388, 28.621913192757248 ], [ 78.728152338270377, 28.637189756141574 ], [ 78.733125480331509, 28.653538359061642 ], [ 78.754882976848961, 28.643890003239964 ], [ 78.771667331305281, 28.648714181150801 ], [ 78.765450903728862, 28.616284985194604 ], [ 78.773843080957022, 28.610656777631959 ], [ 78.761721047183016, 28.571259324693436 ], [ 78.793735649201551, 28.567239176434402 ], [ 78.796843862989761, 28.564023057827175 ], [ 78.800884540914424, 28.563487038059304 ], [ 78.807411789869661, 28.553838682237625 ], [ 78.810830825036689, 28.548210474674981 ], [ 78.81300657468843, 28.54526236595169 ], [ 78.801817005050893, 28.53507799036214 ], [ 78.801506183672061, 28.534541970594269 ], [ 78.801817005050893, 28.53427396071033 ], [ 78.828858465008281, 28.501576754870197 ], [ 78.828547643629463, 28.501308744986261 ], [ 78.828858465008281, 28.501308744986261 ], [ 78.822020394674226, 28.491124369396712 ], [ 78.855589103586865, 28.490320339744905 ], [ 78.872062636664367, 28.467539499610385 ], [ 78.869265244254976, 28.466467460074643 ], [ 78.865846209087948, 28.465395420538901 ], [ 78.858075674617425, 28.446902738547351 ], [ 78.812074110551976, 28.444490649591931 ], [ 78.794357291959187, 28.397856929787146 ], [ 78.767005010622967, 28.405093196653407 ], [ 78.766694189244149, 28.405093196653407 ], [ 78.76638336786533, 28.4042891670016 ], [ 78.761721047183016, 28.397856929787146 ], [ 78.759545297531275, 28.395176830947793 ], [ 78.76949158165354, 28.386600514661854 ], [ 78.758923654773625, 28.371859971045403 ], [ 78.709813876919966, 28.366767783250626 ], [ 78.707016484510575, 28.366499773366691 ], [ 78.670961204567377, 28.334338587294425 ], [ 78.652622743216952, 28.317989984374361 ], [ 78.662258205960399, 28.308877648320554 ], [ 78.643608923231156, 28.290384966329 ], [ 78.643919744609974, 28.289044916909322 ], [ 78.651379457701665, 28.269748205265966 ], [ 78.632419353593605, 28.244019256408155 ], [ 78.636460031518283, 28.222042445925439 ], [ 78.592323395725742, 28.185593101710211 ], [ 78.59263421710456, 28.185325091826272 ], [ 78.610972678454985, 28.166028380182915 ], [ 78.574606577132954, 28.142711520280525 ], [ 78.593877502619847, 28.133063164458846 ], [ 78.572120006102395, 28.102242027806259 ], [ 78.590147646074001, 28.085893424886191 ], [ 78.589215181937533, 28.080533227207482 ], [ 78.580201361951737, 28.063112584751671 ], [ 78.57895807643645, 28.063380594635607 ], [ 78.579268897815268, 28.063648604519543 ], [ 78.557200579918998, 28.064452634171349 ], [ 78.531091584098064, 28.043815873108315 ], [ 78.510577373095899, 28.085625415002255 ], [ 78.479495235213832, 28.113498442931551 ], [ 78.478562771077364, 28.11296242316368 ], [ 78.477008664183259, 28.114302472583358 ], [ 78.460535131105772, 28.148071717959233 ], [ 78.459602666969303, 28.14887574761104 ], [ 78.459291845590485, 28.149679777262847 ], [ 78.401168247751016, 28.183449022638726 ], [ 78.395884284311066, 28.211054040684083 ], [ 78.368842824353663, 28.234906920354348 ], [ 78.354545040927903, 28.26948019538203 ], [ 78.354545040927903, 28.269748205265966 ], [ 78.312894976165936, 28.274304373292868 ], [ 78.28398858793561, 28.357655447196819 ], [ 78.270001625888682, 28.366499773366691 ], [ 78.279015445874478, 28.389012603617275 ], [ 78.307300191347167, 28.406701255957021 ], [ 78.308232655483621, 28.411257423983923 ], [ 78.310097583756544, 28.41876170073412 ], [ 78.311030047893013, 28.423585878644957 ], [ 78.307611012725985, 28.427874036787927 ], [ 78.304813620316594, 28.43779040249354 ] ] ] } },
{ "type": "Feature", "properties": { "dt_code": "169", "district": "Mahoba", "st_code": "09", "year": "2011_c", "st_nm": "Uttar Pradesh" }, "geometry": { "type": "MultiPolygon", "coordinates": [ [ [ [ 79.374349984838602, 25.142608879506213 ], [ 79.363782057958701, 25.125724256818277 ], [ 79.380877233793839, 25.12250813821105 ], [ 79.387093661370244, 25.085790784111882 ], [ 79.406053765478319, 25.072390289915106 ], [ 79.407297050993591, 25.064886013164912 ], [ 79.425946333722834, 25.058721785834393 ], [ 79.415067585464115, 25.03862104453923 ], [ 79.394864195840768, 25.032188807324776 ], [ 79.368444378641016, 25.053897607923556 ], [ 79.367822735883365, 25.054433627691424 ], [ 79.356011523488178, 25.040497113726779 ], [ 79.351038381427045, 25.068906161423943 ], [ 79.365336164852806, 25.058989795718329 ], [ 79.379944769657371, 25.064886013164912 ], [ 79.372485056565679, 25.091955011442401 ], [ 79.379633948278553, 25.101335357380144 ], [ 79.350727560048227, 25.117951970184144 ], [ 79.351349202805864, 25.120096049255629 ], [ 79.36409287933752, 25.143144899274084 ], [ 79.374349984838602, 25.142608879506213 ] ] ], [ [ [ 79.354457416594073, 25.175842105114221 ], [ 79.359430558655205, 25.188438569659191 ], [ 79.372485056565679, 25.180130263257187 ], [ 79.365957807610442, 25.171821956855187 ], [ 79.354457416594073, 25.175842105114221 ] ] ], [ [ [ 79.304725995982764, 25.180398273141122 ], [ 79.292293140829941, 25.184150411516221 ], [ 79.301617782194555, 25.201303044088096 ], [ 79.306280102876869, 25.186830510355577 ], [ 79.304725995982764, 25.180398273141122 ] ] ], [ [ [ 79.279549464298285, 25.243112585982036 ], [ 79.262765109841979, 25.273397702866752 ], [ 79.269603180176034, 25.263213327277203 ], [ 79.275508786373621, 25.262677307509332 ], [ 79.282657678086494, 25.262141287741461 ], [ 79.293847247724045, 25.283582078456302 ], [ 79.316537208377952, 25.255977060410942 ], [ 79.335186491107194, 25.269645564491654 ], [ 79.350727560048227, 25.26401735692901 ], [ 79.343889489714172, 25.227300002829843 ], [ 79.333010741455453, 25.227836022597714 ], [ 79.351970845563514, 25.212291449329452 ], [ 79.338605526274222, 25.198086925480869 ], [ 79.328659242151957, 25.221403785383259 ], [ 79.303171889088659, 25.233464230160358 ], [ 79.279238642919466, 25.24472064528565 ], [ 79.279549464298285, 25.243112585982036 ] ] ], [ [ [ 79.280171107055935, 25.323783561046632 ], [ 79.297266282891073, 25.373365389574705 ], [ 79.298820389785178, 25.377117527949803 ], [ 79.323064457333189, 25.401238417504 ], [ 79.340159633168327, 25.402042447155807 ], [ 79.340159633168327, 25.402310457039743 ], [ 79.332699920076635, 25.433667613460198 ], [ 79.366890271746911, 25.460200591969816 ], [ 79.362227951064597, 25.48512551117582 ], [ 79.362227951064597, 25.48512551117582 ], [ 79.38616119723379, 25.510854460033631 ], [ 79.393931731704299, 25.519162766435631 ], [ 79.421594834419352, 25.506566301890661 ], [ 79.466663934348347, 25.504690232703116 ], [ 79.483137467425848, 25.490485708854532 ], [ 79.511422212898523, 25.48753760013124 ], [ 79.522922603914893, 25.496649936185047 ], [ 79.528206567354843, 25.482445412336464 ], [ 79.559599526615727, 25.491557748390274 ], [ 79.562086097646301, 25.478157254193498 ], [ 79.562086097646301, 25.477353224541691 ], [ 79.563018561782769, 25.478157254193498 ], [ 79.595343985180108, 25.498794015256532 ], [ 79.615547374803455, 25.481641382684657 ], [ 79.640102263730299, 25.484857501291884 ], [ 79.64227801338204, 25.508978390846082 ], [ 79.665900438172415, 25.510050430381824 ], [ 79.656575796807786, 25.550251912972154 ], [ 79.69946914708504, 25.550251912972154 ], [ 79.69169861261453, 25.55882822925809 ], [ 79.710658716722591, 25.566064496124351 ], [ 79.709104609828486, 25.592865484517901 ], [ 79.747335639423426, 25.574104792642416 ], [ 79.761944244228005, 25.585629217651643 ], [ 79.770958064213801, 25.581609069392609 ], [ 79.786499133154834, 25.589113346142806 ], [ 79.798931988307672, 25.624758660706231 ], [ 79.844933552373135, 25.608946077554034 ], [ 79.841203695827289, 25.593401504285772 ], [ 79.870731726815251, 25.577052901365708 ], [ 79.891556759196234, 25.579196980437192 ], [ 79.909273577789008, 25.597153642660871 ], [ 79.945328857732221, 25.589113346142806 ], [ 79.95620760599094, 25.610286126973712 ], [ 79.957450891506227, 25.627170749661651 ], [ 79.944707214974571, 25.628242789197394 ], [ 79.953721034960367, 25.640839253742364 ], [ 80.00345245557169, 25.616718364188166 ], [ 79.999100956268194, 25.604925929295003 ], [ 80.009358061769277, 25.593669514169708 ], [ 80.074630551321619, 25.587505286839193 ], [ 80.087995870610911, 25.54623176471312 ], [ 80.103847760930762, 25.542479626338022 ], [ 80.11255075953774, 25.551055942623961 ], [ 80.147051932586848, 25.534975349587828 ], [ 80.15140343189033, 25.508710380962146 ], [ 80.161971358770231, 25.507370331542468 ], [ 80.155444109815008, 25.509782420497888 ], [ 80.163525465664335, 25.517822717015953 ], [ 80.186215426318256, 25.506566301890661 ], [ 80.194296782167584, 25.519698786203502 ], [ 80.214500171790931, 25.514606598408729 ], [ 80.221027420746168, 25.512462519337245 ], [ 80.223203170397909, 25.496381926301112 ], [ 80.211391958002721, 25.495577896649305 ], [ 80.226311384186118, 25.473065066398721 ], [ 80.215121814548581, 25.469580937907558 ], [ 80.202999780774562, 25.485393521059756 ], [ 80.193053496652311, 25.443315969281876 ], [ 80.142389611904534, 25.458592532666202 ], [ 80.121875400902368, 25.41571095123652 ], [ 80.119388829871795, 25.410350753557807 ], [ 80.117834722977705, 25.407670654718451 ], [ 80.127159364342319, 25.409546723906001 ], [ 80.145187004313925, 25.407670654718451 ], [ 80.15140343189033, 25.402846476807614 ], [ 80.151092610511512, 25.401774437271872 ], [ 80.133997434676374, 25.401238417504 ], [ 80.133686613297556, 25.400166377968258 ], [ 80.130267578130528, 25.387033893655417 ], [ 80.141146326389247, 25.381405686092769 ], [ 80.125916078827032, 25.381405686092769 ], [ 80.104158582309594, 25.350852559324121 ], [ 80.088928334747379, 25.355676737234958 ], [ 80.072765623048696, 25.336916045359473 ], [ 80.033602129317288, 25.34200823315425 ], [ 80.031737201044365, 25.339864154082765 ], [ 80.018682703133891, 25.321371472091212 ], [ 80.022412559679751, 25.29751859242095 ], [ 79.998790134889376, 25.285458147643851 ], [ 80.004695741086962, 25.267233475536237 ], [ 79.948437071520416, 25.268573524955912 ], [ 79.917665755017168, 25.226763983061971 ], [ 79.907408649516086, 25.250884872616169 ], [ 79.902124686076135, 25.240700497026619 ], [ 79.877880618528124, 25.251152882500104 ], [ 79.851460801328358, 25.235608309231843 ], [ 79.86855597716351, 25.216579607472422 ], [ 79.856123122010672, 25.194066777221835 ], [ 79.8701100840576, 25.172357976623058 ], [ 79.866380227511755, 25.149845146372474 ], [ 79.88161047507397, 25.142072859738342 ], [ 79.85177162270719, 25.128672365541568 ], [ 79.848041766161344, 25.110447693433951 ], [ 79.861096264071804, 25.096511179469303 ], [ 79.86016379993535, 25.096243169585367 ], [ 79.840271231690821, 25.098119238772917 ], [ 79.748578924938712, 25.139660770782925 ], [ 79.717185965677828, 25.128672365541568 ], [ 79.68330643538637, 25.135104602756019 ], [ 79.673049329885288, 25.120364059139565 ], [ 79.622696266516328, 25.140464800434732 ], [ 79.60031712724124, 25.128136345773697 ], [ 79.606533554817659, 25.15252524521183 ], [ 79.595965627937758, 25.14341290915802 ], [ 79.569234989359174, 25.171821956855187 ], [ 79.51794946185376, 25.126796296354019 ], [ 79.525098353566634, 25.09731520912111 ], [ 79.505516606700937, 25.095439139933561 ], [ 79.491529644654008, 25.079626556781363 ], [ 79.465109827454242, 25.087934863183367 ], [ 79.477231861228248, 25.127600326005826 ], [ 79.440244117148595, 25.101335357380144 ], [ 79.426257155101652, 25.119024009719887 ], [ 79.405432122720669, 25.106159535290981 ], [ 79.383985447582049, 25.142876889390148 ], [ 79.390201875158454, 25.170213897551573 ], [ 79.411959371675906, 25.182542352212607 ], [ 79.412270193054724, 25.200231004552354 ], [ 79.440554938527413, 25.198890955132676 ], [ 79.448947115755573, 25.214971548168808 ], [ 79.432784404056889, 25.220599755731453 ], [ 79.462623256423683, 25.264553376696881 ], [ 79.494637858442204, 25.266965465652298 ], [ 79.467285577105983, 25.283314068572366 ], [ 79.436825081981567, 25.254637010991267 ], [ 79.408851157887696, 25.255977060410942 ], [ 79.407607872372409, 25.273933722634624 ], [ 79.368755200019834, 25.292426404626177 ], [ 79.374039163459784, 25.272593673214946 ], [ 79.364714522095156, 25.261069248205718 ], [ 79.355389880730542, 25.265893426116559 ], [ 79.358187273139919, 25.284118098224173 ], [ 79.336118955243663, 25.288138246483207 ], [ 79.352281666942332, 25.329947788377147 ], [ 79.299752853921632, 25.33772007501128 ], [ 79.295090533239332, 25.322979531394825 ], [ 79.280171107055935, 25.323783561046632 ] ] ] ] } },
{ "type": "Feature", "properties": { "dt_code": "132", "district": "Saharanpur", "st_code": "09", "year": "2011_c", "st_nm": "Uttar Pradesh" }, "geometry": { "type": "Polygon", "coordinates": [ [ [ 77.820553912113965, 29.673851987204202 ], [ 77.788228488716612, 29.63499055403355 ], [ 77.779214668730802, 29.638206672640774 ], [ 77.740051174999394, 29.608725585407868 ], [ 77.723577641921906, 29.621590059836773 ], [ 77.714874643314928, 29.611941704015095 ], [ 77.694360432312763, 29.61810593134561 ], [ 77.65675104547546, 29.564771964442439 ], [ 77.65675104547546, 29.564771964442439 ], [ 77.65675104547546, 29.564771964442439 ], [ 77.648048046868482, 29.592913002255671 ], [ 77.611060302788815, 29.619445980765288 ], [ 77.538949742902417, 29.637670652872906 ], [ 77.527449351886048, 29.623198119140383 ], [ 77.50196199882275, 29.627218267399417 ], [ 77.487042572639353, 29.633650504613872 ], [ 77.483623537472326, 29.63499055403355 ], [ 77.484866822987613, 29.656431344748391 ], [ 77.466528361637188, 29.656967364516262 ], [ 77.450676471317337, 29.673583977320263 ], [ 77.439486901679786, 29.669831838945168 ], [ 77.432027188588094, 29.646782988926713 ], [ 77.414621191374138, 29.659379453471683 ], [ 77.389444659689659, 29.646782988926713 ], [ 77.365511413520466, 29.654555275560842 ], [ 77.336915846668958, 29.643566870319486 ], [ 77.297441531558732, 29.671975918016653 ], [ 77.285008676405909, 29.674924026739944 ], [ 77.273508285389539, 29.664739651150391 ], [ 77.224398507535867, 29.695292777919043 ], [ 77.20170854688196, 29.680552234302588 ], [ 77.151044662134183, 29.688056511052785 ], [ 77.14980137661891, 29.688324520936717 ], [ 77.153842054543574, 29.69609680757085 ], [ 77.134260307677863, 29.718341627937498 ], [ 77.134881950435513, 29.720485707008983 ], [ 77.133017022162591, 29.722361776196532 ], [ 77.138922628360177, 29.738174359348726 ], [ 77.119962524252117, 29.755326991920601 ], [ 77.120584167009753, 29.759079130295699 ], [ 77.120894988388585, 29.760687189599309 ], [ 77.122138273903857, 29.767119426813764 ], [ 77.146693162830701, 29.771943604724605 ], [ 77.168139837969321, 29.798744593118158 ], [ 77.173112980030453, 29.804908820448674 ], [ 77.178396943470403, 29.845914332690811 ], [ 77.202019368260778, 29.868963182709265 ], [ 77.185856656562109, 29.907556605995982 ], [ 77.224709328914685, 29.936769683344956 ], [ 77.226263435808789, 29.939449782184308 ], [ 77.226574257187622, 29.939985801952179 ], [ 77.246777646810955, 29.976703156051347 ], [ 77.275994856420112, 29.996535887462578 ], [ 77.277859784693035, 30.041829557847681 ], [ 77.303036316377501, 30.055230052044458 ], [ 77.334429275638399, 30.053890002624779 ], [ 77.378876732809758, 30.091411386375754 ], [ 77.414621191374138, 30.097039593938401 ], [ 77.422702547223466, 30.103471831152852 ], [ 77.403120800357769, 30.11151212767092 ], [ 77.402499157600133, 30.111780137554852 ], [ 77.423635011359934, 30.130808839314277 ], [ 77.42736486790578, 30.15760982770783 ], [ 77.42798651066343, 30.162702015502603 ], [ 77.455649613378469, 30.162702015502603 ], [ 77.477096288517089, 30.182534746913834 ], [ 77.530557565674258, 30.252485326621006 ], [ 77.538328100144767, 30.278482285362752 ], [ 77.583397200073776, 30.307427352827791 ], [ 77.578424058012644, 30.329940183078374 ], [ 77.603911411075941, 30.36799758659722 ], [ 77.602978946939473, 30.369069626132962 ], [ 77.580599807664385, 30.379254001722511 ], [ 77.575005022845616, 30.400694792437356 ], [ 77.582464735937307, 30.400962802321288 ], [ 77.591789377301936, 30.406323 ], [ 77.625358086214561, 30.403374891276709 ], [ 77.654264474444886, 30.400962802321288 ], [ 77.657372688233096, 30.400694792437356 ], [ 77.657683509611914, 30.398818723249803 ], [ 77.676643613719975, 30.387830318008447 ], [ 77.678197720614079, 30.375769873231349 ], [ 77.690319754388085, 30.376037883115288 ], [ 77.690319754388085, 30.376037883115288 ], [ 77.721712713648984, 30.33020819296231 ], [ 77.846662907934899, 30.271782038264366 ], [ 77.893907757515649, 30.265349801049911 ], [ 77.941463428475203, 30.239888862076036 ], [ 77.960112711204445, 30.242300951031456 ], [ 77.961045175340914, 30.242300951031456 ], [ 77.961355996719732, 30.242300951031456 ], [ 77.96166681809855, 30.242300951031456 ], [ 77.961045175340914, 30.242032941147521 ], [ 77.959801889825627, 30.240960901611778 ], [ 77.918773467821296, 30.211211804494937 ], [ 77.911935397487241, 30.182534746913834 ], [ 77.860339048603009, 30.113120186974534 ], [ 77.836716623812634, 30.103471831152852 ], [ 77.828013625205656, 30.086051188697041 ], [ 77.801282986627072, 30.095431534634788 ], [ 77.771133312881474, 30.0479937851782 ], [ 77.782012061140193, 30.018780707829226 ], [ 77.761808671516846, 30.009400361891483 ], [ 77.733213104665339, 29.956066394988312 ], [ 77.748443352227554, 29.951778236845342 ], [ 77.730415712255962, 29.931677495550179 ], [ 77.747821709469918, 29.911308744371077 ], [ 77.715807107451383, 29.885043775745398 ], [ 77.715185464693747, 29.878879548414879 ], [ 77.716117928830201, 29.866819103637781 ], [ 77.71922614261841, 29.86199492572694 ], [ 77.741916103272331, 29.85181055013739 ], [ 77.740361996378226, 29.834657917565519 ], [ 77.759011279107469, 29.818577324529386 ], [ 77.751551566015763, 29.810805037895257 ], [ 77.774552348048502, 29.790972306484026 ], [ 77.780457954246089, 29.764975347742279 ], [ 77.76957920598737, 29.745410626214987 ], [ 77.782633703897829, 29.73629829016118 ], [ 77.772376598396747, 29.716733568633884 ], [ 77.8106076279917, 29.702529044785301 ], [ 77.799107236975331, 29.686180441865233 ], [ 77.820553912113965, 29.673851987204202 ] ] ] } },
{ "type": "Feature", "properties": { "dt_code": "134", "district": "Bijnor", "st_code": "09", "year": "2011_c", "st_nm": "Uttar Pradesh" }, "geometry": { "type": "Polygon", "coordinates": [ [ [ 78.532645690992169, 29.064665521018743 ], [ 78.517415443429954, 29.068417659393841 ], [ 78.490684804851369, 29.042420700652094 ], [ 78.449656382847039, 29.058233283804292 ], [ 78.386559642946438, 29.020979909937253 ], [ 78.372572680899509, 29.026876127383833 ], [ 78.346774506457393, 29.01749578144609 ], [ 78.320043867878809, 29.030360255874996 ], [ 78.290826658269665, 29.02339199889267 ], [ 78.285853516208533, 29.036256473321579 ], [ 78.27559641070745, 29.02419602854448 ], [ 78.245757558340671, 29.036524483205511 ], [ 78.214986241837423, 29.029556226223189 ], [ 78.161214143301436, 29.055017165197064 ], [ 78.134483504722866, 29.044296769839644 ], [ 78.134172683344033, 29.064933530902678 ], [ 78.072940871716355, 29.082354173358489 ], [ 78.074805799989292, 29.084498252429974 ], [ 78.08817111927857, 29.10138287511791 ], [ 78.090346868930325, 29.145604505967274 ], [ 78.123915577842951, 29.171333454825085 ], [ 78.107752866144281, 29.20510270020096 ], [ 78.113658472341868, 29.256292588032647 ], [ 78.1139692937207, 29.256292588032647 ], [ 78.088481940657402, 29.319542920641432 ], [ 78.0661028013823, 29.33508749390969 ], [ 78.065791980003482, 29.335355503793629 ], [ 78.064859515867028, 29.340983711356273 ], [ 78.062994587594105, 29.353312166017307 ], [ 78.045899411758967, 29.355724254972728 ], [ 78.030047521439101, 29.373412907312471 ], [ 78.026628486272074, 29.386545391625312 ], [ 78.044345304864862, 29.406914142804414 ], [ 78.021344522832123, 29.429694982938933 ], [ 78.020412058695669, 29.465876317270229 ], [ 78.010776595952223, 29.471772534716813 ], [ 77.989951563571239, 29.484100989377847 ], [ 77.990262384950057, 29.484905019029654 ], [ 77.99741127666293, 29.509025908583851 ], [ 77.985910885646561, 29.527786600459336 ], [ 77.988397456677134, 29.531538738834435 ], [ 77.989951563571239, 29.533414808021984 ], [ 78.008600846300482, 29.559679776647666 ], [ 78.022898629726228, 29.562091865603087 ], [ 78.020412058695669, 29.581656587130379 ], [ 78.018236309043914, 29.598273199934383 ], [ 78.048696804168344, 29.614621802854447 ], [ 78.057399802775322, 29.63070239589058 ], [ 78.086617012384465, 29.625074188327936 ], [ 78.081333048944515, 29.635258563917482 ], [ 78.130442826798188, 29.652679206373293 ], [ 78.171471248802519, 29.691540639543945 ], [ 78.196026137729362, 29.692612679079687 ], [ 78.203796672199871, 29.737370329696923 ], [ 78.259744520387599, 29.738442369232661 ], [ 78.335584936819842, 29.796600514046673 ], [ 78.335274115441024, 29.79740454369848 ], [ 78.371951038141873, 29.78239599019809 ], [ 78.511199015853535, 29.724773865151953 ], [ 78.513063944126458, 29.7228977959644 ], [ 78.521456121354618, 29.657771394168069 ], [ 78.532645690992169, 29.638742692408645 ], [ 78.534510619265092, 29.636866623221096 ], [ 78.605688715015035, 29.569328132469344 ], [ 78.616567463273753, 29.558875746995859 ], [ 78.627135390153654, 29.554855598736825 ], [ 78.700489235555338, 29.505809789976624 ], [ 78.704529913480016, 29.505273770208753 ], [ 78.711057162435239, 29.500449592297912 ], [ 78.744936692726696, 29.500717602181847 ], [ 78.799641255399138, 29.464536267850551 ], [ 78.920861593139207, 29.434251150965839 ], [ 78.926145556579158, 29.438271299224869 ], [ 78.943240732414296, 29.434787170733706 ], [ 78.92583473520034, 29.425942844563835 ], [ 78.902212310409965, 29.384937332321698 ], [ 78.877657421483136, 29.375020966616084 ], [ 78.871751815285535, 29.362156492187182 ], [ 78.85185924704102, 29.360280422999629 ], [ 78.850305140146915, 29.347415948570728 ], [ 78.849994318768097, 29.345003859615307 ], [ 78.845331998085783, 29.346879928802856 ], [ 78.828547643629463, 29.353848185785179 ], [ 78.827304358114176, 29.35438420555305 ], [ 78.827304358114176, 29.354652215436985 ], [ 78.827304358114176, 29.355188235204857 ], [ 78.826061072598904, 29.363764551490792 ], [ 78.799952076777956, 29.334551474141819 ], [ 78.80461439746027, 29.319274910757496 ], [ 78.795911398853292, 29.311770634007303 ], [ 78.793424827822733, 29.328119236927368 ], [ 78.777572937502867, 29.325707147971947 ], [ 78.766694189244149, 29.337499582865114 ], [ 78.750220656166647, 29.317398841569947 ], [ 78.733747123089159, 29.321955009596849 ], [ 78.734368765846796, 29.302926307837428 ], [ 78.725044124482181, 29.303194317721363 ], [ 78.765140082350044, 29.279341438051102 ], [ 78.771356509926463, 29.264868904318583 ], [ 78.760166940288912, 29.264064874666776 ], [ 78.742139300317319, 29.263260845014969 ], [ 78.688988844538969, 29.239675975228643 ], [ 78.696448557630674, 29.232707718246321 ], [ 78.674069418355586, 29.211534937415415 ], [ 78.682150774204914, 29.204298670549154 ], [ 78.670339561809726, 29.190630166468441 ], [ 78.695516093494206, 29.203494640897347 ], [ 78.698313485903597, 29.192238225772055 ], [ 78.659460813551007, 29.176961662387729 ], [ 78.657595885278084, 29.144532466431532 ], [ 78.642987280473506, 29.159273010047983 ], [ 78.631176068078332, 29.148820624574498 ], [ 78.650136172186393, 29.123091675716687 ], [ 78.606621179151489, 29.097094716974944 ], [ 78.612215963970257, 29.083158203010296 ], [ 78.612215963970257, 29.082622183242425 ], [ 78.588593539179897, 29.068685669277777 ], [ 78.564038650253053, 29.076993975679777 ], [ 78.546632653039097, 29.06118139252758 ], [ 78.532645690992169, 29.064665521018743 ] ] ] } },
{ "type": "Feature", "properties": { "dt_code": "133", "district": "Muzaffarnagar", "st_code": "09", "year": "2011_c", "st_nm": "Uttar Pradesh" }, "geometry": { "type": "Polygon", "coordinates": [ [ [ 77.487042572639353, 29.633650504613872 ], [ 77.50196199882275, 29.627218267399417 ], [ 77.527449351886048, 29.623198119140383 ], [ 77.538949742902417, 29.637670652872906 ], [ 77.611060302788815, 29.619445980765288 ], [ 77.648048046868482, 29.592913002255671 ], [ 77.65675104547546, 29.564771964442439 ], [ 77.65675104547546, 29.564771964442439 ], [ 77.65675104547546, 29.564771964442439 ], [ 77.694360432312763, 29.61810593134561 ], [ 77.714874643314928, 29.611941704015095 ], [ 77.723577641921906, 29.621590059836773 ], [ 77.740051174999394, 29.608725585407868 ], [ 77.779214668730802, 29.638206672640774 ], [ 77.788228488716612, 29.63499055403355 ], [ 77.820553912113965, 29.673851987204202 ], [ 77.820864733492783, 29.673583977320263 ], [ 77.834540874160894, 29.671171888364846 ], [ 77.862825619633568, 29.68939656047246 ], [ 77.874636832028756, 29.687252481400975 ], [ 77.882718187878098, 29.702529044785301 ], [ 77.912557040244877, 29.69609680757085 ], [ 77.926854823670638, 29.713785459910593 ], [ 77.94861232018809, 29.708425262231884 ], [ 77.952963819491572, 29.707353222696142 ], [ 77.949855605703362, 29.704673123856786 ], [ 77.939909321581112, 29.69609680757085 ], [ 77.97005899532671, 29.666615720337941 ], [ 77.966329138780864, 29.650267117417876 ], [ 77.98373513599482, 29.644906919739164 ], [ 77.983424314616002, 29.643834880203421 ], [ 77.977829529797233, 29.613549763318705 ], [ 77.948301498809258, 29.617033891809868 ], [ 77.933382072625875, 29.6006852888898 ], [ 77.9669507815385, 29.580316537710701 ], [ 77.995235527011189, 29.595861110978962 ], [ 78.020412058695669, 29.581656587130379 ], [ 78.022898629726228, 29.562091865603087 ], [ 78.008600846300482, 29.559679776647666 ], [ 77.989951563571239, 29.533414808021984 ], [ 77.988397456677134, 29.531538738834435 ], [ 77.985910885646561, 29.527786600459336 ], [ 77.99741127666293, 29.509025908583851 ], [ 77.990262384950057, 29.484905019029654 ], [ 77.989951563571239, 29.484100989377847 ], [ 78.010776595952223, 29.471772534716813 ], [ 78.020412058695669, 29.465876317270229 ], [ 78.021344522832123, 29.429694982938933 ], [ 78.044345304864862, 29.406914142804414 ], [ 78.026628486272074, 29.386545391625312 ], [ 78.030047521439101, 29.373412907312471 ], [ 78.045899411758967, 29.355724254972728 ], [ 78.062994587594105, 29.353312166017307 ], [ 78.064859515867028, 29.340983711356273 ], [ 78.065791980003482, 29.335355503793629 ], [ 78.0661028013823, 29.33508749390969 ], [ 78.088481940657402, 29.319542920641432 ], [ 78.1139692937207, 29.256292588032647 ], [ 78.113658472341868, 29.256292588032647 ], [ 78.087238655142116, 29.246644232210969 ], [ 77.990573206328875, 29.256024578148711 ], [ 77.983113493237184, 29.237799906041094 ], [ 77.938355214687007, 29.237531896157158 ], [ 77.919084289200114, 29.214215036254767 ], [ 77.902610756122627, 29.219039214165608 ], [ 77.893907757515649, 29.209926878111801 ], [ 77.859406584466541, 29.228419560103351 ], [ 77.845108801040794, 29.20269061124554 ], [ 77.805945307309386, 29.202958621129476 ], [ 77.795688201808304, 29.185001958905794 ], [ 77.777038919079061, 29.185269968789733 ], [ 77.775795633563774, 29.201082551941926 ], [ 77.741605281893499, 29.221183293237093 ], [ 77.685035790948135, 29.229759609523029 ], [ 77.667940615112997, 29.254148508961162 ], [ 77.665454044082438, 29.254684528729033 ], [ 77.657683509611914, 29.252272439773613 ], [ 77.644318190322622, 29.226007471147931 ], [ 77.629087942760407, 29.226543490915802 ], [ 77.620074122774611, 29.249860350818196 ], [ 77.586505413861971, 29.265940943854325 ], [ 77.564747917344533, 29.23458378743387 ], [ 77.512219104323833, 29.20510270020096 ], [ 77.504448569853309, 29.191434196120248 ], [ 77.480826145062949, 29.198402453102574 ], [ 77.455649613378469, 29.2302956292909 ], [ 77.442595115467995, 29.227079510683673 ], [ 77.404364085873056, 29.248520301398514 ], [ 77.350902808715887, 29.241284034532256 ], [ 77.318266563939716, 29.253612489193291 ], [ 77.299306459831655, 29.260848756059552 ], [ 77.277859784693035, 29.268621042693681 ], [ 77.277238141935385, 29.268889052577617 ], [ 77.279103070208308, 29.29327795201575 ], [ 77.280967998481231, 29.294886011319363 ], [ 77.284387033648258, 29.297566110158719 ], [ 77.304279601892787, 29.312842673543042 ], [ 77.308631101196283, 29.3441998299635 ], [ 77.342199810108909, 29.333211424722144 ], [ 77.369862912823962, 29.344467839847436 ], [ 77.379809196946212, 29.364568581142599 ], [ 77.398147658296637, 29.36698067009802 ], [ 77.424256654117571, 29.39029753000041 ], [ 77.434513759618653, 29.424334785260221 ], [ 77.463730969227811, 29.45140378353771 ], [ 77.46093357681842, 29.453547862609195 ], [ 77.442595115467995, 29.468824425993521 ], [ 77.441662651331541, 29.469896465529263 ], [ 77.445392507877386, 29.475256663207972 ], [ 77.469325754046579, 29.508757898699916 ], [ 77.451608935453791, 29.522158392896692 ], [ 77.462798505091342, 29.539043015584628 ], [ 77.476474645759453, 29.538775005700693 ], [ 77.478028752653557, 29.562627885370958 ], [ 77.49139407194285, 29.567720073165731 ], [ 77.482691073335872, 29.578172458639216 ], [ 77.481447787820585, 29.578708478407087 ], [ 77.481758609199403, 29.578976488291023 ], [ 77.502272820201568, 29.601489318541606 ], [ 77.482691073335872, 29.621322049952838 ], [ 77.487042572639353, 29.633650504613872 ] ] ] } },
{ "type": "Feature", "properties": { "dt_code": "139", "district": "Baghpat", "st_code": "09", "year": "2011_c", "st_nm": "Uttar Pradesh" }, "geometry": { "type": "Polygon", "coordinates": [ [ [ 77.447257436150309, 28.927176450559816 ], [ 77.447257436150309, 28.927176450559816 ], [ 77.41897269067762, 28.880006710987164 ], [ 77.402809978978951, 28.877594622031744 ], [ 77.401255872084846, 28.849989603986383 ], [ 77.413999548616488, 28.840341248164705 ], [ 77.390066302447295, 28.828548813271542 ], [ 77.405607371388328, 28.813808269655087 ], [ 77.394417801750791, 28.803623894065538 ], [ 77.40591819276716, 28.782451113234632 ], [ 77.395039444508427, 28.776554895788049 ], [ 77.363335663868725, 28.786203251609727 ], [ 77.34810541630651, 28.806035983020958 ], [ 77.341267345972454, 28.795047577779602 ], [ 77.324172170137317, 28.80228384464586 ], [ 77.304590423271605, 28.790759419636633 ], [ 77.29309003225525, 28.8274767737358 ], [ 77.280035534344776, 28.83417702083419 ], [ 77.252683253008556, 28.827744783619735 ], [ 77.230614935112285, 28.822652595824962 ], [ 77.222844400641762, 28.833372991182383 ], [ 77.222533579262944, 28.831496921994834 ], [ 77.217560437201811, 28.849721594102448 ], [ 77.216006330307707, 28.85266970282574 ], [ 77.214763044792434, 28.855349801665096 ], [ 77.189275691729136, 28.867946266210065 ], [ 77.197357047578464, 28.885902928433744 ], [ 77.228128364081712, 28.881346760406842 ], [ 77.231858220627572, 28.915116005782718 ], [ 77.232479863385208, 28.919672173809623 ], [ 77.225641793051153, 28.923424312184721 ], [ 77.207924974458379, 28.933608687774271 ], [ 77.196735404820828, 28.939772915104786 ], [ 77.202330189639596, 28.987210664561374 ], [ 77.188964870350318, 29.02768015703564 ], [ 77.166896552454048, 29.033844384366159 ], [ 77.163788338665839, 29.079406064635197 ], [ 77.146693162830701, 29.08047810417094 ], [ 77.133949486299045, 29.095218647787394 ], [ 77.148868912482442, 29.116927448386171 ], [ 77.148868912482442, 29.117195458270107 ], [ 77.135814414571968, 29.142120377476111 ], [ 77.143274127663673, 29.167045296682115 ], [ 77.143274127663673, 29.167045296682115 ], [ 77.143274127663673, 29.167313306566051 ], [ 77.142652484906023, 29.190898176352377 ], [ 77.131462915268486, 29.217431154861995 ], [ 77.150112197997728, 29.232707718246321 ], [ 77.138922628360177, 29.266208953738261 ], [ 77.139233449738995, 29.267012983390067 ], [ 77.14451741317896, 29.277733378747488 ], [ 77.153842054543574, 29.29729810027478 ], [ 77.154774518680043, 29.296762080506912 ], [ 77.203262653776065, 29.274517260140264 ], [ 77.249575039220346, 29.280949497354715 ], [ 77.266048572297848, 29.265940943854325 ], [ 77.268535143328407, 29.265404924086454 ], [ 77.277859784693035, 29.268353032809745 ], [ 77.277859784693035, 29.268621042693681 ], [ 77.299306459831655, 29.260848756059552 ], [ 77.318266563939716, 29.253612489193291 ], [ 77.350902808715887, 29.241284034532256 ], [ 77.404364085873056, 29.248520301398514 ], [ 77.442595115467995, 29.227079510683673 ], [ 77.455649613378469, 29.2302956292909 ], [ 77.480826145062949, 29.198402453102574 ], [ 77.504448569853309, 29.191434196120248 ], [ 77.473988074728894, 29.18768205774515 ], [ 77.468393289910111, 29.188218077513021 ], [ 77.468393289910111, 29.186878028093346 ], [ 77.468082468531293, 29.185805988557604 ], [ 77.466528361637188, 29.178301711807407 ], [ 77.47989368092648, 29.170797435057214 ], [ 77.468082468531293, 29.16248912865521 ], [ 77.470879860940684, 29.143728436779725 ], [ 77.45782536303021, 29.141852367592175 ], [ 77.457203720272574, 29.128451873395399 ], [ 77.440419365816254, 29.130059932699012 ], [ 77.442595115467995, 29.117463468154043 ], [ 77.429540617557535, 29.106475062912686 ], [ 77.434513759618653, 29.094146608251652 ], [ 77.422702547223466, 29.092002529180167 ], [ 77.460622755439601, 29.076993975679777 ], [ 77.446946614771491, 29.068685669277777 ], [ 77.454717149242001, 29.053409105893451 ], [ 77.443527579604464, 29.033844384366159 ], [ 77.46093357681842, 29.024732048312348 ], [ 77.451608935453791, 29.01937185063364 ], [ 77.475231360244166, 28.966037883730468 ], [ 77.46093357681842, 28.949957290694336 ], [ 77.470258218183034, 28.946741172087108 ], [ 77.464663433364265, 28.930660579050979 ], [ 77.447257436150309, 28.927176450559816 ] ] ] } },
{ "type": "Feature", "properties": { "dt_code": "138", "district": "Meerut", "st_code": "09", "year": "2011_c", "st_nm": "Uttar Pradesh" }, "geometry": { "type": "Polygon", "coordinates": [ [ [ 78.072940871716355, 29.082354173358489 ], [ 78.049629268304813, 29.069221689045648 ], [ 78.068900193791691, 29.048316918098678 ], [ 78.077292371019851, 28.977562308739696 ], [ 78.09656329650673, 28.951297340114014 ], [ 78.074184157231642, 28.93548475696182 ], [ 78.081954691702165, 28.926104411024074 ], [ 78.099982331673758, 28.932268638354593 ], [ 78.108374508901917, 28.917796104622074 ], [ 78.087860297899752, 28.89099511622852 ], [ 78.120807364054755, 28.87839865168355 ], [ 78.092833439960884, 28.872234424353032 ], [ 78.064859515867028, 28.879202681335357 ], [ 78.034709842121416, 28.880006710987164 ], [ 78.024141915241515, 28.876522582496001 ], [ 78.002384418724063, 28.851329653406061 ], [ 77.974410494630206, 28.856421841200838 ], [ 77.961977639477368, 28.840877267932576 ], [ 77.94799067743044, 28.84677348537916 ], [ 77.933071251247057, 28.833909010950251 ], [ 77.913800325760164, 28.860709999343804 ], [ 77.867798761694701, 28.864462137718903 ], [ 77.853811799647772, 28.832300951646641 ], [ 77.86251479825475, 28.827744783619735 ], [ 77.862825619633568, 28.795851607431409 ], [ 77.836405802433816, 28.80469593360128 ], [ 77.797863951460045, 28.785667231841856 ], [ 77.787296024580144, 28.790223399868761 ], [ 77.779214668730802, 28.772534747529015 ], [ 77.776417276321425, 28.7663705201985 ], [ 77.775484812184956, 28.763958431243079 ], [ 77.770511670123824, 28.761546342287659 ], [ 77.747510888091099, 28.750289927162367 ], [ 77.720469428133697, 28.736621423081658 ], [ 77.690008933009267, 28.743321670180045 ], [ 77.689698111630449, 28.744125699831852 ], [ 77.679441006129366, 28.762886391707337 ], [ 77.684414148190498, 28.767442559734242 ], [ 77.708036572980873, 28.78968738010089 ], [ 77.709590679874978, 28.813004240003281 ], [ 77.69187386128219, 28.823724635360705 ], [ 77.699955217131532, 28.853205722593611 ], [ 77.683170862675212, 28.873306463888774 ], [ 77.655196938581355, 28.868214276094001 ], [ 77.642453262049699, 28.881882780174713 ], [ 77.59272184143839, 28.874914523192388 ], [ 77.582464735937307, 28.89287118541607 ], [ 77.57127516629977, 28.887242977853422 ], [ 77.557288204252828, 28.893675215067876 ], [ 77.544855349100004, 28.893943224951812 ], [ 77.531490029810712, 28.888047007505229 ], [ 77.503516105716855, 28.895015264487554 ], [ 77.456582077514923, 28.906807699380717 ], [ 77.458757827166679, 28.925300381372267 ], [ 77.447257436150309, 28.927176450559816 ], [ 77.464663433364265, 28.930660579050979 ], [ 77.470258218183034, 28.946741172087108 ], [ 77.46093357681842, 28.949957290694336 ], [ 77.475231360244166, 28.966037883730468 ], [ 77.451608935453791, 29.01937185063364 ], [ 77.46093357681842, 29.024732048312348 ], [ 77.443527579604464, 29.033844384366159 ], [ 77.454717149242001, 29.053409105893451 ], [ 77.446946614771491, 29.068685669277777 ], [ 77.460622755439601, 29.076993975679777 ], [ 77.422702547223466, 29.092002529180167 ], [ 77.434513759618653, 29.094146608251652 ], [ 77.429540617557535, 29.106475062912686 ], [ 77.442595115467995, 29.117463468154043 ], [ 77.440419365816254, 29.130059932699012 ], [ 77.457203720272574, 29.128451873395399 ], [ 77.45782536303021, 29.141852367592175 ], [ 77.470879860940684, 29.143728436779725 ], [ 77.468082468531293, 29.16248912865521 ], [ 77.47989368092648, 29.170797435057214 ], [ 77.466528361637188, 29.178301711807407 ], [ 77.468082468531293, 29.185805988557604 ], [ 77.468393289910111, 29.186878028093346 ], [ 77.468393289910111, 29.188218077513021 ], [ 77.473988074728894, 29.18768205774515 ], [ 77.504448569853309, 29.191434196120248 ], [ 77.512219104323833, 29.20510270020096 ], [ 77.564747917344533, 29.23458378743387 ], [ 77.586505413861971, 29.265940943854325 ], [ 77.620074122774611, 29.249860350818196 ], [ 77.629087942760407, 29.226543490915802 ], [ 77.644318190322622, 29.226007471147931 ], [ 77.657683509611914, 29.252272439773613 ], [ 77.665454044082438, 29.254684528729033 ], [ 77.667940615112997, 29.254148508961162 ], [ 77.685035790948135, 29.229759609523029 ], [ 77.741605281893499, 29.221183293237093 ], [ 77.775795633563774, 29.201082551941926 ], [ 77.777038919079061, 29.185269968789733 ], [ 77.795688201808304, 29.185001958905794 ], [ 77.805945307309386, 29.202958621129476 ], [ 77.845108801040794, 29.20269061124554 ], [ 77.859406584466541, 29.228419560103351 ], [ 77.893907757515649, 29.209926878111801 ], [ 77.902610756122627, 29.219039214165608 ], [ 77.919084289200114, 29.214215036254767 ], [ 77.938355214687007, 29.237531896157158 ], [ 77.983113493237184, 29.237799906041094 ], [ 77.990573206328875, 29.256024578148711 ], [ 78.087238655142116, 29.246644232210969 ], [ 78.113658472341868, 29.256292588032647 ], [ 78.107752866144281, 29.20510270020096 ], [ 78.123915577842951, 29.171333454825085 ], [ 78.090346868930325, 29.145604505967274 ], [ 78.08817111927857, 29.10138287511791 ], [ 78.074805799989292, 29.084498252429974 ], [ 78.072940871716355, 29.082354173358489 ] ] ] } },
{ "type": "Feature", "properties": { "dt_code": "135", "district": "Moradabad", "st_code": "09", "year": "2011_c", "st_nm": "Uttar Pradesh" }, "geometry": { "type": "Polygon", "coordinates": [ [ [ 78.622162248092522, 28.806035983020958 ], [ 78.624027176365445, 28.818096427798057 ], [ 78.618121570167858, 28.823724635360705 ], [ 78.6262029260172, 28.83417702083419 ], [ 78.626513747396018, 28.834981050485993 ], [ 78.633040996351255, 28.843021347004061 ], [ 78.637703317033555, 28.839537218512898 ], [ 78.658839170793371, 28.848381544682773 ], [ 78.670028740430908, 28.866070197022516 ], [ 78.633351817730073, 28.876522582496001 ], [ 78.63614921013945, 28.886170938317683 ], [ 78.625270461880731, 28.891263126112456 ], [ 78.641433173579415, 28.903055561005619 ], [ 78.619675677061963, 28.917796104622074 ], [ 78.613459249485544, 28.944597093015627 ], [ 78.551916616479048, 28.942989033712013 ], [ 78.530780762719246, 28.955585498256983 ], [ 78.540727046841511, 28.96469783431079 ], [ 78.527672548931037, 28.96657390349834 ], [ 78.530469941340428, 28.970862061641309 ], [ 78.563106186116599, 29.020979909937253 ], [ 78.542281153735601, 29.027144137267769 ], [ 78.548808402690838, 29.040008611696674 ], [ 78.549740866827307, 29.042152690768159 ], [ 78.530159119961596, 29.060109352991837 ], [ 78.529537477203959, 29.060913382643648 ], [ 78.530469941340428, 29.060913382643648 ], [ 78.532645690992169, 29.064665521018743 ], [ 78.546632653039097, 29.06118139252758 ], [ 78.564038650253053, 29.076993975679777 ], [ 78.588593539179897, 29.068685669277777 ], [ 78.612215963970257, 29.082622183242425 ], [ 78.612215963970257, 29.083158203010296 ], [ 78.606621179151489, 29.097094716974944 ], [ 78.650136172186393, 29.123091675716687 ], [ 78.631176068078332, 29.148820624574498 ], [ 78.642987280473506, 29.159273010047983 ], [ 78.657595885278084, 29.144532466431532 ], [ 78.659460813551007, 29.176961662387729 ], [ 78.698313485903597, 29.192238225772055 ], [ 78.695516093494206, 29.203494640897347 ], [ 78.670339561809726, 29.190630166468441 ], [ 78.682150774204914, 29.204298670549154 ], [ 78.674069418355586, 29.211534937415415 ], [ 78.696448557630674, 29.232707718246321 ], [ 78.688988844538969, 29.239675975228643 ], [ 78.742139300317319, 29.263260845014969 ], [ 78.760166940288912, 29.264064874666776 ], [ 78.803371111944983, 29.240748014764385 ], [ 78.807722611248479, 29.236459856621416 ], [ 78.818601359507198, 29.232439708362385 ], [ 78.819223002264849, 29.232439708362385 ], [ 78.820155466401303, 29.232171698478449 ], [ 78.838183106372909, 29.242624083951934 ], [ 78.849683497389279, 29.232707718246321 ], [ 78.858386495996257, 29.241820054300128 ], [ 78.858697317375075, 29.232975728130256 ], [ 78.874549207694926, 29.2302956292909 ], [ 78.883252206301904, 29.211534937415415 ], [ 78.875170850452577, 29.20510270020096 ], [ 78.908739559365202, 29.178569721691343 ], [ 78.901590667652329, 29.169725395521471 ], [ 78.918685843487467, 29.135688140261657 ], [ 78.906252988334643, 29.124967744904236 ], [ 78.906563809713461, 29.124967744904236 ], [ 78.927078020715626, 29.117999487921914 ], [ 78.934537733807318, 29.129791922815077 ], [ 78.956606051703588, 29.119875557109463 ], [ 78.974633691675194, 29.131131972234755 ], [ 78.974944513054012, 29.130863962350819 ], [ 78.974633691675194, 29.129791922815077 ], [ 78.98364751166099, 29.123627695484558 ], [ 78.967484799962321, 29.120411576877334 ], [ 78.973701227538726, 29.108351132100236 ], [ 78.946348946202505, 29.078066015215519 ], [ 78.956606051703588, 29.068149649509905 ], [ 78.942929911035478, 29.074045866956489 ], [ 78.9447948393084, 29.057161244268549 ], [ 78.927699663473263, 29.058233283804292 ], [ 78.936402662080241, 29.047244878562935 ], [ 78.927078020715626, 29.043492740187837 ], [ 78.934537733807318, 29.017763791330026 ], [ 78.902523131788797, 28.996323000615185 ], [ 78.92583473520034, 28.978634348275438 ], [ 78.915266808320439, 28.963893804658984 ], [ 78.935781019322604, 28.942453013944142 ], [ 78.933916091049682, 28.932268638354593 ], [ 78.92272652141213, 28.935752766845752 ], [ 78.917753379350998, 28.896623323791168 ], [ 78.938267590353163, 28.890191086576714 ], [ 78.933605269670863, 28.863926117951031 ], [ 78.973390406159908, 28.849453584218512 ], [ 78.962822479280007, 28.837393139441414 ], [ 78.970282192371698, 28.824796674896444 ], [ 78.997323652329101, 28.823724635360705 ], [ 78.988309832343305, 28.808180062092443 ], [ 78.994526259919709, 28.79397553824386 ], [ 78.974012048917544, 28.780575044047083 ], [ 79.001053508874946, 28.764226441127015 ], [ 78.971214656508167, 28.74117759110856 ], [ 78.960025086870615, 28.701512128286101 ], [ 78.901279846273511, 28.685699545133907 ], [ 78.880143992513695, 28.70097610851823 ], [ 78.886360420090114, 28.717592721322234 ], [ 78.872995100800821, 28.723756948652749 ], [ 78.875170850452577, 28.700440088750359 ], [ 78.858386495996257, 28.677391238731904 ], [ 78.867400315982053, 28.671495021285324 ], [ 78.859629781511529, 28.659166566624286 ], [ 78.895685061454742, 28.631025528811058 ], [ 78.902523131788797, 28.611192797399831 ], [ 78.925213092442704, 28.598060313086989 ], [ 78.922104878654494, 28.584391809006277 ], [ 78.938267590353163, 28.581711710166921 ], [ 78.936713483459073, 28.56857922585408 ], [ 78.958781801355329, 28.549818533978591 ], [ 78.949146338611897, 28.535614010130011 ], [ 78.946038124823687, 28.53078983221917 ], [ 78.943551553793128, 28.527305703728008 ], [ 78.959403444112979, 28.508277001968587 ], [ 78.935470197943786, 28.468075519378257 ], [ 78.935159376564968, 28.467539499610385 ], [ 78.938889233110814, 28.460303232744124 ], [ 78.91278023728988, 28.462179301931673 ], [ 78.906252988334643, 28.471023628101548 ], [ 78.89537424007591, 28.463519351351351 ], [ 78.882941384923086, 28.472363677521223 ], [ 78.881698099407799, 28.47129163798548 ], [ 78.872062636664367, 28.467539499610385 ], [ 78.855589103586865, 28.490320339744905 ], [ 78.822020394674226, 28.491124369396712 ], [ 78.828858465008281, 28.501308744986261 ], [ 78.828547643629463, 28.501308744986261 ], [ 78.828858465008281, 28.501576754870197 ], [ 78.801817005050893, 28.53427396071033 ], [ 78.801506183672061, 28.534541970594269 ], [ 78.801817005050893, 28.53507799036214 ], [ 78.81300657468843, 28.54526236595169 ], [ 78.810830825036689, 28.548210474674981 ], [ 78.807411789869661, 28.553838682237625 ], [ 78.800884540914424, 28.563487038059304 ], [ 78.796843862989761, 28.564023057827175 ], [ 78.793735649201551, 28.567239176434402 ], [ 78.761721047183016, 28.571259324693436 ], [ 78.773843080957022, 28.610656777631959 ], [ 78.765450903728862, 28.616284985194604 ], [ 78.771667331305281, 28.648714181150801 ], [ 78.754882976848961, 28.643890003239964 ], [ 78.733125480331509, 28.653538359061642 ], [ 78.728152338270377, 28.637189756141574 ], [ 78.695205272115388, 28.621913192757248 ], [ 78.692407879705996, 28.64228194393635 ], [ 78.670339561809726, 28.644158013123899 ], [ 78.649203708049924, 28.662918704999385 ], [ 78.652311921838134, 28.670422981749581 ], [ 78.644230565988792, 28.669082932329903 ], [ 78.662569027339217, 28.695347900955586 ], [ 78.664744776990958, 28.746001769019401 ], [ 78.677799274901432, 28.747341818439075 ], [ 78.680907488689641, 28.762618381823401 ], [ 78.681218310068459, 28.763958431243079 ], [ 78.643919744609974, 28.80657200278883 ], [ 78.638946602548842, 28.803355884181602 ], [ 78.634905924624178, 28.800675785342246 ], [ 78.622162248092522, 28.806035983020958 ] ] ] } },
{ "type": "Feature", "properties": { "dt_code": "136", "district": "Rampur", "st_code": "09", "year": "2011_c", "st_nm": "Uttar Pradesh" }, "geometry": { "type": "Polygon", "coordinates": [ [ [ 79.42190565579817, 28.897159343559039 ], [ 79.418486620631143, 28.90117949181807 ], [ 79.418486620631143, 28.887510987737357 ], [ 79.384917911718503, 28.895015264487554 ], [ 79.393620910325481, 28.878130641799615 ], [ 79.414445942706465, 28.870358355165486 ], [ 79.380255591036189, 28.859637959808062 ], [ 79.410094443402983, 28.852937712709675 ], [ 79.404188837205382, 28.832836971414512 ], [ 79.364403700716338, 28.833372991182383 ], [ 79.379944769657371, 28.810860160931796 ], [ 79.372485056565679, 28.788615340565148 ], [ 79.387404482749076, 28.777894945207727 ], [ 79.368444378641016, 28.771998727761144 ], [ 79.351970845563514, 28.784595192306114 ], [ 79.345443596608277, 28.775750866136242 ], [ 79.365336164852806, 28.762886391707337 ], [ 79.359741380034023, 28.752434006233852 ], [ 79.333943205591908, 28.740105551572817 ], [ 79.307212567013337, 28.743321670180045 ], [ 79.29540135461815, 28.731261225402946 ], [ 79.276752071888907, 28.687843624205389 ], [ 79.254683753992637, 28.664526764302998 ], [ 79.234169542990472, 28.659434576508225 ], [ 79.229507222308158, 28.637725775909445 ], [ 79.242250898839814, 28.62727339043596 ], [ 79.221115045079998, 28.614408916007054 ], [ 79.204952333381328, 28.571795344461307 ], [ 79.185059765136799, 28.575279472952467 ], [ 79.160194054831152, 28.560538929336012 ], [ 79.162991447240529, 28.548478484558913 ], [ 79.13004438108554, 28.515245258950909 ], [ 79.075028997034281, 28.508277001968587 ], [ 79.06974503359433, 28.485228151950132 ], [ 79.044879323288669, 28.488712280441291 ], [ 79.046433430182773, 28.486032181601935 ], [ 79.052649857759178, 28.47557979612845 ], [ 79.031203182620558, 28.461643282163802 ], [ 79.03027071848409, 28.44636671877948 ], [ 79.009756507481924, 28.442614580404381 ], [ 78.999499401980842, 28.428678066439733 ], [ 78.982715047524522, 28.436182343189927 ], [ 78.971525477886985, 28.421977819341343 ], [ 78.969038906856412, 28.423317868761025 ], [ 78.965930693068216, 28.422513839109214 ], [ 78.958160158597693, 28.420369760037733 ], [ 78.943551553793128, 28.45038686703851 ], [ 78.940754161383737, 28.460035222860192 ], [ 78.940754161383737, 28.460303232744124 ], [ 78.938889233110814, 28.460303232744124 ], [ 78.935159376564968, 28.467539499610385 ], [ 78.935470197943786, 28.468075519378257 ], [ 78.959403444112979, 28.508277001968587 ], [ 78.943551553793128, 28.527305703728008 ], [ 78.946038124823687, 28.53078983221917 ], [ 78.949146338611897, 28.535614010130011 ], [ 78.958781801355329, 28.549818533978591 ], [ 78.936713483459073, 28.56857922585408 ], [ 78.938267590353163, 28.581711710166921 ], [ 78.922104878654494, 28.584391809006277 ], [ 78.925213092442704, 28.598060313086989 ], [ 78.902523131788797, 28.611192797399831 ], [ 78.895685061454742, 28.631025528811058 ], [ 78.859629781511529, 28.659166566624286 ], [ 78.867400315982053, 28.671495021285324 ], [ 78.858386495996257, 28.677391238731904 ], [ 78.875170850452577, 28.700440088750359 ], [ 78.872995100800821, 28.723756948652749 ], [ 78.886360420090114, 28.717592721322234 ], [ 78.880143992513695, 28.70097610851823 ], [ 78.901279846273511, 28.685699545133907 ], [ 78.960025086870615, 28.701512128286101 ], [ 78.971214656508167, 28.74117759110856 ], [ 79.001053508874946, 28.764226441127015 ], [ 78.974012048917544, 28.780575044047083 ], [ 78.994526259919709, 28.79397553824386 ], [ 78.988309832343305, 28.808180062092443 ], [ 78.997323652329101, 28.823724635360705 ], [ 78.970282192371698, 28.824796674896444 ], [ 78.962822479280007, 28.837393139441414 ], [ 78.973390406159908, 28.849453584218512 ], [ 78.933605269670863, 28.863926117951031 ], [ 78.938267590353163, 28.890191086576714 ], [ 78.917753379350998, 28.896623323791168 ], [ 78.92272652141213, 28.935752766845752 ], [ 78.933916091049682, 28.932268638354593 ], [ 78.935781019322604, 28.942453013944142 ], [ 78.915266808320439, 28.963893804658984 ], [ 78.92583473520034, 28.978634348275438 ], [ 78.902523131788797, 28.996323000615185 ], [ 78.934537733807318, 29.017763791330026 ], [ 78.927078020715626, 29.043492740187837 ], [ 78.936402662080241, 29.047244878562935 ], [ 78.927699663473263, 29.058233283804292 ], [ 78.9447948393084, 29.057161244268549 ], [ 78.942929911035478, 29.074045866956489 ], [ 78.956606051703588, 29.068149649509905 ], [ 78.946348946202505, 29.078066015215519 ], [ 78.973701227538726, 29.108351132100236 ], [ 78.967484799962321, 29.120411576877334 ], [ 78.98364751166099, 29.123627695484558 ], [ 78.974633691675194, 29.129791922815077 ], [ 78.974944513054012, 29.130863962350819 ], [ 78.979296012357509, 29.140244308288562 ], [ 78.980539297872781, 29.141316347824304 ], [ 78.987688189585654, 29.136760179797399 ], [ 79.00820240058782, 29.111835260591398 ], [ 79.026851683317062, 29.112371280359266 ], [ 79.03089236124174, 29.116927448386171 ], [ 79.040217002606354, 29.127111823975721 ], [ 79.040527823985173, 29.127647843743592 ], [ 79.040527823985173, 29.127647843743592 ], [ 79.040527823985173, 29.127915853627528 ], [ 79.016905399194812, 29.133544061190175 ], [ 79.017527041952448, 29.148016594922694 ], [ 79.018770327467735, 29.153644802485339 ], [ 79.037419610196977, 29.144800476315467 ], [ 79.037419610196977, 29.145604505967274 ], [ 79.0392845384699, 29.158468980396179 ], [ 79.029027432968817, 29.164097187958824 ], [ 79.036487146060509, 29.1691893757536 ], [ 79.112016741113933, 29.127915853627528 ], [ 79.120408918342093, 29.130595952466884 ], [ 79.153355984497082, 29.115319389082558 ], [ 79.142477236238364, 29.067077609974163 ], [ 79.175113481014534, 29.046172839027193 ], [ 79.162369804482893, 29.029288216339253 ], [ 79.171072803089871, 29.011867573883443 ], [ 79.211790403715383, 29.02768015703564 ], [ 79.250953897446792, 29.010259514579829 ], [ 79.259035253296119, 28.992570862240086 ], [ 79.307212567013337, 28.96657390349834 ], [ 79.311874887695637, 28.977026288971825 ], [ 79.364714522095156, 28.968181962801953 ], [ 79.362227951064597, 28.98158245699873 ], [ 79.372485056565679, 28.98747867444531 ], [ 79.385228733097321, 28.951833359881885 ], [ 79.407918693751242, 28.95210136976582 ], [ 79.427500440616939, 28.912703916827297 ], [ 79.427500440616939, 28.912703916827297 ], [ 79.42190565579817, 28.897159343559039 ] ] ] } },
{ "type": "Feature", "properties": { "dt_code": "704", "district": "Shamli", "st_code": "09", "year": "update2014", "st_nm": "Uttar Pradesh" }, "geometry": { "type": "Polygon", "coordinates": [ [ [ 77.151044662134183, 29.688056511052785 ], [ 77.20170854688196, 29.680552234302588 ], [ 77.224398507535867, 29.695292777919043 ], [ 77.273508285389539, 29.664739651150391 ], [ 77.285008676405909, 29.674924026739944 ], [ 77.297441531558732, 29.671975918016653 ], [ 77.336915846668958, 29.643566870319486 ], [ 77.365511413520466, 29.654555275560842 ], [ 77.389444659689659, 29.646782988926713 ], [ 77.414621191374138, 29.659379453471683 ], [ 77.432027188588094, 29.646782988926713 ], [ 77.439486901679786, 29.669831838945168 ], [ 77.450676471317337, 29.673583977320263 ], [ 77.466528361637188, 29.656967364516262 ], [ 77.484866822987613, 29.656431344748391 ], [ 77.483623537472326, 29.63499055403355 ], [ 77.487042572639353, 29.633650504613872 ], [ 77.482691073335872, 29.621322049952838 ], [ 77.502272820201568, 29.601489318541606 ], [ 77.481758609199403, 29.578976488291023 ], [ 77.481447787820585, 29.578708478407087 ], [ 77.482691073335872, 29.578172458639216 ], [ 77.49139407194285, 29.567720073165731 ], [ 77.478028752653557, 29.562627885370958 ], [ 77.476474645759453, 29.538775005700693 ], [ 77.462798505091342, 29.539043015584628 ], [ 77.451608935453791, 29.522158392896692 ], [ 77.469325754046579, 29.508757898699916 ], [ 77.445392507877386, 29.475256663207972 ], [ 77.441662651331541, 29.469896465529263 ], [ 77.442595115467995, 29.468824425993521 ], [ 77.46093357681842, 29.453547862609195 ], [ 77.463730969227811, 29.45140378353771 ], [ 77.434513759618653, 29.424334785260221 ], [ 77.424256654117571, 29.39029753000041 ], [ 77.398147658296637, 29.36698067009802 ], [ 77.379809196946212, 29.364568581142599 ], [ 77.369862912823962, 29.344467839847436 ], [ 77.342199810108909, 29.333211424722144 ], [ 77.308631101196283, 29.3441998299635 ], [ 77.304279601892787, 29.312842673543042 ], [ 77.284387033648258, 29.297566110158719 ], [ 77.280967998481231, 29.294886011319363 ], [ 77.279103070208308, 29.29327795201575 ], [ 77.277238141935385, 29.268889052577617 ], [ 77.277859784693035, 29.268621042693681 ], [ 77.277859784693035, 29.268353032809745 ], [ 77.268535143328407, 29.265404924086454 ], [ 77.266048572297848, 29.265940943854325 ], [ 77.249575039220346, 29.280949497354715 ], [ 77.203262653776065, 29.274517260140264 ], [ 77.154774518680043, 29.296762080506912 ], [ 77.155085340058861, 29.297030090390848 ], [ 77.15819355384707, 29.302926307837428 ], [ 77.161301767635265, 29.332407395070337 ], [ 77.160058482119993, 29.332943414838208 ], [ 77.150733840755365, 29.337767592749046 ], [ 77.128043880101458, 29.349560027642212 ], [ 77.125557309070885, 29.360816442767501 ], [ 77.126489773207354, 29.372072857892796 ], [ 77.157261089710602, 29.387349421277122 ], [ 77.133327843541409, 29.401017925357831 ], [ 77.14389577042131, 29.429694982938933 ], [ 77.148558091103624, 29.434251150965839 ], [ 77.146382341451883, 29.435859210269449 ], [ 77.126489773207354, 29.452743832957388 ], [ 77.123692380797962, 29.454887912028873 ], [ 77.123070738040326, 29.455423931796744 ], [ 77.132084558026122, 29.484368999261783 ], [ 77.132084558026122, 29.484637009145718 ], [ 77.131773736647304, 29.484637009145718 ], [ 77.131773736647304, 29.484637009145718 ], [ 77.132084558026122, 29.484905019029654 ], [ 77.09665092084056, 29.521890383012757 ], [ 77.108462133235747, 29.547887341754503 ], [ 77.126800594586172, 29.559411766763731 ], [ 77.087326279475946, 29.588624844112701 ], [ 77.109394597372216, 29.597469170282572 ], [ 77.106286383584006, 29.632310455194194 ], [ 77.131462915268486, 29.641958811015872 ], [ 77.133327843541409, 29.648659058114262 ], [ 77.142341663527205, 29.680552234302588 ], [ 77.14917973386126, 29.686448451749172 ], [ 77.151044662134183, 29.688056511052785 ] ] ] } },
{ "type": "Feature", "properties": { "dt_code": "182", "district": "Balrampur", "st_code": "09", "year": "2011_c", "st_nm": "Uttar Pradesh" }, "geometry": { "type": "Polygon", "coordinates": [ [ [ 82.073522838517491, 27.401932201082722 ], [ 82.082847479882119, 27.419084833654598 ], [ 82.067928053698722, 27.423641001681499 ], [ 82.070725446108113, 27.439721594717632 ], [ 82.052076163378871, 27.446421841816019 ], [ 82.052076163378871, 27.447225871467825 ], [ 82.058914233712926, 27.493055561620803 ], [ 82.04927877096948, 27.498951779067383 ], [ 82.053941091651794, 27.519320530246485 ], [ 82.040264950983683, 27.541833360497069 ], [ 82.055495198545898, 27.554429825042039 ], [ 82.032183595134342, 27.550945696550876 ], [ 82.036535094437838, 27.562202111676168 ], [ 82.021615668254441, 27.579890764015914 ], [ 82.023480596527364, 27.58257086285527 ], [ 82.04461645028718, 27.612855979739983 ], [ 82.085334050912678, 27.63456478033876 ], [ 82.097766906065516, 27.660293729196571 ], [ 82.092172121246733, 27.66887004548251 ], [ 82.133511364629896, 27.707463468769227 ], [ 82.134754650145169, 27.730244308903746 ], [ 82.124497544644086, 27.735068486814583 ], [ 82.16272857423904, 27.790546532789239 ], [ 82.181688678347101, 27.788938473485626 ], [ 82.197540568666952, 27.803947026986016 ], [ 82.206865210031566, 27.843612489808475 ], [ 82.207176031410398, 27.843344479924539 ], [ 82.303841480223625, 27.7736619101013 ], [ 82.367870684260694, 27.743376793216587 ], [ 82.395222965596915, 27.709607547840708 ], [ 82.44930588551172, 27.679590440839931 ], [ 82.516754124715803, 27.691382875733094 ], [ 82.540687370884996, 27.685754668170446 ], [ 82.664394279655639, 27.722472022269613 ], [ 82.680867812733126, 27.713627696099742 ], [ 82.708530915448165, 27.723008042037485 ], [ 82.706355165796424, 27.703979340278064 ], [ 82.718788020949248, 27.685754668170446 ], [ 82.712571593372843, 27.663509847803798 ], [ 82.737748125057323, 27.642605076856828 ], [ 82.735261554026749, 27.609639861132756 ], [ 82.753910836755992, 27.586591011114301 ], [ 82.737126482299672, 27.547193558175778 ], [ 82.749248516073678, 27.522804658737645 ], [ 82.736194018163218, 27.518516500594679 ], [ 82.731220876102086, 27.486355314522413 ], [ 82.730288411965617, 27.482067156379447 ], [ 82.726247734040953, 27.478047008120413 ], [ 82.718788020949248, 27.465718553459379 ], [ 82.74582948090665, 27.445617812164215 ], [ 82.750802622967782, 27.43677348599434 ], [ 82.764789585014711, 27.412116576672272 ], [ 82.756086586407733, 27.406488369109628 ], [ 82.755775765028915, 27.406220359225692 ], [ 82.732464161617372, 27.416940754583113 ], [ 82.715679807161052, 27.401128171430916 ], [ 82.71599062853987, 27.412920606324079 ], [ 82.702625309250578, 27.421496922610014 ], [ 82.706665987175242, 27.407560408645367 ], [ 82.693611489264782, 27.417208764467048 ], [ 82.698584631325915, 27.407292398761435 ], [ 82.679313705839022, 27.413724635975885 ], [ 82.663772636897988, 27.403540260386336 ], [ 82.665015922413275, 27.415600705163435 ], [ 82.659421137594506, 27.40086016154698 ], [ 82.651028960366347, 27.410776527252594 ], [ 82.630825570742999, 27.411044537136529 ], [ 82.628649821091258, 27.401396181314851 ], [ 82.614662859044316, 27.418012794118855 ], [ 82.598500147345646, 27.407828418529306 ], [ 82.577985936343481, 27.422300952261821 ], [ 82.542552299157919, 27.368966985358654 ], [ 82.513645910927593, 27.36307076791207 ], [ 82.493753342683078, 27.359050619653036 ], [ 82.492199235788974, 27.357442560349426 ], [ 82.490023486137218, 27.334125700447032 ], [ 82.474482417196185, 27.322065255669933 ], [ 82.481942130287891, 27.320189186482388 ], [ 82.496550735092455, 27.319653166714517 ], [ 82.50649701921472, 27.319385156830581 ], [ 82.509916054381748, 27.319385156830581 ], [ 82.511159339897034, 27.315365008571547 ], [ 82.511470161275852, 27.313756949267933 ], [ 82.512713446791139, 27.310540830660706 ], [ 82.494685806819533, 27.315365008571547 ], [ 82.485361165454918, 27.29955242541935 ], [ 82.485982808212555, 27.298480385883607 ], [ 82.51488919644288, 27.303304563794448 ], [ 82.513956732306411, 27.302500534142641 ], [ 82.507118661972356, 27.295532277160319 ], [ 82.490955950273687, 27.279719694008122 ], [ 82.507740304730007, 27.276503575400895 ], [ 82.512091804033489, 27.275967555633024 ], [ 82.512091804033489, 27.275699545749088 ], [ 82.512713446791139, 27.275699545749088 ], [ 82.504321269562979, 27.25586681433786 ], [ 82.511159339897034, 27.254794774802118 ], [ 82.522970552292222, 27.253186715498504 ], [ 82.524835480565145, 27.252918705614569 ], [ 82.497794020607742, 27.237106122462372 ], [ 82.521105624019299, 27.231209905015792 ], [ 82.512402625412321, 27.211913193372432 ], [ 82.551876940522547, 27.216201351515402 ], [ 82.551876940522547, 27.215397321863595 ], [ 82.553120226037819, 27.215397321863595 ], [ 82.555295975689575, 27.204676926506174 ], [ 82.543795584673205, 27.202532847434689 ], [ 82.56679636670593, 27.184844195094943 ], [ 82.516754124715803, 27.174927829389329 ], [ 82.478523095120863, 27.202264837550754 ], [ 82.444954386208224, 27.181896086371655 ], [ 82.439359601389455, 27.16474345379978 ], [ 82.455211491709306, 27.150806939835132 ], [ 82.456143955845775, 27.150806939835132 ], [ 82.468887632377417, 27.133922317147192 ], [ 82.466090239968025, 27.129634159004226 ], [ 82.465779418589207, 27.128830129352419 ], [ 82.454900670330488, 27.125077990977321 ], [ 82.451170813784643, 27.128026099700612 ], [ 82.435318923464777, 27.140354554361647 ], [ 82.431278245540113, 27.112213516548415 ], [ 82.438116315874169, 27.109265407825124 ], [ 82.421331961417849, 27.085144518270926 ], [ 82.399574464900397, 27.092916804905059 ], [ 82.404236785582711, 27.07415611302957 ], [ 82.392736394566342, 27.066919846163312 ], [ 82.381857646307623, 27.073888103145634 ], [ 82.36849232701833, 27.054859401386214 ], [ 82.343004973955033, 27.070403974654475 ], [ 82.325288155362259, 27.066115816511505 ], [ 82.317206799512917, 27.104709239798222 ], [ 82.297314231268388, 27.099885061887381 ], [ 82.295138481616647, 27.11194550666448 ], [ 82.274624270614481, 27.113821575852029 ], [ 82.268097021659244, 27.136870425870484 ], [ 82.239812276186569, 27.150002910183325 ], [ 82.228001063791382, 27.169299621826685 ], [ 82.245717882384156, 27.222097568961981 ], [ 82.272137699583922, 27.235230053274822 ], [ 82.301354909193066, 27.212449213140303 ], [ 82.308503800905939, 27.227993786408565 ], [ 82.296692588510751, 27.24675447828405 ], [ 82.257529094779343, 27.261227012016569 ], [ 82.258150737536994, 27.273555466677603 ], [ 82.190391676954079, 27.319653166714517 ], [ 82.146565862540356, 27.333321670795229 ], [ 82.140038613585119, 27.361462708608457 ], [ 82.111753868112444, 27.377007281876718 ], [ 82.122321794992345, 27.392283845261044 ], [ 82.117348652931213, 27.404344290038143 ], [ 82.103361690884284, 27.400324141779109 ], [ 82.090928835731461, 27.39657200340401 ], [ 82.076009409548064, 27.399788122011238 ], [ 82.073522838517491, 27.401932201082722 ] ] ] } },
{ "type": "Feature", "properties": { "dt_code": "168", "district": "Hamirpur", "st_code": "09", "year": "2011_c", "st_nm": "Uttar Pradesh" }, "geometry": { "type": "Polygon", "coordinates": [ [ [ 79.962113212188527, 26.148449973916254 ], [ 79.965532247355554, 26.146037884960833 ], [ 79.95620760599094, 26.077695364557275 ], [ 79.990708779040034, 26.065366909896241 ], [ 80.041994306545448, 26.07313919653037 ], [ 80.042305127924266, 26.07313919653037 ], [ 80.047899912743048, 26.071799147110692 ], [ 80.093901476808512, 26.062150791289014 ], [ 80.095766405081434, 26.0605427319854 ], [ 80.105401867824867, 26.051698405815529 ], [ 80.111929116780104, 26.046070198252881 ], [ 80.111307474022468, 26.044998158717139 ], [ 80.101361189900203, 26.026773486609525 ], [ 80.085198478201519, 25.997292399376615 ], [ 80.193053496652311, 25.946102511544929 ], [ 80.212013600760372, 25.922517641758603 ], [ 80.223513991776741, 25.922517641758603 ], [ 80.236257668308383, 25.926001770249766 ], [ 80.236879311066019, 25.923589681294345 ], [ 80.237190132444852, 25.923589681294345 ], [ 80.267339806190449, 25.932702017348152 ], [ 80.268583091705736, 25.932970027232088 ], [ 80.308057406815962, 25.890356455686341 ], [ 80.309611513710067, 25.888748396382727 ], [ 80.346288436410902, 25.89812874232047 ], [ 80.351572399850866, 25.871059744042981 ], [ 80.328882439196946, 25.843722735881556 ], [ 80.296867837178411, 25.846134824836977 ], [ 80.28692155305616, 25.839702587622526 ], [ 80.297489479936061, 25.823890004470329 ], [ 80.285367446162056, 25.815045678300457 ], [ 80.276042804797427, 25.820673885863101 ], [ 80.231595347626069, 25.798965085264324 ], [ 80.31986861921115, 25.750991316039865 ], [ 80.350639935714398, 25.703821576467213 ], [ 80.323598475756995, 25.712397892753149 ], [ 80.307435764058326, 25.700605457859986 ], [ 80.305570835785403, 25.680772726448758 ], [ 80.315827941286486, 25.660671985153591 ], [ 80.317692869559409, 25.650487609564042 ], [ 80.312098084740626, 25.644055372349587 ], [ 80.278840197206819, 25.626902739777716 ], [ 80.279461839964455, 25.625830700241973 ], [ 80.27790773307035, 25.625294680474102 ], [ 80.293759623390216, 25.608678067670098 ], [ 80.279461839964455, 25.58402115834803 ], [ 80.254906951037626, 25.591793444982162 ], [ 80.236568489687201, 25.564188426936802 ], [ 80.226311384186118, 25.559096239142026 ], [ 80.215432635927399, 25.553468031579381 ], [ 80.212946064896826, 25.552127982159703 ], [ 80.207972922835694, 25.529347142025184 ], [ 80.224446455913196, 25.526667043185828 ], [ 80.219162492473245, 25.513534558872987 ], [ 80.214500171790931, 25.514606598408729 ], [ 80.194296782167584, 25.519698786203502 ], [ 80.186215426318256, 25.506566301890661 ], [ 80.163525465664335, 25.517822717015953 ], [ 80.155444109815008, 25.509782420497888 ], [ 80.161971358770231, 25.507370331542468 ], [ 80.15140343189033, 25.508710380962146 ], [ 80.147051932586848, 25.534975349587828 ], [ 80.11255075953774, 25.551055942623961 ], [ 80.103847760930762, 25.542479626338022 ], [ 80.087995870610911, 25.54623176471312 ], [ 80.074630551321619, 25.587505286839193 ], [ 80.009358061769277, 25.593669514169708 ], [ 79.999100956268194, 25.604925929295003 ], [ 80.00345245557169, 25.616718364188166 ], [ 79.953721034960367, 25.640839253742364 ], [ 79.944707214974571, 25.628242789197394 ], [ 79.957450891506227, 25.627170749661651 ], [ 79.95620760599094, 25.610286126973712 ], [ 79.945328857732221, 25.589113346142806 ], [ 79.909273577789008, 25.597153642660871 ], [ 79.891556759196234, 25.579196980437192 ], [ 79.870731726815251, 25.577052901365708 ], [ 79.841203695827289, 25.593401504285772 ], [ 79.844933552373135, 25.608946077554034 ], [ 79.798931988307672, 25.624758660706231 ], [ 79.786499133154834, 25.589113346142806 ], [ 79.770958064213801, 25.581609069392609 ], [ 79.761944244228005, 25.585629217651643 ], [ 79.747335639423426, 25.574104792642416 ], [ 79.709104609828486, 25.592865484517901 ], [ 79.710658716722591, 25.566064496124351 ], [ 79.69169861261453, 25.55882822925809 ], [ 79.69946914708504, 25.550251912972154 ], [ 79.656575796807786, 25.550251912972154 ], [ 79.665900438172415, 25.510050430381824 ], [ 79.64227801338204, 25.508978390846082 ], [ 79.640102263730299, 25.484857501291884 ], [ 79.615547374803455, 25.481641382684657 ], [ 79.595343985180108, 25.498794015256532 ], [ 79.563018561782769, 25.478157254193498 ], [ 79.562086097646301, 25.477353224541691 ], [ 79.562086097646301, 25.478157254193498 ], [ 79.559599526615727, 25.491557748390274 ], [ 79.528206567354843, 25.482445412336464 ], [ 79.522922603914893, 25.496649936185047 ], [ 79.511422212898523, 25.48753760013124 ], [ 79.483137467425848, 25.490485708854532 ], [ 79.466663934348347, 25.504690232703116 ], [ 79.421594834419352, 25.506566301890661 ], [ 79.393931731704299, 25.519162766435631 ], [ 79.393931731704299, 25.519162766435631 ], [ 79.411026907539437, 25.537387438543249 ], [ 79.410405264781801, 25.538191468195055 ], [ 79.411026907539437, 25.538995497846862 ], [ 79.397972409628977, 25.563652407168931 ], [ 79.406053765478319, 25.568476585079768 ], [ 79.417554156494674, 25.575176832178158 ], [ 79.419419084767597, 25.576248871713901 ], [ 79.385850375854972, 25.576248871713901 ], [ 79.369066021398652, 25.602781850223518 ], [ 79.374971627596238, 25.621542542099004 ], [ 79.355389880730542, 25.643787362465652 ], [ 79.366579450368079, 25.652899698519462 ], [ 79.400148159280718, 25.650755619447978 ], [ 79.403567194447746, 25.650487609564042 ], [ 79.384607090339685, 25.659867955501785 ], [ 79.379012305520916, 25.663352083992947 ], [ 79.387404482749076, 25.683184815404175 ], [ 79.368755200019834, 25.700873467743921 ], [ 79.370620128292757, 25.715077991592505 ], [ 79.398904873765431, 25.737590821843089 ], [ 79.399526516523082, 25.73812684161096 ], [ 79.376525734490343, 25.744559078825411 ], [ 79.375282448975071, 25.762515741049093 ], [ 79.361917129685779, 25.769752007915351 ], [ 79.390201875158454, 25.772968126522578 ], [ 79.391755982052558, 25.774844195710127 ], [ 79.394864195840768, 25.779400363737032 ], [ 79.401702266174823, 25.789048719558711 ], [ 79.397661588250159, 25.789048719558711 ], [ 79.402634730311291, 25.807809411434196 ], [ 79.422838119934625, 25.807273391666325 ], [ 79.441487402663867, 25.787976680022968 ], [ 79.459825864014292, 25.789316729442646 ], [ 79.459204221256655, 25.823353984702457 ], [ 79.497746072230413, 25.857659249846204 ], [ 79.525719996324284, 25.842382686461882 ], [ 79.538463672855926, 25.821209905630973 ], [ 79.551207349387582, 25.821477915514908 ], [ 79.571721560389747, 25.853371091703238 ], [ 79.55991034799456, 25.864359496944594 ], [ 79.523855068051361, 25.865967556248208 ], [ 79.521990139778424, 25.888480386498792 ], [ 79.536287923204185, 25.894376603945371 ], [ 79.570478274874461, 25.883924218471886 ], [ 79.610885054121155, 25.897056702784727 ], [ 79.60342534102945, 25.92332167141041 ], [ 79.614614910667001, 25.932165997580281 ], [ 79.632331729259775, 25.930557938276671 ], [ 79.659062367838359, 25.904292969650989 ], [ 79.68641464917458, 25.929753908624864 ], [ 79.709104609828486, 25.903756949883117 ], [ 79.748578924938712, 25.90884913767789 ], [ 79.758836030439795, 25.880708099864663 ], [ 79.78556666901838, 25.863555467292787 ], [ 79.813851414491054, 25.876151931837757 ], [ 79.815094700006341, 25.914477345240538 ], [ 79.839960410312003, 25.884460238239758 ], [ 79.867623513027041, 25.882584169052208 ], [ 79.870731726815251, 25.882316159168273 ], [ 79.866380227511755, 25.936454155723251 ], [ 79.845244373751953, 25.95682290690235 ], [ 79.84648765926724, 25.960307035393512 ], [ 79.852393265464826, 25.97183146040274 ], [ 79.872596655088174, 25.971563450518804 ], [ 79.860785442692986, 25.952802758643319 ], [ 79.876326511634019, 25.948514600500349 ], [ 79.887205259892738, 25.964059173768611 ], [ 79.898084008151471, 25.95682290690235 ], [ 79.908341113652554, 25.970491410983062 ], [ 79.923260539835951, 25.962987134232868 ], [ 79.931341895685279, 25.972635490054547 ], [ 79.931341895685279, 25.973975539474225 ], [ 79.931652717064111, 25.998900458680229 ], [ 79.943463929459284, 25.999972498215971 ], [ 79.954342677718017, 26.023289358118362 ], [ 79.941909822565179, 26.029721595332816 ], [ 79.919530683290091, 26.010424883689456 ], [ 79.907097828137267, 26.013104982528812 ], [ 79.916422469501896, 26.032133684288233 ], [ 79.941909822565179, 26.033473733707911 ], [ 79.944396393595753, 26.060810741869336 ], [ 79.927301217760615, 26.084663621539598 ], [ 79.920773968805378, 26.08814775003076 ], [ 79.916422469501896, 26.090291829102245 ], [ 79.940666537049907, 26.16185046811303 ], [ 79.941599001186361, 26.161582458229095 ], [ 79.941909822565179, 26.162654497764837 ], [ 79.944396393595753, 26.161046438461224 ], [ 79.962113212188527, 26.148449973916254 ] ] ] } },
{ "type": "Feature", "properties": { "dt_code": "173", "district": "Pratapgarh", "st_code": "09", "year": "2011_c", "st_nm": "Uttar Pradesh" }, "geometry": { "type": "Polygon", "coordinates": [ [ [ 82.048657128211843, 26.057594623262109 ], [ 82.053319448894158, 26.055986563958498 ], [ 82.057981769576458, 26.054110494770949 ], [ 82.100253477096075, 26.072067156994628 ], [ 82.099010191580788, 26.07742735467334 ], [ 82.103983333641921, 26.073675216298241 ], [ 82.125119187401737, 26.056790593610302 ], [ 82.154025575632062, 26.057594623262109 ], [ 82.18417524937766, 26.040173980806301 ], [ 82.198783854182238, 26.01792916043965 ], [ 82.203446174864553, 26.020073239511134 ], [ 82.242920489974779, 26.05652258372637 ], [ 82.269651128553349, 26.040173980806301 ], [ 82.275867556129768, 26.047678257556495 ], [ 82.31907172778584, 26.039101941270559 ], [ 82.31596351399763, 26.03052562498462 ], [ 82.34642400912206, 26.017661150555718 ], [ 82.338964296030369, 26.0077447848501 ], [ 82.345491544985606, 26.003456626707134 ], [ 82.358856864274898, 26.005064686010748 ], [ 82.374397933215931, 26.03052562498462 ], [ 82.377506147004141, 26.030257615100687 ], [ 82.386209145611119, 26.029721595332816 ], [ 82.391182287672251, 26.029453585448881 ], [ 82.392114751808705, 26.02704149649346 ], [ 82.397709536627474, 26.011496923225199 ], [ 82.434075637949505, 26.006672745314361 ], [ 82.433764816570687, 26.006404735430422 ], [ 82.429413317267191, 26.006940755198293 ], [ 82.429413317267191, 26.006672745314361 ], [ 82.429413317267191, 25.999972498215971 ], [ 82.429413317267191, 25.988180063322808 ], [ 82.429413317267191, 25.983355885411967 ], [ 82.426615924857799, 25.982283845876225 ], [ 82.425061817963694, 25.984963944715581 ], [ 82.403925964203893, 25.973439519706353 ], [ 82.368803148397149, 25.982283845876225 ], [ 82.359167685653716, 25.96164708481319 ], [ 82.346734830500878, 25.957626936554156 ], [ 82.344248259470319, 25.956554897018414 ], [ 82.353572900834934, 25.947978580732478 ], [ 82.361032613926639, 25.94074231386622 ], [ 82.36383000633603, 25.938062215026864 ], [ 82.390871466293419, 25.933238037116023 ], [ 82.384965860095832, 25.919837542919247 ], [ 82.393358037323992, 25.909385157445762 ], [ 82.370046433912435, 25.916621424312023 ], [ 82.35481618635022, 25.905096999302792 ], [ 82.345491544985606, 25.915013365008409 ], [ 82.332437047075132, 25.898932771972277 ], [ 82.295760124374297, 25.89223252487389 ], [ 82.295760124374297, 25.86864765508756 ], [ 82.279597412675614, 25.842918706229753 ], [ 82.267475378901608, 25.846670844604848 ], [ 82.248204453414729, 25.8327343306402 ], [ 82.218054779669117, 25.840238607390397 ], [ 82.208108495546853, 25.820673885863101 ], [ 82.178580464558891, 25.826570103309685 ], [ 82.18417524937766, 25.80164518410368 ], [ 82.169877465951913, 25.790388768978389 ], [ 82.198162211424588, 25.766803899192062 ], [ 82.187905105923505, 25.760371661977608 ], [ 82.196918925909316, 25.742146989869994 ], [ 82.187905105923505, 25.707841724726244 ], [ 82.169877465951913, 25.703821576467213 ], [ 82.169566644573095, 25.703821576467213 ], [ 82.16739089492134, 25.694977250297338 ], [ 82.163350216996676, 25.680236706680887 ], [ 82.151539004601489, 25.67273242993069 ], [ 82.155579682526167, 25.678360637493338 ], [ 82.126984115674659, 25.681844765984497 ], [ 82.126051651538191, 25.657991886314235 ], [ 82.114862081900654, 25.65182765898372 ], [ 82.095591156413761, 25.660403975269656 ], [ 82.06357655439524, 25.655043777590947 ], [ 82.062644090258772, 25.682380785752368 ], [ 82.012912669647463, 25.694977250297338 ], [ 82.045238093044816, 25.707841724726244 ], [ 82.021615668254441, 25.743487039289668 ], [ 82.020994025496805, 25.743487039289668 ], [ 82.020994025496805, 25.743755049173604 ], [ 81.991776815887647, 25.74241499975393 ], [ 81.984627924174774, 25.748579227084445 ], [ 81.981519710386578, 25.741878979986058 ], [ 81.94701853733747, 25.740002910798509 ], [ 81.928990897365878, 25.753939424763157 ], [ 81.928990897365878, 25.753671414879221 ], [ 81.914693113940118, 25.715614011360376 ], [ 81.885786725709792, 25.711861872985278 ], [ 81.843204196811357, 25.73142659451257 ], [ 81.820203414778632, 25.726066396833861 ], [ 81.825176556839764, 25.741610970102123 ], [ 81.797824275503544, 25.749919276504123 ], [ 81.794405240336516, 25.748847236968381 ], [ 81.755863389362744, 25.735714752655539 ], [ 81.753065996953367, 25.734642713119797 ], [ 81.753065996953367, 25.734374703235861 ], [ 81.75493092522629, 25.714541971824634 ], [ 81.75493092522629, 25.713469932288891 ], [ 81.740322320421711, 25.699265408440308 ], [ 81.753065996953367, 25.691493121806179 ], [ 81.752444354195717, 25.669784321207398 ], [ 81.719808109419546, 25.67514451888611 ], [ 81.692455828083325, 25.663620093876883 ], [ 81.718564823904259, 25.658259896198171 ], [ 81.730686857678279, 25.638427164786943 ], [ 81.725092072859496, 25.622078561866875 ], [ 81.683752829476347, 25.63494303629578 ], [ 81.65826547641305, 25.608410057786163 ], [ 81.62780498128862, 25.63923119443875 ], [ 81.639927015062625, 25.642179303162042 ], [ 81.63837290816852, 25.666568202600175 ], [ 81.598587771679476, 25.660939995037527 ], [ 81.596722843406553, 25.660671985153591 ], [ 81.597033664785371, 25.659599945617849 ], [ 81.601074342710049, 25.647271490956815 ], [ 81.618791161302823, 25.643251342697781 ], [ 81.619101982681642, 25.641107263626299 ], [ 81.618480339924005, 25.62663472989378 ], [ 81.604182556498245, 25.612162196161261 ], [ 81.610709805453482, 25.597957672312678 ], [ 81.565329884145669, 25.572496733338802 ], [ 81.565019062766851, 25.572764743222738 ], [ 81.540153352461189, 25.591257425214291 ], [ 81.524923104898974, 25.620738512447197 ], [ 81.468975256711246, 25.61993448279539 ], [ 81.422662871266965, 25.673536459582497 ], [ 81.375418021686215, 25.694173220645531 ], [ 81.373863914792111, 25.694977250297338 ], [ 81.36857995135216, 25.711861872985278 ], [ 81.396243054067213, 25.734106693351926 ], [ 81.401837838885982, 25.760639671861544 ], [ 81.391580733384899, 25.772700116638642 ], [ 81.389715805111976, 25.773236136406513 ], [ 81.358944488608728, 25.779668373620968 ], [ 81.357390381714623, 25.780204393388839 ], [ 81.338430277606562, 25.810757520157487 ], [ 81.352417239653491, 25.835950449247427 ], [ 81.335322063818353, 25.840506617274333 ], [ 81.330659743136039, 25.848278903908462 ], [ 81.328794814863116, 25.851227012631753 ], [ 81.32506495831727, 25.857391239962269 ], [ 81.332524671408962, 25.869987704507238 ], [ 81.368890772730992, 25.866771585900015 ], [ 81.373863914792111, 25.878832030677113 ], [ 81.361741881018105, 25.88794436673092 ], [ 81.371377343761552, 25.896788692900792 ], [ 81.389715805111976, 25.886068297543371 ], [ 81.410851658871778, 25.895984663248985 ], [ 81.426081906433993, 25.918229483615633 ], [ 81.449082688466731, 25.920909582454989 ], [ 81.443487903647949, 25.939670274330478 ], [ 81.44628529605734, 25.934310076651766 ], [ 81.450015152603186, 25.927609829553379 ], [ 81.473637577393561, 25.938062215026864 ], [ 81.483894682894643, 25.931361967928474 ], [ 81.49042193184988, 25.947710570848542 ], [ 81.50347642976034, 25.946906541196736 ], [ 81.512179428367318, 25.960039025509577 ], [ 81.524612283520156, 25.955750867366611 ], [ 81.569059740691515, 25.975315588893903 ], [ 81.592060522724239, 25.969419371447319 ], [ 81.560045920705718, 25.996220359840873 ], [ 81.566883991039774, 26.026773486609525 ], [ 81.541396637976476, 26.022753338350491 ], [ 81.542950744870581, 26.025165427305911 ], [ 81.545748137279958, 26.030793634868559 ], [ 81.546680601416426, 26.032401694172169 ], [ 81.530828711096561, 26.044730148833203 ], [ 81.532693639369498, 26.061614771521143 ], [ 81.541707459355294, 26.055182534306692 ], [ 81.54232910211293, 26.055450544190627 ], [ 81.566883991039774, 26.072603176762499 ], [ 81.567194812418592, 26.07313919653037 ], [ 81.552586207614013, 26.098064115736374 ], [ 81.535180210400057, 26.103424313415086 ], [ 81.53704513867298, 26.11762883726367 ], [ 81.537666781430616, 26.118164857031537 ], [ 81.569059740691515, 26.146305894844769 ], [ 81.569370562070333, 26.146573904728704 ], [ 81.599520235815945, 26.143357786121477 ], [ 81.618480339924005, 26.180611159988516 ], [ 81.652981512973099, 26.143893805889348 ], [ 81.646454264017862, 26.133709430299799 ], [ 81.659819583307154, 26.117360827379734 ], [ 81.682198722582243, 26.114948738424314 ], [ 81.682509543961061, 26.114948738424314 ], [ 81.682509543961061, 26.114144708772507 ], [ 81.687171864643375, 26.076087305253662 ], [ 81.716389074252518, 26.065902929664112 ], [ 81.713902503221959, 26.083055562235984 ], [ 81.726957001132419, 26.093775957593408 ], [ 81.768917887273219, 26.06724297908379 ], [ 81.769850351409673, 26.041246020342044 ], [ 81.784148134835434, 26.028113536029203 ], [ 81.799689203776467, 26.032401694172169 ], [ 81.802797417564676, 26.047410247672559 ], [ 81.828284770627974, 26.037493881966945 ], [ 81.85936690851004, 26.046874227904688 ], [ 81.8677590857382, 26.072603176762499 ], [ 81.884854261573338, 26.08144750293237 ], [ 81.930234182881151, 26.051698405815529 ], [ 81.936761431836388, 26.075283275601855 ], [ 81.961937963520867, 26.066170939548048 ], [ 81.95851892835384, 26.073943226182177 ], [ 81.964424534551426, 26.075015265717919 ], [ 81.97219506902195, 26.076623325021533 ], [ 81.975614104188978, 26.07742735467334 ], [ 81.976857389704264, 26.07555128548579 ], [ 81.987425316584165, 26.060810741869336 ], [ 82.021615668254441, 26.063758850592627 ], [ 82.030629488240237, 26.064562880244434 ], [ 82.048657128211843, 26.057594623262109 ] ] ] } }
]
}
